section_index,section_name,rule_id,alt_idx,source,ok,failure_class,reason,error_token,suggested,description
6.1.2.1,South Omotic to Aari,"Aari-x1,x2",,index_diachronica_original.html:1149,False,nested_brackets,asca-unrepresentable,,,"Syntax Error: Cannot have nested brackets of the same type | {{ɣ, ɣʷ, xʷ},x} > ɡ | ^ @ Rule 1, Line 1"
6.2.1.1.4,Proto-Agaw to Xamtanga,Xamtanga-k,0,index_diachronica_original.html:1221,False,panic_other,broken-syntax,,,thread panicked
6.2.2.1.2,Proto-Boreafrasian to Egypto-Berber,Egypto-Berber-CVʕ,,index_diachronica_original.html:1266,False,expected_number,asca-unrepresentable,,,"Syntax Error: Expected number, but received ɡ | CVʕ > ħʔ // C = ɡw | ^ @ Rule 1, Line 1"
6.2.2.1.2,Proto-Boreafrasian to Egypto-Berber,Egypto-Berber-r_2,,index_diachronica_original.html:1286,False,expected_number,asca-unrepresentable,,,"Syntax Error: Expected number, but received { | r > ʔ / C_{t,w,j}# // C = {ɡ,m,n,r,w,ʃ,x} | ^ @ Rule 1, Line 1"
6.2.2.1.3,Ancient Egyptian to Coptic,Coptic-r,,index_diachronica_original.html:1300,False,stuff_after_word_bound,asca-unrepresentable,,,"Syntax Error: Cannot have segments after the end of a word | r > l / #(C)_c(C)# ? | ^ @ Rule 1, Line 1"
6.2.2.1.8,Classical Arabic to Coastal Hadhrami Arabic,Coastal-Hadhrami-Arabic-aː,,index_diachronica_original.html:1409,False,unknown_character,asca-unrepresentable,‘,,"Syntax Error: Unknown character '‘' | a:[+long] > e:[+long] / Form VI (tafa:[+long]‘ala) verbs, though these apparently coexist with forms having the original vowel as well, with semantic distinctions | ^ @ Rule 1, Line 1"
6.2.2.1.9,Classical Arabic to Wādı̄ Hadhrami Arabic,Wādı̄-Hadhrami-Arabic-aː,,index_diachronica_original.html:1420,False,unknown_character,asca-unrepresentable,‘,,"Syntax Error: Unknown character '‘' | a:[+long] > e:[+long] / Form VI (tafa:[+long]‘ala) verbs, though these apparently coexist with forms having the original vowel as well, with semantic distinctions | ^ @ Rule 1, Line 1"
6.2.2.1.13,Classical Arabic to Western Libyan Arabic,Western-Libyan-Arabic-∅,,index_diachronica_original.html:1462,False,runtime_other,broken-syntax,,,"Runtime Error: Grouped Environments cannot (yet) be used in insertion rules | ∅ > ə / :{CCVC_C,CCVVC_C,CCV:[+long]C_C,CCV:[+long]VC_C}: | ^^^^^^^^^^^^^^^^^^^^^^^^^^^^^^^^^^^^^^^^^^^^^^^^^ @ Rule 1, Line 1"
6.2.2.1.16,Classical Arabic to Sudanese Arabic,Sudanese-Arabic-uː,,index_diachronica_original.html:1496,False,runtime_other,broken-syntax,,,"Runtime Error: Two matched sets must have the same number of elements | {u,u:[+long]} > {ɵ,o,ɵ:[+long],o:[+long]} | ^^^^^^^^^^^^^ ^^^^^^^^^^^^^^^^^^^^^^^^^ @ Rule 1, Line 1"
6.2.2.1.18,Proto-Semitic to Biblical Hebrew,Biblical-Hebrew-—-a_4,,index_diachronica_original.html:1533,False,unknown_character,asca-unrepresentable,_,,"Syntax Error: Unknown character '_' | a > _$$$(…) | ^ @ Rule 1, Line 1"
6.2.2.1.18,Proto-Semitic to Biblical Hebrew,Biblical-Hebrew-p-b-t-d-k-ɡ,,index_diachronica_original.html:1546,False,expected_underscore,asca-unrepresentable,,,"Syntax Error: Expected '_', but received '' | p b t d k ɡ > b v θ ð x ɣ / non-intial singletons | ^ @ Rule 1, Line 1"
6.2.2.1.19,Biblical Hebrew to Modern Israeli Hebrew,Modern-Israeli-Hebrew-ʔ,,index_diachronica_original.html:1564,False,expected_underscore,asca-unrepresentable,,,"Syntax Error: Expected '_', but received '' | ʔ > ∅ // onset of %[+stress] | ^ @ Rule 1, Line 1"
7.1,Proto-Algonquian to Kennebec River Abenaki,Kennebec-River-Abenaki-w_2,,index_diachronica_original.html:1606,False,expected_number,asca-unrepresentable,,,"Syntax Error: Expected number, but received C | w > ∅ / C_ // C = C:[-front,+back,+hi,-lo] | ^ @ Rule 1, Line 1"
7.2,Proto-Algonquian to St. Francis Abenaki,St.-Francis-Abenaki-w_2,,index_diachronica_original.html:1632,False,expected_number,asca-unrepresentable,,,"Syntax Error: Expected number, but received C | w > ∅ / C_ // C = C:[-front,+back,+hi,-lo] | ^ @ Rule 1, Line 1"
7.3.1,Proto-Arapaho-Atsina to Arapaho,"Arapaho-C,#Vʔ",,index_diachronica_original.html:1676,False,runtime_other,broken-syntax,,,"Runtime Error: Word Boundaries cannot be in the input or output | {C,#,V}ʔ > {C,#,V:[+long]} / _C | ^ @ Rule 1, Line 1"
7.3.2,Proto-Arapaho-Atsina to Gros Ventre,"Gros-Ventre-C,#V-longʔ",,index_diachronica_original.html:1698,False,runtime_other,broken-syntax,,,"Runtime Error: Word Boundaries cannot be in the input or output | {C,#,V[-long]}ʔ > {C,#,V:[+long, tone: 51]} / _C | ^ @ Rule 1, Line 1"
7.3.2,Proto-Arapaho-Atsina to Gros Ventre,Gros-Ventre-j,,index_diachronica_original.html:1699,False,expected_underscore,asca-unrepresentable,,,"Syntax Error: Expected '_', but received ',' | j > ∅ / :{ʃ,θ}: | ^ @ Rule 1, Line 1"
7.4,Proto-Algonquian to Blackfoot,Blackfoot-e_2,,index_diachronica_original.html:1758,False,stuff_after_word_bound,asca-unrepresentable,,,"Syntax Error: Cannot have segments after the end of a word | e > ∅ / O_ in #% | ^ @ Rule 1, Line 1"
7.4,Proto-Algonquian to Blackfoot,Blackfoot-aː_2,,index_diachronica_original.html:1763,False,expected_underscore,asca-unrepresentable,,,"Syntax Error: Expected '_', but received '' | a:[+long] > a / else | ^ @ Rule 1, Line 1"
7.9,Proto-Algonquian to Swampy Cree,Swampy-Cree-ʃ,,index_diachronica_original.html:1868,False,expected_underscore,asca-unrepresentable,,,"Syntax Error: Expected '_', but received '' | ʃ > s / Gest Pwampy Cree | ^ @ Rule 1, Line 1"
7.11,Proto-Algonquian to Munsee Delaware,Munsee-Delaware-ʔ,,index_diachronica_original.html:1907,False,expected_number,asca-unrepresentable,,,"Syntax Error: Expected number, but received l | ʔ > h / _C // C = l, or when reduplicated | ^ @ Rule 1, Line 1"
7.11,Proto-Algonquian to Munsee Delaware,Munsee-Delaware-V,,index_diachronica_original.html:1915,False,expected_underscore,asca-unrepresentable,,,"Syntax Error: Expected '_', but received ',' | V > ∅ / _# // some monosyllables and analogical developments, in the latter of which long vowels were shortened | ^ @ Rule 1, Line 1"
7.11,Proto-Algonquian to Munsee Delaware,Munsee-Delaware-ə+weak,,index_diachronica_original.html:1917,False,unknown_feature,asca-unrepresentable,weak,man,"Syntax Error: Unknown feature 'weak'. Did you mean man? | ə[+weak] > ∅ / #_C | ^^^^^ @ Rule 1, Line 1"
7.11,Proto-Algonquian to Munsee Delaware,Munsee-Delaware-ə+weak_2,,index_diachronica_original.html:1918,False,unknown_feature,asca-unrepresentable,weak,man,"Syntax Error: Unknown feature 'weak'. Did you mean man? | ə[+weak] > ∅ / _C[+voice] | ^^^^^ @ Rule 1, Line 1"
7.11,Proto-Algonquian to Munsee Delaware,Munsee-Delaware-a+weak-ə+weak,,index_diachronica_original.html:1919,False,unknown_feature,asca-unrepresentable,weak,man,"Syntax Error: Unknown feature 'weak'. Did you mean man? | a[+weak] ə[+weak] > ə / a_[+cont][+voice] | ^^^^^ @ Rule 1, Line 1"
7.12,Proto-Algonquian to Menominee,Menominee-æ,,index_diachronica_original.html:1960,False,expected_underscore,asca-unrepresentable,,,"Syntax Error: Expected '_', but received '//' | æ > e / odd syllables // _{w,j,[-place]} | ^^ @ Rule 1, Line 1"
7.13,Proto-Algonquian to Miami-Illinois,Miami-Illinois-S,,index_diachronica_original.html:1983,False,syntax_other,broken-syntax,,,"Syntax Error: Could not get value of IPA 'ⁿ'. | P > ⁿP / #NV_ | ^ @ Rule 1, Line 1"
7.13,Proto-Algonquian to Miami-Illinois,Miami-Illinois-s-ʃ,,index_diachronica_original.html:1984,False,syntax_other,broken-syntax,,,"Syntax Error: Could not get value of IPA 'ⁿ'. | s ʃ > ⁿs ⁿʃ / %[-nas] | ^ @ Rule 1, Line 1"
7.15,Proto-Algonquian to Ojibwe,"Ojibwe-j,wV-long",,index_diachronica_original.html:2021,False,syntax_other,broken-syntax,,,"Syntax Error: Only a segment, matrix, group, or reference can be negated | {j,w}V[-long] > ∅ / C_# in disyllables with V:[+long] or in tri(-plus-)syllables | ^^ @ Rule 1, Line 1"
8.1,Proto-Altaic to Proto-Japonic,Proto-Japonic-tʃ,,index_diachronica_original.html:2112,False,expected_underscore,asca-unrepresentable,,,"Syntax Error: Expected '_', but received '//' | tʃ > s / maybe // _#? | ^^ @ Rule 1, Line 1"
8.1,Proto-Altaic to Proto-Japonic,Proto-Japonic-ŋ_2,,index_diachronica_original.html:2119,False,syntax_other,broken-syntax,,,"Syntax Error: Expected an IPA character, Primative or Matrix, but received '∅' | ŋ > {∅,n} #_ else | ^ @ Rule 1, Line 1"
8.3,Proto-Altaic to Proto-Mongolic,Proto-Mongolic-e-o-u-æ-ø-y,,index_diachronica_original.html:2173,False,nested_brackets,asca-unrepresentable,,,"Syntax Error: Cannot have nested brackets of the same type | e o u æ ø y > {a,e} {o,u} {a,o,u a {a,o,u} {o,u,i} / _Ca | ^ @ Rule 1, Line 1"
8.3,Proto-Altaic to Proto-Mongolic,Proto-Mongolic-b,,index_diachronica_original.html:2183,False,expected_underscore,asca-unrepresentable,,,"Syntax Error: Expected '_', but received ',' | b > h / medially, // {r,rʲ,l,lʲ}_ or _ɡ | ^ @ Rule 1, Line 1"
8.3,Proto-Altaic to Proto-Mongolic,Proto-Mongolic-pʰ_3,,index_diachronica_original.html:2186,False,unknown_feature,asca-unrepresentable,highpitch,high,"Syntax Error: Unknown feature 'highpitch'. Did you mean high? | pʰ > b / #_%[+high pitch] | ^^^^^^^^^^^ @ Rule 1, Line 1"
8.4,Proto-Altaic to Proto-Tungusic,Proto-Tungusic-U-long-+low-pitch-U+long-low-pitch,,index_diachronica_original.html:2241,False,unknown_feature,asca-unrepresentable,lowpitch,voice,"Syntax Error: Unknown feature 'lowpitch'. Did you mean voice? | %[-long +low pitch] %[+long -low pitch] > %[+long] %[-long] | ^^^^^^^^^^ @ Rule 1, Line 1"
8.5.1,Proto-Turkic to Proto-Kypchak,Proto-Kypchak-ɡm-rɡ,,index_diachronica_original.html:2291,False,syntax_other,broken-syntax,,,"Syntax Error: Expected end of line, received ')'. Did you forget a '/' between the output and environment? | mɡ ɡr > rɡ but it might be a typo) | ^ @ Rule 1, Line 2"
8.5.2,Proto-Turkic to Sakha,"Sakha-aɡ̌ɯ,b-oɡ̌,b,aɡ̌u-uɡ̌,b",,index_diachronica_original.html:2336,False,unknown_character,asca-unrepresentable,̌,,"Syntax Error: Unknown character '̌' | a{ɡ̌,ɡ̌ɯ,b} {oɡ̌,ob,aɡ̌u} u{ɡ̌,b} > ɰa wo u:[+long] | ^ @ Rule 1, Line 1"
8.5.2,Proto-Turkic to Sakha,Sakha-iɡ̌,,index_diachronica_original.html:2337,False,unknown_character,asca-unrepresentable,̌,,"Syntax Error: Unknown character '̌' | iɡ̌ > ɯ:[+long] | ^ @ Rule 1, Line 1"
9.1.1,Proto-Vietic to Muong Khen,"Muong-Khen-n̥j,nj,ɲ̊j,ɲj",,index_diachronica_original.html:2396,False,unknown_character,asca-unrepresentable,̊,,"Syntax Error: Unknown character '̊' | {n̥j,nj,ɲ̊j,ɲj} > ɲ j | ^ @ Rule 1, Line 1"
9.1.1,Proto-Vietic to Muong Khen,"Muong-Khen-həp,b",,index_diachronica_original.html:2398,False,nested_brackets,asca-unrepresentable,,,"Syntax Error: Cannot have nested brackets of the same type | {hə{p,b},ə{p,b}} > t / _l | ^ @ Rule 1, Line 1"
10.1.1,Proto-Malayo-Polynesian to Proto-Bali-Sasak-Sumbawan,Proto-Bali-Sasak-Sumbawan-HəS,,index_diachronica_original.html:2540,False,syntax_other,broken-syntax,,,"Syntax Error: Expected an IPA character, Primative or Matrix, but received '(' | [-place]əP > {hə(N)P,ə(N)P} / #_ | ^ @ Rule 1, Line 1"
10.1.2.7.2,Proto-Kalamian to Karamiananen,Karamiananen-s_4,,index_diachronica_original.html:2716,False,syntax_other,broken-syntax,,,"Syntax Error: Expected end of line, received '&'. Did you forget a '/' between the output and environment? | s > c& _ | ^ @ Rule 1, Line 1"
10.2.2,Proto-Malayo-Polynesian to Chamorro,Chamorro-i-u_2,,index_diachronica_original.html:2808,False,syntax_other,broken-syntax,,,"Syntax Error: Cannot have segments before the beginning of a word | i u > e o / CC# | ^ @ Rule 1, Line 1"
10.2.4.1,Proto-Malayo-Javanic to Javanese,Javanese-b,,index_diachronica_original.html:2872,False,expected_underscore,asca-unrepresentable,,,"Syntax Error: Expected '_', but received '' | b > w // adjacent to another consonant | ^ @ Rule 1, Line 1"
10.2.4.2,Proto-Malayo-Polynesian to Madurese,Madurese-z,,index_diachronica_original.html:2891,False,diacritic_prereq,asca-unrepresentable,,,"Syntax Error: Segment does not have prerequisite properties to have this diacritic. Must be [-voice] | z > jʰ | ^^ @ Rule 1, Line 1"
10.2.5,Proto-Malayo-Polynesian to Palauan,Palauan-t,,index_diachronica_original.html:2937,False,expected_underscore,asca-unrepresentable,,,"Syntax Error: Expected '_', but received '' | t > ð // adjacent to P | ^ @ Rule 1, Line 1"
10.2.6.1,Proto-North Sarawak to Kiput,Kiput-V+stress,,index_diachronica_original.html:2989,False,expected_number,asca-unrepresentable,,,"Syntax Error: Expected number, but received ə | V[+stress] > V:[+long] / _C# // V = ə and/or C = h | ^ @ Rule 1, Line 1"
10.2.6.1,Proto-North Sarawak to Kiput,Kiput-əi̯-əu̯,,index_diachronica_original.html:3002,False,expected_underscore,asca-unrepresentable,,,"Syntax Error: Expected '_', but received '' | əi̯ əu̯ > ai̯ au̯ // O[+voice] earlier in the word | ^ @ Rule 1, Line 1"
10.2.6.2.1,Proto-Kenyah to Òma Lóngh,"Òma-Lóngh-p,t-n",,index_diachronica_original.html:3050,False,unknown_character,asca-unrepresentable,̚,,"Syntax Error: Unknown character '̚' | {p,t} n > c̚ ɲ / {i,ɛ}_# | ^ @ Rule 1, Line 1"
10.2.6.2.1,Proto-Kenyah to Òma Lóngh,Òma-Lóngh-ŋ,,index_diachronica_original.html:3057,False,unknown_character,asca-unrepresentable,̊,,"Syntax Error: Unknown character '̊' | ŋ > ŋ̊ / _# | ^ @ Rule 1, Line 1"
10.3.2,Proto-Oceanic to Hiw,Hiw-”V+-higher,,index_diachronica_original.html:3118,False,syntax_other,broken-syntax,,,"Syntax Error: Feature 'er' has no modifier | V:[+stress][+ high(er)] > ∅ / _CV | ^^ @ Rule 1, Line 1"
10.3.2,Proto-Oceanic to Hiw,Hiw-eCV-low-eCa,,index_diachronica_original.html:3124,False,nested_brackets,asca-unrepresentable,,,"Syntax Error: Cannot have nested brackets of the same type | {e{V[- low]},eC{V[- low]}} {ea,eCa} > {e,eC} {eə,eCə} | ^ @ Rule 1, Line 1"
10.3.3,Proto-Oceanic to Lemerig,Lemerig-—-aCa,,index_diachronica_original.html:3148,False,panic_other,broken-syntax,,,thread panicked
10.3.5,Proto-Oceanic to Proto-New Caledonia,Proto-New-Caledonia-NS,,index_diachronica_original.html:3195,False,syntax_other,broken-syntax,,,"Syntax Error: Could not get value of IPA 'ⁿ'. | NP > ⁿP | ^ @ Rule 1, Line 1"
10.3.5.1,Proto-New Caledonia to Caaàc,Caaàc-pː-pwː-tː-ʈː-qː-kː,,index_diachronica_original.html:3201,False,diacritic_prereq,asca-unrepresentable,,,"Syntax Error: Segment does not have prerequisite properties to have this diacritic. Must be [-voice] | p:[+long] pw:[+long] t:[+long] ʈ:[+long] q:[+long] k:[+long] > pʰ pwʰ cʰ tʰ h jʰ | ^^ @ Rule 1, Line 1"
10.3.5.1,Proto-New Caledonia to Caaàc,Caaàc-jʰ,,index_diachronica_original.html:3206,False,diacritic_prereq,asca-unrepresentable,,,"Syntax Error: Segment does not have prerequisite properties to have this diacritic. Must be [-voice] | jʰ > h / _i | ^^ @ Rule 1, Line 1"
10.3.5.1,Proto-New Caledonia to Caaàc,Caaàc-ⁿS,,index_diachronica_original.html:3210,False,syntax_other,broken-syntax,,,"Syntax Error: Could not get value of IPA 'ⁿ'. | ⁿP > N / _# | ^ @ Rule 1, Line 1"
10.3.5.2,Proto-New Caledonia to Jawé,Jawé-pː-pwː-t̪ː-tː-kː-cː,,index_diachronica_original.html:3218,False,diacritic_prereq,asca-unrepresentable,,,"Syntax Error: Segment does not have prerequisite properties to have this diacritic. Must be [-voice] | p:[+long] pw:[+long] t̪:[+long] t:[+long] k:[+long] c:[+long] > pʰ hʷ t̪ʰ tʰ h jʰ | ^^ @ Rule 1, Line 1"
10.3.5.2,Proto-New Caledonia to Jawé,Jawé-jʰ,,index_diachronica_original.html:3222,False,diacritic_prereq,asca-unrepresentable,,,"Syntax Error: Segment does not have prerequisite properties to have this diacritic. Must be [-voice] | jʰ > h / _i | ^^ @ Rule 1, Line 1"
10.3.5.3,Proto-New Caledonia to Nemi-Pije-Fwai,Nemi-Pije-Fwai-pː-pwː-tː-t̪ː-kː-cː,,index_diachronica_original.html:3228,False,diacritic_prereq,asca-unrepresentable,,,"Syntax Error: Segment does not have prerequisite properties to have this diacritic. Must be [-voice] | p:[+long] pw:[+long] t:[+long] t̪:[+long] k:[+long] c:[+long] > f hʷ t̪ʰ tʰ h jʰ | ^^ @ Rule 1, Line 1"
10.3.5.3,Proto-New Caledonia to Nemi-Pije-Fwai,Nemi-Pije-Fwai-jʰ,,index_diachronica_original.html:3233,False,diacritic_prereq,asca-unrepresentable,,,"Syntax Error: Segment does not have prerequisite properties to have this diacritic. Must be [-voice] | jʰ > h / _i | ^^ @ Rule 1, Line 1"
10.3.5.3,Proto-New Caledonia to Nemi-Pije-Fwai,Nemi-Pije-Fwai-n-n̥,,index_diachronica_original.html:3235,False,unknown_character,asca-unrepresentable,̊,,"Syntax Error: Unknown character '̊' | n n̥ > ɲ ɲ̊ / _V:[+front] | ^ @ Rule 1, Line 1"
10.3.5.3,Proto-New Caledonia to Nemi-Pije-Fwai,Nemi-Pije-Fwai-ONV,,index_diachronica_original.html:3236,False,expected_underscore,asca-unrepresentable,,,"Syntax Error: Expected '_', but received '' | ONV > C:[+labial][+spread]ṽ / C:[+labial]ije and Fwai | ^ @ Rule 1, Line 1"
10.3.5.3,Proto-New Caledonia to Nemi-Pije-Fwai,Nemi-Pije-Fwai-f,,index_diachronica_original.html:3237,False,expected_underscore,asca-unrepresentable,,,"Syntax Error: Expected '_', but received '' | f > ɸ / C:[+labial]ije and Fwai | ^ @ Rule 1, Line 1"
10.3.5.4.1,Proto-Northern to Nixumwak-Nêlêmwa,Nixumwak-Nêlêmwa-V,,index_diachronica_original.html:3251,False,expected_underscore,asca-unrepresentable,,,"Syntax Error: Expected '_', but received '' | V > ∅ / _#, often | ^ @ Rule 1, Line 1"
10.3.5.4.1,Proto-Northern to Nixumwak-Nêlêmwa,Nixumwak-Nêlêmwa-cʰ,1,index_diachronica_original.html:3257,False,diacritic_prereq,asca-unrepresentable,,,"Syntax Error: Segment does not have prerequisite properties to have this diacritic. Must be [-voice] | cʰ > jʰ | ^^ @ Rule 1, Line 1"
10.3.5.4.1,Proto-Northern to Nixumwak-Nêlêmwa,Nixumwak-Nêlêmwa-ⁿS,,index_diachronica_original.html:3263,False,syntax_other,broken-syntax,,,"Syntax Error: Could not get value of IPA 'ⁿ'. | ⁿP > N / _# | ^ @ Rule 1, Line 1"
10.3.5.4.1,Proto-Northern to Nixumwak-Nêlêmwa,Nixumwak-Nêlêmwa-pwʰ-pʰ-tʰ-kʰ,,index_diachronica_original.html:3265,False,diacritic_prereq,asca-unrepresentable,,,"Syntax Error: Segment does not have prerequisite properties to have this diacritic. Must be [-voice] | pwʰ pʰ tʰ kʰ > fw f rʰ x / Nelemwa | ^^ @ Rule 1, Line 1"
10.3.5.5,Proto-New Caledonia to Nyelâyu,Nyelâyu-pː-pwː-tː-qː-cː,,index_diachronica_original.html:3285,False,diacritic_prereq,asca-unrepresentable,,,"Syntax Error: Segment does not have prerequisite properties to have this diacritic. Must be [-voice] | p:[+long] pw:[+long] t:[+long] q:[+long] c:[+long] > pʰ pwʰ tʰ h cʰ | ^^ @ Rule 1, Line 1"
10.3.5.5,Proto-New Caledonia to Nyelâyu,Nyelâyu-jʰ-j,,index_diachronica_original.html:3287,False,diacritic_prereq,asca-unrepresentable,,,"Syntax Error: Segment does not have prerequisite properties to have this diacritic. Must be [-voice] | jʰ j > h / _i | ^^ @ Rule 1, Line 1"
10.3.5.5,Proto-New Caledonia to Nyelâyu,Nyelâyu-ⁿS,,index_diachronica_original.html:3289,False,syntax_other,broken-syntax,,,"Syntax Error: Could not get value of IPA 'ⁿ'. | ⁿP > N / _# | ^ @ Rule 1, Line 1"
10.3.5.5,Proto-New Caledonia to Nyelâyu,Nyelâyu-ⁿS_2,,index_diachronica_original.html:3293,False,syntax_other,broken-syntax,,,"Syntax Error: Could not get value of IPA 'ⁿ'. | ⁿP > N / _ṽ | ^ @ Rule 1, Line 1"
10.3.5.6,Proto-New Caledonia to Pwaamei,Pwaamei-pː-pwː-tː-ʈ-kː-cː,,index_diachronica_original.html:3303,False,diacritic_prereq,asca-unrepresentable,,,"Syntax Error: Segment does not have prerequisite properties to have this diacritic. Must be [-voice] | p:[+long] pw:[+long] t:[+long] ʈ k:[+long] c:[+long] > f hʷ tʰ lʰ h s | ^^ @ Rule 1, Line 1"
10.3.5.6,Proto-New Caledonia to Pwaamei,Pwaamei-jʰ-j,,index_diachronica_original.html:3307,False,diacritic_prereq,asca-unrepresentable,,,"Syntax Error: Segment does not have prerequisite properties to have this diacritic. Must be [-voice] | jʰ j > s z | ^^ @ Rule 1, Line 1"
10.3.5.8,Proto-New Caledonia to Proto-Yunaga,Proto-Yunaga-pː-pwː-t̪ː-tː-ʈː-cː-kː,,index_diachronica_original.html:3327,False,diacritic_prereq,asca-unrepresentable,,,"Syntax Error: Segment does not have prerequisite properties to have this diacritic. Must be [-voice] | p:[+long] pw:[+long] t̪:[+long] t:[+long] ʈ:[+long] c:[+long] k:[+long] > pʰ pwʰ t̪ʰ tʰ ʈʰ jʰ h | ^^ @ Rule 1, Line 1"
10.3.5.8,Proto-New Caledonia to Proto-Yunaga,Proto-Yunaga-jʰ,,index_diachronica_original.html:3331,False,diacritic_prereq,asca-unrepresentable,,,"Syntax Error: Segment does not have prerequisite properties to have this diacritic. Must be [-voice] | jʰ > h / _i | ^^ @ Rule 1, Line 1"
10.3.5.8,Proto-New Caledonia to Proto-Yunaga,Proto-Yunaga-ⁿS,,index_diachronica_original.html:3335,False,syntax_other,broken-syntax,,,"Syntax Error: Could not get value of IPA 'ⁿ'. | ⁿP > N / _# | ^ @ Rule 1, Line 1"
10.3.5.8.1,Proto-Yunaga to Yunaga 1,Yunaga-1-jʰ,,index_diachronica_original.html:3347,False,diacritic_prereq,asca-unrepresentable,,,"Syntax Error: Segment does not have prerequisite properties to have this diacritic. Must be [-voice] | jʰ > θ | ^^ @ Rule 1, Line 1"
10.3.7,Proto-Oceanic to Shark Bay,Shark-Bay-V,,index_diachronica_original.html:3410,False,expected_number,asca-unrepresentable,,,"Syntax Error: Expected number, but received j | V > e / C_# // C = j | ^ @ Rule 1, Line 1"
10.3.8,Proto-Oceanic to Tolomako,Tolomako-m-b,,index_diachronica_original.html:3424,False,unknown_character,asca-unrepresentable,̼,,"Syntax Error: Unknown character '̼' | n̼ t̼ > n t / _{a,e,i} | ^ @ Rule 1, Line 2"
10.3.9.3,Proto-Utupua to Tanibili,"Tanibili-r,l",,index_diachronica_original.html:3481,False,syntax_other,broken-syntax,,,"Syntax Error: The output of a deletion rule must only contain `*` or `∅` | l > ∅?) | ^ @ Rule 1, Line 2"
10.3.11.1,Proto-Southern Vanuatu to Anejom,Anejom-C,,index_diachronica_original.html:3548,False,expected_number,asca-unrepresentable,,,"Syntax Error: Expected number, but received t | C > ∅ / _# // C = t | ^ @ Rule 1, Line 1"
10.3.11.3,Proto-Southern Vanuatu to Proto-Tanna,Proto-Tanna-s-c-*J,,index_diachronica_original.html:3632,False,prose_or_expected_arrow,asca-unrepresentable,,,"Syntax Error: Expected '>', '->' or '=>', but received '*' | s c *{L,G} > {h,z} {s,z} z | ^ @ Rule 1, Line 1"
10.3.12,Proto-Oceanic to Vera’a,"Vera’a-aCo,e",,index_diachronica_original.html:3737,False,nested_brackets,asca-unrepresentable,,,"Syntax Error: Cannot have nested brackets of the same type | {a{o,e},aC{o,e}} > a | ^ @ Rule 1, Line 1"
10.4.1,Proto-Micronesian to Marshallese,"Marshallese-ç,s-x",,index_diachronica_original.html:3770,False,unknown_character,asca-unrepresentable,ᵚ,,"Syntax Error: Unknown character 'ᵚ' | {ç,s} x > tᵚ | ^ @ Rule 1, Line 1"
10.5,Proto-Austronesian to Proto-Ongan,"Proto-Ongan-c,*C,s,*S",,index_diachronica_original.html:3782,False,syntax_other,broken-syntax,,,"Syntax Error: Expected an IPA character, Primative or Matrix, but received '*' | {c,*C,s,*P} > c | ^ @ Rule 1, Line 1"
10.5,Proto-Austronesian to Proto-Ongan,Proto-Ongan-ɟ-ɡ-*N-*R,,index_diachronica_original.html:3785,False,prose_or_expected_arrow,asca-unrepresentable,,,"Syntax Error: Expected '>', '->' or '=>', but received '*' | ɟ ɡ *N [+son,-syll] > {ɟ,j} {ɟ,ɡ} {l,j} {l,r} | ^ @ Rule 1, Line 1"
10.5.1,Proto-Ongan to Jarawa,Jarawa-∅,,index_diachronica_original.html:3798,False,syntax_other,broken-syntax,,,"Syntax Error: Cannot have segments before the beginning of a word | ∅ > a / h#_ (that:[+cg]s not a typo | ^ @ Rule 1, Line 1"
10.7,Proto-Austronesian to Proto-Rukai,"Proto-Rukai-t1,c-d1,z-d3",,index_diachronica_original.html:3849,False,unknown_character,asca-unrepresentable,₁,,"Syntax Error: Unknown character '₁' | {t₁,c} {d₁,z} d₃ > t d ɖ | ^ @ Rule 1, Line 1"
10.7,Proto-Austronesian to Proto-Rukai,Proto-Rukai-S1-s-d2-*C,,index_diachronica_original.html:3851,False,unknown_character,asca-unrepresentable,₂,,"Syntax Error: Unknown character '₂' | S=1 s d₂ *C > s θ ð ts | ^ @ Rule 1, Line 1"
10.8,Proto-Austronesian to Proto-Tsouic,"Proto-Tsouic-*C,d-j-*R",,index_diachronica_original.html:3863,False,syntax_other,broken-syntax,,,"Syntax Error: Expected an IPA character, Primative or Matrix, but received '*' | {*C,d} j [+son,-syll] > c z r | ^ @ Rule 1, Line 1"
11.5.1,Proto-Lezgic to Agul,Agul-tɬ-tɬː-tɬʼ-tɬːʼ-dɮ,,index_diachronica_original.html:3967,False,syntax_other,broken-syntax,,,"Syntax Error: Expected an IPA character, Primative or Matrix, but received ',' | tɬ tɬ:[+long] tɬ:[+cg] tɬ:[+long,+cg] dɮ > xʲ x k:[+cg] k:[+long] {,j,xʲ} | ^ @ Rule 1, Line 1"
11.5.6,Proto-Lezgic to Udi,Udi-q-qʼ-qːʼ-ɢ,,index_diachronica_original.html:4027,False,syntax_other,broken-syntax,,,"Syntax Error: The output of a deletion rule must only contain `*` or `∅` | q q:[+cg] q:[+long,+cg] ɢ > ∅ q:[+cg] ɣ | ^ @ Rule 1, Line 1"
12.1,Proto-Northwest Caucasian to Proto-Abazgi,"Proto-Abazgi-pʷ,pʲ-pʲː,bˤ-bʷ-pʷʲ-bʷʲ",,index_diachronica_original.html:4110,False,unknown_character,asca-unrepresentable,ː,,"Syntax Error: Unknown character 'ː' | {pʷ,pʲ} {pː,pʲː,bˤ} bʷ pʷʲ bʷʲ > p b f tsʲ dzʲ | ^ @ Rule 1, Line 1"
12.1,Proto-Northwest Caucasian to Proto-Abazgi,Proto-Abazgi-qʷʲ-ɢʷʰ,,index_diachronica_original.html:4145,False,diacritic_prereq,asca-unrepresentable,,,"Syntax Error: Segment does not have prerequisite properties to have this diacritic. Must be [-voice] | qʷʲ ɢʷʰ > {ħ,ħʷ} {ɣ,ɣʷ} | ^ ^ @ Rule 1, Line 1"
12.1,Proto-Northwest Caucasian to Proto-Abazgi,Proto-Abazgi-qʷʲʼ,,index_diachronica_original.html:4146,False,syntax_other,broken-syntax,,,"Syntax Error: Expected end of line, received '('. Did you forget a '/' between the output and environment? | qʷʲ:[+cg] > ʕʷ (qʷ:[+cg]?) | ^ @ Rule 1, Line 1"
12.1,Proto-Northwest Caucasian to Proto-Abazgi,Proto-Abazgi-qˤʷ-qˤʷː-qˤʷʼ-χˤʷ-ʁˤʷ,,index_diachronica_original.html:4152,False,syntax_other,broken-syntax,,,"Syntax Error: Expected end of line, received '('. Did you forget a '/' between the output and environment? | qˤʷ qˤʷ:[+long] qˤʷ:[+cg] χˤʷ ʁˤʷ > ħʷ ʕʷ {qʷ:[+cg],qʷ} ħʷ (ħʷ?) | ^ @ Rule 1, Line 1"
12.1.2,Proto-Abazgi to Tapanta Abaza,Tapanta-Abaza-tɕʷʼ-dʑʷ,,index_diachronica_original.html:4168,False,syntax_other,broken-syntax,,,"Syntax Error: Expected an IPA character, Primative or Matrix, but received '(' | {tɕʷ:[+cg],tɕʷ} dʑʷ > {tɕ(ʼ),tɕʷ(ʼ),tʃʷ:[+cg],tʃʷ} {dʑ,dʑʷ,dʒʷ} | ^ @ Rule 1, Line 1"
12.1.2,Proto-Abazgi to Tapanta Abaza,"Tapanta-Abaza-tʷʼ,dʷ",,index_diachronica_original.html:4171,False,syntax_other,broken-syntax,,,"Syntax Error: Expected an IPA character, Primative or Matrix, but received '(' | {tʷ:[+cg],tʷ,dʷ} > {tɕ(ʼ),tɕʷ(ʼ),tʃ(ʼ),tʃʷ(ʼ)} {dʒ,dʒʷ,dʑ,dʑʷ} | ^ @ Rule 1, Line 1"
12.2,Proto-Northwest Caucasian to Proto-Circassian,"Proto-Circassian-qʲʷː-qʲʷ-ɢʲʷ,ʁʲʷ-χʲʷ",,index_diachronica_original.html:4265,False,prose_or_expected_arrow,asca-unrepresentable,,,"Syntax Error: Expected '>', '->' or '=>', but received '}' | qʲʷ:[+long] qʲʷ ɢʲʷ,ʁʲʷ} χʲʷ > qʷ:[+long] ʔʷ ʁʷ χʷ | ^ @ Rule 1, Line 1"
12.3,Proto-Northwest Caucasian to Ubykh,Ubykh-tʷː-tʷʲʼ,,index_diachronica_original.html:4379,False,unknown_character,asca-unrepresentable,ː,,"Syntax Error: Unknown character 'ː' | {tː,tʷː} tʷʲ:[+cg] > {t,tʷ} tʷ:[+cg] | ^ @ Rule 1, Line 1"
12.3,Proto-Northwest Caucasian to Ubykh,Ubykh-tsʲː-tsʷː-dzʲ,,index_diachronica_original.html:4383,False,unknown_character,asca-unrepresentable,ː,,"Syntax Error: Unknown character 'ː' | {tsː,tsʲː} tsʷ:[+long] dzʲ > ts tsʷ dz | ^ @ Rule 1, Line 1"
13.1,Proto-Chumash to Barbareño,Barbareño-R-glottalizedVˀR,,index_diachronica_original.html:4437,False,prose_or_expected_arrow,asca-unrepresentable,,,"Syntax Error: Expected '>', '->' or '=>', but received 'ˀ' | [+son,-syll][+place]Vˀ[+son,-syll] > ˀ[+son,-syll]V[+son,-syll][+place] / _$ | ^ @ Rule 1, Line 1"
13.1,Proto-Chumash to Barbareño,Barbareño-R-glottalizedVOʼ,,index_diachronica_original.html:4438,False,unknown_feature,asca-unrepresentable,ejective,contin,"Syntax Error: Unknown feature 'ejective'. Did you mean contin? | [+son,-syll][+place]VO:[+cg] > ˀ[+son,-syll]VO[- ejective] / _$ | ^^^^^^^^^^ @ Rule 1, Line 1"
13.3,Proto-Chumash to Inseño,Inseño-ˀN-ˀw,,index_diachronica_original.html:4449,False,syntax_other,broken-syntax,,,"Syntax Error: Floating diacritic. Diacritics can only be used to modify IPA Segments | ˀN ˀw > N w | ^ @ Rule 1, Line 1"
13.4,Proto-Chumash to Obispeño,"Obispeño-ˀm,ˀn",0,index_diachronica_original.html:4456,False,syntax_other,broken-syntax,,,"Syntax Error: Floating diacritic. Diacritics can only be used to modify IPA Segments | ˀm > ∅ | ^ @ Rule 1, Line 1"
13.4,Proto-Chumash to Obispeño,"Obispeño-ˀm,ˀn",1,index_diachronica_original.html:4456,False,syntax_other,broken-syntax,,,"Syntax Error: Floating diacritic. Diacritics can only be used to modify IPA Segments | ˀn > ʔ | ^ @ Rule 1, Line 1"
13.4,Proto-Chumash to Obispeño,Obispeño-ˀw,,index_diachronica_original.html:4457,False,syntax_other,broken-syntax,,,"Syntax Error: Floating diacritic. Diacritics can only be used to modify IPA Segments | ˀw > w | ^ @ Rule 1, Line 1"
13.4,Proto-Chumash to Obispeño,Obispeño-ˀj,,index_diachronica_original.html:4458,False,syntax_other,broken-syntax,,,"Syntax Error: Floating diacritic. Diacritics can only be used to modify IPA Segments | ˀj > ∅ | ^ @ Rule 1, Line 1"
13.5,Proto-Chumash to Purisimeño,Purisimeño-ˀj,,index_diachronica_original.html:4463,False,syntax_other,broken-syntax,,,"Syntax Error: Floating diacritic. Diacritics can only be used to modify IPA Segments | ˀj > ∅ | ^ @ Rule 1, Line 1"
13.6,Proto-Chumash to Ventureño,Ventureño-ˀm-ˀn-ˀl-ˀj,,index_diachronica_original.html:4471,False,syntax_other,broken-syntax,,,"Syntax Error: Floating diacritic. Diacritics can only be used to modify IPA Segments | ˀm ˀn ˀl ˀj > m n l j | ^ @ Rule 1, Line 1"
14.2,Proto-Elamo-Dravidian to Achaemanid Elamite,Achaemanid-Elamite-r̀,,index_diachronica_original.html:4526,False,unknown_character,asca-unrepresentable,̀,,"Syntax Error: Unknown character '̀' | r̀ > r / V_{V,C} | ^ @ Rule 1, Line 1"
14.2,Proto-Elamo-Dravidian to Achaemanid Elamite,Achaemanid-Elamite-ŕ,,index_diachronica_original.html:4527,False,unknown_character,asca-unrepresentable,ŕ,,"Syntax Error: Unknown character 'ŕ' | ŕ > r:[+long] / V_V | ^ @ Rule 1, Line 1"
14.2,Proto-Elamo-Dravidian to Achaemanid Elamite,Achaemanid-Elamite-nr̀,,index_diachronica_original.html:4528,False,unknown_character,asca-unrepresentable,̀,,"Syntax Error: Unknown character '̀' | nr̀ > nr | ^ @ Rule 1, Line 1"
14.3.1,Standard Tamil to Colloquial Tamil,Colloquial-Tamil-l-ɭ,,index_diachronica_original.html:4548,False,stuff_after_word_bound,asca-unrepresentable,,,"Syntax Error: Cannot have segments after the end of a word | l ɭ > l:[+long]ʉ ɭ:[+long]ʉ / _#(C)V[-long] | ^ @ Rule 1, Line 1"
14.3.1,Standard Tamil to Colloquial Tamil,Colloquial-Tamil-∅_2,,index_diachronica_original.html:4549,False,unknown_grouping,asca-unrepresentable,M,,"Syntax Error: Unknown grouping 'M'. Known groupings are (C)onsonant, (O)bstruent, (S)onorant, (P)losive, (F)ricative, (L)iquid, (N)asal, (G)lide, and (V)owel | ∅ > ʉ / {l,ɭ}_# if {M,V:[+long]} previously in the lexeme | ^ @ Rule 1, Line 1"
14.3.1,Standard Tamil to Colloquial Tamil,Colloquial-Tamil-∅_3,0,index_diachronica_original.html:4555,False,expected_underscore,asca-unrepresentable,,,"Syntax Error: Expected '_', but received '' | ∅ > ɨ / to break up clusters | ^ @ Rule 1, Line 1"
14.3.1,Standard Tamil to Colloquial Tamil,Colloquial-Tamil-∅_3,1,index_diachronica_original.html:4555,False,expected_underscore,asca-unrepresentable,,,"Syntax Error: Expected '_', but received '' | ∅ > ʉ / to break up clusters | ^ @ Rule 1, Line 1"
14.3.1,Standard Tamil to Colloquial Tamil,Colloquial-Tamil-iː-eː,,index_diachronica_original.html:4557,False,unknown_character,asca-unrepresentable,̣,,"Syntax Error: Unknown character '̣' | {i,i:[+long]} {e,e:[+long]} > {u,u:[+long]} {o,o:[+long]} / {m,v,p}_C̣ | ^ @ Rule 1, Line 1"
15.2.2,Proto-Eskimo to Greenlandic Iñupiaq,Greenlandic-Iñupiaq-Cː,,index_diachronica_original.html:4650,False,unknown_character,asca-unrepresentable,₁,,"Syntax Error: Unknown character '₁' | C:[+long] > C // when CV_V in U₁U₂ | ^ @ Rule 1, Line 1"
15.2.2,Proto-Eskimo to Greenlandic Iñupiaq,"Greenlandic-Iñupiaq-m-n-ŋ-t-ɣ,ʁ«",,index_diachronica_original.html:4654,False,nested_brackets,asca-unrepresentable,,,"Syntax Error: Cannot have nested brackets of the same type | m n ŋ t {{ɣ,ʁ} > {k,q}} / _# | ^ @ Rule 1, Line 1"
15.2.2,Proto-Eskimo to Greenlandic Iñupiaq,Greenlandic-Iñupiaq-lʁ,,index_diachronica_original.html:4661,False,syntax_other,broken-syntax,,,"Syntax Error: Output cannot be empty. Use `*` or '∅' to indicate deletion | Pome metathesis in consonant clusters, the conditions of which are not elaborated upon > | ^ @ Rule 1, Line 1"
15.2.5,Proto-Eskimo to Kuskokwim Yup’ik,Kuskokwim-Yup’ik-i-a-u,,index_diachronica_original.html:4728,False,unknown_feature,asca-unrepresentable,initial,nasal,"Syntax Error: Unknown feature 'initial'. Did you mean nasal? | i a u > ii aa uu / C_ in %[+lo -initial -final] such that %[+lo]_ | ^^^^^^^^^ @ Rule 1, Line 1"
15.2.6,Proto-Eskimo to Nunivak Yup’ik,Nunivak-Yup’ik-i-a-u,,index_diachronica_original.html:4758,False,unknown_feature,asca-unrepresentable,initial,nasal,"Syntax Error: Unknown feature 'initial'. Did you mean nasal? | i a u > ii aa uu / C_ in %[+lo -initial -final] such that %[+lo]_ | ^^^^^^^^^ @ Rule 1, Line 1"
15.2.7,Proto-Eskimo to Siberian Yup’ik,Siberian-Yup’ik-ə,,index_diachronica_original.html:4778,False,expected_underscore,asca-unrepresentable,,,"Syntax Error: Expected '_', but received '' | ə > a / | ^ @ Rule 1, Line 1"
15.2.8,Proto-Eskimo to Unaaliq Yup’ik,Unaaliq-Yup’ik-C,,index_diachronica_original.html:4802,False,syntax_other,broken-syntax,,,"Syntax Error: Cannot have segments before the beginning of a word | C > C:[+long] / _V(..)V, after #% | ^ @ Rule 1, Line 1"
15.2.8,Proto-Eskimo to Unaaliq Yup’ik,Unaaliq-Yup’ik-i-a-u,,index_diachronica_original.html:4815,False,unknown_feature,asca-unrepresentable,initial,nasal,"Syntax Error: Unknown feature 'initial'. Did you mean nasal? | i a u > ii aa uu / C_ in %[+lo -initial -final] such that %[+lo]_ | ^^^^^^^^^ @ Rule 1, Line 1"
17.2,Proto-Indo-European to Common Anatolian,Common-Anatolian-Dʱ,,index_diachronica_original.html:5037,False,prose_or_expected_arrow,asca-unrepresentable,,,"Syntax Error: Expected '>', '->' or '=>', but received ':' | C:[+labial]:[+voice,+spread] > P:[+voice] | ^ @ Rule 1, Line 1"
17.2,Proto-Indo-European to Common Anatolian,Common-Anatolian-T-h2_3,,index_diachronica_original.html:5043,False,expected_underscore,asca-unrepresentable,,,"Syntax Error: Expected '_', but received '' | P:[-voice] x > P:[+voice] ɣʷ / V:[+stress, +long] | ^ @ Rule 1, Line 1"
17.2,Proto-Indo-European to Common Anatolian,Common-Anatolian-T-h2_4,,index_diachronica_original.html:5044,False,expected_underscore,asca-unrepresentable,,,"Syntax Error: Expected '_', but received '' | P:[-voice] x > P:[+voice] ɣʷ / G:[+stress] | ^ @ Rule 1, Line 1"
17.2,Proto-Indo-European to Common Anatolian,Common-Anatolian-t,,index_diachronica_original.html:5045,False,expected_underscore,asca-unrepresentable,,,"Syntax Error: Expected '_', but received '' | t > z / j | ^ @ Rule 1, Line 1"
17.2.1,Common Anatolian to Hittite,Hittite-V,,index_diachronica_original.html:5057,False,expected_underscore,asca-unrepresentable,,,"Syntax Error: Expected '_', but received '' | V > V:[+long] / %:[+stress][+lo] | ^ @ Rule 1, Line 1"
17.2.1,Common Anatolian to Hittite,Hittite-e-o,,index_diachronica_original.html:5058,False,expected_underscore,asca-unrepresentable,,,"Syntax Error: Expected '_', but received '' | e o > e:[+long] o:[+long] / %:[+stress][+stress] | ^ @ Rule 1, Line 1"
17.2.1,Common Anatolian to Hittite,Hittite-e_2,,index_diachronica_original.html:5061,False,unknown_feature,asca-unrepresentable,posttonic,sonor,"Syntax Error: Unknown feature 'posttonic'. Did you mean sonor? | e > a / _n in %[+lo +posttonic] | ^^^^^^^^^^ @ Rule 1, Line 1"
17.2.2,Common Anatolian to Luwian,Luwian-V,,index_diachronica_original.html:5085,False,expected_underscore,asca-unrepresentable,,,"Syntax Error: Expected '_', but received '' | V > V:[+long] / %:[+stress][+lo] | ^ @ Rule 1, Line 1"
17.2.2,Common Anatolian to Luwian,Luwian-V_2,,index_diachronica_original.html:5086,False,expected_underscore,asca-unrepresentable,,,"Syntax Error: Expected '_', but received '' | V > V:[+long] / #%:[+stress] | ^ @ Rule 1, Line 1"
17.2.4,Common Anatolian to Lydian,"Lydian-e,o",,index_diachronica_original.html:5148,False,expected_underscore,asca-unrepresentable,,,"Syntax Error: Expected '_', but received '' | {e,o} > a / %[-stress] | ^ @ Rule 1, Line 1"
17.2.5,Common Anatolian to Palaic,Palaic-V,,index_diachronica_original.html:5161,False,expected_underscore,asca-unrepresentable,,,"Syntax Error: Expected '_', but received '' | V > V:[+long] / %:[+stress][+lo] | ^ @ Rule 1, Line 1"
17.2.5,Common Anatolian to Palaic,Palaic-e,,index_diachronica_original.html:5162,False,expected_underscore,asca-unrepresentable,,,"Syntax Error: Expected '_', but received '' | e > i / pretonic | ^ @ Rule 1, Line 1"
17.2.5,Common Anatolian to Palaic,Palaic-e_2,,index_diachronica_original.html:5163,False,expected_underscore,asca-unrepresentable,,,"Syntax Error: Expected '_', but received '' | e > a / posttonic in %[+lo] | ^ @ Rule 1, Line 1"
17.2.5,Common Anatolian to Palaic,Palaic-a-e,,index_diachronica_original.html:5165,False,expected_underscore,asca-unrepresentable,,,"Syntax Error: Expected '_', but received '' | a e > a:[+long] e:[+long] / %:[+stress][+hi] | ^ @ Rule 1, Line 1"
17.2.5,Common Anatolian to Palaic,Palaic-hhy,,index_diachronica_original.html:5168,False,syntax_other,broken-syntax,,,"Syntax Error: Output cannot be empty. Use `*` or '∅' to indicate deletion | hhy > | ^ @ Rule 1, Line 1"
17.5,Proto-Indo-European to Proto-Celtic,Proto-Celtic-—-∅_2,,index_diachronica_original.html:5477,False,expected_underscore,asca-unrepresentable,,,"Syntax Error: Expected '_', but received '' | ∅ > i / C{l,r}P | ^ @ Rule 1, Line 1"
17.5,Proto-Indo-European to Proto-Celtic,Proto-Celtic-—-C1C2,,index_diachronica_original.html:5485,False,unknown_character,asca-unrepresentable,₂,,"Syntax Error: Unknown character '₂' | C=1 C=2 > x2 / if C₂ was a plosive or s | ^ @ Rule 1, Line 1"
17.5.1,Proto-Indo-European to Old Irish,Old-Irish-p-t-k-kʷ-b-d-ɡ-m-n-l-r-s,,index_diachronica_original.html:5521,False,unknown_grouping,asca-unrepresentable,M,,"Syntax Error: Unknown grouping 'M'. Known groupings are (C)onsonant, (O)bstruent, (S)onorant, (P)losive, (F)ricative, (L)iquid, (N)asal, (G)lide, and (V)owel | p t k kʷ b d ɡ m n l r s > f θ x xʷ v ð ɣ M N L [+son,-syll] h / V(#)_{[+son,-syll],V} | ^ @ Rule 1, Line 1"
17.5.1,Proto-Indo-European to Old Irish,Old-Irish-p-t-k-kʷ-b-d-ɡ-∅,,index_diachronica_original.html:5525,False,syntax_other,broken-syntax,,,"Syntax Error: Cannot have segments before the beginning of a word | p t k kʷ b d ɡ > b d ɡ ɡʷ mb nd ŋɡ n / n#_V:[+stress] | ^ @ Rule 1, Line 1"
17.5.1,Proto-Indo-European to Old Irish,Old-Irish-—-o,,index_diachronica_original.html:5532,False,syntax_other,broken-syntax,,,"Syntax Error: Expected an IPA character, Primative or Matrix, but received '(' | o > a / _{(C,0),u}# | ^ @ Rule 1, Line 1"
17.5.1,Proto-Indo-European to Old Irish,"Old-Irish-—-p,t_2",,index_diachronica_original.html:5550,False,syntax_other,broken-syntax,,,"Syntax Error: Expected end of line, received ')'. Did you forget a '/' between the output and environment? | {p,t} > ∅ / #s_ // #_) | ^ @ Rule 1, Line 1"
17.5.1,Proto-Indo-European to Old Irish,Old-Irish-—-s,,index_diachronica_original.html:5551,False,syntax_other,broken-syntax,,,"Syntax Error: Feature 'anything' has no modifier | s > ∅ / [anything]{l,r}_O | ^^^^^^^^ @ Rule 1, Line 1"
17.5.1,Proto-Indo-European to Old Irish,Old-Irish-—-hn-hm,,index_diachronica_original.html:5552,False,syntax_other,broken-syntax,,,"Syntax Error: Feature 'anything' has no modifier | hn hm > n:[+long] m:[+long] / [anything]_ | ^^^^^^^^ @ Rule 1, Line 1"
17.5.1,Proto-Indo-European to Old Irish,Old-Irish-—-st-zd,,index_diachronica_original.html:5554,False,syntax_other,broken-syntax,,,"Syntax Error: Feature 'anything' has no modifier | st zd > s:[+long] d:[+long] / [anything]_ | ^^^^^^^^ @ Rule 1, Line 1"
17.5.1,Proto-Indo-European to Old Irish,"Old-Irish-—-l,hl-l,hr-lp,s,n-rp,s-ln",,index_diachronica_original.html:5555,False,syntax_other,broken-syntax,,,"Syntax Error: Feature 'anything' has no modifier | {l,h}l {l,h}r l{p,s,n} r{p,s} ln > l:[+long] r:[+long] l:[+long] r:[+long] (l:[+long]?) / [anything]_ | ^^^^^^^^ @ Rule 1, Line 1"
17.5.1,Proto-Indo-European to Old Irish,Old-Irish-V,,index_diachronica_original.html:5557,False,expected_number,asca-unrepresentable,,,"Syntax Error: Expected number, but received j | V > ∅ / C_# // C = j | ^ @ Rule 1, Line 1"
17.5.1,Proto-Indo-European to Old Irish,Old-Irish-C…C,,index_diachronica_original.html:5558,False,expected_underscore,asca-unrepresentable,,,"Syntax Error: Expected '_', but received '/' | C(..)C > ∅ / _# // /l r/ and clusters containing them | ^ @ Rule 1, Line 1"
17.5.1,Proto-Indo-European to Old Irish,Old-Irish-oː_3,,index_diachronica_original.html:5561,False,syntax_other,broken-syntax,,,"Syntax Error: Feature 'anything' has no modifier | o:[+long] > ua / _[anything] when stressed | ^^^^^^^^ @ Rule 1, Line 1"
17.5.1,Proto-Indo-European to Old Irish,"Old-Irish-—-e,o",,index_diachronica_original.html:5567,False,syntax_other,broken-syntax,,,"Syntax Error: Feature 'anything' has no modifier | {e,o} > a / _[anything] | ^^^^^^^^ @ Rule 1, Line 1"
17.5.1,Proto-Indo-European to Old Irish,Old-Irish-V_3,,index_diachronica_original.html:5570,False,nested_brackets,asca-unrepresentable,,,"Syntax Error: Cannot have nested brackets of the same type | V > ∅ / #%%(_)%(%(_)%) // _[-stress] | ^ @ Rule 1, Line 1"
17.5.2,Proto-Celtic to Middle Welsh,Middle-Welsh-V,,index_diachronica_original.html:5581,False,expected_underscore,asca-unrepresentable,,,"Syntax Error: Expected '_', but received '' | V > ə / _(C)#, also in proclitics | ^ @ Rule 1, Line 1"
17.5.2,Proto-Celtic to Middle Welsh,Middle-Welsh-V_4,,index_diachronica_original.html:5599,False,unknown_feature,asca-unrepresentable,intertonic,anterior,"Syntax Error: Unknown feature 'intertonic'. Did you mean anterior? | V > ∅ / _[+intertonic] | ^^^^^^^^^^^ @ Rule 1, Line 1"
17.5.2,Proto-Celtic to Middle Welsh,Middle-Welsh-mp-nt-ŋk,,index_diachronica_original.html:5609,False,unknown_character,asca-unrepresentable,̊,,"Syntax Error: Unknown character '̊' | mp nt ŋk > m̥ n̥ ŋ̊ | ^ @ Rule 1, Line 1"
17.7.1,Common Germanic to Gothic,Gothic-—-V-long,,index_diachronica_original.html:5656,False,expected_number,asca-unrepresentable,,,"Syntax Error: Expected number, but received u | V[- long] > ∅ / _# // V = u | ^ @ Rule 1, Line 1"
17.7.1,Common Germanic to Gothic,Gothic-—-V-long_2,,index_diachronica_original.html:5657,False,expected_number,asca-unrepresentable,,,"Syntax Error: Expected number, but received u | V[- long] > ∅ / %_C# // V = u | ^ @ Rule 1, Line 1"
17.7.1,Common Germanic to Gothic,Gothic-iw,,index_diachronica_original.html:5661,False,expected_underscore,asca-unrepresentable,,,"Syntax Error: Expected '_', but received '' | iw > ju / [- stress] | ^ @ Rule 1, Line 1"
17.7.1,Common Germanic to Gothic,Gothic-z,,index_diachronica_original.html:5683,False,expected_underscore,asca-unrepresentable,,,"Syntax Error: Expected '_', but received '' | z > s / _#, thoughthough it | ^ @ Rule 1, Line 1"
17.7.1,Common Germanic to Gothic,Gothic-s_3,,index_diachronica_original.html:5686,False,expected_underscore,asca-unrepresentable,,,"Syntax Error: Expected '_', but received ',' | s > ∅ / , though this seems to have been less common | ^ @ Rule 1, Line 1"
17.7.2,Common Germanic to West Germanic,West-Germanic-C,,index_diachronica_original.html:5693,False,expected_number,asca-unrepresentable,,,"Syntax Error: Expected number, but received r | C > C:[+long] / _j // C = r | ^ @ Rule 1, Line 1"
17.7.2.1,West Germanic to Anglo-Frisian,Anglo-Frisian-a_2,,index_diachronica_original.html:5702,False,expected_underscore,asca-unrepresentable,,,"Syntax Error: Expected '_', but received ',' | a > æ:[+long] / short only, includes diphthongs // V:[+back] or *ã in next syllable | ^ @ Rule 1, Line 1"
17.7.2.1,West Germanic to Anglo-Frisian,Anglo-Frisian-æu,,index_diachronica_original.html:5706,False,syntax_other,broken-syntax,,,"Syntax Error: Expected end of line, received ')'. Did you forget a '/' between the output and environment? | æu > au / _V:[+back] in general?) | ^ @ Rule 1, Line 1"
17.7.2.1,West Germanic to Anglo-Frisian,Anglo-Frisian-a_3,,index_diachronica_original.html:5711,False,expected_underscore,asca-unrepresentable,,,"Syntax Error: Expected '_', but received '*' | a > æ // _N or if nasalized, or if *V:[+back] or *ã in next syllable | ^ @ Rule 1, Line 1"
17.7.2.1,West Germanic to Anglo-Frisian,"Anglo-Frisian-i,u",,index_diachronica_original.html:5713,False,syntax_other,broken-syntax,,,"Syntax Error: Only a segment, matrix, group, or reference can be negated | {i,u} > ∅ / -# // VC_ | ^^ @ Rule 1, Line 1"
17.7.2.1.2,Old English to Kentish Middle English,Kentish-Middle-English-ɑ-e-o,,index_diachronica_original.html:5738,False,expected_underscore,asca-unrepresentable,,,"Syntax Error: Expected '_', but received '//' | ɑ e o > ɑ:[+long] ɛ:[+long] o:[+long] / %[+lo] // #% with the following % containing /i:[+long]/ or ending in one of /m n r l/ | ^^ @ Rule 1, Line 1"
17.7.2.1.2,Old English to Kentish Middle English,Kentish-Middle-English-Vː_2,,index_diachronica_original.html:5740,False,expected_underscore,asca-unrepresentable,,,"Syntax Error: Expected '_', but received '/' | V:[+long] > V[-long] / #% before a % with /i:[+long]/ | ^ @ Rule 1, Line 1"
17.7.2.1.3,Old English to Midlands Middle English,Midlands-Middle-English-ɑ-e-o,,index_diachronica_original.html:5760,False,expected_underscore,asca-unrepresentable,,,"Syntax Error: Expected '_', but received '//' | ɑ e o > ɑ:[+long] ɛ:[+long] o:[+long] / %[+lo] // #% with the following % containing /i:[+long]/ or ending in one of /m n r l/ | ^^ @ Rule 1, Line 1"
17.7.2.1.3,Old English to Midlands Middle English,Midlands-Middle-English-Vː_2,,index_diachronica_original.html:5761,False,expected_underscore,asca-unrepresentable,,,"Syntax Error: Expected '_', but received '/' | V:[+long] > V[-long] / #% before a % with /i:[+long]/ | ^ @ Rule 1, Line 1"
17.7.2.1.4,Midlands Middle English to Early Modern English,Early-Modern-English-ʊ,,index_diachronica_original.html:5771,False,syntax_other,broken-syntax,,,"Syntax Error: Could not get value of IPA 'ǃ'. | ʊ > ɤ ! C:[+labial]_ and _l | ^ @ Rule 1, Line 1"
17.7.2.1.4,Midlands Middle English to Early Modern English,Early-Modern-English-a_2,,index_diachronica_original.html:5780,False,expected_underscore,asca-unrepresentable,,,"Syntax Error: Expected '_', but received '' | a > æ / else | ^ @ Rule 1, Line 1"
17.7.2.1.5,Early Modern English to American English,American-English-æ,,index_diachronica_original.html:5788,False,syntax_other,broken-syntax,,,"Syntax Error: Expected '..', but received .'g' | æ > æ:[+long] (e.g., NYC) or ɑ:[+long] / _{F[-voice],N[-voice]} | ^ @ Rule 1, Line 1"
17.7.2.1.5,Early Modern English to American English,American-English-w,,index_diachronica_original.html:5803,False,nested_brackets,asca-unrepresentable,,,"Syntax Error: Cannot have nested brackets of the same type | w > ∅ / C_ɹ for some C (toward(s), quart(er), sword) | ^ @ Rule 1, Line 1"
17.7.2.1.6,Early Modern English to Australian English,Australian-English-ɫ,,index_diachronica_original.html:5821,False,expected_underscore,asca-unrepresentable,,,"Syntax Error: Expected '_', but received '/' | ɫ > əɫ // if one of the above vowel changes after the formation of /ɫ/ apply | ^ @ Rule 1, Line 1"
17.7.2.1.6,Early Modern English to Australian English,Australian-English-æ_2,,index_diachronica_original.html:5839,False,syntax_other,broken-syntax,,,"Syntax Error: Expected an IPA character, Primative or Matrix, but received '//' | æ > æ:[+long] / _{n,m,ɡ,ɫ$ // _n,m,ɡ,ɫ}${j,w} or a form of a strong verb | ^^ @ Rule 1, Line 1"
17.7.2.1.6,Early Modern English to Australian English,Australian-English-æ_3,,index_diachronica_original.html:5840,False,expected_underscore,asca-unrepresentable,,,"Syntax Error: Expected '_', but received '' | æ > æ:[+long] / _d // form of a strong verb | ^ @ Rule 1, Line 1"
17.7.2.1.8,Old English to Northern Middle English,Northern-Middle-English-ɑ-e-o,,index_diachronica_original.html:5868,False,expected_underscore,asca-unrepresentable,,,"Syntax Error: Expected '_', but received '//' | ɑ e o > ɑ:[+long] ɛ:[+long] o:[+long] / %[+lo] // #% with the following % containing /i:[+long]/ or ending in one of /m n r l/ | ^^ @ Rule 1, Line 1"
17.7.2.1.8,Old English to Northern Middle English,Northern-Middle-English-Vː_2,,index_diachronica_original.html:5870,False,expected_underscore,asca-unrepresentable,,,"Syntax Error: Expected '_', but received '/' | V:[+long] > V[-long] / #% before a % with /i:[+long]/ | ^ @ Rule 1, Line 1"
17.7.2.1.9,Early Northern Middle English to Scots,Scots-—-øː_3,,index_diachronica_original.html:5900,False,nested_brackets,asca-unrepresentable,,,"Syntax Error: Cannot have nested brackets of the same type | ø:[+long] > {j{u,ʌ},{u,ʌ}} / _{k,x} | ^ @ Rule 1, Line 1"
17.7.2.1.11,Scots to Falkirk Scots,Falkirk-Scots-ʟ,,index_diachronica_original.html:5982,False,expected_underscore,asca-unrepresentable,,,"Syntax Error: Expected '_', but received '//' | ʟ > ʊ / {a,ɛ}_, typically // _V | ^^ @ Rule 1, Line 1"
17.7.2.1.12,Old English to Southern Middle English,Southern-Middle-English-ɑ-e-o,,index_diachronica_original.html:5998,False,expected_underscore,asca-unrepresentable,,,"Syntax Error: Expected '_', but received '//' | ɑ e o > ɑ:[+long] ɛ:[+long] o:[+long] / %[+lo] // #% with the following % containing /i:[+long]/ or ending in one of /m n r l/ | ^^ @ Rule 1, Line 1"
17.7.2.1.12,Old English to Southern Middle English,Southern-Middle-English-Vː_2,,index_diachronica_original.html:6000,False,expected_underscore,asca-unrepresentable,,,"Syntax Error: Expected '_', but received '/' | V:[+long] > V[-long] / #% before a % with /i:[+long]/ | ^ @ Rule 1, Line 1"
17.7.2.1.12,Old English to Southern Middle English,Southern-Middle-English-e,,index_diachronica_original.html:6006,False,expected_underscore,asca-unrepresentable,,,"Syntax Error: Expected '_', but received '/' | e > ∅ / if another /e/ one syllable previous | ^ @ Rule 1, Line 1"
17.7.2.1.13,Middle English to Yola,Yola-F,,index_diachronica_original.html:6014,False,expected_number,asca-unrepresentable,,,"Syntax Error: Expected number, but received ʍ | F > F[+ voice] / #_ // F = ʍ | ^ @ Rule 1, Line 1"
17.7.2.2,West Germanic to Old Low Franconian,Old-Low-Franconian-ai-u,,index_diachronica_original.html:6045,False,syntax_other,broken-syntax,,,"Syntax Error: Expected an IPA character, Primative or Matrix, but received '' | ai u > ei ʏ / _(C,0){i,i:[+long],j} (short only | ^ @ Rule 1, Line 1"
17.7.2.2,West Germanic to Old Low Franconian,Old-Low-Franconian-uː_3,,index_diachronica_original.html:6049,False,syntax_other,broken-syntax,,,"Syntax Error: Expected end of line, received ')'. Did you forget a '/' between the output and environment? | u:[+long] > ʉ:[+long] / _V) | ^ @ Rule 1, Line 1"
17.7.2.2.1,Old Low Franconian to Middle Dutch,Middle-Dutch-V-long-+stress,,index_diachronica_original.html:6067,False,syntax_other,broken-syntax,,,"Syntax Error: Expected an IPA character, Primative or Matrix, but received '>' | V[-long +stress] > V:[+long] / open syllables (ʏ > {œ:[+long],ø:[+long]} here but this is not phonemically important | ^ @ Rule 1, Line 1"
17.7.2.3,Middle High German to Standard German,Standard-German-uː-yː-iː,,index_diachronica_original.html:6109,False,expected_underscore,asca-unrepresentable,,,"Syntax Error: Expected '_', but received ',' | u:[+long] y:[+long] i:[+long] > ou øy ei // in certain unstressed endings and monosyllables, _C{C,V,#} , and Low German borrowings | ^ @ Rule 1, Line 1"
17.7.2.3,Middle High German to Standard German,Standard-German-V_4,,index_diachronica_original.html:6119,False,expected_underscore,asca-unrepresentable,,,"Syntax Error: Expected '_', but received '' | V > V:[+long] / by analogy in some cases | ^ @ Rule 1, Line 1"
17.7.2.3,Middle High German to Standard German,Standard-German-ə,,index_diachronica_original.html:6120,False,expected_underscore,asca-unrepresentable,,,"Syntax Error: Expected '_', but received '' | ə > ∅ / _[-stress], but not in every case | ^ @ Rule 1, Line 1"
17.7.2.3,Middle High German to Standard German,Standard-German-∅,,index_diachronica_original.html:6121,False,unknown_grouping,asca-unrepresentable,M,,"Syntax Error: Unknown grouping 'M'. Known groupings are (C)onsonant, (O)bstruent, (S)onorant, (P)losive, (F)ricative, (L)iquid, (N)asal, (G)lide, and (V)owel | ∅ > ə / M_r$ | ^ @ Rule 1, Line 1"
17.7.3,Common Germanic to Proto-Norse,"Proto-Norse-æ,eːwa",,index_diachronica_original.html:6165,False,nested_brackets,asca-unrepresentable,,,"Syntax Error: Cannot have nested brackets of the same type | {æ,e}:[+long](w(a)) > a:[+long] | ^ @ Rule 1, Line 1"
17.7.3,Common Germanic to Proto-Norse,Proto-Norse-wuː-iː,,index_diachronica_original.html:6172,False,nested_brackets,asca-unrepresentable,,,"Syntax Error: Cannot have nested brackets of the same type | {w{u,u:[+long]},{u,u:[+long]}} {i,i:[+long]} > {w{o,o:[+long]},{o,o:[+long]}} {e,e:[+long]} / _(C)(C)a // CC = NC or one C = {ʀ,j} | ^ @ Rule 1, Line 1"
17.7.3.1,Proto-Norse to Old Norse,Old-Norse-ʀ,,index_diachronica_original.html:6199,False,syntax_other,broken-syntax,,,"Syntax Error: Expected end of line, received '_'. Did you forget a '/' between the output and environment? | ʀ > r_n | ^ @ Rule 1, Line 1"
17.7.3.1,Proto-Norse to Old Norse,Old-Norse-a_4,,index_diachronica_original.html:6204,False,expected_underscore,asca-unrepresentable,,,"Syntax Error: Expected '_', but received '/' | a > u / $u / // :{#_#, #<.._>}: | ^ @ Rule 1, Line 1"
17.7.3.1,Proto-Norse to Old Norse,Old-Norse-waː-naː,,index_diachronica_original.html:6205,False,syntax_other,broken-syntax,,,"Syntax Error: Cannot have segments before the beginning of a word | wa:[+long] na:[+long] > o:[+long] no:[+long] / $u in #% | ^ @ Rule 1, Line 1"
17.7.3.1,Proto-Norse to Old Norse,"Old-Norse-B,E",,index_diachronica_original.html:6210,False,expected_number,asca-unrepresentable,,,"Syntax Error: Expected number, but received ɒ | {V:[+back],V:[+front]} > ∅ / CC_{ʀ,s,t,θ}# // V:[+back] = ɒ | ^ @ Rule 1, Line 1"
17.7.3.1,Proto-Norse to Old Norse,"Old-Norse-B,E_2",,index_diachronica_original.html:6215,False,expected_number,asca-unrepresentable,,,"Syntax Error: Expected number, but received ɒ | {V:[+back],V:[+front]} > ∅ / CC_%# // V:[+back] = ɒ | ^ @ Rule 1, Line 1"
17.7.3.1,Proto-Norse to Old Norse,"Old-Norse-B,E_3",,index_diachronica_original.html:6219,False,expected_number,asca-unrepresentable,,,"Syntax Error: Expected number, but received ɒ | {V:[+back],V:[+front]} > ∅ / _%# // V:[+back] = ɒ | ^ @ Rule 1, Line 1"
17.7.3.1,Proto-Norse to Old Norse,Old-Norse-k_3,,index_diachronica_original.html:6241,False,expected_underscore,asca-unrepresentable,,,"Syntax Error: Expected '_', but received '' | k > ∅ / s_l,t | ^ @ Rule 1, Line 1"
17.7.3.1,Proto-Norse to Old Norse,"Old-Norse-eːB,iː",,index_diachronica_original.html:6327,False,nested_brackets,asca-unrepresentable,,,"Syntax Error: Cannot have nested brackets of the same type | {e{V:[+back],i,i:[+long]},e:[+long]{V:[+back],i,i:[+long]}} > {eu,e:[+long]u} / {v,w}_ | ^ @ Rule 1, Line 1"
17.7.3.1.1,Old Norse to Early Icelandic,Early-Icelandic-O,,index_diachronica_original.html:6361,False,syntax_other,broken-syntax,,,"Syntax Error: Expected ASCII character, but received 'α' | O:[α PLACE] > ∅ / {F:[- α PLACE],r,l}_O | ^ @ Rule 1, Line 1"
17.7.3.1.1,Old Norse to Early Icelandic,Early-Icelandic-r,,index_diachronica_original.html:6366,False,expected_underscore,asca-unrepresentable,,,"Syntax Error: Expected '_', but received '//' | r > r̥ / P[- voice] // _# | ^^ @ Rule 1, Line 1"
17.7.3.1.1,Old Norse to Early Icelandic,Early-Icelandic-V_2,,index_diachronica_original.html:6379,False,expected_underscore,asca-unrepresentable,,,"Syntax Error: Expected '_', but received '' | V > V:[+long] // _CCV, in polysyllables | ^ @ Rule 1, Line 1"
17.7.3.1.1,Old Norse to Early Icelandic,"Early-Icelandic-n̥n,nn̥",,index_diachronica_original.html:6380,False,syntax_other,broken-syntax,,,"Syntax Error: Expected an IPA character, Primative or Matrix, but received '>' | {n̥n,nn̥ > tn̥ / V_ | ^ @ Rule 1, Line 1"
17.7.3.1.1,Old Norse to Early Icelandic,"Early-Icelandic-r̥n,r̥n̥,rn̥",,index_diachronica_original.html:6385,False,syntax_other,broken-syntax,,,"Syntax Error: Expected an IPA character, Primative or Matrix, but received '>' | {r̥n,r̥n̥,rn̥ > tn̥ | ^ @ Rule 1, Line 1"
17.7.3.1.1,Old Norse to Early Icelandic,"Early-Icelandic-ɬl,ɬː",,index_diachronica_original.html:6389,False,syntax_other,broken-syntax,,,"Syntax Error: Expected an IPA character, Primative or Matrix, but received '>' | {ɬl,ɬ:[+long] > tɬ | ^ @ Rule 1, Line 1"
17.7.3.1.2,Old Norse to Orkney Norn,Orkney-Norn-ð_2,,index_diachronica_original.html:6425,False,syntax_other,broken-syntax,,,"Syntax Error: Output cannot be empty. Use `*` or '∅' to indicate deletion | ð > /{a,V:[+front]}_ | ^ @ Rule 1, Line 1"
17.7.3.1.2,Old Norse to Orkney Norn,Orkney-Norn-l_3,,index_diachronica_original.html:6433,False,stuff_after_word_bound,asca-unrepresentable,,,"Syntax Error: Cannot have segments after the end of a word | l > ∅ / _# ? | ^ @ Rule 1, Line 1"
17.7.3.1.3,Old Norse to Shetland Norn,Shetland-Norn-ɒ_2,,index_diachronica_original.html:6518,False,syntax_other,broken-syntax,,,"Syntax Error: Feature 'alveolar' has no modifier | ɒ > ø / _O[+cor,+anterior,+dist/alveolar] | ^^^^^^^^ @ Rule 1, Line 1"
17.7.3.1.3,Old Norse to Shetland Norn,Shetland-Norn-a,,index_diachronica_original.html:6521,False,syntax_other,broken-syntax,,,"Syntax Error: Feature 'alveolar' has no modifier | a > ∅ / C[+cor,+anterior,+dist/alveolar]_u | ^^^^^^^^ @ Rule 1, Line 1"
17.7.3.1.3,Old Norse to Shetland Norn,Shetland-Norn-a_2,0,index_diachronica_original.html:6522,False,syntax_other,broken-syntax,,,"Syntax Error: Expected an IPA character, Primative or Matrix, but received '//' | a > o / _{C:[-front,+back,+hi,-lo],r} ( // C:[-front,+back,+hi,-lo] = w ?) | ^^ @ Rule 1, Line 1"
17.7.3.1.3,Old Norse to Shetland Norn,Shetland-Norn-a_2,1,index_diachronica_original.html:6522,False,syntax_other,broken-syntax,,,"Syntax Error: Expected an IPA character, Primative or Matrix, but received '//' | a > ɔ / _{C:[-front,+back,+hi,-lo],r} ( // C:[-front,+back,+hi,-lo] = w ?) | ^^ @ Rule 1, Line 1"
17.7.3.1.3,Old Norse to Shetland Norn,Shetland-Norn-yː,,index_diachronica_original.html:6528,False,syntax_other,broken-syntax,,,"Syntax Error: Feature 'alveolar' has no modifier | y:[+long] > ø / _O[+cor,+anterior,+dist/alveolar] | ^^^^^^^^ @ Rule 1, Line 1"
17.10,Proto-Indo-European to Proto-Indo-Iranian,"Proto-Indo-Iranian-h1,h3",,index_diachronica_original.html:6825,False,syntax_other,broken-syntax,,,"Syntax Error: The output of a deletion rule must only contain `*` or `∅` | {h,ɣʷ} > *[-place] | ^ @ Rule 1, Line 1"
17.10,Proto-Indo-European to Proto-Indo-Iranian,Proto-Indo-Iranian-*H,,index_diachronica_original.html:6826,False,syntax_other,broken-syntax,,,"Syntax Error: The input of an insertion rule must only contain `*` or `∅` | *[-place] > ∅ / P_ | ^ @ Rule 1, Line 1"
17.10,Proto-Indo-European to Proto-Indo-Iranian,Proto-Indo-Iranian-s,,index_diachronica_original.html:6828,False,expected_underscore,asca-unrepresentable,,,"Syntax Error: Expected '_', but received ',' | s > ʃ / :{u,i,l,r,C:[-front,+back,+hi,-lo],C:[+front,+hi,-lo]}: | ^ @ Rule 1, Line 1"
17.10,Proto-Indo-European to Proto-Indo-Iranian,Proto-Indo-Iranian-Bʱ1P2,,index_diachronica_original.html:6830,False,unknown_character,asca-unrepresentable,₁,,"Syntax Error: Unknown character '₁' | V:[+back]ʱ₁P=2 > B=1 V:[+back]ʱ₂ | ^ @ Rule 1, Line 1"
17.10,Proto-Indo-European to Proto-Indo-Iranian,Proto-Indo-Iranian-BʱBʱ,,index_diachronica_original.html:6831,False,prose_or_expected_arrow,asca-unrepresentable,,,"Syntax Error: Expected '>', '->' or '=>', but received 'ʱ' | V:[+back,+spread,+voice]V:[+back]ʱ > V:[+back]V:[+back,+spread,+voice] | ^ @ Rule 1, Line 1"
17.10,Proto-Indo-European to Proto-Indo-Iranian,Proto-Indo-Iranian-ttʃ-ddʒʱ,,index_diachronica_original.html:6833,False,syntax_other,broken-syntax,,,"Syntax Error: Expected '..', but received .'ʃ' | ttʃ ddʒʱ > t.ʃ d.ʒʱ | ^ @ Rule 1, Line 1"
17.10,Proto-Indo-European to Proto-Indo-Iranian,Proto-Indo-Iranian-k-ɡ-ɡʱ,,index_diachronica_original.html:6837,False,expected_underscore,asca-unrepresentable,,,"Syntax Error: Expected '_', but received ',' | k ɡ ɡʱ > c ɟ ɟʱ / _e,i,j | ^ @ Rule 1, Line 1"
17.10,Proto-Indo-European to Proto-Indo-Iranian,"Proto-Indo-Iranian-e,o,o2,N̊",,index_diachronica_original.html:6839,False,unknown_character,asca-unrepresentable,₂,,"Syntax Error: Unknown character '₂' | {e,o,o₂,N̊} > a | ^ @ Rule 1, Line 1"
17.10.1,Proto-Indo-Iranian to Proto-Indo-Aryan,Proto-Indo-Aryan-h2,,index_diachronica_original.html:6846,False,syntax_other,broken-syntax,,,"Syntax Error: The output of a deletion rule must only contain `*` or `∅` | x > *[-place] | ^ @ Rule 1, Line 1"
17.10.1,Proto-Indo-Iranian to Proto-Indo-Aryan,Proto-Indo-Aryan-R̊H,,index_diachronica_original.html:6848,False,unknown_character,asca-unrepresentable,̊,,"Syntax Error: Unknown character '̊' | R̊[-place] > {u,i}[+son,-syll] / _V | ^ @ Rule 1, Line 1"
17.10.1,Proto-Indo-Iranian to Proto-Indo-Aryan,Proto-Indo-Aryan-R̊H_2,,index_diachronica_original.html:6849,False,unknown_character,asca-unrepresentable,̊,,"Syntax Error: Unknown character '̊' | R̊[-place] > {u,i}:[+long][+son,-syll] / _C | ^ @ Rule 1, Line 1"
17.10.1,Proto-Indo-Iranian to Proto-Indo-Aryan,Proto-Indo-Aryan-t-dʱ-n,,index_diachronica_original.html:6852,False,unknown_character,asca-unrepresentable,̣,,"Syntax Error: Unknown character '̣' | t {d,dʱ} n > ʈ {ɖ,ɖʱ} ɳ / C̣_ // _r | ^ @ Rule 1, Line 1"
17.10.1,Proto-Indo-Iranian to Proto-Indo-Aryan,Proto-Indo-Aryan-s-t-dʱ-n,,index_diachronica_original.html:6853,False,unknown_character,asca-unrepresentable,̣,,"Syntax Error: Unknown character '̣' | s t {d,dʱ} n > ʂ ʈ {ɖ,ɖʱ} ɳ / _C̣ | ^ @ Rule 1, Line 1"
17.10.1.1,Proto-Indo-Aryan to Central Middle Indo-Aryan,Central-Middle-Indo-Aryan-C,,index_diachronica_original.html:6877,False,runtime_other,broken-syntax,,,"Runtime Error: An incomplete matrix cannot be inserted | C > C[+voice] / V_V | ^^^^^^^^ @ Rule 1, Line 1"
17.10.1.1,Proto-Indo-Aryan to Central Middle Indo-Aryan,Central-Middle-Indo-Aryan-Cn,,index_diachronica_original.html:6888,False,expected_number,asca-unrepresentable,,,"Syntax Error: Expected number, but received d | Cn > CC / V_V // C = dʒ | ^ @ Rule 1, Line 1"
17.10.1.2,Proto-Indo-Aryan to Eastern Middle Indo-Aryan,Eastern-Middle-Indo-Aryan-C,,index_diachronica_original.html:6898,False,runtime_other,broken-syntax,,,"Runtime Error: An incomplete matrix cannot be inserted | C > C[+voice] / V_V | ^^^^^^^^ @ Rule 1, Line 1"
17.10.1.2,Proto-Indo-Aryan to Eastern Middle Indo-Aryan,Eastern-Middle-Indo-Aryan-Cn,,index_diachronica_original.html:6911,False,expected_number,asca-unrepresentable,,,"Syntax Error: Expected number, but received d | Cn > CC / V_V // C = dʒ | ^ @ Rule 1, Line 1"
17.10.1.3,Proto-Indo-Aryan to Northwestern Middle Indo-Aryan,Northwestern-Middle-Indo-Aryan-C,,index_diachronica_original.html:6921,False,runtime_other,broken-syntax,,,"Runtime Error: An incomplete matrix cannot be inserted | C > C[+voice] / V_V | ^^^^^^^^ @ Rule 1, Line 1"
17.10.1.3,Proto-Indo-Aryan to Northwestern Middle Indo-Aryan,Northwestern-Middle-Indo-Aryan-Cn,,index_diachronica_original.html:6933,False,expected_number,asca-unrepresentable,,,"Syntax Error: Expected number, but received d | Cn > CC / V_V // C = dʒ | ^ @ Rule 1, Line 1"
17.10.1.4,Proto-Indo-Aryan to Western Middle Indo-Aryan,Western-Middle-Indo-Aryan-C,,index_diachronica_original.html:6943,False,runtime_other,broken-syntax,,,"Runtime Error: An incomplete matrix cannot be inserted | C > C[+voice] / V_V | ^^^^^^^^ @ Rule 1, Line 1"
17.10.1.4,Proto-Indo-Aryan to Western Middle Indo-Aryan,Western-Middle-Indo-Aryan-Cn,,index_diachronica_original.html:6954,False,expected_number,asca-unrepresentable,,,"Syntax Error: Expected number, but received d | Cn > CC / V_V // C = dʒ | ^ @ Rule 1, Line 1"
17.10.1.5,Proto-Indo-Aryan to Vedic Sanskrit,"Vedic-Sanskrit-s,ʂ",,index_diachronica_original.html:6960,False,stuff_after_word_bound,asca-unrepresentable,,,"Syntax Error: Cannot have segments after the end of a word | {s,ʂ} > h / _#C[- voice] | ^ @ Rule 1, Line 1"
17.10.1.5,Proto-Indo-Aryan to Vedic Sanskrit,"Vedic-Sanskrit-s,ʂ_2",,index_diachronica_original.html:6961,False,stuff_after_word_bound,asca-unrepresentable,,,"Syntax Error: Cannot have segments after the end of a word | {s,ʂ} > r / _#C[+ voice] | ^ @ Rule 1, Line 1"
17.10.1.5,Proto-Indo-Aryan to Vedic Sanskrit,Vedic-Sanskrit-sː-ʂː-ɕː,,index_diachronica_original.html:6965,False,syntax_other,broken-syntax,,,"Syntax Error: Expected '..', but received .'s' | s:[+long] ʂ:[+long] ɕ:[+long] > t.s t.ʂ t.C | ^ @ Rule 1, Line 1"
17.10.1.5,Proto-Indo-Aryan to Vedic Sanskrit,Vedic-Sanskrit-t.ʂ-t.ɕ,,index_diachronica_original.html:6966,False,syntax_other,broken-syntax,,,"Syntax Error: Expected '..', but received .'ʂ' | t.ʂ t.ɕ > kʂ cʰ:[+long] | ^ @ Rule 1, Line 1"
17.11,Proto-Indo-European to Proto-Slavic,Proto-Slavic-k-ɡ-x,,index_diachronica_original.html:6986,False,nested_brackets,asca-unrepresentable,,,"Syntax Error: Cannot have nested brackets of the same type | k ɡ x > tʃ ʒ ʃ / _{{e(i,e:[+long](i}),i,i:[+long]} | ^ @ Rule 1, Line 1"
17.11.1,Proto-Slavic to Polish,Polish-ɛl,,index_diachronica_original.html:7018,False,syntax_other,broken-syntax,,,"Syntax Error: Expected end of line, received ')'. Did you forget a '/' between the output and environment? | ɛl > lɔ / P:[-voice]_P:[-voice]) | ^ @ Rule 1, Line 1"
17.11.1,Proto-Slavic to Polish,Polish-C,,index_diachronica_original.html:7022,False,expected_underscore,asca-unrepresentable,,,"Syntax Error: Expected '_', but received '/' | C > C:[+cor,+dist] / _V:[+front] // /j ɕ ʑ | ^ @ Rule 1, Line 1"
17.11.1,Proto-Slavic to Polish,Polish-ɛ-ɛ̃-ɛː,,index_diachronica_original.html:7024,False,unknown_feature,asca-unrepresentable,palatalized,latrl,"Syntax Error: Unknown feature 'palatalized'. Did you mean latrl? | ɛ ɛ̃ ɛ:[+long] > ɔ ɔ̃ a / _C[-palatalized +cor,+anterior,+dist] | ^^^^^^^^^^^^^ @ Rule 1, Line 1"
17.11.1,Proto-Slavic to Polish,"Polish-—-ь,ъ",,index_diachronica_original.html:7027,False,syntax_other,broken-syntax,,,"Syntax Error: Cannot have segments before the beginning of a word | {ɪ,ɤ} > e / iambic counting from %# or a syllable not containing a yer | ^ @ Rule 1, Line 1"
17.11.1,Proto-Slavic to Polish,"Polish-—-ь,ъ_2",,index_diachronica_original.html:7028,False,syntax_other,broken-syntax,,,"Syntax Error: The output of a deletion rule must only contain `*` or `∅` | {ɪ,ɤ} > ∅] / even syllables counting iambic from %# or a syllable not containing a yer | ^ @ Rule 1, Line 1"
17.11.1,Proto-Slavic to Polish,Polish-ьl_2,,index_diachronica_original.html:7035,False,unknown_feature,asca-unrepresentable,palatalized,latrl,"Syntax Error: Unknown feature 'palatalized'. Did you mean latrl? | ɪl > ɛɫ / C:[+labial]_C[+cor,+anterior,+dist -palatalized] | ^^^^^^^^^^^^ @ Rule 1, Line 1"
17.11.1,Proto-Slavic to Polish,Polish-ь,,index_diachronica_original.html:7038,False,unknown_feature,asca-unrepresentable,palatalized,latrl,"Syntax Error: Unknown feature 'palatalized'. Did you mean latrl? | ɪ > a:[+long] / r_C[+cor,+anterior,+dist -palatalized] | ^^^^^^^^^^^^ @ Rule 1, Line 1"
17.11.1,Proto-Slavic to Polish,Polish-a-ɛ-i-ɔ-u-ɨ-ã,,index_diachronica_original.html:7041,False,syntax_other,broken-syntax,,,"Syntax Error: Feature 'lost' has no modifier | a ɛ i ɔ u ɨ ã > a:[+long] ɛ:[+long] i:[+long] ɔ:[+long] u:[+long] ɨ:[+long] ã:[+long] / _{C/%}[+voice][lost yer] | ^^^^ @ Rule 1, Line 1"
17.11.1,Proto-Slavic to Polish,Polish-jь,,index_diachronica_original.html:7047,False,expected_underscore,asca-unrepresentable,,,"Syntax Error: Expected '_', but received '' | jɪ > i / utterance-initially | ^ @ Rule 1, Line 1"
17.11.1,Proto-Slavic to Polish,Polish-ã,,index_diachronica_original.html:7063,False,expected_underscore,asca-unrepresentable,,,"Syntax Error: Expected '_', but received '' | ã > ɛ̃ / short only | ^ @ Rule 1, Line 1"
17.11.1,Proto-Slavic to Polish,Polish-Vː,,index_diachronica_original.html:7066,False,syntax_other,broken-syntax,,,"Syntax Error: Negation cannot be used in the output | V:[+long] > V in certain frequently-used words | ^ @ Rule 1, Line 1"
17.11.1,Proto-Slavic to Polish,Polish-r̝,,index_diachronica_original.html:7073,False,diacritic_prereq,asca-unrepresentable,,,"Syntax Error: Segment does not have prerequisite properties to have this diacritic. Must be [-sonorant] | r̝ > ʂ / C[-voice]_ | ^^ @ Rule 1, Line 1"
17.11.1,Proto-Slavic to Polish,Polish-r̝_2,,index_diachronica_original.html:7074,False,diacritic_prereq,asca-unrepresentable,,,"Syntax Error: Segment does not have prerequisite properties to have this diacritic. Must be [-sonorant] | r̝ > ʂ / _C[+voice] | ^^ @ Rule 1, Line 1"
17.11.1,Proto-Slavic to Polish,Polish-ŕ,,index_diachronica_original.html:7075,False,unknown_character,asca-unrepresentable,ŕ,,"Syntax Error: Unknown character 'ŕ' | ŕ > ʐ // _C[+voice] | ^ @ Rule 1, Line 1"
17.11.1,Proto-Slavic to Polish,Polish-Cʲ_2,,index_diachronica_original.html:7097,False,unknown_grouping,asca-unrepresentable,M,,"Syntax Error: Unknown grouping 'M'. Known groupings are (C)onsonant, (O)bstruent, (S)onorant, (P)losive, (F)ricative, (L)iquid, (N)asal, (G)lide, and (V)owel | C:[+cor,+dist] > C in select words due to prestige influence of Czech in the Middle O:[+delrel]ges | ^ @ Rule 1, Line 1"
17.11.1,Proto-Slavic to Polish,Polish-tɕts-ʑr̝,,index_diachronica_original.html:7110,False,diacritic_prereq,asca-unrepresentable,,,"Syntax Error: Segment does not have prerequisite properties to have this diacritic. Must be [-sonorant] | tɕts ʑr̝ > jts jr̝ | ^^ @ Rule 1, Line 1"
17.11.1,Proto-Slavic to Polish,Polish-ɕtɕ,,index_diachronica_original.html:7111,False,unknown_character,asca-unrepresentable,͜,,"Syntax Error: Unknown character '͜' | ɕtɕ > js / _{t͜s,s} | ^ @ Rule 1, Line 1"
17.11.1,Proto-Slavic to Polish,Polish-v-r̝,,index_diachronica_original.html:7116,False,diacritic_prereq,asca-unrepresentable,,,"Syntax Error: Segment does not have prerequisite properties to have this diacritic. Must be [-sonorant] | v r̝ > f r̥ / C[-voice]_ | ^^ @ Rule 1, Line 1"
17.11.1,Proto-Slavic to Polish,Polish-v-r̝_2,,index_diachronica_original.html:7117,False,diacritic_prereq,asca-unrepresentable,,,"Syntax Error: Segment does not have prerequisite properties to have this diacritic. Must be [-sonorant] | v r̝ > f r̥ / _{C[-voice],#} | ^^ @ Rule 1, Line 1"
17.11.1,Proto-Slavic to Polish,Polish-r̝̊-r̝,,index_diachronica_original.html:7118,False,unknown_character,asca-unrepresentable,̊,,"Syntax Error: Unknown character '̊' | r̝̊ r̝ > ʂ ʐ | ^ @ Rule 1, Line 1"
17.11.1,Proto-Slavic to Polish,Polish-r̝_3,,index_diachronica_original.html:7127,False,diacritic_prereq,asca-unrepresentable,,,"Syntax Error: Segment does not have prerequisite properties to have this diacritic. Must be [-sonorant] | r̝ > r / {ɕ,ʑ}_ | ^^ @ Rule 1, Line 1"
17.11.1,Proto-Slavic to Polish,Polish-ɕr̝-ʑr̝,,index_diachronica_original.html:7129,False,diacritic_prereq,asca-unrepresentable,,,"Syntax Error: Segment does not have prerequisite properties to have this diacritic. Must be [-sonorant] | ɕr̝ ʑr̝ > ʂr ʐr / , respectively | ^^ @ Rule 1, Line 1"
17.11.1,Proto-Slavic to Polish,Polish-ʈʂ,,index_diachronica_original.html:7131,False,diacritic_prereq,asca-unrepresentable,,,"Syntax Error: Segment does not have prerequisite properties to have this diacritic. Must be [-sonorant] | ʈʂ > t / _r̝ | ^^ @ Rule 1, Line 1"
17.11.1,Proto-Slavic to Polish,Polish-ɕ,,index_diachronica_original.html:7132,False,diacritic_prereq,asca-unrepresentable,,,"Syntax Error: Segment does not have prerequisite properties to have this diacritic. Must be [-sonorant] | ɕ > ∅ / tr̝_tɕ | ^^ @ Rule 1, Line 1"
17.11.1,Proto-Slavic to Polish,Polish-trk,,index_diachronica_original.html:7144,False,expected_underscore,asca-unrepresentable,,,"Syntax Error: Expected '_', but received '' | trk > kr / the name of the river | ^ @ Rule 1, Line 1"
17.11.1,Proto-Slavic to Polish,Polish-dz-ts,,index_diachronica_original.html:7152,False,unknown_character,asca-unrepresentable,͜,,"Syntax Error: Unknown character '͜' | dz ts > d͜z t͜s | ^ @ Rule 1, Line 1"
17.11.1,Proto-Slavic to Polish,Polish-C+sibilantP,,index_diachronica_original.html:7153,False,unknown_feature,asca-unrepresentable,alveolopalatal,consonantal,"Syntax Error: Unknown feature 'alveolopalatal'. Did you mean consonantal? | C[+strident]C:[+labial] > C[+alveolopalatal] / _C[+coronal] | ^^^^^^^^^^^^^^^ @ Rule 1, Line 1"
17.11.1,Proto-Slavic to Polish,Polish-rʲ,,index_diachronica_original.html:7166,False,unknown_character,asca-unrepresentable,͜,,"Syntax Error: Unknown character '͜' | rʲ > r / _{s,t͜s,l,w,n,ɲ} | ^ @ Rule 1, Line 1"
17.12,Proto-Indo-European to Proto-Italic,Proto-Italic-ǵʰ-gʷʰ,,index_diachronica_original.html:7193,False,diacritic_prereq,asca-unrepresentable,,,"Syntax Error: Segment does not have prerequisite properties to have this diacritic. Must be [-voice] | ɡʲʰ gʷʰ > ɡʰ xʷ | ^ ^ @ Rule 1, Line 1"
17.12,Proto-Indo-European to Proto-Italic,Proto-Italic-bʰ-dʰ-gʰ,,index_diachronica_original.html:7194,False,diacritic_prereq,asca-unrepresentable,,,"Syntax Error: Segment does not have prerequisite properties to have this diacritic. Must be [-voice] | bʰ dʰ gʰ > pʰ tʰ dʰ | ^^ @ Rule 1, Line 1"
17.12.1,Proto-Italic to Proto-Latino-Falsican,Proto-Latino-Falsican-ɡʰ,,index_diachronica_original.html:7204,False,diacritic_prereq,asca-unrepresentable,,,"Syntax Error: Segment does not have prerequisite properties to have this diacritic. Must be [-voice] | ɡʰ > f / #_ | ^^ @ Rule 1, Line 1"
17.12.1,Proto-Italic to Proto-Latino-Falsican,Proto-Latino-Falsican-ɡʰ_2,0,index_diachronica_original.html:7205,False,diacritic_prereq,asca-unrepresentable,,,"Syntax Error: Segment does not have prerequisite properties to have this diacritic. Must be [-voice] | ɡʰ > d | ^^ @ Rule 1, Line 1"
17.12.1,Proto-Italic to Proto-Latino-Falsican,Proto-Latino-Falsican-ɡʰ_2,1,index_diachronica_original.html:7205,False,diacritic_prereq,asca-unrepresentable,,,"Syntax Error: Segment does not have prerequisite properties to have this diacritic. Must be [-voice] | ɡʰ > h | ^^ @ Rule 1, Line 1"
17.12.1,Proto-Italic to Proto-Latino-Falsican,Proto-Latino-Falsican-ɡʰ_2,2,index_diachronica_original.html:7205,False,diacritic_prereq,asca-unrepresentable,,,"Syntax Error: Segment does not have prerequisite properties to have this diacritic. Must be [-voice] | ɡʰ > ɡ | ^^ @ Rule 1, Line 1"
17.12.1.1.1,Classical Latin vs. Vulgar Latin,"Classical-Latin-vs.-Vulgar-Latin-uː-ɔ,oː-eː-iː",,index_diachronica_original.html:7338,False,format_error,broken-syntax,,,format_error: no compile steps from stages
17.12.1.1.2,Latin to Catalan,Catalan-p-b-t-d-k-ɡ,,index_diachronica_original.html:7376,False,syntax_other,broken-syntax,,,"Syntax Error: Expected an IPA character, Primative or Matrix, but received '∅' | p b t d k ɡ > β {β,w} {j,w} ɣ {j,∅,ɡ} / V_rV | ^ @ Rule 1, Line 1"
17.12.1.1.2,Latin to Catalan,Catalan-b,,index_diachronica_original.html:7392,False,unknown_character,asca-unrepresentable,̈,,"Syntax Error: Unknown character '̈' | b > v / V̈$_j | ^ @ Rule 1, Line 1"
17.12.1.1.2,Latin to Catalan,Catalan-V_5,,index_diachronica_original.html:7398,False,syntax_other,broken-syntax,,,"Syntax Error: Expected an IPA character, Primative or Matrix, but received '' | V > ∅ / V:[+stress]$_(C)(C)V(C)# ( | ^ @ Rule 1, Line 1"
17.12.1.1.2,Latin to Catalan,Catalan-C,,index_diachronica_original.html:7439,False,unknown_character,asca-unrepresentable,₂,,"Syntax Error: Unknown character '₂' | C > ∅ / C=1 _C=2 // C₂ = L | ^ @ Rule 1, Line 1"
17.12.1.1.2,Latin to Catalan,Catalan-ɛj-ɔj,,index_diachronica_original.html:7447,False,expected_underscore,asca-unrepresentable,,,"Syntax Error: Expected '_', but received '//' | ɛj ɔj > jɛj uei / i {u,ui} // _[+stress] | ^^ @ Rule 1, Line 1"
17.12.1.1.2,Latin to Catalan,Catalan-ɛ,,index_diachronica_original.html:7448,False,syntax_other,broken-syntax,,,"Syntax Error: Cannot have multiple underlines in an environment | ɛ > e // _{r:[+long],l,rC[-labial],nr} or _ ? w# | ^ @ Rule 1, Line 1"
17.12.1.1.3,Latin to French,"French-—-m,n",,index_diachronica_original.html:7460,False,stuff_after_word_bound,asca-unrepresentable,,,"Syntax Error: Cannot have segments after the end of a word | {m,n} > ∅ / _# in polysyllables | ^ @ Rule 1, Line 1"
17.12.1.1.3,Latin to French,French-—-V_2,,index_diachronica_original.html:7465,False,syntax_other,broken-syntax,,,"Syntax Error: Expected end of line, received '*'. Did you forget a '/' between the output and environment? | V > V:[+stress] / _C*{i:[+stress],e:[+stress]}V | ^ @ Rule 1, Line 1"
17.12.1.1.3,Latin to French,French-è,,index_diachronica_original.html:7486,False,expected_underscore,asca-unrepresentable,,,"Syntax Error: Expected '_', but received '' | ɛ > iɛ / %[+lo] | ^ @ Rule 1, Line 1"
17.12.1.1.3,Latin to French,French-è_3,,index_diachronica_original.html:7488,False,expected_underscore,asca-unrepresentable,,,"Syntax Error: Expected '_', but received '' | ɛ > ɛ / %[+hi] | ^ @ Rule 1, Line 1"
17.12.1.1.3,Latin to French,French-ò,,index_diachronica_original.html:7489,False,expected_underscore,asca-unrepresentable,,,"Syntax Error: Expected '_', but received '//' | uo > uɛ / %[+lo] // _N | ^^ @ Rule 1, Line 2"
17.12.1.1.3,Latin to French,French-ò_2,,index_diachronica_original.html:7490,False,expected_underscore,asca-unrepresentable,,,"Syntax Error: Expected '_', but received '' | o > ɔ / %[+hi] | ^ @ Rule 1, Line 1"
17.12.1.1.3,Latin to French,French-j,,index_diachronica_original.html:7493,False,syntax_other,broken-syntax,,,"Syntax Error: Expected end of line, received ':'. Did you forget a '/' between the output and environment? | j > ∅ / V_V:[+front]:[+stress] | ^ @ Rule 1, Line 1"
17.12.1.1.3,Latin to French,French-V,,index_diachronica_original.html:7500,False,expected_underscore,asca-unrepresentable,,,"Syntax Error: Expected '_', but received '' | V > ∅ / the unstressed penult | ^ @ Rule 1, Line 1"
17.12.1.1.3,Latin to French,French-V_2,,index_diachronica_original.html:7501,False,expected_underscore,asca-unrepresentable,,,"Syntax Error: Expected '_', but received '//' | V > ∅ / intertonic // V = a | ^^ @ Rule 1, Line 1"
17.12.1.1.3,Latin to French,French-a,,index_diachronica_original.html:7502,False,expected_underscore,asca-unrepresentable,,,"Syntax Error: Expected '_', but received '' | a > ə / intertonic | ^ @ Rule 1, Line 1"
17.12.1.1.3,Latin to French,French-∅_3,,index_diachronica_original.html:7504,False,syntax_other,broken-syntax,,,"Syntax Error: Expected an IPA character, Primative or Matrix, but received '_' | ∅ > d / {n,l,ɲ,z_r | ^ @ Rule 1, Line 1"
17.12.1.1.3,Latin to French,French-C,,index_diachronica_original.html:7509,False,unknown_character,asca-unrepresentable,₂,,"Syntax Error: Unknown character '₂' | C > ∅ / C=1 _C=2 // C₂ = {r,l} | ^ @ Rule 1, Line 1"
17.12.1.1.3,Latin to French,French-t_3,,index_diachronica_original.html:7534,False,expected_underscore,asca-unrepresentable,,,"Syntax Error: Expected '_', but received ',' | t > ∅ / :{ʃ,s}: | ^ @ Rule 1, Line 1"
17.12.1.1.3,Latin to French,French-j_3,,index_diachronica_original.html:7539,False,syntax_other,broken-syntax,,,"Syntax Error: Expected an IPA character, Primative or Matrix, but received '_' | j > ∅ / s_ (s:[+long]_?) | ^ @ Rule 1, Line 1"
17.12.1.1.3,Latin to French,French-é,,index_diachronica_original.html:7545,False,expected_underscore,asca-unrepresentable,,,"Syntax Error: Expected '_', but received '' | e > ɛi / %[+lo] | ^ @ Rule 1, Line 1"
17.12.1.1.3,Latin to French,French-é_2,,index_diachronica_original.html:7546,False,expected_underscore,asca-unrepresentable,,,"Syntax Error: Expected '_', but received '' | e > ɛ / %[+hi] | ^ @ Rule 1, Line 1"
17.12.1.1.3,Latin to French,French-ó,,index_diachronica_original.html:7547,False,expected_underscore,asca-unrepresentable,,,"Syntax Error: Expected '_', but received '' | o > ou / %[+lo] | ^ @ Rule 1, Line 1"
17.12.1.1.3,Latin to French,French-ó_3,,index_diachronica_original.html:7549,False,expected_underscore,asca-unrepresentable,,,"Syntax Error: Expected '_', but received '' | o > ou / %[+hi] | ^ @ Rule 1, Line 1"
17.12.1.1.3,Latin to French,French-e,,index_diachronica_original.html:7550,False,syntax_other,broken-syntax,,,"Syntax Error: Expected end of line, received ':'. Did you forget a '/' between the output and environment? | e > ə / #(C,0)_($,0):[+stress] in %[+lo] | ^ @ Rule 1, Line 1"
17.12.1.1.3,Latin to French,French-e_2,,index_diachronica_original.html:7551,False,syntax_other,broken-syntax,,,"Syntax Error: Expected end of line, received ':'. Did you forget a '/' between the output and environment? | e > ɛ / #(C,0)_($,0):[+stress] in %[+hi] or _V | ^ @ Rule 1, Line 1"
17.12.1.1.3,Latin to French,French-a_2,,index_diachronica_original.html:7553,False,syntax_other,broken-syntax,,,"Syntax Error: Expected end of line, received ':'. Did you forget a '/' between the output and environment? | a > ə / #{tʃ,dʒ}_($,0):[+stress] in %[+lo] | ^ @ Rule 1, Line 1"
17.12.1.1.3,Latin to French,French-a_3,,index_diachronica_original.html:7554,False,expected_underscore,asca-unrepresentable,,,"Syntax Error: Expected '_', but received '' | a > ɛ / %[+lo] | ^ @ Rule 1, Line 1"
17.12.1.1.3,Latin to French,French-V_3,,index_diachronica_original.html:7559,False,expected_number,asca-unrepresentable,,,"Syntax Error: Expected number, but received a | V > ∅ / _# // V = a | ^ @ Rule 1, Line 1"
17.12.1.1.3,Latin to French,"French-ei,ɔi",,index_diachronica_original.html:7571,False,expected_underscore,asca-unrepresentable,,,"Syntax Error: Expected '_', but received '' | {ei,ɔi} > oi / C[-nas] | ^ @ Rule 1, Line 1"
17.12.1.1.4,Vulgar Latin to Italian,Italian-ɔ,,index_diachronica_original.html:7605,False,syntax_other,broken-syntax,,,"Syntax Error: Cannot have multiple underlines in an environment | ɔ > uo / _[+stress] // j_ or _{dʒ,L} | ^ @ Rule 1, Line 1"
17.12.1.1.4,Vulgar Latin to Italian,"Italian-skj,stj,sːj",,index_diachronica_original.html:7614,False,syntax_other,broken-syntax,,,"Syntax Error: Expected an IPA character, Primative or Matrix, but received '>' | {skj,stj,s:[+long]j > ʃ | ^ @ Rule 1, Line 1"
17.12.1.1.5,Latin to Portuguese,Portuguese-V,,index_diachronica_original.html:7625,False,syntax_other,broken-syntax,,,"Syntax Error: Cannot have segments before the beginning of a word | V > ∅ / V:[+stress]$L(C)(C)V(C)# | ^ @ Rule 1, Line 1"
17.12.1.1.5,Latin to Portuguese,Portuguese-N,,index_diachronica_original.html:7654,False,expected_number,asca-unrepresentable,,,"Syntax Error: Expected number, but received P | N > ∅ / V[+nas]_$C // C = P | ^ @ Rule 1, Line 1"
17.12.1.1.5,Latin to Portuguese,"Portuguese-e,i",,index_diachronica_original.html:7669,False,stuff_after_word_bound,asca-unrepresentable,,,"Syntax Error: Cannot have segments after the end of a word | {e,i} > ∅ / {l,m,r}_ when between #% and %[+stress] | ^ @ Rule 1, Line 1"
17.12.1.1.5,Latin to Portuguese,"Portuguese-e,i_2",,index_diachronica_original.html:7670,False,stuff_after_word_bound,asca-unrepresentable,,,"Syntax Error: Cannot have segments after the end of a word | {e,i} > ∅ / k_t when between #% and %[+stress] | ^ @ Rule 1, Line 1"
17.12.1.1.5,Latin to Portuguese,Portuguese-o_2,,index_diachronica_original.html:7671,False,unknown_feature,asca-unrepresentable,tonic,cons,"Syntax Error: Unknown feature 'tonic'. Did you mean cons? | o > ∅ / _{r,l} when between #% and %[+tonic] | ^^^^^^ @ Rule 1, Line 1"
17.12.1.1.5,Latin to Portuguese,Portuguese-C0C0,,index_diachronica_original.html:7715,False,expected_number,asca-unrepresentable,,,"Syntax Error: Expected number, but received r | C=0 0 > 0 // C = r | ^ @ Rule 1, Line 1"
17.12.1.1.5,Latin to Portuguese,Portuguese-C,,index_diachronica_original.html:7716,False,unknown_character,asca-unrepresentable,₂,,"Syntax Error: Unknown character '₂' | C > ∅ / C=1 _C=2 // C₂ = L | ^ @ Rule 1, Line 1"
17.12.1.1.5,Latin to Portuguese,Portuguese-k_6,,index_diachronica_original.html:7722,False,unknown_character,asca-unrepresentable,₂,,"Syntax Error: Unknown character '₂' | k > ɡ / V=1 _V=2 // V₂ = ɔ | ^ @ Rule 1, Line 1"
17.12.1.1.6,Vulgar Latin to Old Provençal,Old-Provençal-—-a_2,,index_diachronica_original.html:7748,False,stuff_after_word_bound,asca-unrepresentable,,,"Syntax Error: Cannot have segments after the end of a word | a > a / _# in monosyllables and oxytones | ^ @ Rule 1, Line 1"
17.12.1.1.6,Vulgar Latin to Old Provençal,Old-Provençal-—-a_3,,index_diachronica_original.html:7749,False,unknown_character,asca-unrepresentable,å,,"Syntax Error: Unknown character 'å' | a > å | ^ @ Rule 1, Line 1"
17.12.1.1.6,Vulgar Latin to Old Provençal,Old-Provençal-—-å-ɛ-ɔ,,index_diachronica_original.html:7750,False,unknown_character,asca-unrepresentable,å,,"Syntax Error: Unknown character 'å' | å ɛ ɔ > a e o / _N | ^ @ Rule 1, Line 1"
17.12.1.1.6,Vulgar Latin to Old Provençal,Old-Provençal-—-e_2,,index_diachronica_original.html:7753,False,syntax_other,broken-syntax,,,"Syntax Error: Expected an IPA character, Primative or Matrix, but received '(' | e > i / _(C,0)i{C(C,0)V,#} | ^ @ Rule 1, Line 1"
17.12.1.1.6,Vulgar Latin to Old Provençal,Old-Provençal-—-V_4,,index_diachronica_original.html:7776,False,expected_underscore,asca-unrepresentable,,,"Syntax Error: Expected '_', but received ',' | V > ∅ / , though /a/ often remainedprobably /ə/ | ^ @ Rule 1, Line 1"
17.12.1.1.6,Vulgar Latin to Old Provençal,Old-Provençal-—-a_4,,index_diachronica_original.html:7786,False,expected_underscore,asca-unrepresentable,,,"Syntax Error: Expected '_', but received '' | a > o in most dialects // Gascon and Languedoc | ^ @ Rule 1, Line 1"
17.12.1.1.6,Vulgar Latin to Old Provençal,Old-Provençal-—-V_7,,index_diachronica_original.html:7792,False,syntax_other,broken-syntax,,,"Syntax Error: Expected '[', but received 'End Of Line' | V > if dropping it would create ugly consonant clusters: | ^ @ Rule 1, Line 1"
17.12.1.1.6,Vulgar Latin to Old Provençal,Old-Provençal-j,,index_diachronica_original.html:7807,False,syntax_other,broken-syntax,,,"Syntax Error: Expected end of line, received ':'. Did you forget a '/' between the output and environment? | j > ∅ / V_V:[+front]:[+stress] | ^ @ Rule 1, Line 1"
17.12.1.1.6,Vulgar Latin to Old Provençal,Old-Provençal-ts,,index_diachronica_original.html:7825,False,syntax_other,broken-syntax,,,"Syntax Error: Expected an IPA character, Primative or Matrix, but received '/' | Original z (/ts/?) > dj | ^ @ Rule 1, Line 1"
17.12.1.1.6,Vulgar Latin to Old Provençal,Old-Provençal-β_3,,index_diachronica_original.html:7834,False,syntax_other,broken-syntax,,,"Syntax Error: Expected end of line, received ')'. Did you forget a '/' between the output and environment? | v > ɡw instead if analogy interfered) | ^ @ Rule 1, Line 2"
17.12.1.1.6,Vulgar Latin to Old Provençal,Old-Provençal-n_3,,index_diachronica_original.html:7848,False,stuff_after_word_bound,asca-unrepresentable,,,"Syntax Error: Cannot have segments after the end of a word | n > ∅ / r_(s)#? | ^ @ Rule 1, Line 1"
17.12.1.1.6,Vulgar Latin to Old Provençal,Old-Provençal-ɡ_3,0,index_diachronica_original.html:7855,False,syntax_other,broken-syntax,,,"Syntax Error: Expected an IPA character, Primative or Matrix, but received '/' | ɡ > k / V_ (if /j/ resulted, it dropped after /i/ | ^ @ Rule 1, Line 1"
17.12.1.1.6,Vulgar Latin to Old Provençal,Old-Provençal-ɡ_3,1,index_diachronica_original.html:7855,False,syntax_other,broken-syntax,,,"Syntax Error: Expected an IPA character, Primative or Matrix, but received '/' | ɡ > j / V_ (if /j/ resulted, it dropped after /i/ | ^ @ Rule 1, Line 1"
17.12.1.1.6,Vulgar Latin to Old Provençal,Old-Provençal-β_6,,index_diachronica_original.html:7860,False,expected_underscore,asca-unrepresentable,,,"Syntax Error: Expected '_', but received '' | β > ∅ / when pretonic and immediately adjacent to a back vowel | ^ @ Rule 1, Line 1"
17.12.1.1.6,Vulgar Latin to Old Provençal,Old-Provençal-ð_5,,index_diachronica_original.html:7869,False,syntax_other,broken-syntax,,,"Syntax Error: The output of a deletion rule must only contain `*` or `∅` | z > ∅) | ^ @ Rule 1, Line 2"
17.12.1.1.6,Vulgar Latin to Old Provençal,Old-Provençal-ɡ_4,,index_diachronica_original.html:7870,False,syntax_other,broken-syntax,,,"Syntax Error: Expected an IPA character, Primative or Matrix, but received '' | ɡ > j / _a (in the north and east | ^ @ Rule 1, Line 1"
17.12.1.1.6,Vulgar Latin to Old Provençal,Old-Provençal-ɡ_5,,index_diachronica_original.html:7871,False,syntax_other,broken-syntax,,,"Syntax Error: Expected an IPA character, Primative or Matrix, but received '/' | ɡ > ɡ / _{o,u/y} | ^ @ Rule 1, Line 1"
17.12.1.1.6,Vulgar Latin to Old Provençal,Old-Provençal-j_4,,index_diachronica_original.html:7876,False,syntax_other,broken-syntax,,,"Syntax Error: Expected end of line, received ':'. Did you forget a '/' between the output and environment? | j > dʒ / _V:[+front]:[+stress] | ^ @ Rule 1, Line 1"
17.12.1.1.6,Vulgar Latin to Old Provençal,Old-Provençal-j_5,,index_diachronica_original.html:7877,False,syntax_other,broken-syntax,,,"Syntax Error: Expected end of line, received ':'. Did you forget a '/' between the output and environment? | j > ∅ / _V:[+front]:[+stress] | ^ @ Rule 1, Line 1"
17.12.1.1.6,Vulgar Latin to Old Provençal,Old-Provençal-rtʃj,,index_diachronica_original.html:7916,False,syntax_other,broken-syntax,,,"Syntax Error: Expected end of line, received ')'. Did you forget a '/' between the output and environment? | rts > rs ?) | ^ @ Rule 1, Line 2"
17.12.1.1.6,Vulgar Latin to Old Provençal,"Old-Provençal-sːj,stʃj,stj",,index_diachronica_original.html:7926,False,nested_brackets,asca-unrepresentable,,,"Syntax Error: Cannot have nested brackets of the same type | ʃ > is (except in the west or extreme east, where the outcome was some flavor of (i)(t)ʃ) | ^ @ Rule 1, Line 2"
17.12.1.1.6,Vulgar Latin to Old Provençal,Old-Provençal-sj,,index_diachronica_original.html:7927,False,syntax_other,broken-syntax,,,"Syntax Error: Expected an IPA character, Primative or Matrix, but received '(' | ʒ > {i(d)ʒ,(d)ʒ} | ^ @ Rule 1, Line 2"
17.12.1.1.6,Vulgar Latin to Old Provençal,Old-Provençal-tj,,index_diachronica_original.html:7932,False,unknown_character,asca-unrepresentable,—,,"Syntax Error: Unknown character '—' | djʒ > dz or idz —medial {idz,dz} became {iz,z} | ^ @ Rule 1, Line 4"
17.12.1.1.6,Vulgar Latin to Old Provençal,Old-Provençal-ndt-ndtʃ-ntʃ-nkt-nf,,index_diachronica_original.html:7936,False,prose_or_expected_arrow,asca-unrepresentable,,,"Syntax Error: Expected '>', '->' or '=>', but received ')' | nz),ndʒ} n(t)s {ɲ,int,nt,ntʃ} {nf,f:[+long] > f)} | ^ @ Rule 1, Line 3"
17.12.1.1.6,Vulgar Latin to Old Provençal,Old-Provençal-stʃ_2,,index_diachronica_original.html:7945,False,syntax_other,broken-syntax,,,"Syntax Error: Expected an IPA character, Primative or Matrix, but received '(' | stʃ > {i(t)ʃ,(t)ʃ} | ^ @ Rule 1, Line 1"
17.12.1.1.6,Vulgar Latin to Old Provençal,Old-Provençal-t_3,,index_diachronica_original.html:7984,False,expected_underscore,asca-unrepresentable,,,"Syntax Error: Expected '_', but received ',' | t > ∅ / _# // , though it tended to drop | ^ @ Rule 1, Line 1"
17.12.1.1.8,Latin to Romanian,"Romanian-m,n,s",,index_diachronica_original.html:8009,False,stuff_after_word_bound,asca-unrepresentable,,,"Syntax Error: Cannot have segments after the end of a word | {m,n,s} > ∅ / _# in polysyllables | ^ @ Rule 1, Line 1"
17.12.1.1.8,Latin to Romanian,Romanian-kj-ɡj,,index_diachronica_original.html:8057,False,syntax_other,broken-syntax,,,"Syntax Error: Expected an IPA character, Primative or Matrix, but received '∅' | kj ɡj > tʃ {j,∅} (ɡj | ^ @ Rule 1, Line 1"
17.12.1.1.8,Latin to Romanian,Romanian-dj,,index_diachronica_original.html:8062,False,syntax_other,broken-syntax,,,"Syntax Error: Expected end of line, received ':'. Did you forget a '/' between the output and environment? | dj > ʒ / _V:[+back]:[+stress] | ^ @ Rule 1, Line 1"
17.12.1.1.8,Latin to Romanian,Romanian-e_2,,index_diachronica_original.html:8071,False,expected_number,asca-unrepresentable,,,"Syntax Error: Expected number, but received i | e > ə / %:[+stress]…C:[+labial]_(C,0)V# // V = i | ^ @ Rule 1, Line 1"
17.12.1.1.8,Latin to Romanian,Romanian-e_6,,index_diachronica_original.html:8079,False,expected_underscore,asca-unrepresentable,,,"Syntax Error: Expected '_', but received ':' | e > ə / C:[+labial]:[+stress]_(C,0)V:[+back] | ^ @ Rule 1, Line 1"
17.12.1.1.8,Latin to Romanian,Romanian-a_4,,index_diachronica_original.html:8083,False,syntax_other,broken-syntax,,,"Syntax Error: Expected end of line, received '#'. Did you forget a '/' between the output and environment? | a > ə #C(C,0)_…%:[+stress] | ^ @ Rule 1, Line 1"
17.12.1.1.9,Latin to Sardinian,Sardinian-r_2,,index_diachronica_original.html:8123,False,expected_underscore,asca-unrepresentable,,,"Syntax Error: Expected '_', but received '' | r > ur:[+long] / #_e // Logudorese | ^ @ Rule 1, Line 1"
17.12.1.1.9,Latin to Sardinian,Sardinian-r_3,,index_diachronica_original.html:8124,False,expected_underscore,asca-unrepresentable,,,"Syntax Error: Expected '_', but received '' | r > ar:[+long] / #_(j)V:[+back] // Logudorese | ^ @ Rule 1, Line 1"
17.12.1.1.10,Vulgar Latin to Spanish,Spanish-—-e,,index_diachronica_original.html:8144,False,expected_number,asca-unrepresentable,,,"Syntax Error: Expected number, but received p | e > i / _Cj // C = p | ^ @ Rule 1, Line 1"
17.12.1.1.10,Vulgar Latin to Spanish,Spanish-”je.o-”je.a,,index_diachronica_original.html:8149,False,syntax_other,broken-syntax,,,"Syntax Error: Expected '..', but received .'o' | je:[+stress].o je:[+stress].a > {i:[+stress].o,j:[+stress]o} i:[+stress].a | ^ @ Rule 1, Line 1"
17.12.1.1.10,Vulgar Latin to Spanish,Spanish-V_5,,index_diachronica_original.html:8163,False,expected_number,asca-unrepresentable,,,"Syntax Error: Expected number, but received a | V > ∅ / _[-stress] // V = a | ^ @ Rule 1, Line 1"
17.12.1.1.10,Vulgar Latin to Spanish,"Spanish-/b/-b,",,index_diachronica_original.html:8192,False,syntax_other,broken-syntax,,,"Syntax Error: Feature 'b' has no modifier | /b/ [b], /β/ {[b,β]} > /b/ {[b,β]} | ^ @ Rule 1, Line 1"
17.12.1.1.10,Vulgar Latin to Spanish,Spanish-h,,index_diachronica_original.html:8199,False,syntax_other,broken-syntax,,,"Syntax Error: Expected end of line, received ')'. Did you forget a '/' between the output and environment? | ∅ > h change above) | ^ @ Rule 1, Line 2"
17.12.1.1.10,Vulgar Latin to Spanish,Spanish-/dɾ/-ðɾ,,index_diachronica_original.html:8201,False,unknown_character,asca-unrepresentable,ð,,"Syntax Error: Unknown character 'ð' | /dɾ/ [ðɾ] > ɾ / V_V | ^ @ Rule 1, Line 1"
17.12.1.1.10,Vulgar Latin to Spanish,Spanish-ʎ_2,,index_diachronica_original.html:8202,False,syntax_other,broken-syntax,,,"Syntax Error: Output cannot be empty. Use `*` or '∅' to indicate deletion | ʎ > /ʝ/ | ^ @ Rule 1, Line 1"
17.12.1.1.10,Vulgar Latin to Spanish,Spanish-/ʝ/-ʝ~dʒ,0,index_diachronica_original.html:8204,False,unknown_character,asca-unrepresentable,ʝ,,"Syntax Error: Unknown character 'ʝ' | /ʝ/ {[ʝ,dʒ]} > [ʒ | ^ @ Rule 1, Line 1"
17.12.1.1.10,Vulgar Latin to Spanish,Spanish-/ʝ/-ʝ~dʒ,1,index_diachronica_original.html:8204,False,unknown_character,asca-unrepresentable,ʝ,,"Syntax Error: Unknown character 'ʝ' | /ʝ/ {[ʝ,dʒ]} > dʒ] | ^ @ Rule 1, Line 1"
17.12.1.1.10,Vulgar Latin to Spanish,"Spanish-s̪,s",,index_diachronica_original.html:8206,False,syntax_other,broken-syntax,,,"Syntax Error: Feature 's' has no modifier | {s̪,s} > /s/ [s̪] | ^ @ Rule 1, Line 1"
17.12.1.1.10,Vulgar Latin to Spanish,"Spanish-s̪,s_4",,index_diachronica_original.html:8210,False,syntax_other,broken-syntax,,,"Syntax Error: Expected ASCII character, but received ']' | {s̪,s} > θ [θ] | ^ @ Rule 1, Line 1"
17.13,Proto-Indo-European to Proto-Tocharian,Proto-Tocharian-Kʷ,,index_diachronica_original.html:8254,False,expected_number,asca-unrepresentable,,,"Syntax Error: Expected number, but received s | C:[-front,+back,+hi,-lo,+round] > C:[-front,+back,+hi,-lo] / _{C,o,a} // C = syllabic | ^ @ Rule 1, Line 1"
17.13,Proto-Indo-European to Proto-Tocharian,"Proto-Tocharian-p-ts,kʷ-m-n-l-r-y",,index_diachronica_original.html:8257,False,syntax_other,broken-syntax,,,"Syntax Error: Expected '[', but received ':' | p {ts,k,kʷ} m n l r y > pj sʲ ʂ mj ɲ lj rj wj / _{V:[+front],V::[+front],y} | ^ @ Rule 1, Line 1"
17.13,Proto-Indo-European to Proto-Tocharian,Proto-Tocharian-Dʱ,,index_diachronica_original.html:8260,False,syntax_other,broken-syntax,,,"Syntax Error: Expected an IPA character, Primative or Matrix, but received 'ʱ' | {P:[+voice],Pʱ:[+voice]} > P:[-voice] | ^ @ Rule 1, Line 1"
17.13,Proto-Indo-European to Proto-Tocharian,Proto-Tocharian-H,,index_diachronica_original.html:8264,False,expected_number,asca-unrepresentable,,,"Syntax Error: Expected number, but received s | [-place] > ɛ / _[+son,-syll], when [+son,-syll] = syllabic | ^ @ Rule 1, Line 1"
17.13,Proto-Indo-European to Proto-Tocharian,"Proto-Tocharian-oːs,y-oːn",,index_diachronica_original.html:8271,False,syntax_other,broken-syntax,,,"Syntax Error: Expected ':', but received 'y' | o:[+long](s,y) o:[+long]n > u {u,õ} | ^ @ Rule 1, Line 1"
17.13.1,Proto-Tocharian to Tocharian A,Tocharian-A-Cʲj,,index_diachronica_original.html:8295,False,syntax_other,broken-syntax,,,"Syntax Error: Expected end of line, received 'ʲ'. Did you forget a '/' between the output and environment? | C:[+cor,+dist]j > Cʲ:[+long] | ^ @ Rule 1, Line 1"
17.13.1,Proto-Tocharian to Tocharian A,Tocharian-A-V,,index_diachronica_original.html:8297,False,expected_number,asca-unrepresentable,,,"Syntax Error: Expected number, but received V | V > j / V_nʲtʲ // V = V:[+front] | ^ @ Rule 1, Line 1"
18.1.1,Pre-Bakairi to Eastern Bakairi,Eastern-Bakairi-ʔ,,index_diachronica_original.html:8333,False,unknown_feature,asca-unrepresentable,fricative,rhotic,"Syntax Error: Unknown feature 'fricative'. Did you mean rhotic? | ʔ > ∅ / _C[+ fricative -voice] | ^^^^^^^^^^^^ @ Rule 1, Line 1"
18.1.1,Pre-Bakairi to Eastern Bakairi,Eastern-Bakairi-ɾ,,index_diachronica_original.html:8334,False,expected_underscore,asca-unrepresentable,,,"Syntax Error: Expected '_', but received '' | ɾ > ∅ / V_V, when neither vowel is stressed | ^ @ Rule 1, Line 1"
18.1.2,Pre-Bakairi to Western Bakairi,Western-Bakairi-C+-fricative-voiced,,index_diachronica_original.html:8342,False,unknown_feature,asca-unrepresentable,fricative,rhotic,"Syntax Error: Unknown feature 'fricative'. Did you mean rhotic? | C[+ fricative -voice] > ∅ / ʔ_ | ^^^^^^^^^^^^ @ Rule 1, Line 1"
18.1.2,Pre-Bakairi to Western Bakairi,Western-Bakairi-ɾ,,index_diachronica_original.html:8346,False,expected_underscore,asca-unrepresentable,,,"Syntax Error: Expected '_', but received '' | ɾ > ∅ / V_V, where at least one of the vowels is nasalized | ^ @ Rule 1, Line 1"
18.3.1,Proto-Tuparí to Makuráp,"Makuráp-a/e-e/a-ı̃,ẽ",,index_diachronica_original.html:8417,False,syntax_other,broken-syntax,,,"Syntax Error: Expected an IPA character, Primative or Matrix, but received '/' | {a/e} {e/a} {j̃,ẽ} > e a ẽ | ^ @ Rule 1, Line 1"
18.3.2,Proto-Tuparí to Mekens,Mekens-k,,index_diachronica_original.html:8424,False,expected_underscore,asca-unrepresentable,,,"Syntax Error: Expected '_', but received '' | k > ɡ / %[+stress] | ^ @ Rule 1, Line 1"
18.3.2,Proto-Tuparí to Mekens,"Mekens-a/e,e/a-ı̃,ẽ",,index_diachronica_original.html:8439,False,syntax_other,broken-syntax,,,"Syntax Error: Expected an IPA character, Primative or Matrix, but received '/' | {a/e,e/a} {j̃,ẽ} > a ẽ | ^ @ Rule 1, Line 1"
18.3.3,Proto-Tuparí to Tuparí,Tuparí_2-a/e,,index_diachronica_original.html:8457,False,syntax_other,broken-syntax,,,"Syntax Error: Expected an IPA character, Primative or Matrix, but received '/' | {a/e} > e | ^ @ Rule 1, Line 1"
18.3.4,Proto-Tuparí to Wayoró,Wayoró-k,,index_diachronica_original.html:8465,False,expected_underscore,asca-unrepresentable,,,"Syntax Error: Expected '_', but received '' | k > ɡ / %[+stress] | ^ @ Rule 1, Line 1"
18.3.4,Proto-Tuparí to Wayoró,"Wayoró-a/e-e/a-ı̃,ẽ",,index_diachronica_original.html:8476,False,syntax_other,broken-syntax,,,"Syntax Error: Expected an IPA character, Primative or Matrix, but received '/' | {a/e} {e/a} {j̃,ẽ} > a e j̃ | ^ @ Rule 1, Line 1"
18.4.1,Proto-Tupí-Guaraní to Akwára,Akwára-k-b-r,,index_diachronica_original.html:8486,False,syntax_other,broken-syntax,,,"Syntax Error: Expected an IPA character, Primative or Matrix, but received '∅' | k b r > {ŋ,∅} {w,m} {n,r,t} / _# | ^ @ Rule 1, Line 1"
18.4.3,Proto-Tupí-Guaraní to Guajajara,Guajajara-a_2,,index_diachronica_original.html:8527,False,syntax_other,broken-syntax,,,"Syntax Error: Cannot have segments before the beginning of a word | a > ə / if N in %# | ^ @ Rule 1, Line 1"
18.4.8,Proto-Tupí-Guaraní to Sirionó,Sirionó-aN-eN-iN-ɨN-uN,,index_diachronica_original.html:8596,False,unknown_character,asca-unrepresentable,ĩ,,"Syntax Error: Unknown character 'ĩ' | aN eN iN ɨN uN > ã ẽ j̃ {ɨ̃,ĩ} õ / _# | ^ @ Rule 1, Line 1"
20.1.1,Proto-Khoe to Ç̬Ana,Ç̬Ana-ǀ̃n,,index_diachronica_original.html:8726,False,syntax_other,broken-syntax,,,"Syntax Error: Could not get value of IPA 'ǀ'. | ǀ̃ > ǂ̃n | ^ @ Rule 1, Line 1"
20.1.1,Proto-Khoe to Ç̬Ana,Ç̬Ana-!,0,index_diachronica_original.html:8727,False,syntax_other,broken-syntax,,,"Syntax Error: Could not get value of IPA 'ǃ'. | ! > ! | ^ @ Rule 1, Line 1"
20.1.1,Proto-Khoe to Ç̬Ana,Ç̬Ana-!,1,index_diachronica_original.html:8727,False,syntax_other,broken-syntax,,,"Syntax Error: Could not get value of IPA 'ǃ'. | ! > k | ^ @ Rule 1, Line 1"
20.1.1,Proto-Khoe to Ç̬Ana,Ç̬Ana-!x,,index_diachronica_original.html:8728,False,syntax_other,broken-syntax,,,"Syntax Error: Could not get value of IPA 'ǃ'. | !x > x | ^ @ Rule 1, Line 1"
20.1.1,Proto-Khoe to Ç̬Ana,Ç̬Ana-!̬,,index_diachronica_original.html:8729,False,syntax_other,broken-syntax,,,"Syntax Error: Could not get value of IPA 'ǃ'. | !̬ > ɡ | ^ @ Rule 1, Line 1"
20.1.1,Proto-Khoe to Ç̬Ana,Ç̬Ana-!̃n,,index_diachronica_original.html:8730,False,syntax_other,broken-syntax,,,"Syntax Error: Could not get value of IPA 'ǃ'. | !̃ > ŋ | ^ @ Rule 1, Line 1"
20.1.2,Proto-Khoe to ÇAni,ÇAni-ǀ̃n,,index_diachronica_original.html:8737,False,syntax_other,broken-syntax,,,"Syntax Error: Could not get value of IPA 'ǀ'. | ǀ̃ > ǂ̃n | ^ @ Rule 1, Line 1"
20.1.2,Proto-Khoe to ÇAni,ÇAni-!-!̬-!̃,,index_diachronica_original.html:8738,False,syntax_other,broken-syntax,,,"Syntax Error: Could not get value of IPA 'ǃ'. | ! !̬ !̃ > {!,k} {!̬,ɡ} {!̃(n),ŋɡ} | ^ @ Rule 1, Line 1"
20.1.2,Proto-Khoe to ÇAni,ÇAni-!x,0,index_diachronica_original.html:8739,False,syntax_other,broken-syntax,,,"Syntax Error: Could not get value of IPA 'ǃ'. | !x > !x | ^ @ Rule 1, Line 1"
20.1.2,Proto-Khoe to ÇAni,ÇAni-!x,1,index_diachronica_original.html:8739,False,syntax_other,broken-syntax,,,"Syntax Error: Could not get value of IPA 'ǃ'. | !x > x | ^ @ Rule 1, Line 1"
20.1.3,Proto-Khoe to Buga,Buga-ǀ̃n,,index_diachronica_original.html:8747,False,syntax_other,broken-syntax,,,"Syntax Error: Could not get value of IPA 'ǀ'. | ǀ̃ > ǂ̃ | ^ @ Rule 1, Line 1"
20.1.3,Proto-Khoe to Buga,Buga-!-!ˀ-!̬-!̃,,index_diachronica_original.html:8748,False,syntax_other,broken-syntax,,,"Syntax Error: Could not get value of IPA 'ǃ'. | ! !ˀ !̬ !̃ > k ɡ ŋɡ | ^ @ Rule 1, Line 1"
20.1.3,Proto-Khoe to Buga,Buga-!x,,index_diachronica_original.html:8749,False,syntax_other,broken-syntax,,,"Syntax Error: Could not get value of IPA 'ǃ'. | !x > x | ^ @ Rule 1, Line 1"
20.1.3,Proto-Khoe to Buga,Buga-!̃n,0,index_diachronica_original.html:8750,False,syntax_other,broken-syntax,,,"Syntax Error: Could not get value of IPA 'ǃ'. | !̃n > ŋɡj | ^ @ Rule 1, Line 1"
20.1.3,Proto-Khoe to Buga,Buga-!̃n,1,index_diachronica_original.html:8750,False,syntax_other,broken-syntax,,,"Syntax Error: Could not get value of IPA 'ǃ'. | !̃n > !̃ | ^ @ Rule 1, Line 1"
20.1.4,Proto-Khoe to Kxoe,Kxoe-!̃n,,index_diachronica_original.html:8757,False,syntax_other,broken-syntax,,,"Syntax Error: Could not get value of IPA 'ǃ'. | !̃ > ǂ̃ | ^ @ Rule 1, Line 1"
20.1.4,Proto-Khoe to Kxoe,Kxoe-!-!ˀ-!-!̃,,index_diachronica_original.html:8758,False,syntax_other,broken-syntax,,,"Syntax Error: Could not get value of IPA 'ǃ'. | ! !ˀ ! !̃ > k ɡ ŋɡ | ^ @ Rule 1, Line 1"
20.1.4,Proto-Khoe to Kxoe,Kxoe-!x-!̃n,,index_diachronica_original.html:8759,False,syntax_other,broken-syntax,,,"Syntax Error: Could not get value of IPA 'ǃ'. | !x !̃n > x {ŋɡj,!̃} | ^ @ Rule 1, Line 1"
20.1.5,Proto-Khoe to Nama,"Nama-ǀˀ,ǀxʼ",,index_diachronica_original.html:8768,False,syntax_other,broken-syntax,,,"Syntax Error: Could not get value of IPA 'ǀ'. | {ǀˀ,ǀx:[+cg]} > ǀ | ^ @ Rule 1, Line 1"
20.1.5,Proto-Khoe to Nama,Nama-ǀ̃n,0,index_diachronica_original.html:8769,False,syntax_other,broken-syntax,,,"Syntax Error: Could not get value of IPA 'ǀ'. | ǀ̃ > ǂ̃ | ^ @ Rule 1, Line 1"
20.1.5,Proto-Khoe to Nama,Nama-ǀ̃n,1,index_diachronica_original.html:8769,False,syntax_other,broken-syntax,,,"Syntax Error: Could not get value of IPA 'ǀ'. | ǀ̃ > ǂ | ^ @ Rule 1, Line 1"
20.1.5,Proto-Khoe to Nama,Nama-!-!ˀ-!̃n,0,index_diachronica_original.html:8770,False,syntax_other,broken-syntax,,,"Syntax Error: Could not get value of IPA 'ǃ'. | ! !ˀ !̃n > !ɡ | ^ @ Rule 1, Line 1"
20.1.5,Proto-Khoe to Nama,Nama-!-!ˀ-!̃n,1,index_diachronica_original.html:8770,False,syntax_other,broken-syntax,,,"Syntax Error: Could not get value of IPA 'ǃ'. | ! !ˀ !̃n > !̃ | ^ @ Rule 1, Line 1"
20.1.5,Proto-Khoe to Nama,"Nama-ǂ-ǂ̃n,ǂˀ,ǂxʼ",,index_diachronica_original.html:8771,False,syntax_other,broken-syntax,,,"Syntax Error: Could not get value of IPA 'ǂ'. | ǂ {ǂ̃n,ǂˀ,ǂx:[+cg]} > ǂɡ ǂ | ^ @ Rule 1, Line 1"
20.1.5,Proto-Khoe to Nama,"Nama-ǁˀ,ǁxʼ",,index_diachronica_original.html:8772,False,syntax_other,broken-syntax,,,"Syntax Error: Could not get value of IPA 'ǁ'. | {ǁˀ,ǁx:[+cg]} > ǁ | ^ @ Rule 1, Line 1"
20.1.6,Proto-Khoe to Naro,Naro-ǀ̃n,,index_diachronica_original.html:8778,False,syntax_other,broken-syntax,,,"Syntax Error: Could not get value of IPA 'ǀ'. | ǀ̃ > ǂ̃ | ^ @ Rule 1, Line 1"
20.1.7,Proto-Khoe to !Ora,!Ora-ǀ̃n,,index_diachronica_original.html:8785,False,syntax_other,broken-syntax,,,"Syntax Error: Could not get value of IPA 'ǀ'. | ǀ̃ > ǂ̃ | ^ @ Rule 1, Line 1"
20.1.7,Proto-Khoe to !Ora,!Ora-!-!̃n,,index_diachronica_original.html:8786,False,syntax_other,broken-syntax,,,"Syntax Error: Could not get value of IPA 'ǃ'. | ! !̃n > ! !̃ | ^ @ Rule 1, Line 1"
20.1.7,Proto-Khoe to !Ora,!Ora-ǂ̃n,,index_diachronica_original.html:8787,False,syntax_other,broken-syntax,,,"Syntax Error: Could not get value of IPA 'ǂ'. | ǂ̃n > ǂ | ^ @ Rule 1, Line 1"
20.1.7,Proto-Khoe to !Ora,!Ora-ǁˀ,0,index_diachronica_original.html:8788,False,syntax_other,broken-syntax,,,"Syntax Error: Could not get value of IPA 'ǁ'. | ǁˀ > ǁˀ | ^ @ Rule 1, Line 1"
20.1.7,Proto-Khoe to !Ora,!Ora-ǁˀ,1,index_diachronica_original.html:8788,False,syntax_other,broken-syntax,,,"Syntax Error: Could not get value of IPA 'ǁ'. | ǁˀ > ǁ | ^ @ Rule 1, Line 1"
20.1.8,Proto-Khoe to Teti,Teti-ǀ̃n,,index_diachronica_original.html:8794,False,syntax_other,broken-syntax,,,"Syntax Error: Could not get value of IPA 'ǀ'. | ǀ̃ > j | ^ @ Rule 1, Line 1"
20.1.8,Proto-Khoe to Teti,Teti-!-!ˀ-!̬-!̃n-!x,,index_diachronica_original.html:8795,False,syntax_other,broken-syntax,,,"Syntax Error: Could not get value of IPA 'ǃ'. | ! !ˀ !̬ !̃(n) !x > k ɡ ŋ x | ^ @ Rule 1, Line 1"
20.1.8,Proto-Khoe to Teti,Teti-ǂ-ǂ̃n-ǂˀ,,index_diachronica_original.html:8796,False,syntax_other,broken-syntax,,,"Syntax Error: Could not get value of IPA 'ǂ'. | ǂ ǂ̃n ǂˀ > c ɲ ʔj | ^ @ Rule 1, Line 1"
20.1.8,Proto-Khoe to Teti,Teti-ǁˀ-ǁxʼ,0,index_diachronica_original.html:8797,False,syntax_other,broken-syntax,,,"Syntax Error: Could not get value of IPA 'ǁ'. | ǁˀ ǁx:[+cg] > ǁˀ ǁˀ | ^ @ Rule 1, Line 1"
20.1.8,Proto-Khoe to Teti,Teti-ǁˀ-ǁxʼ,1,index_diachronica_original.html:8797,False,syntax_other,broken-syntax,,,"Syntax Error: Could not get value of IPA 'ǁ'. | ǁˀ ǁx:[+cg] > ǁˀ | ^ @ Rule 1, Line 1"
20.1.9,Proto-Khoe to TsÊixa,TsÊixa-ǀ̃n-ǀxʼ,,index_diachronica_original.html:8805,False,syntax_other,broken-syntax,,,"Syntax Error: Could not get value of IPA 'ǀ'. | {ǀ̃,ǀ̃n} ǀx:[+cg] > j ǀˀ | ^ @ Rule 1, Line 1"
20.1.9,Proto-Khoe to TsÊixa,TsÊixa-!-!ˀ-!̬-!̃n-!x,,index_diachronica_original.html:8806,False,syntax_other,broken-syntax,,,"Syntax Error: Could not get value of IPA 'ǃ'. | ! !ˀ !̬ !̃(n) !x > k ɡ ŋɡ x | ^ @ Rule 1, Line 1"
20.1.9,Proto-Khoe to TsÊixa,TsÊixa-ǂ̃n-ǂxʼ,,index_diachronica_original.html:8807,False,syntax_other,broken-syntax,,,"Syntax Error: Could not get value of IPA 'ǂ'. | ǂ̃n ǂx:[+cg] > ɲ ǂˀ | ^ @ Rule 1, Line 1"
20.1.9,Proto-Khoe to TsÊixa,TsÊixa-ǁxʼ,,index_diachronica_original.html:8808,False,syntax_other,broken-syntax,,,"Syntax Error: Could not get value of IPA 'ǁ'. | ǁx:[+cg] > ǁˀ | ^ @ Rule 1, Line 1"
20.1.10,Proto-Khoe to Ç̬Ui,Ç̬Ui-ǀ̃n,,index_diachronica_original.html:8816,False,syntax_other,broken-syntax,,,"Syntax Error: Could not get value of IPA 'ǀ'. | ǀ̃ > ǂ̃n | ^ @ Rule 1, Line 1"
20.1.10,Proto-Khoe to Ç̬Ui,Ç̬Ui-!̃-!x,,index_diachronica_original.html:8817,False,syntax_other,broken-syntax,,,"Syntax Error: Could not get value of IPA 'ǃ'. | !̃ !x > !̃(n) {!x,x} | ^ @ Rule 1, Line 1"
20.2.1,Proto-Kx’a to ÇHoan,ÇHoan-!!,,index_diachronica_original.html:8837,False,syntax_other,broken-syntax,,,"Syntax Error: Could not get value of IPA 'ǃ'. | !! > ǁ | ^ @ Rule 1, Line 1"
20.2.1,Proto-Kx’a to ÇHoan,ÇHoan-ⁿQʰ-Q͡ɢ,,index_diachronica_original.html:8838,False,unknown_character,asca-unrepresentable,͡,,"Syntax Error: Unknown character '͡' | ⁿQʰ Q͡ɢ > {C:[-front:[+spread],+back:[+spread],-hi:[+spread],-lo]:[+spread],[+click]:[+spread]} {C:[-front,+back,-hi,-lo],[+click]} | ^ @ Rule 1, Line 1"
20.2.2,Proto-Kx’a to Northwestern !Xun,Northwestern-!Xun-!!-ʘ,,index_diachronica_original.html:8855,False,syntax_other,broken-syntax,,,"Syntax Error: Could not get value of IPA 'ǃ'. | !! ʘ > ǁ ǀ | ^ @ Rule 1, Line 1"
20.2.2,Proto-Kx’a to Northwestern !Xun,Northwestern-!Xun-ǂ,,index_diachronica_original.html:8856,False,syntax_other,broken-syntax,,,"Syntax Error: Could not get value of IPA 'ǂ'. | ǂ > !! | ^ @ Rule 1, Line 1"
20.2.3,Proto-Kx’a to Southeastern !Xun,Southeastern-!Xun-!!-ʘ,,index_diachronica_original.html:8873,False,syntax_other,broken-syntax,,,"Syntax Error: Could not get value of IPA 'ǃ'. | !! ʘ > ǁ ǀ | ^ @ Rule 1, Line 1"
20.2.3,Proto-Kx’a to Southeastern !Xun,"Southeastern-!Xun-ⁿQʰ-ǀʰ͜q,ǀʰ͜ɢ-Q͡q",,index_diachronica_original.html:8875,False,unknown_character,asca-unrepresentable,͜,,"Syntax Error: Unknown character '͜' | ⁿQʰ {ǀʰ͜q,ǀʰ͜ɢ} Q͡q > ⁿ{C:[-front,+back,-hi,-lo],[+click]}(ʰ) ⁿǀʰ {C:[-front,+back,-hi,-lo],[+click]}[+voice] | ^ @ Rule 1, Line 1"
21.1,Proto-Lakes Plain to Proto-Far West,Proto-Far-West-CV,,index_diachronica_original.html:8901,False,runtime_delete_only_segment,broken-syntax,,,Runtime Error: Can't delete a word's only segment
21.2.1.2,Proto-Central Tariku to Iau,Iau-CV,,index_diachronica_original.html:8963,False,runtime_delete_only_segment,broken-syntax,,,Runtime Error: Can't delete a word's only segment
21.2.2.1,Proto-East Tariku to Biritai,Biritai-k,,index_diachronica_original.html:8988,False,unknown_character,asca-unrepresentable,̂,,"Syntax Error: Unknown character '̂' | k > ∅ / _V̂ | ^ @ Rule 1, Line 1"
21.2.2.2,Proto-East Tariku to Doutai,Doutai-V,,index_diachronica_original.html:8997,False,unknown_character,asca-unrepresentable,̂,,"Syntax Error: Unknown character '̂' | V > dz / _V̂ | ^ @ Rule 1, Line 1"
21.2.2.3,Proto-East Tariku to Eritai,Eritai-iC,0,index_diachronica_original.html:9008,False,syntax_other,broken-syntax,,,"Syntax Error: Expected an IPA character, Primative or Matrix, but received '' | iC > iC / _{C,#} (not sure how this plays in with the change mentioned earlier about extra-high vowels | ^ @ Rule 1, Line 1"
21.2.2.3,Proto-East Tariku to Eritai,Eritai-iC,1,index_diachronica_original.html:9008,False,syntax_other,broken-syntax,,,"Syntax Error: Expected an IPA character, Primative or Matrix, but received '' | iC > i / _{C,#} (not sure how this plays in with the change mentioned earlier about extra-high vowels | ^ @ Rule 1, Line 1"
21.2.2.5,Proto-East Tariku to Obokuitai,Obokuitai-b-C,,index_diachronica_original.html:9023,False,unknown_character,asca-unrepresentable,̚,,"Syntax Error: Unknown character '̚' | b C > b̚ ɡ̚ / _# | ^ @ Rule 1, Line 1"
21.2.2.5,Proto-East Tariku to Obokuitai,Obokuitai-∅,,index_diachronica_original.html:9026,False,expected_underscore,asca-unrepresentable,,,"Syntax Error: Expected '_', but received '' | ∅ > dz / iV | ^ @ Rule 1, Line 1"
21.2.2.7,Proto-East Tariku to Waritai,Waritai-k,,index_diachronica_original.html:9046,False,unknown_character,asca-unrepresentable,̂,,"Syntax Error: Unknown character '̂' | k > ∅ / _V̂ | ^ @ Rule 1, Line 1"
21.2.3.1,Proto-West Tariku to Deirate,Deirate-b-d-k,,index_diachronica_original.html:9062,False,syntax_other,broken-syntax,,,"Syntax Error: Expected an IPA character, Primative or Matrix, but received '∅' | b d k > {b,β} {ɾ,l,∅} {k,x,ɡ,ɣ} / V_V | ^ @ Rule 1, Line 1"
21.2.3.2,Proto-West Tariku to Faia,Faia-b-d-k,,index_diachronica_original.html:9071,False,syntax_other,broken-syntax,,,"Syntax Error: Expected an IPA character, Primative or Matrix, but received '∅' | b d k > {b,β} {ɾ,∅} {k,x,ɡ,ɣ} / V_V | ^ @ Rule 1, Line 1"
21.2.3.3,Proto-West Tariku to Fayu,Fayu-b-d-k,,index_diachronica_original.html:9079,False,syntax_other,broken-syntax,,,"Syntax Error: Expected an IPA character, Primative or Matrix, but received '∅' | b d k > {b,β} {ɾ,∅} {k,x,ɡ,ɣ} / V_V | ^ @ Rule 1, Line 1"
21.2.3.4,Proto-West Tariku to Kirikiri,Kirikiri-b-d-k,,index_diachronica_original.html:9088,False,syntax_other,broken-syntax,,,"Syntax Error: Expected an IPA character, Primative or Matrix, but received '∅' | b d k > {b,β} {ɾ,l,∅} {k,x,ɡ,ɣ} / V_V | ^ @ Rule 1, Line 1"
21.2.3.5,Proto-West Tariku to Sehudate,Sehudate-b-d-k,,index_diachronica_original.html:9097,False,syntax_other,broken-syntax,,,"Syntax Error: Expected an IPA character, Primative or Matrix, but received '∅' | b d k > {b,β} {ɾ,∅} {k,x,ɡ,ɣ} / V_V | ^ @ Rule 1, Line 1"
21.2.3.6,Proto-West Tariku to Tause,Tause-b-d-k,,index_diachronica_original.html:9106,False,syntax_other,broken-syntax,,,"Syntax Error: Expected an IPA character, Primative or Matrix, but received '∅' | b d k > {b,β} {ɾ,∅} {k,x,ɡ,ɣ} / V_V | ^ @ Rule 1, Line 1"
21.2.3.7,Proto-West Tariku to Weirate,Weirate-b-d-k,,index_diachronica_original.html:9115,False,syntax_other,broken-syntax,,,"Syntax Error: Expected an IPA character, Primative or Matrix, but received '∅' | b d k > {b,β} {ɾ,l,∅} {k,x,ɡ,ɣ} / V_V | ^ @ Rule 1, Line 1"
22.6,Proto-Arawá to Sorowahá,"Sorowahá-tʰ,ɗ",,index_diachronica_original.html:9200,False,syntax_other,broken-syntax,,,"Syntax Error: Expected an IPA character, Primative or Matrix, but received '>' | {tʰ,ɗ > t | ^ @ Rule 1, Line 1"
22.6,Proto-Arawá to Sorowahá,Sorowahá-ʔ,,index_diachronica_original.html:9203,False,expected_underscore,asca-unrepresentable,,,"Syntax Error: Expected '_', but received '' | ʔ > ∅ / #_, possibly everywhere? | ^ @ Rule 1, Line 1"
23.1.1.1.3,Proto-Chibchan to Kogi,Kogi-nVs-dVs,,index_diachronica_original.html:9306,False,nested_brackets,asca-unrepresentable,,,"Syntax Error: Cannot have nested brackets of the same type | nVs dVs > n(V(s)) {ʒ,ʒVʒ} | ^ @ Rule 1, Line 1"
23.1.1.1.5,Proto-Chibchan to Motilón,Motilón-i,,index_diachronica_original.html:9339,False,syntax_other,broken-syntax,,,"Syntax Error: Expected an IPA character, Primative or Matrix, but received '' | i > ∅ / a_ (usually | ^ @ Rule 1, Line 1"
23.1.1.1.6,Proto-Chibchan to Tunebo,Tunebo-m-n-h-j,,index_diachronica_original.html:9358,False,syntax_other,broken-syntax,,,"Syntax Error: Expected an IPA character, Primative or Matrix, but received '∅' | m n h j > b {n,r,∅} {h,∅} {j,∅} | ^ @ Rule 1, Line 1"
23.1.1.1.6,Proto-Chibchan to Tunebo,Tunebo-ai,,index_diachronica_original.html:9360,False,expected_underscore,asca-unrepresentable,,,"Syntax Error: Expected '_', but received '*' | ai > e / if the *a is not stressed | ^ @ Rule 1, Line 1"
24.1.1,Proto-Paman to AritinÅitiÉ£,AritinÅitiÉ£-a-longC,,index_diachronica_original.html:9413,False,syntax_other,broken-syntax,,,"Syntax Error: Expected an IPA character, Primative or Matrix, but received '//' | a[-long]C > Ca / #_ ( // _a?) | ^^ @ Rule 1, Line 1"
24.1.2,Proto-Paman to AwÅtim,AwÅtim-iC-aC-uC,,index_diachronica_original.html:9420,False,expected_underscore,asca-unrepresentable,,,"Syntax Error: Expected '_', but received '' | iC aC uC > Cj Ca Cw / #_ // before an identical vowel | ^ @ Rule 1, Line 1"
24.1.4,Proto-Paman to Mbiywom,Mbiywom-a-longC,,index_diachronica_original.html:9443,False,syntax_other,broken-syntax,,,"Syntax Error: Expected an IPA character, Primative or Matrix, but received '//' | a[-long]C > Ca / #_ ( // _a?) | ^^ @ Rule 1, Line 1"
24.1.5,Proto-Paman to Mpalican,Mpalican-NVS,,index_diachronica_original.html:9450,False,syntax_other,broken-syntax,,,"Syntax Error: Could not get value of IPA 'ⁿ'. | NVP > VⁿP / #_ | ^ @ Rule 1, Line 1"
24.1.7,Proto-Paman to Yinwum,Yinwum-#”UU,,index_diachronica_original.html:9465,False,other,broken-syntax,,,DiachronicSeries has no active SoundChangeRule lines to validate
24.1.7,Proto-Paman to Yinwum,Yinwum-NVS,,index_diachronica_original.html:9466,False,syntax_other,broken-syntax,,,"Syntax Error: Could not get value of IPA 'ⁿ'. | NVP > VⁿP / #_ | ^ @ Rule 1, Line 1"
25.1.1,Proto-Tacanan to Cavineña,Cavineña-*ŕ,,index_diachronica_original.html:9500,False,unknown_character,asca-unrepresentable,ŕ,,"Syntax Error: Unknown character 'ŕ' | *ŕ > r | ^ @ Rule 1, Line 1"
25.1.2,Proto-Tacanan to Chama,"Chama-r,*ŕ",,index_diachronica_original.html:9512,False,unknown_character,asca-unrepresentable,ŕ,,"Syntax Error: Unknown character 'ŕ' | {r,*ŕ} > {∅,w,j} | ^ @ Rule 1, Line 1"
25.1.3,Proto-Tacanan to Reyesano,Reyesano-*ŕ,,index_diachronica_original.html:9523,False,unknown_character,asca-unrepresentable,ŕ,,"Syntax Error: Unknown character 'ŕ' | *ŕ > ∅ | ^ @ Rule 1, Line 1"
25.1.4,Proto-Tacanan to Tacana,Tacana-*ŕ,,index_diachronica_original.html:9539,False,unknown_character,asca-unrepresentable,ŕ,,"Syntax Error: Unknown character 'ŕ' | *ŕ > ∅ | ^ @ Rule 1, Line 1"
27.3,Proto-Mayan to Huastecan,Huastecan-kV+roundC+glide,,index_diachronica_original.html:9737,False,unknown_feature,asca-unrepresentable,glide,click,"Syntax Error: Unknown feature 'glide'. Did you mean click? | kV[+round]C[+glide] > kʷ | ^^^^^^ @ Rule 1, Line 1"
28,Muskogean,Muskogean-k,,index_diachronica_original.html:9819,False,expected_underscore,asca-unrepresentable,,,"Syntax Error: Expected '_', but received '' | k > ∅ / V_C // penult | ^ @ Rule 1, Line 1"
28,Muskogean,Muskogean-V,,index_diachronica_original.html:9820,False,unknown_character,asca-unrepresentable,̂,,"Syntax Error: Unknown character '̂' | V > V̂:[+long] / _Cko, ko lost? | ^ @ Rule 1, Line 1"
28.1,Proto-Muskogean to Proto-Eastern Muskogean,Proto-Eastern-Muskogean-VC+-weak,,index_diachronica_original.html:9829,False,unknown_feature,asca-unrepresentable,weak,man,"Syntax Error: Unknown feature 'weak'. Did you mean man? | VC[+ weak] > ∅ / _V# | ^^^^^^ @ Rule 1, Line 1"
28.1.2,Proto-Eastern Muskogean to Creek,Creek-V1kV2,,index_diachronica_original.html:9842,False,nested_brackets,asca-unrepresentable,,,"Syntax Error: Cannot have nested brackets of the same type | V=1 kV=2 > 2:[+long] / #((C)V(C))(C)_# | ^ @ Rule 1, Line 1"
28.1.2,Proto-Eastern Muskogean to Creek,Creek-S,,index_diachronica_original.html:9847,False,runtime_other,broken-syntax,,,"Runtime Error: An incomplete matrix cannot be inserted | P > P[+ voice] / V_V | ^^^^^^^^^ @ Rule 1, Line 1"
28.2,Proto-Muskogean to Proto-Western Muskogean,Proto-Western-Muskogean-C1+-weak-C2+-weak,,index_diachronica_original.html:9897,False,unknown_feature,asca-unrepresentable,weak,man,"Syntax Error: Unknown feature 'weak'. Did you mean man? | C:[+ weak]=1 C:[+ weak]=2 > ʔ h / V_V# | ^^^^^^ @ Rule 1, Line 1"
29.1.1.1.1,Proto-Athabaskan to Ahtna,Ahtna-Vˀ,,index_diachronica_original.html:9983,False,prose_or_expected_arrow,asca-unrepresentable,,,"Syntax Error: Expected '>', '->' or '=>', but received 'ˀ' | Vˀ > V[+place] | ^ @ Rule 1, Line 1"
29.1.1.1.2,Proto-Athabaskan to Babine,Babine-Vˀ,,index_diachronica_original.html:9990,False,prose_or_expected_arrow,asca-unrepresentable,,,"Syntax Error: Expected '>', '->' or '=>', but received 'ˀ' | Vˀ > V[+place] | ^ @ Rule 1, Line 1"
29.1.1.1.3,Proto-Athabaskan to Beaver,Beaver-T,,index_diachronica_original.html:9998,False,expected_underscore,asca-unrepresentable,,,"Syntax Error: Expected '_', but received '' | P:[-voice] > P:[-voice]ʃ / _{i,e,u}, in the V:[+back]ritish Columbian dialect | ^ @ Rule 1, Line 1"
29.1.1.1.3,Proto-Athabaskan to Beaver,Beaver-Vˀ,,index_diachronica_original.html:10001,False,prose_or_expected_arrow,asca-unrepresentable,,,"Syntax Error: Expected '>', '->' or '=>', but received 'ˀ' | Vˀ > V:[tone: 5] | ^ @ Rule 1, Line 1"
29.1.1.1.4,Proto-Athabaskan to Chilcotin,Chilcotin-V,0,index_diachronica_original.html:10007,False,syntax_other,broken-syntax,,,"Syntax Error: Expected end of line, received 'ˀ'. Did you forget a '/' between the output and environment? | V > Vˀ | ^ @ Rule 1, Line 1"
29.1.1.1.4,Proto-Athabaskan to Chilcotin,Chilcotin-V,1,index_diachronica_original.html:10007,False,runtime_other,broken-syntax,,,"Runtime Error: An incomplete matrix cannot be inserted | V > V[+rtr] | ^^^^^^ @ Rule 1, Line 1"
29.1.1.1.4,Proto-Athabaskan to Chilcotin,Chilcotin-Vˀ,,index_diachronica_original.html:10011,False,prose_or_expected_arrow,asca-unrepresentable,,,"Syntax Error: Expected '>', '->' or '=>', but received 'ˀ' | Vˀ > V:[tone: 5] | ^ @ Rule 1, Line 1"
29.1.1.1.5,Proto-Athabaskan to Chipewyan,Chipewyan-Vˀ,,index_diachronica_original.html:10020,False,prose_or_expected_arrow,asca-unrepresentable,,,"Syntax Error: Expected '>', '->' or '=>', but received 'ˀ' | Vˀ > V:[tone: 5] | ^ @ Rule 1, Line 1"
29.1.1.1.6,Proto-Athabaskan to Dakelh,Dakelh-Vˀ,,index_diachronica_original.html:10027,False,prose_or_expected_arrow,asca-unrepresentable,,,"Syntax Error: Expected '>', '->' or '=>', but received 'ˀ' | Vˀ > V[+place] | ^ @ Rule 1, Line 1"
29.1.1.1.7,Proto-Athabaskan to Deg Hit’an,Deg-Hit’an-TŠʷ,,index_diachronica_original.html:10033,False,syntax_other,broken-syntax,,,"Syntax Error: Expected end of line, received ')'. Did you forget a '/' between the output and environment? | P:[-voice]ʂ > P:[-voice]P in C:[-front,+back,+hi,-lo]uskokwim dialect) | ^ @ Rule 1, Line 2"
29.1.1.1.7,Proto-Athabaskan to Deg Hit’an,Deg-Hit’an-w,,index_diachronica_original.html:10035,False,syntax_other,broken-syntax,,,"Syntax Error: Expected end of line, received ')'. Did you forget a '/' between the output and environment? | v > w in Phageluk dialect) | ^ @ Rule 1, Line 2"
29.1.1.1.7,Proto-Athabaskan to Deg Hit’an,Deg-Hit’an-R-F,,index_diachronica_original.html:10037,False,stuff_after_word_bound,asca-unrepresentable,,,"Syntax Error: Cannot have segments after the end of a word | [+son,-syll] F > [+son,-syll][-voice] F[-voice] / _# in suffixes | ^ @ Rule 1, Line 1"
29.1.1.1.7,Proto-Athabaskan to Deg Hit’an,Deg-Hit’an-Vˀ,,index_diachronica_original.html:10040,False,prose_or_expected_arrow,asca-unrepresentable,,,"Syntax Error: Expected '>', '->' or '=>', but received 'ˀ' | Vˀ > V[+place] | ^ @ Rule 1, Line 1"
29.1.1.1.8,Proto-Athabaskan to Dena’ina,"Dena’ina-TŠ,TŠʷ",,index_diachronica_original.html:10045,False,unknown_grouping,asca-unrepresentable,I,,"Syntax Error: Unknown grouping 'I'. Known groupings are (C)onsonant, (O)bstruent, (S)onorant, (P)losive, (F)ricative, (L)iquid, (N)asal, (G)lide, and (V)owel | P:[-voice]ʃ > P:[-voice]P in %pper Inlet dialect) | ^ @ Rule 1, Line 2"
29.1.1.1.8,Proto-Athabaskan to Dena’ina,Dena’ina-Vˀ,,index_diachronica_original.html:10048,False,prose_or_expected_arrow,asca-unrepresentable,,,"Syntax Error: Expected '>', '->' or '=>', but received 'ˀ' | Vˀ > V[+place] | ^ @ Rule 1, Line 1"
29.1.1.1.10,Proto-Athabaskan to Easter Gwich’in,Easter-Gwich’in-Vˀ,,index_diachronica_original.html:10070,False,prose_or_expected_arrow,asca-unrepresentable,,,"Syntax Error: Expected '>', '->' or '=>', but received 'ˀ' | Vˀ > V:[tone: 1] | ^ @ Rule 1, Line 1"
29.1.1.1.11,Proto-Athabaskan to Han,Han-n,,index_diachronica_original.html:10078,False,unknown_character,asca-unrepresentable,(,,"Syntax Error: Unknown character '(' | n > (ⁿ)d / $_V[-nas] | ^ @ Rule 1, Line 1"
29.1.1.1.11,Proto-Athabaskan to Han,Han-a-ɑ-ə-ʊ,,index_diachronica_original.html:10080,False,unknown_character,asca-unrepresentable,ë,,"Syntax Error: Unknown character 'ë' | a ɑ ə ʊ > æ a {ə,ë} o | ^ @ Rule 1, Line 1"
29.1.1.1.11,Proto-Athabaskan to Han,Han-Vˀ,,index_diachronica_original.html:10082,False,prose_or_expected_arrow,asca-unrepresentable,,,"Syntax Error: Expected '>', '->' or '=>', but received 'ˀ' | Vˀ > V:[tone: 1] | ^ @ Rule 1, Line 1"
29.1.1.1.12,Proto-Athabaskan to Holikachuk,Holikachuk-e,,index_diachronica_original.html:10089,False,expected_underscore,asca-unrepresentable,,,"Syntax Error: Expected '_', but received '' | e > a / prefixes | ^ @ Rule 1, Line 1"
29.1.1.1.12,Proto-Athabaskan to Holikachuk,Holikachuk-Vˀ,,index_diachronica_original.html:10093,False,prose_or_expected_arrow,asca-unrepresentable,,,"Syntax Error: Expected '>', '->' or '=>', but received 'ˀ' | Vˀ > V:[tone: 1] | ^ @ Rule 1, Line 1"
29.1.1.1.14,Proto-Athabaskan to Lower Koyukon,Lower-Koyukon-Vˀ,,index_diachronica_original.html:10114,False,prose_or_expected_arrow,asca-unrepresentable,,,"Syntax Error: Expected '>', '->' or '=>', but received 'ˀ' | Vˀ > V:[tone: 1] | ^ @ Rule 1, Line 1"
29.1.1.1.15,Proto-Athabaskan to Upper Koyukon,Upper-Koyukon-Vˀ,,index_diachronica_original.html:10126,False,syntax_other,broken-syntax,,,"Syntax Error: Tones cannot be ±; they can only be used with numeric values. | V:[tone: 1] > V[-tone] | ^ @ Rule 1, Line 2"
29.1.1.1.16,Proto-Athabaskan to Upper Kuskokwim Kolchan,Upper-Kuskokwim-Kolchan-Vˀ,,index_diachronica_original.html:10135,False,prose_or_expected_arrow,asca-unrepresentable,,,"Syntax Error: Expected '>', '->' or '=>', but received 'ˀ' | Vˀ > V[+place] | ^ @ Rule 1, Line 1"
29.1.1.1.17,Proto-Athabaskan to Sarcee,Sarcee-ɑ́-ə́-ʊ́,,index_diachronica_original.html:10141,False,unknown_character,asca-unrepresentable,́,,"Syntax Error: Unknown character '́' | ɑ́ ə́ ʊ́ > ɑ̄ ə̄ ʊ̄ | ^ @ Rule 1, Line 1"
29.1.1.1.17,Proto-Athabaskan to Sarcee,Sarcee-Vˀ,,index_diachronica_original.html:10143,False,prose_or_expected_arrow,asca-unrepresentable,,,"Syntax Error: Expected '>', '->' or '=>', but received 'ˀ' | Vˀ > V:[tone: 1] | ^ @ Rule 1, Line 1"
29.1.1.1.18,Proto-Athabaskan to Sekani,Sekani-TS,,index_diachronica_original.html:10148,False,syntax_other,broken-syntax,,,"Syntax Error: Expected end of line, received ')'. Did you forget a '/' between the output and environment? | P:[-voice][-place] > P:[-voice]P again in some areas) | ^ @ Rule 1, Line 2"
29.1.1.1.18,Proto-Athabaskan to Sekani,Sekani-Vˀ,,index_diachronica_original.html:10152,False,prose_or_expected_arrow,asca-unrepresentable,,,"Syntax Error: Expected '>', '->' or '=>', but received 'ˀ' | Vˀ > V:[tone: 5] | ^ @ Rule 1, Line 1"
29.1.1.1.19,Proto-Athabaskan to Proto-Southern Athabaskan,Proto-Southern-Athabaskan-K,,index_diachronica_original.html:10157,False,runtime_other,broken-syntax,,,"Runtime Error: An incomplete matrix cannot be inserted | C:[-front,+back,+hi,-lo] > P:[-voice]P | ^ @ Rule 1, Line 1"
29.1.1.1.19,Proto-Athabaskan to Proto-Southern Athabaskan,Proto-Southern-Athabaskan-ɣ,,index_diachronica_original.html:10159,False,expected_underscore,asca-unrepresentable,,,"Syntax Error: Expected '_', but received '' | ɣ > h / prefixes relating to word derivation | ^ @ Rule 1, Line 1"
29.1.1.1.19,Proto-Athabaskan to Proto-Southern Athabaskan,Proto-Southern-Athabaskan-VnC,,index_diachronica_original.html:10160,False,expected_number,asca-unrepresentable,,,"Syntax Error: Expected number, but received ʔ | VnC > V[+ nas]C / _#, unless C = ʔ | ^ @ Rule 1, Line 1"
29.1.1.1.19,Proto-Athabaskan to Proto-Southern Athabaskan,Proto-Southern-Athabaskan-t-n-x,,index_diachronica_original.html:10161,False,expected_underscore,asca-unrepresentable,,,"Syntax Error: Expected '_', but received '' | t n x > d n h / prefixes relating to word derivation | ^ @ Rule 1, Line 1"
29.1.1.1.21,Proto-Eastern Southern Athabaskan to Kiowa Apache,"Kiowa-Apache-d,j",,index_diachronica_original.html:10178,False,expected_underscore,asca-unrepresentable,,,"Syntax Error: Expected '_', but received '∅' | {d,j} > j / ∅ // _# | ^ @ Rule 1, Line 1"
29.1.1.1.27,Proto-Western Southern Athabaskan to Navajo,"Navajo-ɣ,h",,index_diachronica_original.html:10237,False,expected_underscore,asca-unrepresentable,,,"Syntax Error: Expected '_', but received '' | {ɣ,h} > j / prefixes related to word derivation | ^ @ Rule 1, Line 1"
29.1.1.1.34,Tahltan-Kaska-Tagish to Kaska,Kaska-Vˀ,,index_diachronica_original.html:10298,False,prose_or_expected_arrow,asca-unrepresentable,,,"Syntax Error: Expected '>', '->' or '=>', but received 'ˀ' | Vˀ > V:[tone: 5] | ^ @ Rule 1, Line 1"
29.1.1.1.37,Proto-Athabaskan to Tanacross,Tanacross-Vˀ,,index_diachronica_original.html:10318,False,prose_or_expected_arrow,asca-unrepresentable,,,"Syntax Error: Expected '>', '->' or '=>', but received 'ˀ' | Vˀ > V:[tone: 5] | ^ @ Rule 1, Line 1"
29.1.1.1.37,Proto-Athabaskan to Tanacross,Tanacross-ʃ,,index_diachronica_original.html:10323,False,expected_underscore,asca-unrepresentable,,,"Syntax Error: Expected '_', but received '' | ʃ > h / the | ^ @ Rule 1, Line 1"
29.1.1.1.37,Proto-Athabaskan to Tanacross,Tanacross-ɬ,,index_diachronica_original.html:10324,False,expected_underscore,asca-unrepresentable,,,"Syntax Error: Expected '_', but received '' | ɬ > h / the grammatical classifier | ^ @ Rule 1, Line 1"
29.1.1.1.38,Proto-Athabaskan to Lower Tanana,Lower-Tanana-TS-TŠ-TŠᵚ-Q,,index_diachronica_original.html:10331,False,unknown_character,asca-unrepresentable,ᵚ,,"Syntax Error: Unknown character 'ᵚ' | P:[-voice]P P:[-voice]ʃ P:[-voice]ʃᵚ {C:[-front,+back,-hi,-lo],[+click]} > P:[-voice][-place] P:[-voice]P P:[-voice]ʂ C:[-front,+back,+hi,-lo] | ^ @ Rule 1, Line 1"
29.1.1.1.38,Proto-Athabaskan to Lower Tanana,Lower-Tanana-Vˀ,,index_diachronica_original.html:10333,False,prose_or_expected_arrow,asca-unrepresentable,,,"Syntax Error: Expected '>', '->' or '=>', but received 'ˀ' | Vˀ > V:[tone: 1] | ^ @ Rule 1, Line 1"
29.1.1.1.39,Proto-Athabaskan to Upper Tanana,Upper-Tanana-ʃ,,index_diachronica_original.html:10346,False,expected_underscore,asca-unrepresentable,,,"Syntax Error: Expected '_', but received '' | ʃ > h / the | ^ @ Rule 1, Line 1"
29.1.1.1.39,Proto-Athabaskan to Upper Tanana,Upper-Tanana-ɬ,,index_diachronica_original.html:10347,False,expected_underscore,asca-unrepresentable,,,"Syntax Error: Expected '_', but received '' | ɬ > h / the grammatical classifier | ^ @ Rule 1, Line 1"
29.1.1.1.39,Proto-Athabaskan to Upper Tanana,Upper-Tanana-ə,,index_diachronica_original.html:10349,False,syntax_other,broken-syntax,,,"Syntax Error: Expected end of line, received ')'. Did you forget a '/' between the output and environment? | {a,ɨ} > ø in the Northway dialect) | ^ @ Rule 1, Line 2"
29.1.1.1.39,Proto-Athabaskan to Upper Tanana,Upper-Tanana-Vˀ,,index_diachronica_original.html:10350,False,syntax_other,broken-syntax,,,"Syntax Error: Tones cannot be ±; they can only be used with numeric values. | V:[tone: 1] > V[-tone] in) | ^ @ Rule 1, Line 2"
29.1.1.1.41,Proto-Athabaskan to Northern Tutchone,Northern-Tutchone-Vˀ,,index_diachronica_original.html:10370,False,prose_or_expected_arrow,asca-unrepresentable,,,"Syntax Error: Expected '>', '->' or '=>', but received 'ˀ' | Vˀ > V:[tone: 5] | ^ @ Rule 1, Line 1"
29.1.1.1.42,Proto-Athabaskan to Southern Tutchone,Southern-Tutchone-Vˀ,,index_diachronica_original.html:10383,False,prose_or_expected_arrow,asca-unrepresentable,,,"Syntax Error: Expected '>', '->' or '=>', but received 'ˀ' | Vˀ > V:[tone: 1] | ^ @ Rule 1, Line 1"
29.2,Proto-Na-Dene to Tlingit,Tlingit-s,,index_diachronica_original.html:10402,False,syntax_other,broken-syntax,,,"Syntax Error: Expected '[', but received 'ɬ' | s > s : ɬ | ^ @ Rule 1, Line 1"
29.2,Proto-Na-Dene to Tlingit,Tlingit-ts,,index_diachronica_original.html:10403,False,syntax_other,broken-syntax,,,"Syntax Error: Expected '[', but received 't' | ts > ts : tɬ | ^ @ Rule 1, Line 1"
29.2,Proto-Na-Dene to Tlingit,Tlingit-tsʼ,,index_diachronica_original.html:10404,False,syntax_other,broken-syntax,,,"Syntax Error: Expected '[', but received '{' | ts:[+cg] > {s:[+cg],ts:[+cg]} : {ɬ,tɬ:[+cg]} | ^ @ Rule 1, Line 1"
29.2,Proto-Na-Dene to Tlingit,Tlingit-ʃ,,index_diachronica_original.html:10405,False,syntax_other,broken-syntax,,,"Syntax Error: Expected '[', but received 'ɬ' | ʃ > {ʃ,s} : ɬ | ^ @ Rule 1, Line 1"
29.2,Proto-Na-Dene to Tlingit,Tlingit-tʃ,,index_diachronica_original.html:10406,False,syntax_other,broken-syntax,,,"Syntax Error: Expected '[', but received 't' | tʃ > {tʃ,ts} : tɬ | ^ @ Rule 1, Line 1"
29.2,Proto-Na-Dene to Tlingit,Tlingit-tʃʼ,,index_diachronica_original.html:10407,False,syntax_other,broken-syntax,,,"Syntax Error: Expected '[', but received 't' | tʃ:[+cg] > {s:[+cg],tʃ:[+cg]} : tɬ:[+cg] | ^ @ Rule 1, Line 1"
29.2,Proto-Na-Dene to Tlingit,Tlingit-kʷʼ,,index_diachronica_original.html:10411,False,syntax_other,broken-syntax,,,"Syntax Error: Expected end of line, received 'ʼ'. Did you forget a '/' between the output and environment? | {kʼ,kʷʼ} > {x,xʷ,k,kʷ}ʼ | ^ @ Rule 1, Line 1"
30.1.1,Pre-Proto-Bantu to Proto-Bantu,Proto-Bantu_2-N+-lenis-N-lenis,,index_diachronica_original.html:10463,False,syntax_other,broken-syntax,,,"Syntax Error: Could not get value of IPA 'ⁿ'. | N[-tense] N[+tense] > N[+tense] ⁿP / _ C=2 position | ^ @ Rule 1, Line 1"
30.1.1,Pre-Proto-Bantu to Proto-Bantu,Proto-Bantu_2-d2,,index_diachronica_original.html:10464,False,unknown_character,asca-unrepresentable,₂,,"Syntax Error: Unknown character '₂' | d₂ > d / _ C=2 position | ^ @ Rule 1, Line 1"
30.1.1.1,Proto-Bantu to Sebirwa,Sebirwa-S,,index_diachronica_original.html:10470,False,runtime_other,broken-syntax,,,"Runtime Error: An incomplete matrix cannot be inserted | P > C:[+labial][+spread] | ^^^^^^^^^ @ Rule 1, Line 1"
30.1.2,Pre-Proto-Bantu to Proto-Manenguba,Proto-Manenguba-’p-’t-’d/d2-c-’ɟ-’k-ɡ,0,index_diachronica_original.html:10541,False,unknown_character,asca-unrepresentable,₂,,"Syntax Error: Unknown character '₂' | p:[+cg] t:[+cg] d:[+cg]/d₂ c ɟ:[+cg] k:[+cg] ɡ > f l ɟ s w k / _ C=1 position | ^ @ Rule 1, Line 1"
30.1.2,Pre-Proto-Bantu to Proto-Manenguba,Proto-Manenguba-’p-’t-’d/d2-c-’ɟ-’k-ɡ,1,index_diachronica_original.html:10541,False,unknown_character,asca-unrepresentable,₂,,"Syntax Error: Unknown character '₂' | p:[+cg] t:[+cg] d:[+cg]/d₂ c ɟ:[+cg] k:[+cg] ɡ > f l ɟ s w / _ C=1 position | ^ @ Rule 1, Line 1"
30.1.2,Pre-Proto-Bantu to Proto-Manenguba,"Proto-Manenguba-p-t-’t-’d,d2-c-k-’k",1,index_diachronica_original.html:10543,False,unknown_character,asca-unrepresentable,₂,,"Syntax Error: Unknown character '₂' | p t t:[+cg] d₂ c k k:[+cg] > b d l ɟ ɡ / _ C=2 position | ^ @ Rule 1, Line 1"
30.2,Proto-Potou-Akanic-Bantu to Proto-Potou-Akanic,Proto-Potou-Akanic-C_2,,index_diachronica_original.html:10555,False,panic_other,broken-syntax,,,thread panicked
30.2,Proto-Potou-Akanic-Bantu to Proto-Potou-Akanic,"Proto-Potou-Akanic-V+nasʋ̃,l̃",,index_diachronica_original.html:10559,False,syntax_other,broken-syntax,,,"Syntax Error: Expected ':', but received 'l' | V[+nas](ʋ̃,l̃) > V[-nas](m,n) / #{L,G}[+voice]_ | ^ @ Rule 1, Line 1"
30.2.1,Proto-Potou-Akanic to Proto-Akanic,Proto-Akanic-V+high-+ATRCV+high-ATR,,index_diachronica_original.html:10564,False,nested_brackets,asca-unrepresentable,,,"Syntax Error: Cannot have nested brackets of the same type | V[+high +atr](C(V[+high -atr])) > #(C)V[-high +atr](CV[+high +atr]) / #{L,G}[+dorsal -voice]_ | ^ @ Rule 1, Line 1"
30.2.1.1,Proto-Akanic to Akan,"Akan-p,ʋ̃-c-k͜p",,index_diachronica_original.html:10582,False,unknown_character,asca-unrepresentable,͜,,"Syntax Error: Unknown character '͜' | {p,ʋ̃} c k͜p > f s p / #_ | ^ @ Rule 1, Line 1"
30.3.1.1.8,Proto-Vhe to Adángbe,Adángbe-V,,index_diachronica_original.html:10664,False,runtime_other,broken-syntax,,,"Runtime Error: An incomplete matrix cannot be inserted | V > V[+ nas] / N_ | ^^^^^^^ @ Rule 1, Line 1"
30.3.1.1.8,Proto-Vhe to Adángbe,Adángbe-V+-nas,,index_diachronica_original.html:10665,False,expected_number,asca-unrepresentable,,,"Syntax Error: Expected number, but received N | V[+ nas] > V[- nas] / C_ // C = N | ^ @ Rule 1, Line 1"
31.1,Proto-Nyulnyulan to Bardi,Bardi-V0,,index_diachronica_original.html:10752,False,syntax_other,broken-syntax,,,"Syntax Error: Expected an IPA character, Primative or Matrix, but received '(' | V=0 > ∅ / {V(C)0,VC(C)0} {C(C)_#,(C)_#} | ^ @ Rule 1, Line 1"
32.1.1,Proto-Chatino to Papabuco Chatino,Papabuco-Chatino-h,,index_diachronica_original.html:10797,False,syntax_other,broken-syntax,,,"Syntax Error: Expected an IPA character, Primative or Matrix, but received '…' | h > d / _a (…lolwut) | ^ @ Rule 1, Line 1"
32.1.1,Proto-Chatino to Papabuco Chatino,Papabuco-Chatino-h_2,,index_diachronica_original.html:10798,False,syntax_other,broken-syntax,,,"Syntax Error: Expected an IPA character, Primative or Matrix, but received '…' | h > t // _a (…lolwut) | ^ @ Rule 1, Line 1"
32.1.1,Proto-Chatino to Papabuco Chatino,Papabuco-Chatino-e_3,,index_diachronica_original.html:10804,False,expected_underscore,asca-unrepresentable,,,"Syntax Error: Expected '_', but received '' | e > i / a few data sets | ^ @ Rule 1, Line 1"
32.1.1,Proto-Chatino to Papabuco Chatino,Papabuco-Chatino-ẽ_3,,index_diachronica_original.html:10807,False,expected_underscore,asca-unrepresentable,,,"Syntax Error: Expected '_', but received '' | ẽ > i / %[+long -stress] | ^ @ Rule 1, Line 1"
32.1.1,Proto-Chatino to Papabuco Chatino,Papabuco-Chatino-ẽ_4,,index_diachronica_original.html:10808,False,expected_underscore,asca-unrepresentable,,,"Syntax Error: Expected '_', but received '' | ẽ > e // %[+long -stress] | ^ @ Rule 1, Line 1"
32.1.2,Proto-Chatino to Tataltepec Chatino,Tataltepec-Chatino-t,,index_diachronica_original.html:10814,False,syntax_other,broken-syntax,,,"Syntax Error: Expected an IPA character, Primative or Matrix, but received '…' | t > tʲ / _õ (…again…lolwut) | ^ @ Rule 1, Line 1"
32.1.2,Proto-Chatino to Tataltepec Chatino,Tataltepec-Chatino-ç,,index_diachronica_original.html:10824,False,nested_brackets,asca-unrepresentable,,,"Syntax Error: Cannot have nested brackets of the same type | ç > ʔ (? Not sure if I:[+cg]m reading the phone(me)s right on this one) | ^ @ Rule 1, Line 1"
32.1.3,Proto-Chatino to Yaitepec Chatino,Yaitepec-Chatino-k,,index_diachronica_original.html:10837,False,syntax_other,broken-syntax,,,"Syntax Error: Expected an IPA character, Primative or Matrix, but received 'ʷ' | k > tʃ / _V:[+front]k(ʷ) | ^ @ Rule 1, Line 1"
32.1.3,Proto-Chatino to Yaitepec Chatino,Yaitepec-Chatino-s_2,,index_diachronica_original.html:10850,False,expected_underscore,asca-unrepresentable,,,"Syntax Error: Expected '_', but received '/' | s > ʃ / if /l/ is present in the same syllable | ^ @ Rule 1, Line 1"
32.2,Proto-Oto-Manguean to Tlapanec,Tlapanec-Yt-Ynt-Ys,,index_diachronica_original.html:10880,False,unknown_grouping,asca-unrepresentable,Y,,"Syntax Error: Unknown grouping 'Y'. Known groupings are (C)onsonant, (O)bstruent, (S)onorant, (P)losive, (F)ricative, (L)iquid, (N)asal, (G)lide, and (V)owel | Yt Ynt Ys > tʃ dʒ ʃ | ^ @ Rule 1, Line 1"
33.1.1,Proto-Utian to Proto-Costanoan (Ohlone),Proto-Costanoan-Ohlone-l,,index_diachronica_original.html:10923,False,syntax_other,broken-syntax,,,"Syntax Error: Cannot have multiple underlines in an environment | l > ɾ // _$ or o_ | ^ @ Rule 1, Line 1"
33.1.1,Proto-Utian to Proto-Costanoan (Ohlone),Proto-Costanoan-Ohlone-o,,index_diachronica_original.html:10925,False,syntax_other,broken-syntax,,,"Syntax Error: Cannot have multiple underlines in an environment | o > a // o(C,0)_ or _(C,0){o,i} | ^ @ Rule 1, Line 1"
33.2.1,Proto-Wintuan to Nomlaki,Nomlaki-VrV,1,index_diachronica_original.html:11003,False,unknown_grouping,asca-unrepresentable,M,,"Syntax Error: Unknown grouping 'M'. Known groupings are (C)onsonant, (O)bstruent, (S)onorant, (P)losive, (F)ricative, (L)iquid, (N)asal, (G)lide, and (V)owel | VrV > M | ^ @ Rule 1, Line 1"
33.3.3,Proto-Yokuts to Palewyami,Palewyami-i,,index_diachronica_original.html:11148,False,expected_underscore,asca-unrepresentable,,,"Syntax Error: Expected '_', but received ')' | i > e / _CVC# // _[-place], short only) | ^ @ Rule 1, Line 1"
34.1,Proto-Quechumaran to Ayachuco,"Ayachuco-ɸʼ,ʰ",,index_diachronica_original.html:11184,False,syntax_other,broken-syntax,,,"Syntax Error: Expected an IPA character, Primative or Matrix, but received 'ʼ' | ɸ(ʼ,ʰ) > p | ^ @ Rule 1, Line 1"
34.4,Proto-Quechumaran to Huarás,"Huarás-ɸʼ,ʰ",,index_diachronica_original.html:11244,False,syntax_other,broken-syntax,,,"Syntax Error: Expected an IPA character, Primative or Matrix, but received 'ʼ' | ɸ(ʼ,ʰ) > p | ^ @ Rule 1, Line 1"
34.5,Proto-Quechumaran to Putamayo,"Putamayo-ɸʼ,ʰ",,index_diachronica_original.html:11262,False,syntax_other,broken-syntax,,,"Syntax Error: Expected an IPA character, Primative or Matrix, but received 'ʼ' | ɸ(ʼ,ʰ) > p | ^ @ Rule 1, Line 1"
34.8,Proto-Quechumaran to Santiago,"Santiago-ɸʼ,ʰ",,index_diachronica_original.html:11331,False,syntax_other,broken-syntax,,,"Syntax Error: Expected an IPA character, Primative or Matrix, but received 'ʼ' | ɸ(ʼ,ʰ) > p | ^ @ Rule 1, Line 1"
34.8,Proto-Quechumaran to Santiago,Santiago-ʃ,,index_diachronica_original.html:11332,False,syntax_other,broken-syntax,,,"Syntax Error: Cannot have multiple underlines in an environment | ʃ > s // i_i or _P | ^ @ Rule 1, Line 1"
34.9,Proto-Quechumaran to Tena,"Tena-ɸʼ,ʰ",,index_diachronica_original.html:11359,False,syntax_other,broken-syntax,,,"Syntax Error: Expected an IPA character, Primative or Matrix, but received 'ʼ' | ɸ(ʼ,ʰ) > p | ^ @ Rule 1, Line 1"
35.1.1,Proto-Central Salish to Comox,Comox-V3ʔ,,index_diachronica_original.html:11399,False,runtime_other,broken-syntax,,,"Runtime Error: Unknown reference '3' | V3ʔ > {V3ʔ,V3:[+long]ʔ} / _# | ^ @ Rule 1, Line 1"
35.1.1,Proto-Central Salish to Comox,Comox-ʔ_2,,index_diachronica_original.html:11401,False,syntax_other,broken-syntax,,,"Syntax Error: Expected end of line, received '_'. Did you forget a '/' between the output and environment? | ʔ > V3[+son,-syll]_V | ^ @ Rule 1, Line 1"
35.1.1,Proto-Central Salish to Comox,Comox-a3~ə3,,index_diachronica_original.html:11402,False,runtime_other,broken-syntax,,,"Runtime Error: Unknown reference '3' | {a3,ə3} > {ə3,a3} | ^ @ Rule 1, Line 1"
35.1.1,Proto-Central Salish to Comox,Comox-a3~i3,,index_diachronica_original.html:11403,False,runtime_other,broken-syntax,,,"Runtime Error: Unknown reference '3' | {a3,i3} > i3 | ^ @ Rule 1, Line 1"
35.1.1,Proto-Central Salish to Comox,Comox-a1~i1,,index_diachronica_original.html:11404,False,runtime_other,broken-syntax,,,"Runtime Error: Unknown reference '1' | {a1,i1} > {a1,ə1} | ^ @ Rule 1, Line 1"
35.1.1,Proto-Central Salish to Comox,Comox-i3~ə3,,index_diachronica_original.html:11405,False,runtime_other,broken-syntax,,,"Runtime Error: Unknown reference '3' | {i3,ə3} > ə3 | ^ @ Rule 1, Line 1"
35.1.1,Proto-Central Salish to Comox,Comox-i3~ə1,,index_diachronica_original.html:11406,False,runtime_other,broken-syntax,,,"Runtime Error: Unknown reference '3' | {i3,ə1} > {ə1,i1,i3} | ^ @ Rule 1, Line 1"
35.1.1,Proto-Central Salish to Comox,Comox-i1~ə1,,index_diachronica_original.html:11407,False,runtime_other,broken-syntax,,,"Runtime Error: Unknown reference '1' | {i1,ə1} > i1 | ^ @ Rule 1, Line 1"
35.1.2,Proto-Central Salish to Chilliwack Halkomelem,Chilliwack-Halkomelem-V3h,,index_diachronica_original.html:11416,False,runtime_other,broken-syntax,,,"Runtime Error: Unknown reference '3' | V3h > V3:[+long] / _C | ^ @ Rule 1, Line 1"
35.1.2,Proto-Central Salish to Chilliwack Halkomelem,Chilliwack-Halkomelem-V3ʔ,,index_diachronica_original.html:11417,False,runtime_other,broken-syntax,,,"Runtime Error: Unknown reference '3' | V3ʔ > {V3,V3:[+long]} / _# | ^ @ Rule 1, Line 1"
35.1.2,Proto-Central Salish to Chilliwack Halkomelem,Chilliwack-Halkomelem-V3ʔ_2,,index_diachronica_original.html:11419,False,runtime_other,broken-syntax,,,"Runtime Error: Unknown reference '3' | V3ʔ > V3:[+long] / _O | ^ @ Rule 1, Line 1"
35.1.2,Proto-Central Salish to Chilliwack Halkomelem,Chilliwack-Halkomelem-V3ʔR,,index_diachronica_original.html:11421,False,runtime_other,broken-syntax,,,"Runtime Error: Unknown reference '3' | V3ʔ[+son,-syll] > V3:[+long][+son,-syll] | ^ @ Rule 1, Line 1"
35.1.2,Proto-Central Salish to Chilliwack Halkomelem,Chilliwack-Halkomelem-u3~ə3,,index_diachronica_original.html:11426,False,runtime_other,broken-syntax,,,"Runtime Error: Unknown reference '3' | {u3,ə3} > {o3,ə3,a3} | ^ @ Rule 1, Line 1"
35.1.2,Proto-Central Salish to Chilliwack Halkomelem,Chilliwack-Halkomelem-a3~ə3,,index_diachronica_original.html:11427,False,runtime_other,broken-syntax,,,"Runtime Error: Unknown reference '3' | {a3,ə3} > {ɛ3,ə3} | ^ @ Rule 1, Line 1"
35.1.2,Proto-Central Salish to Chilliwack Halkomelem,Chilliwack-Halkomelem-a3~i3,,index_diachronica_original.html:11428,False,runtime_other,broken-syntax,,,"Runtime Error: Unknown reference '3' | {a3,i3} > ɛ3 | ^ @ Rule 1, Line 1"
35.1.2,Proto-Central Salish to Chilliwack Halkomelem,Chilliwack-Halkomelem-i3~e3,,index_diachronica_original.html:11429,False,runtime_other,broken-syntax,,,"Runtime Error: Unknown reference '3' | {i3,e3} > {ə3,i3} | ^ @ Rule 1, Line 1"
35.1.2,Proto-Central Salish to Chilliwack Halkomelem,Chilliwack-Halkomelem-i3~ə1,,index_diachronica_original.html:11430,False,runtime_other,broken-syntax,,,"Runtime Error: Unknown reference '3' | {i3,ə1} > ə1 | ^ @ Rule 1, Line 1"
35.1.2,Proto-Central Salish to Chilliwack Halkomelem,Chilliwack-Halkomelem-i1~ə1,,index_diachronica_original.html:11431,False,runtime_other,broken-syntax,,,"Runtime Error: Unknown reference '1' | {i1,ə1} > ə1 | ^ @ Rule 1, Line 1"
35.1.3,Proto-Central Salish to Cowichan Halkomelem,Cowichan-Halkomelem-V3h,,index_diachronica_original.html:11439,False,runtime_other,broken-syntax,,,"Runtime Error: Unknown reference '3' | V3h > V3:[+long] / _C | ^ @ Rule 1, Line 1"
35.1.3,Proto-Central Salish to Cowichan Halkomelem,Cowichan-Halkomelem-V03ʔV0,0,index_diachronica_original.html:11440,False,runtime_other,broken-syntax,,,"Runtime Error: Unknown reference '3' | V=0 3ʔ{0} > 0 3:[+long] | ^ @ Rule 1, Line 1"
35.1.3,Proto-Central Salish to Cowichan Halkomelem,Cowichan-Halkomelem-V03ʔV0,1,index_diachronica_original.html:11440,False,runtime_other,broken-syntax,,,"Runtime Error: Unknown reference '3' | V=0 3ʔ{0} > 0 3ʔ0 | ^ @ Rule 1, Line 1"
35.1.3,Proto-Central Salish to Cowichan Halkomelem,Cowichan-Halkomelem-V3ʔR,0,index_diachronica_original.html:11441,False,runtime_other,broken-syntax,,,"Runtime Error: Unknown reference '3' | V3ʔ[+son,-syll] > V3ʔ[+son,-syll] / _V | ^ @ Rule 1, Line 1"
35.1.3,Proto-Central Salish to Cowichan Halkomelem,Cowichan-Halkomelem-V3ʔR,1,index_diachronica_original.html:11441,False,runtime_other,broken-syntax,,,"Runtime Error: Unknown reference '3' | V3ʔ[+son,-syll] > V3:[+long][+son,-syll]ʔ / _V | ^ @ Rule 1, Line 1"
35.1.3,Proto-Central Salish to Cowichan Halkomelem,"Cowichan-Halkomelem-a3-u3-a1,u1-i1",,index_diachronica_original.html:11442,False,runtime_other,broken-syntax,,,"Runtime Error: Unknown reference '3' | a3 u3 {a1,u1} i1 > ɛ3 a3 ə1 {i1,ə1} | ^ @ Rule 1, Line 1"
35.1.3,Proto-Central Salish to Cowichan Halkomelem,Cowichan-Halkomelem-a3~ə3,,index_diachronica_original.html:11443,False,runtime_other,broken-syntax,,,"Runtime Error: Unknown reference '3' | {a3,ə3} > ə3 | ^ @ Rule 1, Line 1"
35.1.3,Proto-Central Salish to Cowichan Halkomelem,Cowichan-Halkomelem-a3~i3,,index_diachronica_original.html:11444,False,runtime_other,broken-syntax,,,"Runtime Error: Unknown reference '3' | {a3,i3} > a3 | ^ @ Rule 1, Line 1"
35.1.3,Proto-Central Salish to Cowichan Halkomelem,Cowichan-Halkomelem-a1~i1,,index_diachronica_original.html:11445,False,runtime_other,broken-syntax,,,"Runtime Error: Unknown reference '1' | {a1,i1} > ə1 | ^ @ Rule 1, Line 1"
35.1.3,Proto-Central Salish to Cowichan Halkomelem,Cowichan-Halkomelem-i3~e3,,index_diachronica_original.html:11446,False,runtime_other,broken-syntax,,,"Runtime Error: Unknown reference '3' | {i3,e3} > {ə3,i3} | ^ @ Rule 1, Line 1"
35.1.3,Proto-Central Salish to Cowichan Halkomelem,Cowichan-Halkomelem-i3~ə1,,index_diachronica_original.html:11447,False,runtime_other,broken-syntax,,,"Runtime Error: Unknown reference '3' | {i3,ə1} > ə1 | ^ @ Rule 1, Line 1"
35.1.3,Proto-Central Salish to Cowichan Halkomelem,Cowichan-Halkomelem-i1~ə1,,index_diachronica_original.html:11448,False,runtime_other,broken-syntax,,,"Runtime Error: Unknown reference '1' | {i1,ə1} > ə1 | ^ @ Rule 1, Line 1"
35.1.4,Proto-Central Salish to Musqueam Halkomelem,Musqueam-Halkomelem-V3h,,index_diachronica_original.html:11456,False,runtime_other,broken-syntax,,,"Runtime Error: Unknown reference '3' | V3h > V3:[+long] / _C | ^ @ Rule 1, Line 1"
35.1.4,Proto-Central Salish to Musqueam Halkomelem,Musqueam-Halkomelem-V3ʔ,,index_diachronica_original.html:11457,False,runtime_other,broken-syntax,,,"Runtime Error: Unknown reference '3' | V3ʔ > V3{V:[+long],ʔ} / _O | ^ @ Rule 1, Line 1"
35.1.4,Proto-Central Salish to Musqueam Halkomelem,Musqueam-Halkomelem-V03ʔV0,0,index_diachronica_original.html:11458,False,runtime_other,broken-syntax,,,"Runtime Error: Unknown reference '3' | V=0 3ʔ0 > V3:[+long] | ^ @ Rule 1, Line 1"
35.1.4,Proto-Central Salish to Musqueam Halkomelem,Musqueam-Halkomelem-V03ʔV0,1,index_diachronica_original.html:11458,False,runtime_other,broken-syntax,,,"Runtime Error: Unknown reference '3' | V=0 3ʔ0 > 0 3ʔ0 | ^ @ Rule 1, Line 1"
35.1.4,Proto-Central Salish to Musqueam Halkomelem,Musqueam-Halkomelem-V3ʔR,0,index_diachronica_original.html:11459,False,runtime_other,broken-syntax,,,"Runtime Error: Unknown reference '3' | V3ʔ[+son,-syll] > V3ʔ[+son,-syll] / _V | ^ @ Rule 1, Line 1"
35.1.4,Proto-Central Salish to Musqueam Halkomelem,Musqueam-Halkomelem-V3ʔR,1,index_diachronica_original.html:11459,False,runtime_other,broken-syntax,,,"Runtime Error: Unknown reference '3' | V3ʔ[+son,-syll] > V3:[+long][+son,-syll]ʔ / _V | ^ @ Rule 1, Line 1"
35.1.4,Proto-Central Salish to Musqueam Halkomelem,Musqueam-Halkomelem-u3~ə3,,index_diachronica_original.html:11461,False,runtime_other,broken-syntax,,,"Runtime Error: Unknown reference '3' | {u3,ə3} > ə3 | ^ @ Rule 1, Line 1"
35.1.4,Proto-Central Salish to Musqueam Halkomelem,Musqueam-Halkomelem-a3~ə3,,index_diachronica_original.html:11462,False,runtime_other,broken-syntax,,,"Runtime Error: Unknown reference '3' | {a3,ə3} > {ɛ3,ə3} | ^ @ Rule 1, Line 1"
35.1.4,Proto-Central Salish to Musqueam Halkomelem,Musqueam-Halkomelem-a3~i3,,index_diachronica_original.html:11463,False,runtime_other,broken-syntax,,,"Runtime Error: Unknown reference '3' | {a3,i3} > {a3,ɛ3} | ^ @ Rule 1, Line 1"
35.1.4,Proto-Central Salish to Musqueam Halkomelem,Musqueam-Halkomelem-a1~i1,,index_diachronica_original.html:11464,False,runtime_other,broken-syntax,,,"Runtime Error: Unknown reference '1' | {a1,i1} > {ə1,ɛ1} | ^ @ Rule 1, Line 1"
35.1.4,Proto-Central Salish to Musqueam Halkomelem,Musqueam-Halkomelem-i3~e3,,index_diachronica_original.html:11465,False,runtime_other,broken-syntax,,,"Runtime Error: Unknown reference '3' | {i3,e3} > {ə3,i3} | ^ @ Rule 1, Line 1"
35.1.4,Proto-Central Salish to Musqueam Halkomelem,Musqueam-Halkomelem-i3~ə1,,index_diachronica_original.html:11466,False,runtime_other,broken-syntax,,,"Runtime Error: Unknown reference '3' | {i3,ə1} > ə1 | ^ @ Rule 1, Line 1"
35.1.4,Proto-Central Salish to Musqueam Halkomelem,Musqueam-Halkomelem-i1~ə1,,index_diachronica_original.html:11467,False,runtime_other,broken-syntax,,,"Runtime Error: Unknown reference '1' | {i1,ə1} > ə1 | ^ @ Rule 1, Line 1"
35.1.5,Proto-Central Salish to Klallam,Klallam-V03ʔV0,,index_diachronica_original.html:11479,False,runtime_other,broken-syntax,,,"Runtime Error: Unknown reference '3' | V=0 3ʔ{0} > 0 3ʔ0 | ^ @ Rule 1, Line 1"
35.1.5,Proto-Central Salish to Klallam,Klallam-a3,,index_diachronica_original.html:11481,False,expected_underscore,asca-unrepresentable,,,"Syntax Error: Expected '_', but received ',' | a3 > u3 / :{C:[+round][-fr,+bk,-hi,-lo],C:[-front,+back,+hi,-lo,+round],w}: | ^ @ Rule 1, Line 1"
35.1.5,Proto-Central Salish to Klallam,Klallam-a3_2,,index_diachronica_original.html:11482,False,runtime_other,broken-syntax,,,"Runtime Error: Unknown reference '3' | a3 > u3 / _{Cu,C:[+round][-fr,+bk,-hi,-lo],w} | ^ @ Rule 1, Line 1"
35.1.5,Proto-Central Salish to Klallam,Klallam-a1,,index_diachronica_original.html:11483,False,runtime_other,broken-syntax,,,"Runtime Error: Unknown reference '1' | a1 > ə1 | ^ @ Rule 1, Line 1"
35.1.5,Proto-Central Salish to Klallam,Klallam-u3~ə3,,index_diachronica_original.html:11484,False,runtime_other,broken-syntax,,,"Runtime Error: Unknown reference '3' | {u3,ə3} > ə3 | ^ @ Rule 1, Line 1"
35.1.5,Proto-Central Salish to Klallam,Klallam-a3~ə3,,index_diachronica_original.html:11485,False,runtime_other,broken-syntax,,,"Runtime Error: Unknown reference '3' | {a3,ə3} > ə3 | ^ @ Rule 1, Line 1"
35.1.5,Proto-Central Salish to Klallam,Klallam-a3~i3,,index_diachronica_original.html:11486,False,runtime_other,broken-syntax,,,"Runtime Error: Unknown reference '3' | {a3,i3} > ə3 | ^ @ Rule 1, Line 1"
35.1.5,Proto-Central Salish to Klallam,Klallam-a1~i1,,index_diachronica_original.html:11487,False,runtime_other,broken-syntax,,,"Runtime Error: Unknown reference '1' | {a1,i1} > ə1 | ^ @ Rule 1, Line 1"
35.1.5,Proto-Central Salish to Klallam,Klallam-i3~ə3,,index_diachronica_original.html:11488,False,runtime_other,broken-syntax,,,"Runtime Error: Unknown reference '3' | {i3,ə3} > ə3 | ^ @ Rule 1, Line 1"
35.1.5,Proto-Central Salish to Klallam,Klallam-i3~ə1,,index_diachronica_original.html:11489,False,runtime_other,broken-syntax,,,"Runtime Error: Unknown reference '3' | {i3,ə1} > ə1 | ^ @ Rule 1, Line 1"
35.1.5,Proto-Central Salish to Klallam,Klallam-i1~ə1,,index_diachronica_original.html:11490,False,runtime_other,broken-syntax,,,"Runtime Error: Unknown reference '1' | {i1,ə1} > ə1 | ^ @ Rule 1, Line 1"
35.1.6,Proto-Central Salish to Lushootseed,Lushootseed-V3h,,index_diachronica_original.html:11501,False,runtime_other,broken-syntax,,,"Runtime Error: Unknown reference '3' | V3h > V3{V:[+long],ʔ} / _C | ^ @ Rule 1, Line 1"
35.1.6,Proto-Central Salish to Lushootseed,Lushootseed-V3ʔ,,index_diachronica_original.html:11502,False,syntax_other,broken-syntax,,,"Syntax Error: Expected end of line, received '('. Did you forget a '/' between the output and environment? | V3ʔ > V3(ʔ) / _O | ^ @ Rule 1, Line 1"
35.1.6,Proto-Central Salish to Lushootseed,Lushootseed-Rʔ,,index_diachronica_original.html:11503,False,expected_underscore,asca-unrepresentable,,,"Syntax Error: Expected '_', but received '' | [+son,-syll]ʔ > ʔ[+son,-syll] / V3C | ^ @ Rule 1, Line 1"
35.1.6,Proto-Central Salish to Lushootseed,Lushootseed-u3~ə3,,index_diachronica_original.html:11505,False,runtime_other,broken-syntax,,,"Runtime Error: Unknown reference '3' | {u3,ə3} > a3 | ^ @ Rule 1, Line 1"
35.1.6,Proto-Central Salish to Lushootseed,Lushootseed-a3~ə3,,index_diachronica_original.html:11506,False,runtime_other,broken-syntax,,,"Runtime Error: Unknown reference '3' | {a3,ə3} > {ə3,a3} | ^ @ Rule 1, Line 1"
35.1.6,Proto-Central Salish to Lushootseed,Lushootseed-a1~i1,,index_diachronica_original.html:11507,False,runtime_other,broken-syntax,,,"Runtime Error: Unknown reference '1' | {a1,i1} > i1 | ^ @ Rule 1, Line 1"
35.1.6,Proto-Central Salish to Lushootseed,Lushootseed-i3~ə3,,index_diachronica_original.html:11508,False,runtime_other,broken-syntax,,,"Runtime Error: Unknown reference '3' | {i3,ə3} > {i1,ə1} | ^ @ Rule 1, Line 1"
35.1.6,Proto-Central Salish to Lushootseed,Lushootseed-i3~ə1,,index_diachronica_original.html:11509,False,runtime_other,broken-syntax,,,"Runtime Error: Unknown reference '3' | {i3,ə1} > {i3,i1} | ^ @ Rule 1, Line 1"
35.1.6,Proto-Central Salish to Lushootseed,Lushootseed-i1~ə1,,index_diachronica_original.html:11510,False,runtime_other,broken-syntax,,,"Runtime Error: Unknown reference '1' | {i1,ə1} > {ə1,i1} | ^ @ Rule 1, Line 1"
35.1.7,Proto-Central Salish to Nooksack,Nooksack-a1-u3-u1-i1,,index_diachronica_original.html:11526,False,runtime_other,broken-syntax,,,"Runtime Error: Unknown reference '1' | a1 u3 u1 i1 > æ2 o3 o1 i2 | ^ @ Rule 1, Line 1"
35.1.7,Proto-Central Salish to Nooksack,Nooksack-u3~ə3,,index_diachronica_original.html:11530,False,runtime_other,broken-syntax,,,"Runtime Error: Unknown reference '3' | {u3,ə3} > o3 | ^ @ Rule 1, Line 1"
35.1.7,Proto-Central Salish to Nooksack,Nooksack-a3~ə3,,index_diachronica_original.html:11531,False,runtime_other,broken-syntax,,,"Runtime Error: Unknown reference '3' | {a3,ə3} > æ3 | ^ @ Rule 1, Line 1"
35.1.7,Proto-Central Salish to Nooksack,Nooksack-a3~i3,,index_diachronica_original.html:11532,False,runtime_other,broken-syntax,,,"Runtime Error: Unknown reference '3' | {a3,i3} > æ3 | ^ @ Rule 1, Line 1"
35.1.7,Proto-Central Salish to Nooksack,Nooksack-a1~i1,,index_diachronica_original.html:11533,False,runtime_other,broken-syntax,,,"Runtime Error: Unknown reference '1' | {a1,i1} > æ2 | ^ @ Rule 1, Line 1"
35.1.7,Proto-Central Salish to Nooksack,Nooksack-i3~e3,,index_diachronica_original.html:11534,False,syntax_other,broken-syntax,,,"Syntax Error: Expected '..', but received .'ə' | {i3,e3} > {i3.ə3} | ^ @ Rule 1, Line 1"
35.1.7,Proto-Central Salish to Nooksack,Nooksack-i3~ə1,,index_diachronica_original.html:11535,False,runtime_other,broken-syntax,,,"Runtime Error: Unknown reference '3' | {i3,ə1} > i3 | ^ @ Rule 1, Line 1"
35.1.7,Proto-Central Salish to Nooksack,Nooksack-i1~ə1,,index_diachronica_original.html:11536,False,runtime_other,broken-syntax,,,"Runtime Error: Unknown reference '1' | {i1,ə1} > {i2,ə1} | ^ @ Rule 1, Line 1"
35.1.8,Proto-Central Salish to Lummi Northern Straits,Lummi-Northern-Straits-a3,,index_diachronica_original.html:11552,False,syntax_other,broken-syntax,,,"Syntax Error: Expected an IPA character, Primative or Matrix, but received 'ʷ' | a3 > o3 / {C[-fr,+bk,-hi,-lo]ʷ,C:[-front,+back,+hi,-lo,+round],w}_ | ^ @ Rule 1, Line 1"
35.1.8,Proto-Central Salish to Lummi Northern Straits,Lummi-Northern-Straits-a3_2,,index_diachronica_original.html:11553,False,syntax_other,broken-syntax,,,"Syntax Error: Expected an IPA character, Primative or Matrix, but received 'ʷ' | a3 > o3 / _{Cu,C[-fr,+bk,-hi,-lo]ʷ,w} | ^ @ Rule 1, Line 1"
35.1.8,Proto-Central Salish to Lummi Northern Straits,Lummi-Northern-Straits-a3_3,,index_diachronica_original.html:11554,False,syntax_other,broken-syntax,,,"Syntax Error: Expected an IPA character, Primative or Matrix, but received 'ʷ' | a3 > e3 // _{Cu,C[-fr,+bk,-hi,-lo]ʷ,w} | ^ @ Rule 1, Line 1"
35.1.8,Proto-Central Salish to Lummi Northern Straits,Lummi-Northern-Straits-a1,,index_diachronica_original.html:11555,False,runtime_other,broken-syntax,,,"Runtime Error: Unknown reference '1' | a1 > ə1 | ^ @ Rule 1, Line 1"
35.1.8,Proto-Central Salish to Lummi Northern Straits,Lummi-Northern-Straits-u3~ə3,,index_diachronica_original.html:11556,False,runtime_other,broken-syntax,,,"Runtime Error: Unknown reference '3' | {u3,ə3} > ə1 | ^ @ Rule 1, Line 1"
35.1.8,Proto-Central Salish to Lummi Northern Straits,Lummi-Northern-Straits-a3~ə3,,index_diachronica_original.html:11557,False,runtime_other,broken-syntax,,,"Runtime Error: Unknown reference '3' | {a3,ə3} > ə3 | ^ @ Rule 1, Line 1"
35.1.8,Proto-Central Salish to Lummi Northern Straits,Lummi-Northern-Straits-a3~i3,,index_diachronica_original.html:11558,False,runtime_other,broken-syntax,,,"Runtime Error: Unknown reference '3' | {a3,i3} > ə3 | ^ @ Rule 1, Line 1"
35.1.8,Proto-Central Salish to Lummi Northern Straits,Lummi-Northern-Straits-a1~i1,,index_diachronica_original.html:11559,False,runtime_other,broken-syntax,,,"Runtime Error: Unknown reference '1' | {a1,i1} > ə1 | ^ @ Rule 1, Line 1"
35.1.8,Proto-Central Salish to Lummi Northern Straits,Lummi-Northern-Straits-i3~e3,,index_diachronica_original.html:11560,False,runtime_other,broken-syntax,,,"Runtime Error: Unknown reference '3' | {i3,e3} > ə3 | ^ @ Rule 1, Line 1"
35.1.8,Proto-Central Salish to Lummi Northern Straits,Lummi-Northern-Straits-i3~ə1,,index_diachronica_original.html:11561,False,runtime_other,broken-syntax,,,"Runtime Error: Unknown reference '3' | {i3,ə1} > ə1 | ^ @ Rule 1, Line 1"
35.1.8,Proto-Central Salish to Lummi Northern Straits,Lummi-Northern-Straits-i1~ə1,,index_diachronica_original.html:11562,False,runtime_other,broken-syntax,,,"Runtime Error: Unknown reference '1' | {i1,ə1} > ə1 | ^ @ Rule 1, Line 1"
35.1.9,Proto-Central Salish to Saanich Northern Straits,Saanich-Northern-Straits-V3h,,index_diachronica_original.html:11576,False,runtime_other,broken-syntax,,,"Runtime Error: Unknown reference '3' | V3h > {V3,V3:[+long]} / _C | ^ @ Rule 1, Line 1"
35.1.9,Proto-Central Salish to Saanich Northern Straits,Saanich-Northern-Straits-a3,,index_diachronica_original.html:11579,False,syntax_other,broken-syntax,,,"Syntax Error: Expected an IPA character, Primative or Matrix, but received 'ʷ' | a3 > e3 // {C[-fr,+bk,-hi,-lo]ʷ,C:[-front,+back,+hi,-lo,+round],w}_ or when _{Cu,C[-fr,+bk,-hi,-lo]ʷ,w} | ^ @ Rule 1, Line 1"
35.1.9,Proto-Central Salish to Saanich Northern Straits,Saanich-Northern-Straits-a1,,index_diachronica_original.html:11580,False,runtime_other,broken-syntax,,,"Runtime Error: Unknown reference '1' | a1 > ə1 | ^ @ Rule 1, Line 1"
35.1.9,Proto-Central Salish to Saanich Northern Straits,Saanich-Northern-Straits-a3~ə3,,index_diachronica_original.html:11581,False,runtime_other,broken-syntax,,,"Runtime Error: Unknown reference '3' | {a3,ə3} > {ə3,e3} | ^ @ Rule 1, Line 1"
35.1.9,Proto-Central Salish to Saanich Northern Straits,Saanich-Northern-Straits-a3~i3,,index_diachronica_original.html:11582,False,runtime_other,broken-syntax,,,"Runtime Error: Unknown reference '3' | {a3,i3} > ə3 | ^ @ Rule 1, Line 1"
35.1.9,Proto-Central Salish to Saanich Northern Straits,Saanich-Northern-Straits-a1~i1,,index_diachronica_original.html:11583,False,runtime_other,broken-syntax,,,"Runtime Error: Unknown reference '1' | {a1,i1} > ə1 | ^ @ Rule 1, Line 1"
35.1.9,Proto-Central Salish to Saanich Northern Straits,Saanich-Northern-Straits-i3~e3,,index_diachronica_original.html:11584,False,runtime_other,broken-syntax,,,"Runtime Error: Unknown reference '3' | {i3,e3} > {ə3,i3} | ^ @ Rule 1, Line 1"
35.1.9,Proto-Central Salish to Saanich Northern Straits,Saanich-Northern-Straits-i3~ə1,,index_diachronica_original.html:11585,False,runtime_other,broken-syntax,,,"Runtime Error: Unknown reference '3' | {i3,ə1} > ə1 | ^ @ Rule 1, Line 1"
35.1.9,Proto-Central Salish to Saanich Northern Straits,Saanich-Northern-Straits-i1~ə1,,index_diachronica_original.html:11586,False,runtime_other,broken-syntax,,,"Runtime Error: Unknown reference '1' | {i1,ə1} > {ə1,i1} | ^ @ Rule 1, Line 1"
35.1.10,Proto-Central Salish to Songish Northern Straits,Songish-Northern-Straits-V3h,,index_diachronica_original.html:11599,False,runtime_other,broken-syntax,,,"Runtime Error: Unknown reference '3' | V3h > V3:[+long] / _C | ^ @ Rule 1, Line 1"
35.1.10,Proto-Central Salish to Songish Northern Straits,Songish-Northern-Straits-a3,,index_diachronica_original.html:11601,False,syntax_other,broken-syntax,,,"Syntax Error: Expected an IPA character, Primative or Matrix, but received 'ʷ' | a3 > a3 / {C[-fr,+bk,-hi,-lo]ʷ,C:[-front,+back,+hi,-lo,+round],w}_ | ^ @ Rule 1, Line 1"
35.1.10,Proto-Central Salish to Songish Northern Straits,Songish-Northern-Straits-a3_2,,index_diachronica_original.html:11602,False,syntax_other,broken-syntax,,,"Syntax Error: Expected an IPA character, Primative or Matrix, but received 'ʷ' | a3 > a3 / _{Cu,C[-fr,+bk,-hi,-lo]ʷ,w} | ^ @ Rule 1, Line 1"
35.1.10,Proto-Central Salish to Songish Northern Straits,Songish-Northern-Straits-a1,,index_diachronica_original.html:11603,False,runtime_other,broken-syntax,,,"Runtime Error: Unknown reference '1' | a1 > ə1 | ^ @ Rule 1, Line 1"
35.1.10,Proto-Central Salish to Songish Northern Straits,Songish-Northern-Straits-u3~ə3,,index_diachronica_original.html:11604,False,runtime_other,broken-syntax,,,"Runtime Error: Unknown reference '3' | {u3,ə3} > ə3 | ^ @ Rule 1, Line 1"
35.1.10,Proto-Central Salish to Songish Northern Straits,Songish-Northern-Straits-a3~ə3,,index_diachronica_original.html:11605,False,runtime_other,broken-syntax,,,"Runtime Error: Unknown reference '3' | {a3,ə3} > ə3 | ^ @ Rule 1, Line 1"
35.1.10,Proto-Central Salish to Songish Northern Straits,Songish-Northern-Straits-a3~i3,,index_diachronica_original.html:11606,False,runtime_other,broken-syntax,,,"Runtime Error: Unknown reference '3' | {a3,i3} > ə3 | ^ @ Rule 1, Line 1"
35.1.10,Proto-Central Salish to Songish Northern Straits,Songish-Northern-Straits-a1~i1,,index_diachronica_original.html:11607,False,runtime_other,broken-syntax,,,"Runtime Error: Unknown reference '1' | {a1,i1} > {ə1,e1} | ^ @ Rule 1, Line 1"
35.1.10,Proto-Central Salish to Songish Northern Straits,Songish-Northern-Straits-i3~e3,,index_diachronica_original.html:11608,False,runtime_other,broken-syntax,,,"Runtime Error: Unknown reference '3' | {i3,e3} > ə3 | ^ @ Rule 1, Line 1"
35.1.10,Proto-Central Salish to Songish Northern Straits,Songish-Northern-Straits-i3~ə1,,index_diachronica_original.html:11609,False,runtime_other,broken-syntax,,,"Runtime Error: Unknown reference '3' | {i3,ə1} > ə1 | ^ @ Rule 1, Line 1"
35.1.10,Proto-Central Salish to Songish Northern Straits,Songish-Northern-Straits-i1~ə1,,index_diachronica_original.html:11610,False,runtime_other,broken-syntax,,,"Runtime Error: Unknown reference '1' | {i1,ə1} > ə1 | ^ @ Rule 1, Line 1"
35.1.11,Proto-Central Salish to Sooke Northern Straits,Sooke-Northern-Straits-a3,0,index_diachronica_original.html:11624,False,syntax_other,broken-syntax,,,"Syntax Error: Expected an IPA character, Primative or Matrix, but received 'ʷ' | a3 > a3 / {C[-fr,+bk,-hi,-lo]ʷ,C:[-front,+back,+hi,-lo,+round],w}_ | ^ @ Rule 1, Line 1"
35.1.11,Proto-Central Salish to Sooke Northern Straits,Sooke-Northern-Straits-a3,1,index_diachronica_original.html:11624,False,syntax_other,broken-syntax,,,"Syntax Error: Expected an IPA character, Primative or Matrix, but received 'ʷ' | a3 > o3 / {C[-fr,+bk,-hi,-lo]ʷ,C:[-front,+back,+hi,-lo,+round],w}_ | ^ @ Rule 1, Line 1"
35.1.11,Proto-Central Salish to Sooke Northern Straits,Sooke-Northern-Straits-a3_2,,index_diachronica_original.html:11625,False,runtime_other,broken-syntax,,,"Runtime Error: Unknown reference '3' | a3 > e3 | ^ @ Rule 1, Line 1"
35.1.11,Proto-Central Salish to Sooke Northern Straits,Sooke-Northern-Straits-a1,,index_diachronica_original.html:11626,False,runtime_other,broken-syntax,,,"Runtime Error: Unknown reference '1' | a1 > ə1 | ^ @ Rule 1, Line 1"
35.1.11,Proto-Central Salish to Sooke Northern Straits,Sooke-Northern-Straits-u3~ə3,,index_diachronica_original.html:11627,False,runtime_other,broken-syntax,,,"Runtime Error: Unknown reference '3' | {u3,ə3} > ə3 | ^ @ Rule 1, Line 1"
35.1.11,Proto-Central Salish to Sooke Northern Straits,Sooke-Northern-Straits-a3~ə3,,index_diachronica_original.html:11628,False,runtime_other,broken-syntax,,,"Runtime Error: Unknown reference '3' | {a3,ə3} > ə3 | ^ @ Rule 1, Line 1"
35.1.11,Proto-Central Salish to Sooke Northern Straits,Sooke-Northern-Straits-a3~i3,,index_diachronica_original.html:11629,False,runtime_other,broken-syntax,,,"Runtime Error: Unknown reference '3' | {a3,i3} > ə3 | ^ @ Rule 1, Line 1"
35.1.11,Proto-Central Salish to Sooke Northern Straits,Sooke-Northern-Straits-a1~i1,,index_diachronica_original.html:11630,False,runtime_other,broken-syntax,,,"Runtime Error: Unknown reference '1' | {a1,i1} > ə1 | ^ @ Rule 1, Line 1"
35.1.11,Proto-Central Salish to Sooke Northern Straits,Sooke-Northern-Straits-i3~e3,,index_diachronica_original.html:11631,False,runtime_other,broken-syntax,,,"Runtime Error: Unknown reference '3' | {i3,e3} > ə3 | ^ @ Rule 1, Line 1"
35.1.11,Proto-Central Salish to Sooke Northern Straits,Sooke-Northern-Straits-i3~ə1,,index_diachronica_original.html:11632,False,runtime_other,broken-syntax,,,"Runtime Error: Unknown reference '3' | {i3,ə1} > ə1 | ^ @ Rule 1, Line 1"
35.1.11,Proto-Central Salish to Sooke Northern Straits,Sooke-Northern-Straits-i1~ə1,,index_diachronica_original.html:11633,False,runtime_other,broken-syntax,,,"Runtime Error: Unknown reference '1' | {i1,ə1} > ə1 | ^ @ Rule 1, Line 1"
35.1.12,Proto-Central Salish to Pentlatch,Pentlatch-a3~ə3,,index_diachronica_original.html:11644,False,runtime_other,broken-syntax,,,"Runtime Error: Unknown reference '3' | {a3,ə3} > ə3 | ^ @ Rule 1, Line 1"
35.1.12,Proto-Central Salish to Pentlatch,Pentlatch-a1~i1,,index_diachronica_original.html:11645,False,runtime_other,broken-syntax,,,"Runtime Error: Unknown reference '1' | {a1,i1} > {i1,ə1} | ^ @ Rule 1, Line 1"
35.1.12,Proto-Central Salish to Pentlatch,Pentlatch-i3~e3,,index_diachronica_original.html:11646,False,runtime_other,broken-syntax,,,"Runtime Error: Unknown reference '3' | {i3,e3} > {ə3,i3} | ^ @ Rule 1, Line 1"
35.1.12,Proto-Central Salish to Pentlatch,Pentlatch-i3~ə1,,index_diachronica_original.html:11647,False,runtime_other,broken-syntax,,,"Runtime Error: Unknown reference '3' | {i3,ə1} > i3 | ^ @ Rule 1, Line 1"
35.1.13,Proto-Central Salish to Sechelt,Sechelt-u3~ə3,,index_diachronica_original.html:11659,False,runtime_other,broken-syntax,,,"Runtime Error: Unknown reference '3' | {u3,ə3} > u3 | ^ @ Rule 1, Line 1"
35.1.13,Proto-Central Salish to Sechelt,Sechelt-a3~ə3,,index_diachronica_original.html:11660,False,runtime_other,broken-syntax,,,"Runtime Error: Unknown reference '3' | {a3,ə3} > ə3 | ^ @ Rule 1, Line 1"
35.1.13,Proto-Central Salish to Sechelt,Sechelt-a3~i3,,index_diachronica_original.html:11661,False,runtime_other,broken-syntax,,,"Runtime Error: Unknown reference '3' | {a3,i3} > i3 | ^ @ Rule 1, Line 1"
35.1.13,Proto-Central Salish to Sechelt,Sechelt-a1~i1,,index_diachronica_original.html:11662,False,runtime_other,broken-syntax,,,"Runtime Error: Unknown reference '1' | {a1,i1} > {i1,ə1} | ^ @ Rule 1, Line 1"
35.1.13,Proto-Central Salish to Sechelt,Sechelt-i3~e3,,index_diachronica_original.html:11663,False,runtime_other,broken-syntax,,,"Runtime Error: Unknown reference '3' | {i3,e3} > {ə3,i3} | ^ @ Rule 1, Line 1"
35.1.13,Proto-Central Salish to Sechelt,Sechelt-i3~ə1,,index_diachronica_original.html:11664,False,runtime_other,broken-syntax,,,"Runtime Error: Unknown reference '3' | {i3,ə1} > i3 | ^ @ Rule 1, Line 1"
35.1.14,Proto-Central Salish to Sqamish,Sqamish-u3~ə3,,index_diachronica_original.html:11675,False,runtime_other,broken-syntax,,,"Runtime Error: Unknown reference '3' | {u3,ə3} > ə3 | ^ @ Rule 1, Line 1"
35.1.14,Proto-Central Salish to Sqamish,Sqamish-a3~ə3,,index_diachronica_original.html:11676,False,runtime_other,broken-syntax,,,"Runtime Error: Unknown reference '3' | {a3,ə3} > {a3,ə3} | ^ @ Rule 1, Line 1"
35.1.14,Proto-Central Salish to Sqamish,Sqamish-a3~i3,,index_diachronica_original.html:11677,False,runtime_other,broken-syntax,,,"Runtime Error: Unknown reference '3' | {a3,i3} > i3 | ^ @ Rule 1, Line 1"
35.1.14,Proto-Central Salish to Sqamish,Sqamish-a1~i1,,index_diachronica_original.html:11678,False,runtime_other,broken-syntax,,,"Runtime Error: Unknown reference '1' | {a1,i1} > i1 | ^ @ Rule 1, Line 1"
35.1.14,Proto-Central Salish to Sqamish,Sqamish-i3~e3,,index_diachronica_original.html:11679,False,runtime_other,broken-syntax,,,"Runtime Error: Unknown reference '3' | {i3,e3} > {ə3,i3} | ^ @ Rule 1, Line 1"
35.1.14,Proto-Central Salish to Sqamish,Sqamish-i3~ə1,,index_diachronica_original.html:11680,False,runtime_other,broken-syntax,,,"Runtime Error: Unknown reference '3' | {i3,ə1} > i3 | ^ @ Rule 1, Line 1"
35.1.15,Proto-Central Salish to Twana,Twana-a3~ə3,,index_diachronica_original.html:11695,False,runtime_other,broken-syntax,,,"Runtime Error: Unknown reference '3' | {a3,ə3} > {ə3,a3} | ^ @ Rule 1, Line 1"
35.1.15,Proto-Central Salish to Twana,Twana-a3~i3,,index_diachronica_original.html:11696,False,runtime_other,broken-syntax,,,"Runtime Error: Unknown reference '3' | {a3,i3} > a3 | ^ @ Rule 1, Line 1"
35.1.15,Proto-Central Salish to Twana,Twana-a1~i1,,index_diachronica_original.html:11697,False,runtime_other,broken-syntax,,,"Runtime Error: Unknown reference '1' | {a1,i1} > {i1,ə1} | ^ @ Rule 1, Line 1"
35.1.15,Proto-Central Salish to Twana,Twana-i3~e3,,index_diachronica_original.html:11698,False,runtime_other,broken-syntax,,,"Runtime Error: Unknown reference '3' | {i3,e3} > {i3,ə3} | ^ @ Rule 1, Line 1"
35.1.15,Proto-Central Salish to Twana,Twana-i3~ə1,,index_diachronica_original.html:11699,False,runtime_other,broken-syntax,,,"Runtime Error: Unknown reference '3' | {i3,ə1} > {i3,i1} | ^ @ Rule 1, Line 1"
35.1.15,Proto-Central Salish to Twana,Twana-i1~ə1,,index_diachronica_original.html:11700,False,runtime_other,broken-syntax,,,"Runtime Error: Unknown reference '1' | {i1,ə1} > i1 | ^ @ Rule 1, Line 1"
35.2.2,Proto-Interior Salish to Thompson Nasal-to-Vowel Shifts,Vowel-Shifts_2-n̩,,index_diachronica_original.html:11714,False,syntax_other,broken-syntax,,,"Syntax Error: Expected an IPA character, Primative or Matrix, but received '' | n̩ > e / n_ (this is admittedly a bit conjectural | ^ @ Rule 1, Line 1"
35.3,Shuswap to Eastern Shuswap Nasal-to-Vowel Shifts,Vowel-Shifts_3-em-emˀ_2,,index_diachronica_original.html:11720,False,expected_underscore,asca-unrepresentable,,,"Syntax Error: Expected '_', but received '//' | em emˀ > a aʔ / %[-stress] // {p:[+cg],p,m(ˀ)}_ | ^^ @ Rule 1, Line 1"
35.3,Shuswap to Eastern Shuswap Nasal-to-Vowel Shifts,Vowel-Shifts_3-en-enˀ,,index_diachronica_original.html:11721,False,syntax_other,broken-syntax,,,"Syntax Error: Expected an IPA character, Primative or Matrix, but received '(' | en enˀ > i iʔ / {ts:[+cg],ts,s,j(ˀ)}_ in %[-stress] | ^ @ Rule 1, Line 1"
35.3,Shuswap to Eastern Shuswap Nasal-to-Vowel Shifts,Vowel-Shifts_3-en-enˀ_2,,index_diachronica_original.html:11722,False,expected_underscore,asca-unrepresentable,,,"Syntax Error: Expected '_', but received '//' | en enˀ > a ʔ / %[-stress] // {t:[+cg],t,lʲ,n(ˀ),l(ˀ)}_ | ^^ @ Rule 1, Line 1"
36.1.1,Late Middle Chinese to Old Mandarin,Old-Mandarin-Cʲ,,index_diachronica_original.html:11756,False,unknown_character,asca-unrepresentable,Ạ,,"Syntax Error: Unknown character 'Ạ' | C:[+cor,+dist] > C {Ạ,F̣}_ | ^ @ Rule 1, Line 1"
36.1.1,Late Middle Chinese to Old Mandarin,Old-Mandarin-Cʲ_2,,index_diachronica_original.html:11757,False,unknown_character,asca-unrepresentable,̣,,"Syntax Error: Unknown character '̣' | C:[+cor,+dist] > C̣ | ^ @ Rule 1, Line 1"
36.1.1,Late Middle Chinese to Old Mandarin,Old-Mandarin-V1,,index_diachronica_original.html:11759,False,expected_underscore,asca-unrepresentable,,,"Syntax Error: Expected '_', but received '/' | V1 > V2 / syllables with /ɦ/, a nasal, or a liquid | ^ @ Rule 1, Line 1"
36.1.1,Late Middle Chinese to Old Mandarin,Old-Mandarin-V3,,index_diachronica_original.html:11760,False,expected_underscore,asca-unrepresentable,,,"Syntax Error: Expected '_', but received '/' | V3 > V4 / syllables with /ɦ/ | ^ @ Rule 1, Line 1"
36.1.1,Late Middle Chinese to Old Mandarin,Old-Mandarin-V5,,index_diachronica_original.html:11762,False,expected_underscore,asca-unrepresentable,,,"Syntax Error: Expected '_', but received '/' | V5 > V2 / syllables with /ɦ/ | ^ @ Rule 1, Line 1"
36.1.1,Late Middle Chinese to Old Mandarin,Old-Mandarin-V5_2,,index_diachronica_original.html:11763,False,expected_underscore,asca-unrepresentable,,,"Syntax Error: Expected '_', but received '' | V5 > V4 / syllables with a nasal or liquid | ^ @ Rule 1, Line 1"
36.1.1,Late Middle Chinese to Old Mandarin,Old-Mandarin-V5_3,,index_diachronica_original.html:11764,False,expected_underscore,asca-unrepresentable,,,"Syntax Error: Expected '_', but received '' | V5 > V3 // syllables with a nasal or liquid | ^ @ Rule 1, Line 1"
36.1.1,Late Middle Chinese to Old Mandarin,Old-Mandarin-i,,index_diachronica_original.html:11769,False,expected_underscore,asca-unrepresentable,,,"Syntax Error: Expected '_', but received 'ʷ' | i > ∅ / :{C_a,Cʷ_a}: | ^ @ Rule 1, Line 1"
36.1.1,Late Middle Chinese to Old Mandarin,Old-Mandarin-ia,,index_diachronica_original.html:11770,False,expected_underscore,asca-unrepresentable,,,"Syntax Error: Expected '_', but received 'ʷ' | ia > e // :{C_a,Cʷ_a}: | ^ @ Rule 1, Line 1"
36.1.1,Late Middle Chinese to Old Mandarin,Old-Mandarin-o,,index_diachronica_original.html:11772,False,expected_number,asca-unrepresentable,,,"Syntax Error: Expected number, but received { | o > a / C_w // C = {C:[-front,+back,+hi,-lo],C[+pharyngeal]} | ^ @ Rule 1, Line 1"
36.1.1,Late Middle Chinese to Old Mandarin,Old-Mandarin-∅_2,,index_diachronica_original.html:11785,False,expected_number,asca-unrepresentable,,,"Syntax Error: Expected number, but received { | ∅ > w / C_o# // C = {C:[-front,+back,+hi,-lo],C[+pharyngeal]} | ^ @ Rule 1, Line 1"
36.1.1,Late Middle Chinese to Old Mandarin,Old-Mandarin-w_2,,index_diachronica_original.html:11786,False,unknown_character,asca-unrepresentable,̣,,"Syntax Error: Unknown character '̣' | w > ∅ / C̣Cʲ_?w | ^ @ Rule 1, Line 1"
36.1.1,Late Middle Chinese to Old Mandarin,Old-Mandarin-wʲ,,index_diachronica_original.html:11790,False,syntax_other,broken-syntax,,,"Syntax Error: Expected end of line, received 'ʲ'. Did you forget a '/' between the output and environment? | wʲ > w / _?Cʲ | ^ @ Rule 1, Line 1"
36.1.1,Late Middle Chinese to Old Mandarin,Old-Mandarin-∅_3,,index_diachronica_original.html:11791,False,unknown_character,asca-unrepresentable,̣,,"Syntax Error: Unknown character '̣' | ∅ > w / C̣_aŋ | ^ @ Rule 1, Line 1"
36.1.1,Late Middle Chinese to Old Mandarin,Old-Mandarin-wʲ_3,,index_diachronica_original.html:11794,False,unknown_character,asca-unrepresentable,̣,,"Syntax Error: Unknown character '̣' | wʲ > w / C̣_oŋ | ^ @ Rule 1, Line 1"
36.1.1.1,Old Mandarin to Modern Pekingese,Modern-Pekingese-#r…î#,,index_diachronica_original.html:11806,False,other,broken-syntax,,,DiachronicSeries has no active SoundChangeRule lines to validate
36.1.1.1,Old Mandarin to Modern Pekingese,Modern-Pekingese-j_2,,index_diachronica_original.html:11808,False,unknown_character,asca-unrepresentable,̣,,"Syntax Error: Unknown character '̣' | j > ∅ / C̣_ | ^ @ Rule 1, Line 1"
36.1.1.1,Old Mandarin to Modern Pekingese,Modern-Pekingese-î,,index_diachronica_original.html:11810,False,expected_number,asca-unrepresentable,,,"Syntax Error: Expected number, but received r | i > e / _C# // C = r | ^ @ Rule 1, Line 1"
36.1.1.1,Old Mandarin to Modern Pekingese,Modern-Pekingese-kʰ-h,,index_diachronica_original.html:11812,False,unknown_character,asca-unrepresentable,͡,,"Syntax Error: Unknown character '͡' | {k,kʰ} h > {ɕ͡,ɕ͡ʰ} ɕ / _j | ^ @ Rule 1, Line 1"
36.2,Sin Sukchu to Guānhuà,Guānhuà-ŋ_3,,index_diachronica_original.html:11833,False,format_error,broken-syntax,,,format_error: no compile steps from stages
36.2,Sin Sukchu to Guānhuà,Guānhuà-i,,index_diachronica_original.html:11840,False,syntax_other,broken-syntax,,,"Syntax Error: Feature 'long' has no modifier | i > [long-tail vowel thing] / C̣_ | ^^^^ @ Rule 1, Line 1"
36.2,Sin Sukchu to Guānhuà,Guānhuà-iʔ-iw,,index_diachronica_original.html:11841,False,unknown_character,asca-unrepresentable,̣,,"Syntax Error: Unknown character '̣' | iʔ iw > eʔ ew / C̣_ | ^ @ Rule 1, Line 1"
36.2,Sin Sukchu to Guānhuà,Guānhuà-iʔ,,index_diachronica_original.html:11842,False,syntax_other,broken-syntax,,,"Syntax Error: Feature 'truncated' has no modifier | ieʔ > i[truncated vowel-thing]ʔ?) | ^^^^^^^^^ @ Rule 1, Line 2"
36.2,Sin Sukchu to Guānhuà,Guānhuà-uʔ,,index_diachronica_original.html:11843,False,syntax_other,broken-syntax,,,"Syntax Error: Expected end of line, received ')'. Did you forget a '/' between the output and environment? | oʔ > uɛʔ?) | ^ @ Rule 1, Line 2"
36.2,Sin Sukchu to Guānhuà,Guānhuà-uj_3,,index_diachronica_original.html:11845,False,syntax_other,broken-syntax,,,"Syntax Error: Expected an IPA character, Primative or Matrix, but received '∅' | uj > uɛi / {C:[+labial],C[+laryngeal],∅}_ | ^ @ Rule 1, Line 1"
36.2,Sin Sukchu to Guānhuà,Guānhuà-ujʔ,,index_diachronica_original.html:11847,False,syntax_other,broken-syntax,,,"Syntax Error: Expected end of line, received ')'. Did you forget a '/' between the output and environment? | uɛʔ > uɔʔ?) | ^ @ Rule 1, Line 2"
36.2,Sin Sukchu to Guānhuà,Guānhuà-juŋ,,index_diachronica_original.html:11851,False,syntax_other,broken-syntax,,,"Syntax Error: Expected an IPA character, Primative or Matrix, but received '∅' | juŋ > iuŋ / _{∅,x,ʋ,ʔ} | ^ @ Rule 1, Line 1"
36.2,Sin Sukchu to Guānhuà,Guānhuà-juŋ_2,,index_diachronica_original.html:11852,False,syntax_other,broken-syntax,,,"Syntax Error: Expected ASCII character, but received 'í' | juŋ > iuŋ / _ɡ[+píng tone] | ^ @ Rule 1, Line 1"
36.2,Sin Sukchu to Guānhuà,Guānhuà-juŋ_3,,index_diachronica_original.html:11853,False,syntax_other,broken-syntax,,,"Syntax Error: Expected end of line, received ')'. Did you forget a '/' between the output and environment? | uŋ > oŋ dialectally?) | ^ @ Rule 1, Line 2"
36.2,Sin Sukchu to Guānhuà,Guānhuà-y,,index_diachronica_original.html:11855,False,unknown_character,asca-unrepresentable,̣,,"Syntax Error: Unknown character '̣' | y > ɥ / C̣_ | ^ @ Rule 1, Line 1"
36.2,Sin Sukchu to Guānhuà,Guānhuà-yʔ,,index_diachronica_original.html:11856,False,expected_underscore,asca-unrepresentable,,,"Syntax Error: Expected '_', but received '' | yʔ > yɛʔ / {l,C[+cor,+anterior,+dist +strident]}_ infinals, dialectally? | ^ @ Rule 1, Line 1"
36.2,Sin Sukchu to Guānhuà,Guānhuà-yʔ_2,,index_diachronica_original.html:11857,False,nested_brackets,asca-unrepresentable,,,"Syntax Error: Cannot have nested brackets of the same type | oʔ > {ʊʔ,(i)uʔ?) / {l,C[+cor,+anterior,+dist +strident]}_, in | ^ @ Rule 1, Line 2"
36.2,Sin Sukchu to Guānhuà,Guānhuà-yʔ_3,0,index_diachronica_original.html:11858,False,syntax_other,broken-syntax,,,"Syntax Error: Expected an IPA character, Primative or Matrix, but received '∅' | yʔ > yʔ / {∅,C[+laryngeal]}, in -juət-types | ^ @ Rule 1, Line 1"
36.2,Sin Sukchu to Guānhuà,Guānhuà-yʔ_3,1,index_diachronica_original.html:11858,False,syntax_other,broken-syntax,,,"Syntax Error: Expected an IPA character, Primative or Matrix, but received '∅' | yʔ > yɛʔ? / {∅,C[+laryngeal]}, in -juət-types | ^ @ Rule 1, Line 1"
36.2,Sin Sukchu to Guānhuà,Guānhuà-yʔ_4,,index_diachronica_original.html:11859,False,syntax_other,broken-syntax,,,"Syntax Error: Expected an IPA character, Primative or Matrix, but received '∅' | yʔ > ioʔ / {∅,C[+laryngeal]}_, in -k-types | ^ @ Rule 1, Line 1"
36.2,Sin Sukchu to Guānhuà,Guānhuà-yʔ_5,0,index_diachronica_original.html:11860,False,unknown_character,asca-unrepresentable,̣,,"Syntax Error: Unknown character '̣' | yʔ > ɥʔ / C̣, in -juət-types | ^ @ Rule 1, Line 1"
36.2,Sin Sukchu to Guānhuà,Guānhuà-yʔ_5,1,index_diachronica_original.html:11860,False,unknown_character,asca-unrepresentable,̣,,"Syntax Error: Unknown character '̣' | yʔ > yʔ / C̣, in -juət-types | ^ @ Rule 1, Line 1"
36.2,Sin Sukchu to Guānhuà,Guānhuà-yʔ_5,2,index_diachronica_original.html:11860,False,unknown_character,asca-unrepresentable,̣,,"Syntax Error: Unknown character '̣' | yʔ > uʔ / C̣, in -juət-types | ^ @ Rule 1, Line 1"
36.2,Sin Sukchu to Guānhuà,Guānhuà-yʔ_6,,index_diachronica_original.html:11861,False,unknown_character,asca-unrepresentable,̣,,"Syntax Error: Unknown character '̣' | oʔ > ʊʔ?) / C̣_, in -k-types | ^ @ Rule 1, Line 2"
36.2,Sin Sukchu to Guānhuà,Guānhuà-yn,,index_diachronica_original.html:11863,False,unknown_character,asca-unrepresentable,̣,,"Syntax Error: Unknown character '̣' | yn > un / C̣_ | ^ @ Rule 1, Line 1"
36.2,Sin Sukchu to Guānhuà,Guānhuà-je-jeʔ-yeʔ,,index_diachronica_original.html:11864,False,unknown_character,asca-unrepresentable,̣,,"Syntax Error: Unknown character '̣' | je jeʔ yeʔ > ɛ ɛʔ uɛʔ / C̣_ | ^ @ Rule 1, Line 1"
36.2,Sin Sukchu to Guānhuà,Guānhuà-yeʔ,,index_diachronica_original.html:11866,False,syntax_other,broken-syntax,,,"Syntax Error: Expected end of line, received ')'. Did you forget a '/' between the output and environment? | yɛʔ > {uɔʔ,yɔʔ} in southern speech?) | ^ @ Rule 1, Line 2"
36.2,Sin Sukchu to Guānhuà,Guānhuà-jew,,index_diachronica_original.html:11868,False,unknown_character,asca-unrepresentable,̣,,"Syntax Error: Unknown character '̣' | jew > au / :{C̣_,C̣C_}: | ^ @ Rule 1, Line 1"
36.2,Sin Sukchu to Guānhuà,Guānhuà-jew_2,,index_diachronica_original.html:11869,False,unknown_character,asca-unrepresentable,̣,,"Syntax Error: Unknown character '̣' | jew > iau // :{C̣_,C̣C_}: | ^ @ Rule 1, Line 1"
36.2,Sin Sukchu to Guānhuà,"Guānhuà-jem,jen",,index_diachronica_original.html:11870,False,unknown_character,asca-unrepresentable,̣,,"Syntax Error: Unknown character '̣' | {jem,jen} > iɛn / sometimes after C̣_ (but // ʐ_) | ^ @ Rule 1, Line 1"
36.2,Sin Sukchu to Guānhuà,Guānhuà-yen,,index_diachronica_original.html:11871,False,unknown_character,asca-unrepresentable,̣,,"Syntax Error: Unknown character '̣' | yen > uɛn / C̣_ | ^ @ Rule 1, Line 1"
36.2,Sin Sukchu to Guānhuà,Guānhuà-wɔ,,index_diachronica_original.html:11874,False,syntax_other,broken-syntax,,,"Syntax Error: Expected end of line, received ')'. Did you forget a '/' between the output and environment? | ɔ > uɔ after a guttural?) | ^ @ Rule 1, Line 2"
36.2,Sin Sukchu to Guānhuà,"Guānhuà-jawʔ,wawʔ",,index_diachronica_original.html:11885,False,unknown_character,asca-unrepresentable,̣,,"Syntax Error: Unknown character '̣' | {jawʔ,wawʔ} > ɔʔ / C̣_ | ^ @ Rule 1, Line 1"
36.2,Sin Sukchu to Guānhuà,Guānhuà-aŋ-jaŋ,,index_diachronica_original.html:11891,False,unknown_character,asca-unrepresentable,̣,,"Syntax Error: Unknown character '̣' | aŋ jaŋ > uaŋ aŋ / C̣_ | ^ @ Rule 1, Line 1"
36.3.1.1,Proto-Naish to Laze,"Laze-r,spʰ-r,sNp,mb",,index_diachronica_original.html:11923,False,syntax_other,broken-syntax,,,"Syntax Error: Expected an IPA character, Primative or Matrix, but received 'ʰ' | {r,s}p(ʰ) {r,s}{Np,mb,b} > f v / _V | ^ @ Rule 1, Line 1"
36.3.1.1,Proto-Naish to Laze,"Laze-r,sl-r,sn",,index_diachronica_original.html:11926,False,syntax_other,broken-syntax,,,"Syntax Error: Expected end of line, received '̥'. Did you forget a '/' between the output and environment? | {r,s}l {r,s}n > l̥ N̥ / $_V | ^ @ Rule 1, Line 1"
36.3.1.1,Proto-Naish to Laze,Laze-N̥V,,index_diachronica_original.html:11928,False,prose_or_expected_arrow,asca-unrepresentable,,,"Syntax Error: Expected '>', '->' or '=>', but received '̥' | N̥V > hṽ | ^ @ Rule 1, Line 1"
36.3.1.3,Proto-Naish to Naxi,"Naxi-r,sN",,index_diachronica_original.html:11974,False,syntax_other,broken-syntax,,,"Syntax Error: Expected end of line, received '̥'. Did you forget a '/' between the output and environment? | {r,s}N > N̥ | ^ @ Rule 1, Line 1"
36.3.2.1,Proto-rGyalrongic to bTshan La,bTshan-La-N,,index_diachronica_original.html:11997,False,syntax_other,broken-syntax,,,"Syntax Error: Expected '..', but received .'n' | N > m / _{ŋ.nj} | ^ @ Rule 1, Line 1"
36.3.2.1,Proto-rGyalrongic to bTshan La,bTshan-La-w,,index_diachronica_original.html:11999,False,expected_underscore,asca-unrepresentable,,,"Syntax Error: Expected '_', but received '' | w > ʔ / something to do with either back vowels or prefixes | ^ @ Rule 1, Line 1"
36.3.2.1.1,Proto-rGyalrongic to Chos Kia,"Chos-Kia-p-çp-çb-rP-Np-Nb-pr-br,pj",,index_diachronica_original.html:12016,False,syntax_other,broken-syntax,,,"Syntax Error: Expected '..', but received .' ' | p çp b rC:[+labial] Np Nb pr {br,pj} > p. ç.w p rp. kj m.p n.br p.j | ^ @ Rule 1, Line 1"
36.3.2.1.1,Proto-rGyalrongic to Chos Kia,Chos-Kia-t-st-tr-d-sd-çdr-Nt-çT-KT,,index_diachronica_original.html:12018,False,syntax_other,broken-syntax,,,"Syntax Error: Expected '..', but received .' ' | t st tr d sd dr Nt çP:[-voice] C:[-front,+back,+hi,-lo]P:[-voice] > t. s.d tr. t s.t (ç.)tr m.t. n.dr ɡ.t | ^ @ Rule 1, Line 1"
36.3.2.1.1,Proto-rGyalrongic to Chos Kia,Chos-Kia-çK,,index_diachronica_original.html:12020,False,syntax_other,broken-syntax,,,"Syntax Error: Expected '..', but received .'k' | çC:[-front,+back,+hi,-lo] > ç.k | ^ @ Rule 1, Line 1"
36.3.2.1.1,Proto-rGyalrongic to Chos Kia,Chos-Kia-kj-Nkj-ʔkj-ɡj-sɡj,,index_diachronica_original.html:12023,False,syntax_other,broken-syntax,,,"Syntax Error: Expected '..', but received .' ' | kj Nkj ʔkj ɡj sɡj > kj. nj ɡ.tsʰ kj skj. | ^ @ Rule 1, Line 1"
36.3.2.1.1,Proto-rGyalrongic to Chos Kia,Chos-Kia-kr-sɡr,,index_diachronica_original.html:12024,False,syntax_other,broken-syntax,,,"Syntax Error: Expected '..', but received .'b' | kr {sɡr,ɡr} > n.br {skr,kr} | ^ @ Rule 1, Line 1"
36.3.2.1.1,Proto-rGyalrongic to Chos Kia,Chos-Kia-K,,index_diachronica_original.html:12026,False,syntax_other,broken-syntax,,,"Syntax Error: Expected '..', but received .' ' | C:[-front,+back,+hi,-lo] > ɡ. / _ç | ^ @ Rule 1, Line 1"
36.3.2.1.1,Proto-rGyalrongic to Chos Kia,Chos-Kia-Nç,,index_diachronica_original.html:12027,False,syntax_other,broken-syntax,,,"Syntax Error: Expected '..', but received .'p' | Nç > n.pj. | ^ @ Rule 1, Line 1"
36.3.2.1.1,Proto-rGyalrongic to Chos Kia,Chos-Kia-Kts,,index_diachronica_original.html:12029,False,syntax_other,broken-syntax,,,"Syntax Error: Expected '..', but received .'t' | C:[-front,+back,+hi,-lo]ts > ɡ.tsʰ. | ^ @ Rule 1, Line 1"
36.3.2.1.1,Proto-rGyalrongic to Chos Kia,Chos-Kia-lTS,,index_diachronica_original.html:12030,False,syntax_other,broken-syntax,,,"Syntax Error: Expected '..', but received .'d' | lP:[-voice]P > l.dz | ^ @ Rule 1, Line 1"
36.3.2.1.1,Proto-rGyalrongic to Chos Kia,Chos-Kia-ts-rdz-dʒ-PTS-KTS-sTS-çTS,,index_diachronica_original.html:12031,False,syntax_other,broken-syntax,,,"Syntax Error: Expected '..', but received .'t' | ts {rdz,dz} dʒ C:[+labial]P:[-voice]P C:[-front,+back,+hi,-lo]P:[-voice]P sP:[-voice]P çP:[-voice]P > {tsʰ,s} {rts,ts} tsʰ ɡ.ts s.{ts,pj} {s.ts,br} | ^ @ Rule 1, Line 1"
36.3.2.1.1,Proto-rGyalrongic to Chos Kia,Chos-Kia-çm-çnj,,index_diachronica_original.html:12033,False,syntax_other,broken-syntax,,,"Syntax Error: Expected '..', but received .'n' | çm çnj > ç.n | ^ @ Rule 1, Line 1"
36.3.2.1.1,Proto-rGyalrongic to Chos Kia,Chos-Kia-N_2,,index_diachronica_original.html:12034,False,syntax_other,broken-syntax,,,"Syntax Error: Expected '..', but received .' ' | N > m. / _ŋ | ^ @ Rule 1, Line 1"
36.3.2.1.1,Proto-rGyalrongic to Chos Kia,Chos-Kia-rnj,,index_diachronica_original.html:12037,False,syntax_other,broken-syntax,,,"Syntax Error: Expected '..', but received .'m' | rnj > r.mj | ^ @ Rule 1, Line 1"
36.3.2.1.1,Proto-rGyalrongic to Chos Kia,Chos-Kia-a-ap-at-ar-am-aj,,index_diachronica_original.html:12046,False,syntax_other,broken-syntax,,,"Syntax Error: Expected '..', but received .'i' | a ap at ar am aj > e eb {e,ed} er om e.i | ^ @ Rule 1, Line 1"
36.3.2.1.1,Proto-rGyalrongic to Chos Kia,Chos-Kia-et-ej,,index_diachronica_original.html:12049,False,syntax_other,broken-syntax,,,"Syntax Error: Expected '..', but received .'i' | et ej > o e.i | ^ @ Rule 1, Line 1"
36.3.2.1.2,Proto-rGyalrongic to Hanniu,Hanniu-p-k-ts,,index_diachronica_original.html:12059,False,syntax_other,broken-syntax,,,"Syntax Error: Expected '..', but received .' ' | p k ts > p. k. tʃ. | ^ @ Rule 1, Line 1"
36.3.2.1.2,Proto-rGyalrongic to Hanniu,Hanniu-m,,index_diachronica_original.html:12061,False,syntax_other,broken-syntax,,,"Syntax Error: Expected '..', but received .' ' | m > mt. | ^ @ Rule 1, Line 1"
36.3.2.1.2,Proto-rGyalrongic to Hanniu,Hanniu-an-at.is,,index_diachronica_original.html:12067,False,syntax_other,broken-syntax,,,"Syntax Error: Expected '..', but received .'i' | an {at.is} > o ie | ^ @ Rule 1, Line 1"
36.3.2.2.1,Proto-rGyalrongic to Kham To,Kham-To-p-b-pr-br-çp,,index_diachronica_original.html:12087,False,syntax_other,broken-syntax,,,"Syntax Error: Expected '..', but received .'j' | p b pr br çp > p.j p br pj ʃb | ^ @ Rule 1, Line 1"
36.3.2.2.1,Proto-rGyalrongic to Kham To,Kham-To-k-Nɡ,,index_diachronica_original.html:12091,False,syntax_other,broken-syntax,,,"Syntax Error: Expected '..', but received .' ' | k {Nɡ,ɡ} > k. {mk,k} | ^ @ Rule 1, Line 1"
36.3.2.2.1,Proto-rGyalrongic to Kham To,"Kham-To-ts-dz,KTS-NTS-rdz-dzl-dʒ",,index_diachronica_original.html:12095,False,syntax_other,broken-syntax,,,"Syntax Error: Expected '..', but received .'}' | ts {dz,C:[-front,+back,+hi,-lo]P:[-voice]P} NP:[-voice]P rdz dzl dʒ > s ts {dz,mtʃ.} rts tsl tʃ. | ^ @ Rule 1, Line 1"
36.3.2.2.2,Proto-rGyalrongic to lCog Rtse,lCog-Rtse-*w,,index_diachronica_original.html:12128,False,syntax_other,broken-syntax,,,"Syntax Error: The input of an insertion rule must only contain `*` or `∅` | *w > ʔ / something to do either with back vowels or prefixes | ^ @ Rule 1, Line 1"
36.3.2.2.3,Proto-rGyalrongic to Pati,Pati-ts-dʒ-NTS,,index_diachronica_original.html:12140,False,syntax_other,broken-syntax,,,"Syntax Error: Expected '..', but received .'}' | ts dʒ NP:[-voice]P > {s,tʃ.} tʃ. m | ^ @ Rule 1, Line 1"
36.3.2.2.4,Proto-rGyalrongic to Suo Mo,"Suo-Mo-p,b-Np-pr-s,rP-çb-Nb",,index_diachronica_original.html:12151,False,syntax_other,broken-syntax,,,"Syntax Error: Expected '..', but received .'s' | {p,b} Np pr {s,r}C:[+labial] çb Nb > p mp mbr sp ʃp p.s | ^ @ Rule 1, Line 1"
36.3.2.2.4,Proto-rGyalrongic to Suo Mo,Suo-Mo-Nt-tr-d-KT-çT,,index_diachronica_original.html:12152,False,syntax_other,broken-syntax,,,"Syntax Error: Expected '..', but received .' ' | Nt tr d C:[-front,+back,+hi,-lo]P:[-voice] çP:[-voice] > mt. tʂ t kt ʃt | ^ @ Rule 1, Line 1"
36.3.2.2.4,Proto-rGyalrongic to Suo Mo,"Suo-Mo-kr-rk-rK,Pɡ-ɡ-Pɡ-sɡ",,index_diachronica_original.html:12153,False,syntax_other,broken-syntax,,,"Syntax Error: Expected '..', but received .'r' | kr rk {rC:[-front,+back,+hi,-lo],C:[+labial]ɡ} ɡ C:[+labial]ɡ sɡ > k.r rk. pk k sk | ^ @ Rule 1, Line 1"
36.3.2.2.4,Proto-rGyalrongic to Suo Mo,Suo-Mo-ɡj,,index_diachronica_original.html:12154,False,syntax_other,broken-syntax,,,"Syntax Error: Expected end of line, received ')'. Did you forget a '/' between the output and environment? | cç ? > tsç?) | ^ @ Rule 1, Line 2"
36.3.2.2.4,Proto-rGyalrongic to Suo Mo,Suo-Mo-ʔkj,,index_diachronica_original.html:12155,False,syntax_other,broken-syntax,,,"Syntax Error: Expected '..', but received .' ' | ʔkj > ktʃ. | ^ @ Rule 1, Line 1"
36.3.2.2.4,Proto-rGyalrongic to Suo Mo,Suo-Mo-lts-rts-NTS-PTS-STS,,index_diachronica_original.html:12160,False,syntax_other,broken-syntax,,,"Syntax Error: Expected '..', but received .' ' | lts rts NP:[-voice]P C:[+labial]P:[-voice]P PP:[-voice]P > lɖʐ rts. {mdzr,mtʃ} nt. sts | ^ @ Rule 1, Line 1"
36.3.2.2.4,Proto-rGyalrongic to Suo Mo,Suo-Mo-ts-dʒ,,index_diachronica_original.html:12161,False,syntax_other,broken-syntax,,,"Syntax Error: Expected '..', but received .' ' | ts dʒ > tʃ. tʃ | ^ @ Rule 1, Line 1"
36.3.2.2.6,Proto-rGyalrongic to Tsa Ku Nao,Tsa-Ku-Nao-Nb,,index_diachronica_original.html:12197,False,syntax_other,broken-syntax,,,"Syntax Error: Expected '..', but received .' ' | Nb > p. | ^ @ Rule 1, Line 1"
36.3.2.2.6,Proto-rGyalrongic to Tsa Ku Nao,"Tsa-Ku-Nao-k-sɡ,çK-Nɡ-rK",,index_diachronica_original.html:12199,False,syntax_other,broken-syntax,,,"Syntax Error: Expected '..', but received .' ' | k {sɡ,çC:[-front,+back,+hi,-lo]} Nɡ rC:[-front,+back,+hi,-lo] > k. sk mɡ nk | ^ @ Rule 1, Line 1"
36.3.2.2.6,Proto-rGyalrongic to Tsa Ku Nao,Tsa-Ku-Nao-kj,,index_diachronica_original.html:12200,False,syntax_other,broken-syntax,,,"Syntax Error: Expected '..', but received .' ' | kj > tʃ. | ^ @ Rule 1, Line 1"
36.3.2.2.6,Proto-rGyalrongic to Tsa Ku Nao,Tsa-Ku-Nao-Pç-Nç-çl,,index_diachronica_original.html:12203,False,syntax_other,broken-syntax,,,"Syntax Error: Expected '..', but received .'j' | {C:[+labial]}ç Nç çl > {bɕ,ɕ} np.j ʂl | ^ @ Rule 1, Line 1"
36.3.2.2.6,Proto-rGyalrongic to Tsa Ku Nao,Tsa-Ku-Nao-an,,index_diachronica_original.html:12215,False,unknown_character,asca-unrepresentable,ɿ,,"Syntax Error: Unknown character 'ɿ' | an > ɿɛ | ^ @ Rule 1, Line 1"
36.3.2.2.6,Proto-rGyalrongic to Tsa Ku Nao,Tsa-Ku-Nao-iŋ,,index_diachronica_original.html:12219,False,unknown_character,asca-unrepresentable,ʅ,,"Syntax Error: Unknown character 'ʅ' | iŋ > ʅ | ^ @ Rule 1, Line 1"
36.3.2.2.7,Proto-rGyalrongic to Tzu Ta,Tzu-Ta-Pç,,index_diachronica_original.html:12235,False,syntax_other,broken-syntax,,,"Syntax Error: Expected '..', but received .'ç' | C:[+labial]ç > b.ç | ^ @ Rule 1, Line 1"
36.3.2.2.8,Proto-rGyalrongic to Wassu,Wassu-k-kr-kj-ɡ,,index_diachronica_original.html:12262,False,syntax_other,broken-syntax,,,"Syntax Error: Expected '..', but received .' ' | k kr kj ɡ > k. k.r ts. ɡ | ^ @ Rule 1, Line 1"
36.3.2.2.8,Proto-rGyalrongic to Wassu,Wassu-ts-dzl-NTS,,index_diachronica_original.html:12265,False,syntax_other,broken-syntax,,,"Syntax Error: Expected '..', but received .',' | ts dzl NP:[-voice]P > {tʃ.,j} tsl m | ^ @ Rule 1, Line 1"
36.3.3.1,Old Tibetan to Amdo dialects,"Amdo-dialects-d,ɡ,s,l,r",,index_diachronica_original.html:12288,False,runtime_other,broken-syntax,,,"Runtime Error: Two matched sets must have the same number of elements | {d,ɡ,s,l,r} > {h,r} / #_ | ^^^^^^^^^^^ ^^^^^ @ Rule 1, Line 1"
36.3.3.1,Old Tibetan to Amdo dialects,"Amdo-dialects-kʰr,j-ɡr,j",,index_diachronica_original.html:12290,False,nested_brackets,asca-unrepresentable,,,"Syntax Error: Cannot have nested brackets of the same type | {k{r,j},kʰ{r,j}} ɡ{r,j} > {tɕ,tɕʰ} dʑ | ^ @ Rule 1, Line 1"
37.1,Proto-Siouan-Iroquoian to Proto-Iroquoian,Proto-Iroquoian-p_2,,index_diachronica_original.html:12335,False,expected_underscore,asca-unrepresentable,,,"Syntax Error: Expected '_', but received '' | p > kʷ / else | ^ @ Rule 1, Line 1"
37.1.1,Proto-Iroquoian to Cherokee,Cherokee-aːwẽː,,index_diachronica_original.html:12354,False,nested_brackets,asca-unrepresentable,,,"Syntax Error: Cannot have nested brackets of the same type | {awẽ,awẽ:[+long],a:[+long]{wẽ,wẽ:[+long]}} > {ama,ama:[+long],a:[+long]{ma,ma:[+long]}} | ^ @ Rule 1, Line 1"
37.1.2.1,Proto-Northern Iroquoian to Cayuga,Cayuga-”VCCCaCV,,index_diachronica_original.html:12394,False,nested_brackets,asca-unrepresentable,,,"Syntax Error: Cannot have nested brackets of the same type | {V:[+stress](C)CaCV,VC:[+stress](C)CaCV} > {V:[+stress]((C)CaCV,VC:[+stress]((C)CaCV} / _# | ^ @ Rule 1, Line 1"
37.1.2.1,Proto-Northern Iroquoian to Cayuga,Cayuga-ʔ,,index_diachronica_original.html:12396,False,syntax_other,broken-syntax,,,"Syntax Error: Expected an IPA character, Primative or Matrix, but received 'ʷ' | ʔ > ∅ / _nk(ʷ) | ^ @ Rule 1, Line 1"
37.1.2.1,Proto-Northern Iroquoian to Cayuga,Cayuga-n,,index_diachronica_original.html:12397,False,syntax_other,broken-syntax,,,"Syntax Error: Expected an IPA character, Primative or Matrix, but received 'ʷ' | n > t / _k(ʷ) | ^ @ Rule 1, Line 1"
37.1.2.1,Proto-Northern Iroquoian to Cayuga,Cayuga-ns,,index_diachronica_original.html:12400,False,syntax_other,broken-syntax,,,"Syntax Error: Expected an IPA character, Primative or Matrix, but received 'ʷ' | ns > ts / _k(ʷ) | ^ @ Rule 1, Line 1"
37.1.2.1,Proto-Northern Iroquoian to Cayuga,Cayuga-V1”V2-”V1ːV2,,index_diachronica_original.html:12414,False,unknown_character,asca-unrepresentable,ː,,"Syntax Error: Unknown character 'ː' | V=1 V:[+stress]=2 1:[+stress] ː2 > 1:[+stress] 2 1:[+stress] [-long]2 | ^ @ Rule 1, Line 1"
37.1.2.1,Proto-Northern Iroquoian to Cayuga,Cayuga-”V0V0,,index_diachronica_original.html:12417,False,unknown_feature,asca-unrepresentable,accent,cont,"Syntax Error: Unknown feature 'accent'. Did you mean cont? | V:[+stress]=0 0 > 0:[+long][-accent] | ^^^^^^^ @ Rule 1, Line 1"
37.1.2.2,Proto-Northern Iroquoian to Huron,Huron-t_2,,index_diachronica_original.html:12462,False,syntax_other,broken-syntax,,,"Syntax Error: Expected an IPA character, Primative or Matrix, but received 'ʷ' | t > ∅ / _k(ʷ) | ^ @ Rule 1, Line 1"
37.1.2.3,Proto-Northern Iroquoian to Onondaga,Onondaga-ns,,index_diachronica_original.html:12506,False,syntax_other,broken-syntax,,,"Syntax Error: Expected an IPA character, Primative or Matrix, but received 'ʷ' | ns > ts / _k(ʷ) | ^ @ Rule 1, Line 1"
37.1.2.3,Proto-Northern Iroquoian to Onondaga,Onondaga-”VːCCVː,,index_diachronica_original.html:12508,False,nested_brackets,asca-unrepresentable,,,"Syntax Error: Cannot have nested brackets of the same type | {V:[+stress](C)V:[+long],VC:[+stress](C)V:[+long],V:[+stress,+long](C)V:[+long],VC:[+stress,+long](C)V:[+long]} > V[-long](C):[+stress]((C)CV[-long] / _# | ^ @ Rule 1, Line 1"
37.1.2.3,Proto-Northern Iroquoian to Onondaga,Onondaga-n_2,,index_diachronica_original.html:12511,False,syntax_other,broken-syntax,,,"Syntax Error: Expected an IPA character, Primative or Matrix, but received 'ʷ' | n > t / _k(ʷ) | ^ @ Rule 1, Line 1"
37.1.2.3,Proto-Northern Iroquoian to Onondaga,Onondaga-”VCCCaCV,,index_diachronica_original.html:12512,False,nested_brackets,asca-unrepresentable,,,"Syntax Error: Cannot have nested brackets of the same type | {V:[+stress](C)CaCV,VC:[+stress](C)CaCV} > {V:[+stress]((C)CaCV,VC:[+stress]((C)CaCV} / _# | ^ @ Rule 1, Line 1"
37.1.2.4.1,Proto-Mohawk-Oneida to Mohawk,Mohawk-∅_3,,index_diachronica_original.html:12564,False,syntax_other,broken-syntax,,,"Syntax Error: Expected an IPA character, Primative or Matrix, but received 'ʷ' | ∅ > e / n_k(ʷ) | ^ @ Rule 1, Line 1"
37.1.2.4.1,Proto-Mohawk-Oneida to Mohawk,Mohawk-—-s_2,,index_diachronica_original.html:12581,False,expected_number,asca-unrepresentable,,,"Syntax Error: Expected number, but received j | s > z / {#,V}_{V,[+son,-syll]} // [+son,-syll] = j | ^ @ Rule 1, Line 1"
37.1.2.5,Proto-Northern Iroquoian to Seneca,Seneca-ʔ,,index_diachronica_original.html:12658,False,syntax_other,broken-syntax,,,"Syntax Error: Expected an IPA character, Primative or Matrix, but received 'ʷ' | ʔ > ∅ / _nk(ʷ) | ^ @ Rule 1, Line 1"
37.1.2.5,Proto-Northern Iroquoian to Seneca,Seneca-n_2,,index_diachronica_original.html:12659,False,syntax_other,broken-syntax,,,"Syntax Error: Expected an IPA character, Primative or Matrix, but received 'ʷ' | n > t / _k(ʷ) | ^ @ Rule 1, Line 1"
37.1.2.6,Proto-Northern Iroquoian to Tuscarora,Tuscarora-t,,index_diachronica_original.html:12684,False,syntax_other,broken-syntax,,,"Syntax Error: Floating diacritic. Diacritics can only be used to modify IPA Segments | t > ˀt | ^ @ Rule 1, Line 1"
37.1.2.6,Proto-Northern Iroquoian to Tuscarora,Tuscarora-”V_2,,index_diachronica_original.html:12687,False,syntax_other,broken-syntax,,,"Syntax Error: Expected an IPA character, Primative or Matrix, but received '(' | V:[+stress] > V:[+stress, +long] / _{k,kʷ,(ˀ)t}{s,[+son,-syll],[-place]} | ^ @ Rule 1, Line 1"
37.1.2.6,Proto-Northern Iroquoian to Tuscarora,Tuscarora-ˀt,,index_diachronica_original.html:12691,False,syntax_other,broken-syntax,,,"Syntax Error: Floating diacritic. Diacritics can only be used to modify IPA Segments | ˀt > tʔ / _ˀt | ^ @ Rule 1, Line 1"
37.1.2.6,Proto-Northern Iroquoian to Tuscarora,Tuscarora-ˀt_2,,index_diachronica_original.html:12692,False,syntax_other,broken-syntax,,,"Syntax Error: Floating diacritic. Diacritics can only be used to modify IPA Segments | ˀt > ∅ / _t | ^ @ Rule 1, Line 1"
37.1.2.6,Proto-Northern Iroquoian to Tuscarora,Tuscarora-ˀt_3,,index_diachronica_original.html:12693,False,syntax_other,broken-syntax,,,"Syntax Error: Floating diacritic. Diacritics can only be used to modify IPA Segments | ˀt > ʔ / _r | ^ @ Rule 1, Line 1"
37.1.2.6,Proto-Northern Iroquoian to Tuscarora,Tuscarora-ˀt_4,,index_diachronica_original.html:12694,False,syntax_other,broken-syntax,,,"Syntax Error: Floating diacritic. Diacritics can only be used to modify IPA Segments | ˀt > ʔn / V_{V,w,j} | ^ @ Rule 1, Line 1"
37.1.2.6,Proto-Northern Iroquoian to Tuscarora,Tuscarora-ˀt_5,,index_diachronica_original.html:12695,False,syntax_other,broken-syntax,,,"Syntax Error: Floating diacritic. Diacritics can only be used to modify IPA Segments | ˀt > n / {#,C}_{V,w,j} | ^ @ Rule 1, Line 1"
37.1.2.6,Proto-Northern Iroquoian to Tuscarora,Tuscarora-ˀt_6,,index_diachronica_original.html:12696,False,syntax_other,broken-syntax,,,"Syntax Error: Floating diacritic. Diacritics can only be used to modify IPA Segments | ˀt > t | ^ @ Rule 1, Line 1"
37.1.2.6,Proto-Northern Iroquoian to Tuscarora,Tuscarora-n-r-w-j,,index_diachronica_original.html:12710,False,unknown_character,asca-unrepresentable,̊,,"Syntax Error: Unknown character '̊' | n r w j > n̥ r̥ w̥ j̊ / _{#,O} | ^ @ Rule 1, Line 1"
37.1.2.6.1,Tuscarora to Western Tuscarora,Western-Tuscarora-r̥-w̥-j̊,,index_diachronica_original.html:12718,False,unknown_character,asca-unrepresentable,̊,,"Syntax Error: Unknown character '̊' | r̥ w̥ j̊ > s f ʃ | ^ @ Rule 1, Line 1"
37.2.1,Proto-Siouan to Catawba,Catawba-tʲ,,index_diachronica_original.html:12745,False,expected_underscore,asca-unrepresentable,,,"Syntax Error: Expected '_', but received '' | tʲ > ʃ / %:[+stress] | ^ @ Rule 1, Line 1"
37.2.1,Proto-Siouan to Catawba,Catawba-tʲ_2,,index_diachronica_original.html:12746,False,expected_underscore,asca-unrepresentable,,,"Syntax Error: Expected '_', but received '' | tʲ > ʒ // %:[+stress] | ^ @ Rule 1, Line 1"
37.2.2,Proto-Siouan to Dakota,Dakota-tʲ,,index_diachronica_original.html:12757,False,expected_underscore,asca-unrepresentable,,,"Syntax Error: Expected '_', but received '' | tʲ > ʃ / %:[+stress] | ^ @ Rule 1, Line 1"
37.2.2,Proto-Siouan to Dakota,Dakota-tʲ_2,,index_diachronica_original.html:12758,False,expected_underscore,asca-unrepresentable,,,"Syntax Error: Expected '_', but received '' | tʲ > ʒ // %:[+stress] | ^ @ Rule 1, Line 1"
37.2.2,Proto-Siouan to Dakota,Dakota-s,,index_diachronica_original.html:12759,False,expected_underscore,asca-unrepresentable,,,"Syntax Error: Expected '_', but received '' | s > z / %[-stress] | ^ @ Rule 1, Line 1"
37.2.3,Proto-Siouan to Mandan,Mandan-ã,,index_diachronica_original.html:12802,False,expected_underscore,asca-unrepresentable,,,"Syntax Error: Expected '_', but received '' | ã > a / %:[+stress] | ^ @ Rule 1, Line 1"
37.2.4,Proto-Siouan to Proto-Čiwere-Winnebago,Proto-Čiwere-Winnebago-t,,index_diachronica_original.html:12822,False,syntax_other,broken-syntax,,,"Syntax Error: Expected end of line, received ':'. Did you forget a '/' between the output and environment? | t > tʃ / _V:[+front]:[+stress] | ^ @ Rule 1, Line 1"
37.2.4,Proto-Siouan to Proto-Čiwere-Winnebago,Proto-Čiwere-Winnebago-tʲ,,index_diachronica_original.html:12824,False,expected_underscore,asca-unrepresentable,,,"Syntax Error: Expected '_', but received '' | tʲ > ʃ / %:[+stress] | ^ @ Rule 1, Line 1"
37.2.4,Proto-Siouan to Proto-Čiwere-Winnebago,Proto-Čiwere-Winnebago-tʲ-s,,index_diachronica_original.html:12825,False,expected_underscore,asca-unrepresentable,,,"Syntax Error: Expected '_', but received '' | tʲ s > ʒ z / %[-stress] | ^ @ Rule 1, Line 1"
37.2.5,Proto-Siouan to Proto-Crow-Hidatsa,Proto-Crow-Hidatsa-Lʲ,,index_diachronica_original.html:12880,False,syntax_other,broken-syntax,,,"Syntax Error: Expected an IPA character, Primative or Matrix, but received 'ʲ' | {L,Lʲ} > r | ^ @ Rule 1, Line 1"
37.2.6,Proto-Siouan to Proto-Dhegiha,Proto-Dhegiha-t-tʲ-s,,index_diachronica_original.html:12921,False,expected_underscore,asca-unrepresentable,,,"Syntax Error: Expected '_', but received '' | t tʲ s > d ʒ z / %[-stress] | ^ @ Rule 1, Line 1"
37.2.6,Proto-Siouan to Proto-Dhegiha,Proto-Dhegiha-tʲ,,index_diachronica_original.html:12922,False,expected_underscore,asca-unrepresentable,,,"Syntax Error: Expected '_', but received '' | tʲ > ʃ / %:[+stress] | ^ @ Rule 1, Line 1"
37.2.6,Proto-Siouan to Proto-Dhegiha,Proto-Dhegiha-u,,index_diachronica_original.html:12928,False,expected_underscore,asca-unrepresentable,,,"Syntax Error: Expected '_', but received '' | u > i / %:[+stress] | ^ @ Rule 1, Line 1"
37.2.6.1,Proto-Dhegiha to Kansa,Kansa-r-Lʲ,,index_diachronica_original.html:12939,False,syntax_other,broken-syntax,,,"Syntax Error: Expected an IPA character, Primative or Matrix, but received 'ʲ' | r {L,Lʲ} > d j / #_ | ^ @ Rule 1, Line 1"
37.2.6.1,Proto-Dhegiha to Kansa,Kansa-V,,index_diachronica_original.html:12941,False,runtime_other,broken-syntax,,,"Runtime Error: An incomplete matrix cannot be inserted | V > V[+nas] / N_ | ^^^^^^ @ Rule 1, Line 1"
37.2.7.1,Proto-Ohio-Valley to Biloxi,Biloxi-p_2,,index_diachronica_original.html:13017,False,expected_underscore,asca-unrepresentable,,,"Syntax Error: Expected '_', but received ',' | p > w / V_V, apparently as a result of some dissimilation, as this appears to be an allophone of /p/ here, II%C | ^ @ Rule 1, Line 1"
38.1.1.1,Proto-Tai to Ahom,Ahom-ŋ̊,,index_diachronica_original.html:13080,False,unknown_character,asca-unrepresentable,̊,,"Syntax Error: Unknown character '̊' | ŋ̊ > h | ^ @ Rule 1, Line 1"
38.1.1.2,Proto-Tai to Saek,Saek-ɲ̊,,index_diachronica_original.html:13094,False,unknown_character,asca-unrepresentable,̊,,"Syntax Error: Unknown character '̊' | ɲ̊ > j | ^ @ Rule 1, Line 1"
38.1.1.3,Proto-Tai to Central Tai,"Central-Tai-l,r",,index_diachronica_original.html:13111,False,expected_underscore,asca-unrepresentable,,,"Syntax Error: Expected '_', but received ',' | {l,r} > ∅ / n,ɗ_ | ^ @ Rule 1, Line 1"
38.1.1.3,Proto-Tai to Central Tai,Central-Tai-tr,,index_diachronica_original.html:13119,False,syntax_other,broken-syntax,,,"Syntax Error: Expected an IPA character, Primative or Matrix, but received '_' | tr > {tʰ_,tʰr_} | ^ @ Rule 1, Line 1"
38.1.1.3.1,Central Tai to Lungchow,Lungchow-a,,index_diachronica_original.html:13158,False,expected_underscore,asca-unrepresentable,,,"Syntax Error: Expected '_', but received '' | a > a:[+long] / _u,i | ^ @ Rule 1, Line 1"
38.1.1.4,Proto-Tai to North Tai,North-Tai-l,,index_diachronica_original.html:13215,False,expected_underscore,asca-unrepresentable,,,"Syntax Error: Expected '_', but received ',' | l > ∅ / :{p,b_V:[+front],pʰ,b_V:[+front]}: | ^ @ Rule 1, Line 1"
38.1.1.4,Proto-Tai to North Tai,North-Tai-l_2,,index_diachronica_original.html:13216,False,expected_underscore,asca-unrepresentable,,,"Syntax Error: Expected '_', but received ',' | l > j / :{p,b_V,pʰ,b_V}: | ^ @ Rule 1, Line 1"
38.1.1.4,Proto-Tai to North Tai,"North-Tai-xr-x-x,ɣʷ",,index_diachronica_original.html:13226,False,prose_or_expected_arrow,asca-unrepresentable,,,"Syntax Error: Expected '>', '->' or '=>', but received 'ʷ' | xr x {x,ɣ}ʷ > r̥ h {w,v,h} | ^ @ Rule 1, Line 1"
38.1.1.4.2,North Tai to Po-Ai,Po-Ai-ua~u@̯,,index_diachronica_original.html:13279,False,syntax_other,broken-syntax,,,"Syntax Error: Expected an IPA character, Primative or Matrix, but received '@' | {ua,u@̯} > u:[+long] | ^ @ Rule 1, Line 1"
38.1.1.5,Proto-Tai to Southwest Tai,"Southwest-Tai-l,r",,index_diachronica_original.html:13315,False,expected_underscore,asca-unrepresentable,,,"Syntax Error: Expected '_', but received ',' | {l,r} > ∅ / t,ɗ_ | ^ @ Rule 1, Line 1"
40.2,Proto-Totozoquean to Proto-Totonacan,Proto-Totonacan-o-o̰,,index_diachronica_original.html:13513,False,unknown_character,asca-unrepresentable,ṵ,,"Syntax Error: Unknown character 'ṵ' | o o̰ > u ṵ | ^ @ Rule 1, Line 1"
40.2,Proto-Totozoquean to Proto-Totonacan,"Proto-Totonacan-e,ɨ-ḛ-ɨ̰",,index_diachronica_original.html:13515,False,unknown_character,asca-unrepresentable,ḛ,,"Syntax Error: Unknown character 'ḛ' | {e,ɨ} {ḛ ɨ̰} > i ḭ | ^ @ Rule 1, Line 1"
41.5.1.2,Proto-Gorokan to North Fore,North-Fore-ʔ,,index_diachronica_original.html:13588,False,expected_underscore,asca-unrepresentable,,,"Syntax Error: Expected '_', but received '' | ʔ > n / before modal suffixes | ^ @ Rule 1, Line 1"
41.5.1.3,Proto-Gorokan to South Fore,South-Fore-ʔ,,index_diachronica_original.html:13595,False,expected_underscore,asca-unrepresentable,,,"Syntax Error: Expected '_', but received '' | ʔ > n / before modal suffixes | ^ @ Rule 1, Line 1"
41.5.2.3,Proto-Kainantu to Gadsup,"Gadsup-D,Y",,index_diachronica_original.html:13668,False,unknown_grouping,asca-unrepresentable,Y,,"Syntax Error: Unknown grouping 'Y'. Known groupings are (C)onsonant, (O)bstruent, (S)onorant, (P)losive, (F)ricative, (L)iquid, (N)asal, (G)lide, and (V)owel | {P:[+voice],Y} > ∅ / _n | ^ @ Rule 1, Line 1"
41.5.2.3,Proto-Kainantu to Gadsup,Gadsup-YO+-voice-YO-voice,,index_diachronica_original.html:13669,False,unknown_grouping,asca-unrepresentable,Y,,"Syntax Error: Unknown grouping 'Y'. Known groupings are (C)onsonant, (O)bstruent, (S)onorant, (P)losive, (F)ricative, (L)iquid, (N)asal, (G)lide, and (V)owel | YO[+ voice] YO[- voice] > Y t | ^ @ Rule 1, Line 1"
42.1,Proto-Uralic to Pre-Finnic,Pre-Finnic-ŋ,,index_diachronica_original.html:13762,False,expected_underscore,asca-unrepresentable,,,"Syntax Error: Expected '_', but received '' | ŋ > k / _#, in latives | ^ @ Rule 1, Line 1"
42.1,Proto-Uralic to Pre-Finnic,Pre-Finnic-ŋ_2,,index_diachronica_original.html:13763,False,stuff_after_word_bound,asca-unrepresentable,,,"Syntax Error: Cannot have segments after the end of a word | ŋ > n / _# else | ^ @ Rule 1, Line 1"
42.1,Proto-Uralic to Pre-Finnic,Pre-Finnic-ɤː?-ɑː-æː,,index_diachronica_original.html:13767,False,unknown_character,asca-unrepresentable,ː,,"Syntax Error: Unknown character 'ː' | {ɤ,ɤː} ɑ:[+long] æ:[+long] > {ɑ,ɑː} o:[+long] e:[+long] / _[+stress] | ^ @ Rule 1, Line 1"
42.1,Proto-Uralic to Pre-Finnic,Pre-Finnic-a,,index_diachronica_original.html:13768,False,unknown_grouping,asca-unrepresentable,X,,"Syntax Error: Unknown grouping 'X'. Known groupings are (C)onsonant, (O)bstruent, (S)onorant, (P)losive, (F)ricative, (L)iquid, (N)asal, (G)lide, and (V)owel | a > æ / {a,aX,e,eX,e,eX,i,iX,y,yX}(C)(C)_ when unstressed | ^ @ Rule 1, Line 1"
42.1.1.1,Proto-Finnic to Proto-Finnish,Proto-Finnish-pː-tː-tsː-kː,,index_diachronica_original.html:13830,False,unknown_character,asca-unrepresentable,ˑ,,"Syntax Error: Unknown character 'ˑ' | p:[+long] t:[+long] ts:[+long] k:[+long] > pˑ tˑ tsˑ kˑ | ^ @ Rule 1, Line 1"
42.1.1.1,Proto-Finnic to Proto-Finnish,Proto-Finnish-tːsn-kxtx-rn-ln,,index_diachronica_original.html:13843,False,nested_brackets,asca-unrepresentable,,,"Syntax Error: Cannot have nested brackets of the same type | (t(ː))sn {kx,kxtx} rn ln > s:[+long] x:[+long] r:[+long] l:[+long] | ^ @ Rule 1, Line 1"
42.1.1.1,Proto-Finnic to Proto-Finnish,Proto-Finnish-ts-tsˑ-tsː,,index_diachronica_original.html:13847,False,unknown_character,asca-unrepresentable,ˑ,,"Syntax Error: Unknown character 'ˑ' | ts tsˑ ts:[+long] > s θˑ θ:[+long] | ^ @ Rule 1, Line 1"
42.1.2,Proto-Finnic to Livonian,Livonian-V,,index_diachronica_original.html:13910,False,expected_number,asca-unrepresentable,,,"Syntax Error: Expected number, but received ɑ | V > ə / _[-stress] // V = ɑ | ^ @ Rule 1, Line 1"
42.1.2,Proto-Finnic to Livonian,Livonian-Vh,,index_diachronica_original.html:13912,False,expected_underscore,asca-unrepresentable,,,"Syntax Error: Expected '_', but received '//' | Vh > V:[+long]ɦ / _C, except maybe // _j and/or _ʋ | ^^ @ Rule 1, Line 1"
42.1.2,Proto-Finnic to Livonian,Livonian-∅,,index_diachronica_original.html:13915,False,runtime_other,broken-syntax,,,"Runtime Error: Grouped Environments cannot (yet) be used in insertion rules | ∅ > ʔ / :{CV_CV,V_CV}: | ^^^^^^^^^^^^^^ @ Rule 1, Line 1"
42.1.2,Proto-Finnic to Livonian,Livonian-dj-lj-rj-ɡj,,index_diachronica_original.html:13919,False,syntax_other,broken-syntax,,,"Syntax Error: Expected end of line, received 'ʲ'. Did you forget a '/' between the output and environment? | dj lj rj ɡj > dʲ l:[+long]ʲ r:[+long]ʲ jɡ | ^ @ Rule 1, Line 1"
42.1.2,Proto-Finnic to Livonian,Livonian-y-ø,,index_diachronica_original.html:13930,False,expected_underscore,asca-unrepresentable,,,"Syntax Error: Expected '_', but received '' | y ø > i e / else | ^ @ Rule 1, Line 1"
43.1,Proto-Uto-Aztecan to Comanche,Comanche-∅,,index_diachronica_original.html:13966,False,unknown_character,asca-unrepresentable,ᵤ,,"Syntax Error: Unknown character 'ᵤ' | ∅ > h / Vᵤ_k | ^ @ Rule 1, Line 1"
43.1,Proto-Uto-Aztecan to Comanche,Comanche-s,,index_diachronica_original.html:13967,False,unknown_character,asca-unrepresentable,ₙ,,"Syntax Error: Unknown character 'ₙ' | s > ∅ / Vₙ_ | ^ @ Rule 1, Line 1"
43.2,Proto-Uto-Aztecan to Hopi,Hopi-p,,index_diachronica_original.html:13974,False,unknown_character,asca-unrepresentable,ₙ,,"Syntax Error: Unknown character 'ₙ' | p > v / Vₙ_ | ^ @ Rule 1, Line 1"
43.2,Proto-Uto-Aztecan to Hopi,Hopi-w_2,,index_diachronica_original.html:13979,False,unknown_character,asca-unrepresentable,ₙ,,"Syntax Error: Unknown character 'ₙ' | w > ŋʷ / ɨₙ_ | ^ @ Rule 1, Line 1"
43.3,Proto-Uto-Aztecan to Luiseño,Luiseño-p,,index_diachronica_original.html:13985,False,unknown_character,asca-unrepresentable,ₙ,,"Syntax Error: Unknown character 'ₙ' | p > v / {Vₙ,ɨ}_ | ^ @ Rule 1, Line 1"
43.3,Proto-Uto-Aztecan to Luiseño,Luiseño-k_2,,index_diachronica_original.html:13990,False,unknown_character,asca-unrepresentable,ₙ,,"Syntax Error: Unknown character 'ₙ' | k > q / aₙ_ | ^ @ Rule 1, Line 1"
43.4,Proto-Uto-Aztecan to Nahuatl,Nahuatl-p,,index_diachronica_original.html:14003,False,unknown_character,asca-unrepresentable,ₛ,,"Syntax Error: Unknown character 'ₛ' | p > ∅ / {#,Vₛ}_ | ^ @ Rule 1, Line 1"
43.6,Proto-Uto-Aztecan to Tohono O’odham,Tohono-O’odham-p,,index_diachronica_original.html:14049,False,unknown_character,asca-unrepresentable,ₛ,,"Syntax Error: Unknown character 'ₛ' | p > w / {#,Vₛ}_ | ^ @ Rule 1, Line 1"
44.1,Proto-Vasconic to Aquitanian,Aquitanian-S+-fortis,,index_diachronica_original.html:14094,False,syntax_other,broken-syntax,,,"Syntax Error: Expected end of line, received '('. Did you forget a '/' between the output and environment? | P[+tense] > P[- voice, +long] (specifically, the source lists t[+tense] k[+tense] | ^ @ Rule 1, Line 1"
44.2,Proto-Basque to Basque,Basque-Sʰ,,index_diachronica_original.html:14114,False,syntax_other,broken-syntax,,,"Syntax Error: The output of a deletion rule must only contain `*` or `∅` | h > ∅) / #_ | ^ @ Rule 1, Line 3"
44.2,Proto-Basque to Basque,Basque-S,,index_diachronica_original.html:14115,False,runtime_other,broken-syntax,,,"Runtime Error: An incomplete matrix cannot be inserted | P > P[+voice] / #_ | ^^^^^^^^ @ Rule 1, Line 1"
44.2,Proto-Basque to Basque,Basque-Vn,,index_diachronica_original.html:14117,False,syntax_other,broken-syntax,,,"Syntax Error: Expected an IPA character, Primative or Matrix, but received '//' | Vn > ṽ / _# (seems to have been reverted in most dialects // for Pouletin) | ^^ @ Rule 1, Line 1"
44.2,Proto-Basque to Basque,Basque-*L,,index_diachronica_original.html:14134,False,syntax_other,broken-syntax,,,"Syntax Error: Expected end of line, received '('. Did you forget a '/' between the output and environment? | L > l (or *lh | ^ @ Rule 1, Line 1"
44.2,Proto-Basque to Basque,Basque-u-ũ,,index_diachronica_original.html:14142,False,nested_brackets,asca-unrepresentable,,,"Syntax Error: Cannot have nested brackets of the same type | u ũ > y ỹ / _r(p(ʰ),β,k(ʰ),ɣ,l,s̺,s̻,ʃ,h) | ^ @ Rule 1, Line 1"
44.2,Proto-Basque to Basque,Basque-u-ũ_2,,index_diachronica_original.html:14143,False,unknown_character,asca-unrepresentable,̻,,"Syntax Error: Unknown character '̻' | u ũ > y ỹ / _{s̻,ts̺,ts̻} | ^ @ Rule 1, Line 1"
44.2,Proto-Basque to Basque,Basque-∅_3,,index_diachronica_original.html:14147,False,unknown_character,asca-unrepresentable,̺,,"Syntax Error: Unknown character '̺' | ∅ > e / #_{s̺,s̻}C | ^ @ Rule 1, Line 1"
44.2,Proto-Basque to Basque,Basque-a-o-e,,index_diachronica_original.html:14152,False,unknown_character,asca-unrepresentable,ɛ,,"Syntax Error: Unknown character 'ɛ' | a o e > ɛ u i / {i,iC,0,u,uC,0}_ (this [ɛ] is tentatively marked as such | ^ @ Rule 1, Line 1"
44.2,Proto-Basque to Basque,Basque-o,,index_diachronica_original.html:14153,False,syntax_other,broken-syntax,,,"Syntax Error: Expected an IPA character, Primative or Matrix, but received '' | o > u / _n{C,#} (Pouletin | ^ @ Rule 1, Line 1"
44.2,Proto-Basque to Basque,Basque-∅_4,,index_diachronica_original.html:14160,False,unknown_character,asca-unrepresentable,̺,,"Syntax Error: Unknown character '̺' | ∅ > j / V_{N,s̺,s̻}P | ^ @ Rule 1, Line 1"
44.2,Proto-Basque to Basque,Basque-h…h,,index_diachronica_original.html:14172,False,syntax_other,broken-syntax,,,"Syntax Error: The output of a deletion rule must only contain `*` or `∅` | h…h > ∅…h | ^ @ Rule 1, Line 1"
44.2,Proto-Basque to Basque,Basque-*-ɾ,,index_diachronica_original.html:14173,False,syntax_other,broken-syntax,,,"Syntax Error: The input of an insertion rule must only contain `*` or `∅` | *-ɾ > -h stuff in compounds | ^ @ Rule 1, Line 1"
44.2,Proto-Basque to Basque,Basque-s̻-ts̻,,index_diachronica_original.html:14176,False,unknown_character,asca-unrepresentable,̻,,"Syntax Error: Unknown character '̻' | s̻ ts̻ > ʃ tʃ / {V:[+front],j}_ | ^ @ Rule 1, Line 1"
44.2,Proto-Basque to Basque,Basque-a_3,,index_diachronica_original.html:14199,False,syntax_other,broken-syntax,,,"Syntax Error: Expected an IPA character, Primative or Matrix, but received '' | a > ∅ / V_# (Guipuscoan | ^ @ Rule 1, Line 1"
44.2,Proto-Basque to Basque,Basque-V_3,,index_diachronica_original.html:14200,False,expected_underscore,asca-unrepresentable,,,"Syntax Error: Expected '_', but received '' | V > ∅ / _#, in trisyllables | ^ @ Rule 1, Line 1"
44.2,Proto-Basque to Basque,Basque-i_3,,index_diachronica_original.html:14201,False,expected_underscore,asca-unrepresentable,,,"Syntax Error: Expected '_', but received '' | i > ∅ / _#, in disyllables | ^ @ Rule 1, Line 1"
44.2,Proto-Basque to Basque,"Basque-u-o,e",,index_diachronica_original.html:14202,False,expected_underscore,asca-unrepresentable,,,"Syntax Error: Expected '_', but received '' | u {o,e} > a / _#, in disyllables | ^ @ Rule 1, Line 1"
44.2,Proto-Basque to Basque,Basque-aʊ,,index_diachronica_original.html:14210,False,unknown_character,asca-unrepresentable,̺,,"Syntax Error: Unknown character '̺' | aʊ > aɪ // _{ɾ,r,s̺,s̻} | ^ @ Rule 1, Line 1"
44.2,Proto-Basque to Basque,Basque-eð,,index_diachronica_original.html:14214,False,prose_or_expected_arrow,asca-unrepresentable,,,"Syntax Error: Expected '>', '->' or '=>', but received ')' | e ?) > j / #_V | ^ @ Rule 1, Line 2"
44.2,Proto-Basque to Basque,Basque-s̻-ts̺,,index_diachronica_original.html:14225,False,unknown_character,asca-unrepresentable,̻,,"Syntax Error: Unknown character '̻' | s̻ ts̺ > s̺ ts̻ | ^ @ Rule 1, Line 1"
44.2,Proto-Basque to Basque,Basque-s̻,,index_diachronica_original.html:14226,False,unknown_character,asca-unrepresentable,̻,,"Syntax Error: Unknown character '̻' | s̻ > s̺ / _{C,#} | ^ @ Rule 1, Line 1"
44.2,Proto-Basque to Basque,Basque-its̺,,index_diachronica_original.html:14228,False,unknown_character,asca-unrepresentable,̺,,"Syntax Error: Unknown character '̺' | its̺ > tʃ / _# | ^ @ Rule 1, Line 1"
44.2,Proto-Basque to Basque,Basque-s̺,,index_diachronica_original.html:14231,False,unknown_character,asca-unrepresentable,̺,,"Syntax Error: Unknown character '̺' | s̺ > tʃ / #_ | ^ @ Rule 1, Line 1"
44.2,Proto-Basque to Basque,Basque-s̺_2,,index_diachronica_original.html:14232,False,unknown_character,asca-unrepresentable,̺,,"Syntax Error: Unknown character '̺' | s̺ > ʃ̺according to Campbell | ^ @ Rule 1, Line 1"
46.5,Old English-to-Scots Vowel Shifts,Scots-Vowel-Shifts-øː_3,,index_diachronica_original.html:14327,False,nested_brackets,asca-unrepresentable,,,"Syntax Error: Cannot have nested brackets of the same type | ø:[+long] > {j{u,ʌ},{u,ʌ}} / _{k,x} | ^ @ Rule 1, Line 1"
46.11,Middle Chinese to Cantonese Vowel Shift (“The Inner-Outer Flip”),Cantonese-Vowel-Shift-∅,,index_diachronica_original.html:14390,False,unknown_feature,asca-unrepresentable,labiovelar,labiodental,"Syntax Error: Unknown feature 'labiovelar'. Did you mean labiodental? | ∅ > ə / C[+ labiovelar]_i | ^^^^^^^^^^^^ @ Rule 1, Line 1"
46.13,Old Norse to Faroese Vowel Shift,"Faroese-Vowel-Shift-a,æː",,index_diachronica_original.html:14418,False,expected_underscore,asca-unrepresentable,,,"Syntax Error: Expected '_', but received '' | {a,æ:[+long]} > ɛa / a | ^ @ Rule 1, Line 1"
46.13,Old Norse to Faroese Vowel Shift,Faroese-Vowel-Shift-aː,,index_diachronica_original.html:14419,False,syntax_other,broken-syntax,,,"Syntax Error: Expected end of line, received ')'. Did you forget a '/' between the output and environment? | ɔa > a:[+long]):[+stress] / ɔ | ^ @ Rule 1, Line 2"
46.13,Old Norse to Faroese Vowel Shift,Faroese-Vowel-Shift-e,,index_diachronica_original.html:14420,False,expected_underscore,asca-unrepresentable,,,"Syntax Error: Expected '_', but received '' | e > e:[+long] / ɛ | ^ @ Rule 1, Line 1"
46.13,Old Norse to Faroese Vowel Shift,Faroese-Vowel-Shift-eː,,index_diachronica_original.html:14421,False,expected_underscore,asca-unrepresentable,,,"Syntax Error: Expected '_', but received '' | e:[+long] > ɛa / a | ^ @ Rule 1, Line 1"
46.13,Old Norse to Faroese Vowel Shift,"Faroese-Vowel-Shift-i,y",,index_diachronica_original.html:14422,False,expected_underscore,asca-unrepresentable,,,"Syntax Error: Expected '_', but received '' | {i,y} > i:[+long] / ɪ | ^ @ Rule 1, Line 1"
46.13,Old Norse to Faroese Vowel Shift,"Faroese-Vowel-Shift-iː,yː",,index_diachronica_original.html:14423,False,expected_underscore,asca-unrepresentable,,,"Syntax Error: Expected '_', but received '' | {i:[+long],y:[+long]} > ʊi / ʊ | ^ @ Rule 1, Line 1"
46.13,Old Norse to Faroese Vowel Shift,Faroese-Vowel-Shift-o,,index_diachronica_original.html:14424,False,expected_underscore,asca-unrepresentable,,,"Syntax Error: Expected '_', but received '' | o > o:[+long] / ɔ | ^ @ Rule 1, Line 1"
46.13,Old Norse to Faroese Vowel Shift,Faroese-Vowel-Shift-oː,0,index_diachronica_original.html:14425,False,expected_underscore,asca-unrepresentable,,,"Syntax Error: Expected '_', but received '' | o:[+long] > ɔu / œ | ^ @ Rule 1, Line 1"
46.13,Old Norse to Faroese Vowel Shift,Faroese-Vowel-Shift-oː,1,index_diachronica_original.html:14425,False,expected_underscore,asca-unrepresentable,,,"Syntax Error: Expected '_', but received '' | o:[+long] > ɛu / œ | ^ @ Rule 1, Line 1"
46.13,Old Norse to Faroese Vowel Shift,Faroese-Vowel-Shift-oː,2,index_diachronica_original.html:14425,False,expected_underscore,asca-unrepresentable,,,"Syntax Error: Expected '_', but received '' | o:[+long] > œu / œ | ^ @ Rule 1, Line 1"
46.13,Old Norse to Faroese Vowel Shift,Faroese-Vowel-Shift-u,,index_diachronica_original.html:14426,False,syntax_other,broken-syntax,,,"Syntax Error: Expected '[', but received 'ʊ' | u > u:[+long] / short: ʊ // _[-stress]: {o,ɔ} | ^ @ Rule 1, Line 1"
46.13,Old Norse to Faroese Vowel Shift,Faroese-Vowel-Shift-uː,,index_diachronica_original.html:14427,False,expected_underscore,asca-unrepresentable,,,"Syntax Error: Expected '_', but received '' | u:[+long] > ʉu / ʏ | ^ @ Rule 1, Line 1"
46.13,Old Norse to Faroese Vowel Shift,"Faroese-Vowel-Shift-œ,ɔ",,index_diachronica_original.html:14428,False,prose_or_expected_arrow,asca-unrepresentable,,,"Syntax Error: Expected '>', '->' or '=>', but received '/' | ø:[+long]/œ > ʏ) | ^ @ Rule 1, Line 2"
46.14,Pre-Slavic Vowel Changes,Pre-Slavic-Vowel-Changes-aj,0,index_diachronica_original.html:14441,False,unknown_character,asca-unrepresentable,₂,,"Syntax Error: Unknown character '₂' | aj > æ₂ | ^ @ Rule 1, Line 1"
46.14,Pre-Slavic Vowel Changes,Pre-Slavic-Vowel-Changes-aj,1,index_diachronica_original.html:14441,False,unknown_character,asca-unrepresentable,₂,,"Syntax Error: Unknown character '₂' | aj > i₂ | ^ @ Rule 1, Line 1"
46.14,Pre-Slavic Vowel Changes,Pre-Slavic-Vowel-Changes-u,,index_diachronica_original.html:14443,False,unknown_character,asca-unrepresentable,ɤ,,"Syntax Error: Unknown character 'ɤ' | u > u [ɤ?] | ^ @ Rule 1, Line 1"
46.16,Development of Proto-Lolo-Burmese -i(C)# and -u(C)# to Lahu,"Lahu-i-ip,k-it-im,ŋ-in",,index_diachronica_original.html:14457,False,syntax_other,broken-syntax,,,"Syntax Error: Negation cannot be used in the output | -i -i{p,k} -it -i{m,ŋ} -in > -i -ɨʔ -iʔ -ɛ -ɨ | ^ @ Rule 1, Line 1"
46.16,Development of Proto-Lolo-Burmese -i(C)# and -u(C)# to Lahu,Lahu-u-up-ut-uk-um-un-uŋ,,index_diachronica_original.html:14458,False,syntax_other,broken-syntax,,,"Syntax Error: Negation cannot be used in the output | -u -up -ut -uk -um -un -uŋ > -u -ɔʔ -əʔ -uʔ -ɔ -ə -ɛ | ^ @ Rule 1, Line 1"
46.19,Southern [United States] Shift (English),Southern-United-States-Shift-English-aɪ_4,,index_diachronica_original.html:14479,False,expected_underscore,asca-unrepresentable,,,"Syntax Error: Expected '_', but received '' | aɪ > a:[+long] / else | ^ @ Rule 1, Line 1"
46.19,Southern [United States] Shift (English),Southern-United-States-Shift-English-uʊ-oʊ,,index_diachronica_original.html:14482,False,nested_brackets,asca-unrepresentable,,,"Syntax Error: Cannot have nested brackets of the same type | uʊ oʊ > ʉʊ̈ əʊ̈ (a bit of a guesstimate based upon the prose description in the article and the mean-formant-value chart cited from Labov, O:[+delrel]sh & V:[+back]obert (2006)) | ^ @ Rule 1, Line 1"
46.19,Southern [United States] Shift (English),Southern-United-States-Shift-English-æ/ɑː,,index_diachronica_original.html:14490,False,prose_or_expected_arrow,asca-unrepresentable,,,"Syntax Error: Expected '>', '->' or '=>', but received '/' | æ/ɑ:[+long] > æɪ | ^ @ Rule 1, Line 1"
47.1,List 1: Simple Consonant Changes,List-1:-Simple-Consonant-Changes-b,,index_diachronica_original.html:14516,False,unknown_character,asca-unrepresentable,#,,"Syntax Error: Unknown character '#' | b > #c, -nc- | ^ @ Rule 1, Line 1"
47.2,List 2: Conditional or complex consonant changes,"List-2:-Conditional-or-complex-consonant-changes-t,k",,index_diachronica_original.html:14530,False,unknown_grouping,asca-unrepresentable,M,,"Syntax Error: Unknown grouping 'M'. Known groupings are (C)onsonant, (O)bstruent, (S)onorant, (P)losive, (F)ricative, (L)iquid, (N)asal, (G)lide, and (V)owel | {t,k} > ∅ / V_V (Marathi) probably with voiced stops as intermediates, since they also became silent | ^ @ Rule 1, Line 1"
