section_index,section_name,rule_idx,source,ok,failure_class,reason,error_token,suggested,description
6.1.1,Proto-Omotic to North Omotic,16,index_diachronica_original.html:987,False,unknown_character,asca-unrepresentable,+,,"Syntax Error: Unknown character '+' | V:[+long] > V / #C_C$ + $(V)C$ suffix | ^ @ Rule 1, Line 1"
6.1.1.1,North Omotic to Bench,5,index_diachronica_original.html:998,False,nested_brackets,asca-unrepresentable,,,"Syntax Error: Cannot have nested brackets of the same type | {ʔ,{h1,h2}} > ∅ | ^ @ Rule 1, Line 1"
6.1.1.5,North Omotic to Shekkacho,9,index_diachronica_original.html:1071,False,syntax_other,broken-syntax,,,"Syntax Error: A rule cannot be both an Insertion rule and a Deletion rule | ∅ > ∅ / V_V | ^ ^ @ Rule 1, Line 1"
6.1.1.5,North Omotic to Shekkacho,17,index_diachronica_original.html:1079,False,syntax_other,broken-syntax,,,"Syntax Error: Expected an IPA character, Primative or Matrix, but received '∅' | {h,∅} > {h,∅} / #_ | ^ @ Rule 1, Line 1"
6.1.1.6,North Omotic to Wolaytta,3,index_diachronica_original.html:1091,False,syntax_other,broken-syntax,,,"Syntax Error: A rule cannot be both an Insertion rule and a Deletion rule | ∅ > ∅ / V_V | ^ ^ @ Rule 1, Line 1"
6.1.1.7,North Omotic to Yemsa,7,index_diachronica_original.html:1110,False,expected_underscore,asca-unrepresentable,,,"Syntax Error: Expected '_', but received '' | k:[+cg] > k / # | ^ @ Rule 1, Line 1"
6.1.1.7,North Omotic to Yemsa,13,index_diachronica_original.html:1116,False,syntax_other,broken-syntax,,,"Syntax Error: Expected an IPA character, Primative or Matrix, but received '∅' | {h,∅} > {h,∅} / #_ | ^ @ Rule 1, Line 1"
6.1.2.1,South Omotic to Aari,2,index_diachronica_original.html:1149,False,unknown_character,asca-unrepresentable,₁,,"Syntax Error: Unknown character '₁' | {x₁,x₂} > ɡ | ^ @ Rule 1, Line 1"
6.1.2.1,South Omotic to Aari,6,index_diachronica_original.html:1153,False,syntax_other,broken-syntax,,,"Syntax Error: A rule cannot be both an Insertion rule and a Deletion rule | ∅ > ∅ | ^ ^ @ Rule 1, Line 1"
6.2.1.1.1,Proto-Agaw to Awngi,0,index_diachronica_original.html:1185,False,expected_underscore,asca-unrepresentable,,,"Syntax Error: Expected '_', but received '' | {x,xʷ,ɢ,ɢʷ} > ∅ / at word boundaries | ^ @ Rule 1, Line 1"
6.2.1.1.2,Proto-Agaw to Blin,0,index_diachronica_original.html:1195,False,expected_underscore,asca-unrepresentable,,,"Syntax Error: Expected '_', but received '' | {x,xʷ,ɢ,ɢʷ} > ∅ / at word boundaries | ^ @ Rule 1, Line 1"
6.2.1.1.2,Proto-Agaw to Blin,1,index_diachronica_original.html:1196,False,expected_underscore,asca-unrepresentable,,,"Syntax Error: Expected '_', but received '' | {ɢ,ɢʷ} > {x,xʷ} / else | ^ @ Rule 1, Line 1"
6.2.1.1.2,Proto-Agaw to Blin,3,index_diachronica_original.html:1198,False,expected_underscore,asca-unrepresentable,,,"Syntax Error: Expected '_', but received '' | t > r / medially | ^ @ Rule 1, Line 1"
6.2.1.1.3,Proto-Agaw to Kemantney,0,index_diachronica_original.html:1204,False,expected_underscore,asca-unrepresentable,,,"Syntax Error: Expected '_', but received '' | {x,xʷ,ɢ,ɢʷ} > ∅ / at word boundaries | ^ @ Rule 1, Line 1"
6.2.1.1.3,Proto-Agaw to Kemantney,4,index_diachronica_original.html:1208,False,expected_underscore,asca-unrepresentable,,,"Syntax Error: Expected '_', but received '' | t > j / medially | ^ @ Rule 1, Line 1"
6.2.1.1.4,Proto-Agaw to Xamtanga,1,index_diachronica_original.html:1218,False,expected_underscore,asca-unrepresentable,,,"Syntax Error: Expected '_', but received '' | {xʷ,ɢʷ} > ∅ / at word boundaries | ^ @ Rule 1, Line 1"
6.2.1.1.4,Proto-Agaw to Xamtanga,2,index_diachronica_original.html:1219,False,expected_underscore,asca-unrepresentable,,,"Syntax Error: Expected '_', but received '' | {xʷ,ɢʷ} > w / else | ^ @ Rule 1, Line 1"
6.2.1.1.4,Proto-Agaw to Xamtanga,4,index_diachronica_original.html:1221,False,panic_other,broken-syntax,,,thread panicked
6.2.1.1.4,Proto-Agaw to Xamtanga,6,index_diachronica_original.html:1223,False,expected_underscore,asca-unrepresentable,,,"Syntax Error: Expected '_', but received '' | k:[+cg] > q / else | ^ @ Rule 1, Line 1"
6.2.2.1.1,Proto-North Erythrean to Proto-Boreafrasian,2,index_diachronica_original.html:1248,False,expected_underscore,asca-unrepresentable,,,"Syntax Error: Expected '_', but received '' | z > d / and (word-finally?) when | ^ @ Rule 1, Line 1"
6.2.2.1.1,Proto-North Erythrean to Proto-Boreafrasian,4,index_diachronica_original.html:1250,False,runtime_delete_only_segment,broken-syntax,,,Runtime Error: Can't delete a word's only segment
6.2.2.1.2,Proto-Boreafrasian to Egypto-Berber,10,index_diachronica_original.html:1266,False,expected_number,asca-unrepresentable,,,"Syntax Error: Expected number, but received ɡ | CVʕ > ħʔ // C = ɡw | ^ @ Rule 1, Line 1"
6.2.2.1.2,Proto-Boreafrasian to Egypto-Berber,17,index_diachronica_original.html:1273,False,unknown_feature,asca-unrepresentable,dental,ldental,"Syntax Error: Unknown feature 'dental'. Did you mean ldental? | q > i / #_V{[+cont],C[+dental]} | ^^^^^^^ @ Rule 1, Line 1"
6.2.2.1.2,Proto-Boreafrasian to Egypto-Berber,22,index_diachronica_original.html:1278,False,unknown_feature,asca-unrepresentable,dental,ldental,"Syntax Error: Unknown feature 'dental'. Did you mean ldental? | q > ʔ / _C[+dental] | ^^^^^^^ @ Rule 1, Line 1"
6.2.2.1.2,Proto-Boreafrasian to Egypto-Berber,28,index_diachronica_original.html:1284,False,unknown_feature,asca-unrepresentable,palatal,latrl,"Syntax Error: Unknown feature 'palatal'. Did you mean latrl? | O[+lateral] > O[+palatal] | ^^^^^^^^ @ Rule 1, Line 1"
6.2.2.1.2,Proto-Boreafrasian to Egypto-Berber,30,index_diachronica_original.html:1286,False,expected_number,asca-unrepresentable,,,"Syntax Error: Expected number, but received { | r > ʔ / C_{t,w,j}# // C = {ɡ,m,n,r,w,ʃ,x} | ^ @ Rule 1, Line 1"
6.2.2.1.3,Ancient Egyptian to Coptic,6,index_diachronica_original.html:1300,False,stuff_after_word_bound,asca-unrepresentable,,,"Syntax Error: Cannot have segments after the end of a word | r > l / #(C)_c(C)# ? | ^ @ Rule 1, Line 1"
6.2.2.1.5,Proto-Semitic to Classical Arabic,3,index_diachronica_original.html:1321,False,expected_underscore,asca-unrepresentable,,,"Syntax Error: Expected '_', but received '' | s > {ʃ,h} / in | ^ @ Rule 1, Line 1"
6.2.2.1.5,Proto-Semitic to Classical Arabic,8,index_diachronica_original.html:1326,False,expected_underscore,asca-unrepresentable,,,"Syntax Error: Expected '_', but received '' | V{j,w}V > a:[+long] / some sequences | ^ @ Rule 1, Line 1"
6.2.2.1.6,Classical Arabic to Cypriot Arabic,8,index_diachronica_original.html:1342,False,expected_underscore,asca-unrepresentable,,,"Syntax Error: Expected '_', but received '' | j > c / {O,r} | ^ @ Rule 1, Line 1"
6.2.2.1.6,Classical Arabic to Cypriot Arabic,11,index_diachronica_original.html:1345,False,runtime_other,broken-syntax,,,"Runtime Error: An incomplete matrix cannot be inserted | ∅ > F / N_{O,r} // m_f | ^ @ Rule 1, Line 1"
6.2.2.1.6,Classical Arabic to Cypriot Arabic,23,index_diachronica_original.html:1357,False,expected_underscore,asca-unrepresentable,,,"Syntax Error: Expected '_', but received 'ˤ' | i > a / Cˤ_{q,ɣ,ʕ} | ^ @ Rule 1, Line 1"
6.2.2.1.6,Classical Arabic to Cypriot Arabic,24,index_diachronica_original.html:1358,False,syntax_other,broken-syntax,,,"Syntax Error: Expected end of line, received 'ˤ'. Did you forget a '/' between the output and environment? | i > a / {q,ɣ,ʕ}_Cˤ | ^ @ Rule 1, Line 1"
6.2.2.1.6,Classical Arabic to Cypriot Arabic,33,index_diachronica_original.html:1368,False,panic_other,broken-syntax,,,thread panicked
6.2.2.1.6,Classical Arabic to Cypriot Arabic,34,index_diachronica_original.html:1369,False,panic_other,broken-syntax,,,thread panicked
6.2.2.1.6,Classical Arabic to Cypriot Arabic,35,index_diachronica_original.html:1370,False,expected_underscore,asca-unrepresentable,,,"Syntax Error: Expected '_', but received '' | a > ∅ / _t, in the feminine ending | ^ @ Rule 1, Line 1"
6.2.2.1.6,Classical Arabic to Cypriot Arabic,36,index_diachronica_original.html:1371,False,unknown_grouping,asca-unrepresentable,E,,"Syntax Error: Unknown grouping 'E'. Known groupings are (C)onsonant, (O)bstruent, (S)onorant, (P)losive, (F)ricative, (L)iquid, (N)asal, (G)lide, and (V)owel | a:[+long]ʔ > e / {E(C)_#,EC(C)_#} | ^ @ Rule 1, Line 1"
6.2.2.1.6,Classical Arabic to Cypriot Arabic,37,index_diachronica_original.html:1372,False,syntax_other,broken-syntax,,,"Syntax Error: Expected an IPA character, Primative or Matrix, but received 'ˤ' | a:[+long] > a / {Cˤ,w}_# | ^ @ Rule 1, Line 1"
6.2.2.1.7,Classical Arabic to Egyptian Arabic,3,index_diachronica_original.html:1380,False,syntax_other,broken-syntax,,,"Syntax Error: Expected '..', but received .'g' | dˤ > zˤ (seems to be a sporadic change only affecting a few words, e.g. CO:[+delrel]/MPO:[+delrel] ˈdˤa:[+long]bitˤ | ^ @ Rule 1, Line 1"
6.2.2.1.7,Classical Arabic to Egyptian Arabic,5,index_diachronica_original.html:1382,False,expected_underscore,asca-unrepresentable,,,"Syntax Error: Expected '_', but received ',' | i u > e o / only when short, // _# | ^ @ Rule 1, Line 1"
6.2.2.1.7,Classical Arabic to Egyptian Arabic,6,index_diachronica_original.html:1383,False,expected_underscore,asca-unrepresentable,,,"Syntax Error: Expected '_', but received ',' | u > {o,u} / short only, _# | ^ @ Rule 1, Line 1"
6.2.2.1.7,Classical Arabic to Egyptian Arabic,7,index_diachronica_original.html:1384,False,unknown_feature,asca-unrepresentable,closed,cons,"Syntax Error: Unknown feature 'closed'. Did you mean cons? | aj aw > e:[+long] o:[+long] / in %[+closed] | ^^^^^^^ @ Rule 1, Line 1"
6.2.2.1.7,Classical Arabic to Egyptian Arabic,10,index_diachronica_original.html:1387,False,unknown_character,asca-unrepresentable,+,,"Syntax Error: Unknown character '+' | V > V:[+long] / _# + suffix | ^ @ Rule 1, Line 1"
6.2.2.1.7,Classical Arabic to Egyptian Arabic,13,index_diachronica_original.html:1393,False,expected_underscore,asca-unrepresentable,,,"Syntax Error: Expected '_', but received '' | a:[+long] > ɑ:[+long] / near emphatics | ^ @ Rule 1, Line 1"
6.2.2.1.7,Classical Arabic to Egyptian Arabic,14,index_diachronica_original.html:1394,False,expected_underscore,asca-unrepresentable,,,"Syntax Error: Expected '_', but received '' | a:[+long] > ɑ:[+long] / if ɑ:[+long] is elsewhere in the word | ^ @ Rule 1, Line 1"
6.2.2.1.7,Classical Arabic to Egyptian Arabic,15,index_diachronica_original.html:1395,False,expected_underscore,asca-unrepresentable,,,"Syntax Error: Expected '_', but received '' | a:[+long] > æ:[+long] / else | ^ @ Rule 1, Line 1"
6.2.2.1.7,Classical Arabic to Egyptian Arabic,16,index_diachronica_original.html:1396,False,expected_underscore,asca-unrepresentable,,,"Syntax Error: Expected '_', but received ',' | q > ʔ // in several words, two of which are al-{C:[-front,+back,-hi,-lo],[+click]}ɑhira and musiqɑ | ^ @ Rule 1, Line 1"
6.2.2.1.7,Classical Arabic to Egyptian Arabic,17,index_diachronica_original.html:1398,False,nested_brackets,asca-unrepresentable,,,"Syntax Error: Cannot have nested brackets of the same type | {{s,z}(ˤ),ʒ}ʃ > ʃ:[+long] | ^ @ Rule 1, Line 1"
6.2.2.1.7,Classical Arabic to Egyptian Arabic,19,index_diachronica_original.html:1401,False,expected_underscore,asca-unrepresentable,,,"Syntax Error: Expected '_', but received '' | h > ∅ / in coda | ^ @ Rule 1, Line 1"
6.2.2.1.8,Classical Arabic to Coastal Hadhrami Arabic,3,index_diachronica_original.html:1409,False,unknown_character,asca-unrepresentable,‘,,"Syntax Error: Unknown character '‘' | a:[+long] > e:[+long] / in Form VI (tafa:[+long]‘ala) verbs, though these apparently coexist with forms having the original vowel as well, with semantic distinctions | ^ @ Rule 1, Line 1"
6.2.2.1.8,Classical Arabic to Coastal Hadhrami Arabic,4,index_diachronica_original.html:1410,False,expected_underscore,asca-unrepresentable,,,"Syntax Error: Expected '_', but received '' | a:[+long] > æ:[+long] / when not near emphatics | ^ @ Rule 1, Line 1"
6.2.2.1.8,Classical Arabic to Coastal Hadhrami Arabic,5,index_diachronica_original.html:1412,False,expected_underscore,asca-unrepresentable,,,"Syntax Error: Expected '_', but received '' | V[-long] > ∅ / #C_C, in some words | ^ @ Rule 1, Line 1"
6.2.2.1.9,Classical Arabic to Wādı̄ Hadhrami Arabic,3,index_diachronica_original.html:1420,False,unknown_character,asca-unrepresentable,‘,,"Syntax Error: Unknown character '‘' | a:[+long] > e:[+long] / in Form VI (tafa:[+long]‘ala) verbs, though these apparently coexist with forms having the original vowel as well, with semantic distinctions | ^ @ Rule 1, Line 1"
6.2.2.1.9,Classical Arabic to Wādı̄ Hadhrami Arabic,4,index_diachronica_original.html:1421,False,expected_underscore,asca-unrepresentable,,,"Syntax Error: Expected '_', but received '' | a:[+long] > æ:[+long] / when not near emphatics | ^ @ Rule 1, Line 1"
6.2.2.1.10,Classical Arabic to Hassāniyya Arabic,2,index_diachronica_original.html:1431,False,syntax_other,broken-syntax,,,"Syntax Error: Expected an IPA character, Primative or Matrix, but received '∅' | ʔ > {∅,j,w} / depending on the environment | ^ @ Rule 1, Line 1"
6.2.2.1.11,Classical Arabic to Iraqi Arabic,1,index_diachronica_original.html:1445,False,expected_underscore,asca-unrepresentable,,,"Syntax Error: Expected '_', but received '' | ɡʲ > j / in southern regions | ^ @ Rule 1, Line 1"
6.2.2.1.14,Classical Arabic to Moroccan Arabic,0,index_diachronica_original.html:1467,False,unknown_character,asca-unrepresentable,͜,,"Syntax Error: Unknown character '͜' | t > t͜s / plain t only, distinguishable from the sequence ts | ^ @ Rule 1, Line 1"
6.2.2.1.14,Classical Arabic to Moroccan Arabic,1,index_diachronica_original.html:1468,False,expected_underscore,asca-unrepresentable,,,"Syntax Error: Expected '_', but received '' | {a,i} > ə / short only | ^ @ Rule 1, Line 1"
6.2.2.1.14,Classical Arabic to Moroccan Arabic,2,index_diachronica_original.html:1469,False,expected_underscore,asca-unrepresentable,,,"Syntax Error: Expected '_', but received '//' | u > ə / short only // near | ^^ @ Rule 1, Line 1"
6.2.2.1.14,Classical Arabic to Moroccan Arabic,3,index_diachronica_original.html:1470,False,unknown_feature,asca-unrepresentable,velar,delay,"Syntax Error: Unknown feature 'velar'. Did you mean delay? | C[+labial/+velar] > ʷ / adjacent to short u | ^^^^^^ @ Rule 1, Line 1"
6.2.2.1.14,Classical Arabic to Moroccan Arabic,5,index_diachronica_original.html:1472,False,expected_underscore,asca-unrepresentable,,,"Syntax Error: Expected '_', but received '' | ə > a / near ħ ʕ | ^ @ Rule 1, Line 1"
6.2.2.1.14,Classical Arabic to Moroccan Arabic,6,index_diachronica_original.html:1473,False,expected_underscore,asca-unrepresentable,,,"Syntax Error: Expected '_', but received '' | ə > ɐ / near emphatics | ^ @ Rule 1, Line 1"
6.2.2.1.14,Classical Arabic to Moroccan Arabic,7,index_diachronica_original.html:1474,False,expected_underscore,asca-unrepresentable,,,"Syntax Error: Expected '_', but received '' | ə > ɪ / else | ^ @ Rule 1, Line 1"
6.2.2.1.14,Classical Arabic to Moroccan Arabic,8,index_diachronica_original.html:1475,False,expected_underscore,asca-unrepresentable,,,"Syntax Error: Expected '_', but received '' | u > ʊ / short only | ^ @ Rule 1, Line 1"
6.2.2.1.14,Classical Arabic to Moroccan Arabic,9,index_diachronica_original.html:1476,False,expected_underscore,asca-unrepresentable,,,"Syntax Error: Expected '_', but received '' | a:[+long] i:[+long] u:[+long] > ɑ:[+long] e:[+long] o:[+long] / near emphatics | ^ @ Rule 1, Line 1"
6.2.2.1.14,Classical Arabic to Moroccan Arabic,10,index_diachronica_original.html:1477,False,expected_underscore,asca-unrepresentable,,,"Syntax Error: Expected '_', but received '' | a:[+long] > æ:[+long] / else | ^ @ Rule 1, Line 1"
6.2.2.1.14,Classical Arabic to Moroccan Arabic,11,index_diachronica_original.html:1478,False,prose_or_expected_arrow,asca-unrepresentable,,,"Syntax Error: Expected '>', '->' or '=>', but received 'ˤ' | C=1 ˤC=2 > 1 2 ˤ | ^ @ Rule 1, Line 1"
6.2.2.1.14,Classical Arabic to Moroccan Arabic,12,index_diachronica_original.html:1479,False,prose_or_expected_arrow,asca-unrepresentable,,,"Syntax Error: Expected '>', '->' or '=>', but received 'ˤ' | Cˤ > C / {#,V}_V | ^ @ Rule 1, Line 1"
6.2.2.1.14,Classical Arabic to Moroccan Arabic,14,index_diachronica_original.html:1481,False,expected_underscore,asca-unrepresentable,,,"Syntax Error: Expected '_', but received '' | dʒ > {d,ɡ} / if s or z occur somewhere else in the word | ^ @ Rule 1, Line 1"
6.2.2.1.14,Classical Arabic to Moroccan Arabic,15,index_diachronica_original.html:1482,False,expected_underscore,asca-unrepresentable,,,"Syntax Error: Expected '_', but received '' | dʒ > ʒ / else | ^ @ Rule 1, Line 1"
6.2.2.1.14,Classical Arabic to Moroccan Arabic,16,index_diachronica_original.html:1483,False,expected_underscore,asca-unrepresentable,,,"Syntax Error: Expected '_', but received '' | s > ʃ / if ʃ is somewhere in the stem after it | ^ @ Rule 1, Line 1"
6.2.2.1.14,Classical Arabic to Moroccan Arabic,17,index_diachronica_original.html:1484,False,expected_underscore,asca-unrepresentable,,,"Syntax Error: Expected '_', but received '' | z > ʒ / if ʒ is somewhere in the stem after it | ^ @ Rule 1, Line 1"
6.2.2.1.17,Classical Arabic to Tunisian Arabic,0,index_diachronica_original.html:1501,False,expected_underscore,asca-unrepresentable,,,"Syntax Error: Expected '_', but received '' | a > ɑ / near emphatics | ^ @ Rule 1, Line 1"
6.2.2.1.17,Classical Arabic to Tunisian Arabic,6,index_diachronica_original.html:1507,False,expected_underscore,asca-unrepresentable,,,"Syntax Error: Expected '_', but received '' | V:[+long] > V:[+long] / in accented or stressed monosyllables | ^ @ Rule 1, Line 1"
6.2.2.1.18,Proto-Semitic to Biblical Hebrew,6,index_diachronica_original.html:1522,False,panic_other,broken-syntax,,,thread panicked
6.2.2.1.18,Proto-Semitic to Biblical Hebrew,9,index_diachronica_original.html:1525,False,expected_underscore,asca-unrepresentable,,,"Syntax Error: Expected '_', but received '' | i > e:[+long] o:[+long] / else | ^ @ Rule 1, Line 1"
6.2.2.1.18,Proto-Semitic to Biblical Hebrew,15,index_diachronica_original.html:1532,False,runtime_delete_only_segment,broken-syntax,,,Runtime Error: Can't delete a word's only segment
6.2.2.1.18,Proto-Semitic to Biblical Hebrew,16,index_diachronica_original.html:1533,False,unknown_character,asca-unrepresentable,_,,"Syntax Error: Unknown character '_' | a > _$$$(…) | ^ @ Rule 1, Line 1"
6.2.2.1.18,Proto-Semitic to Biblical Hebrew,29,index_diachronica_original.html:1546,False,expected_underscore,asca-unrepresentable,,,"Syntax Error: Expected '_', but received '' | p b t d k ɡ > b v θ ð x ɣ / non-intial singletons | ^ @ Rule 1, Line 1"
6.2.2.1.19,Biblical Hebrew to Modern Israeli Hebrew,2,index_diachronica_original.html:1557,False,expected_underscore,asca-unrepresentable,,,"Syntax Error: Expected '_', but received '' | ə > a / near gutturals | ^ @ Rule 1, Line 1"
6.2.2.1.19,Biblical Hebrew to Modern Israeli Hebrew,4,index_diachronica_original.html:1559,False,expected_underscore,asca-unrepresentable,,,"Syntax Error: Expected '_', but received '' | ə > ∅ / else | ^ @ Rule 1, Line 1"
6.2.2.1.19,Biblical Hebrew to Modern Israeli Hebrew,9,index_diachronica_original.html:1564,False,expected_underscore,asca-unrepresentable,,,"Syntax Error: Expected '_', but received '' | ʔ > ∅ // in onset of %[+stress] | ^ @ Rule 1, Line 1"
7.1,Proto-Algonquian to Kennebec River Abenaki,9,index_diachronica_original.html:1602,False,runtime_delete_only_segment,broken-syntax,,,Runtime Error: Can't delete a word's only segment
7.1,Proto-Algonquian to Kennebec River Abenaki,13,index_diachronica_original.html:1606,False,expected_number,asca-unrepresentable,,,"Syntax Error: Expected number, but received C | w > ∅ / C_ // C = C:[-front,+back,+hi,-lo] | ^ @ Rule 1, Line 1"
7.2,Proto-Algonquian to St. Francis Abenaki,7,index_diachronica_original.html:1628,False,runtime_delete_only_segment,broken-syntax,,,Runtime Error: Can't delete a word's only segment
7.2,Proto-Algonquian to St. Francis Abenaki,11,index_diachronica_original.html:1632,False,expected_number,asca-unrepresentable,,,"Syntax Error: Expected number, but received C | w > ∅ / C_ // C = C:[-front,+back,+hi,-lo] | ^ @ Rule 1, Line 1"
7.3,Proto-Algonquian to Proto-Arapaho-Atsina,0,index_diachronica_original.html:1651,False,runtime_delete_only_segment,broken-syntax,,,Runtime Error: Can't delete a word's only segment
7.3.1,Proto-Arapaho-Atsina to Arapaho,1,index_diachronica_original.html:1676,False,syntax_other,broken-syntax,,,"Syntax Error: Expected end of line, received '∅'. Did you forget a '/' between the output and environment? | {C,#,V}ʔ > {C,#,V:[+long]}∅ / _C | ^ @ Rule 1, Line 1"
7.3.1,Proto-Arapaho-Atsina to Arapaho,2,index_diachronica_original.html:1677,False,unknown_feature,asca-unrepresentable,dental,ldental,"Syntax Error: Unknown feature 'dental'. Did you mean ldental? | i:[+long] > u:[+long] / o:[+long](C[-dental])(C[-dental])_ | ^^^^^^^ @ Rule 1, Line 1"
7.3.2,Proto-Arapaho-Atsina to Gros Ventre,1,index_diachronica_original.html:1698,False,unknown_feature,asca-unrepresentable,fallingtone,length,"Syntax Error: Unknown feature 'fallingtone'. Did you mean length? | {C,#,V[-long]}ʔ > {C,#,V:[+long][+falling tone]}∅ / _C | ^^^^^^^^^^^^^ @ Rule 1, Line 1"
7.3.2,Proto-Arapaho-Atsina to Gros Ventre,2,index_diachronica_original.html:1699,False,expected_underscore,asca-unrepresentable,,,"Syntax Error: Expected '_', but received '' | j > ∅ / {ʃ,θ} | ^ @ Rule 1, Line 1"
7.4,Proto-Algonquian to Blackfoot,0,index_diachronica_original.html:1711,False,expected_underscore,asca-unrepresentable,,,"Syntax Error: Expected '_', but received '' | {θ,tʃ,ʃ,r} > t / unless adjacent to another consonant | ^ @ Rule 1, Line 1"
7.4,Proto-Algonquian to Blackfoot,5,index_diachronica_original.html:1716,False,syntax_other,broken-syntax,,,"Syntax Error: Expected an IPA character, Primative or Matrix, but received '∅' | {ʔθ,ʔr} > {ʔ,j,∅} | ^ @ Rule 1, Line 1"
7.4,Proto-Algonquian to Blackfoot,35,index_diachronica_original.html:1746,False,expected_underscore,asca-unrepresentable,,,"Syntax Error: Expected '_', but received '' | i:[+long]wi > i:[+long] / medially | ^ @ Rule 1, Line 1"
7.4,Proto-Algonquian to Blackfoot,44,index_diachronica_original.html:1755,False,prose_or_expected_arrow,asca-unrepresentable,,,"Syntax Error: Expected '>', '->' or '=>', but received '' | t:[+long] | ^ @ Rule 1, Line 2"
7.4,Proto-Algonquian to Blackfoot,47,index_diachronica_original.html:1758,False,stuff_after_word_bound,asca-unrepresentable,,,"Syntax Error: Cannot have segments after the end of a word | e > ∅ / O_ in #% | ^ @ Rule 1, Line 1"
7.4,Proto-Algonquian to Blackfoot,51,index_diachronica_original.html:1762,False,nested_brackets,asca-unrepresentable,,,"Syntax Error: Cannot have nested brackets of the same type | a:[+long] > aa / G_ // when _{C{C,V:[+long]},#} | ^ @ Rule 1, Line 1"
7.4,Proto-Algonquian to Blackfoot,52,index_diachronica_original.html:1763,False,expected_underscore,asca-unrepresentable,,,"Syntax Error: Expected '_', but received '' | a:[+long] > a / else | ^ @ Rule 1, Line 1"
7.4,Proto-Algonquian to Blackfoot,54,index_diachronica_original.html:1765,False,expected_underscore,asca-unrepresentable,,,"Syntax Error: Expected '_', but received '' | a > i // at word boundaries | ^ @ Rule 1, Line 1"
7.5,Proto-Algonquian to Cheyenne,2,index_diachronica_original.html:1774,False,syntax_other,broken-syntax,,,"Syntax Error: Expected an IPA character, Primative or Matrix, but received '∅' | p t k > {hp,∅} ht {hk,∅} | ^ @ Rule 1, Line 1"
7.5,Proto-Algonquian to Cheyenne,8,index_diachronica_original.html:1780,False,expected_underscore,asca-unrepresentable,,,"Syntax Error: Expected '_', but received '' | C[- nasal] > ∅ / near nasals | ^ @ Rule 1, Line 1"
7.5,Proto-Algonquian to Cheyenne,9,index_diachronica_original.html:1781,False,expected_underscore,asca-unrepresentable,,,"Syntax Error: Expected '_', but received '' | m > ∅ / near nasals | ^ @ Rule 1, Line 1"
7.5,Proto-Algonquian to Cheyenne,10,index_diachronica_original.html:1782,False,syntax_other,broken-syntax,,,"Syntax Error: Expected an IPA character, Primative or Matrix, but received '∅' | p > {t,∅} / near consonants | ^ @ Rule 1, Line 1"
7.5,Proto-Algonquian to Cheyenne,11,index_diachronica_original.html:1783,False,expected_underscore,asca-unrepresentable,,,"Syntax Error: Expected '_', but received '' | G > ∅ / near nasals or t | ^ @ Rule 1, Line 1"
7.6,Proto-Algonquian to Northern East Cree,15,index_diachronica_original.html:1803,False,expected_underscore,asca-unrepresentable,,,"Syntax Error: Expected '_', but received '' | a > i / in some unaccented syllables | ^ @ Rule 1, Line 1"
7.7,Proto-Algonquian to Southern East Cree,14,index_diachronica_original.html:1824,False,expected_underscore,asca-unrepresentable,,,"Syntax Error: Expected '_', but received '' | ʃ > {ʃ,s} / in inland varieties | ^ @ Rule 1, Line 1"
7.9,Proto-Algonquian to Swampy Cree,14,index_diachronica_original.html:1868,False,unknown_grouping,asca-unrepresentable,W,,"Syntax Error: Unknown grouping 'W'. Known groupings are (C)onsonant, (O)bstruent, (S)onorant, (P)losive, (F)ricative, (L)iquid, (N)asal, (G)lide, and (V)owel | ʃ > s / in West Swampy Cree | ^ @ Rule 1, Line 1"
7.11,Proto-Algonquian to Munsee Delaware,0,index_diachronica_original.html:1896,False,expected_underscore,asca-unrepresentable,,,"Syntax Error: Expected '_', but received '' | tʃ > t / in nouns | ^ @ Rule 1, Line 1"
7.11,Proto-Algonquian to Munsee Delaware,1,index_diachronica_original.html:1897,False,expected_underscore,asca-unrepresentable,,,"Syntax Error: Expected '_', but received '' | t s > tʃ ʃ / in diminutives | ^ @ Rule 1, Line 1"
7.11,Proto-Algonquian to Munsee Delaware,7,index_diachronica_original.html:1903,False,nested_brackets,asca-unrepresentable,,,"Syntax Error: Cannot have nested brackets of the same type | C:[+round] > C / _ə{(C){p,kʷ},m,w} | ^ @ Rule 1, Line 1"
7.11,Proto-Algonquian to Munsee Delaware,9,index_diachronica_original.html:1905,False,expected_underscore,asca-unrepresentable,,,"Syntax Error: Expected '_', but received '' | we > wə // adjacent to {p,m,k} | ^ @ Rule 1, Line 1"
7.11,Proto-Algonquian to Munsee Delaware,11,index_diachronica_original.html:1907,False,expected_number,asca-unrepresentable,,,"Syntax Error: Expected number, but received l | ʔ > h / _C // C = l, or when reduplicated | ^ @ Rule 1, Line 1"
7.11,Proto-Algonquian to Munsee Delaware,19,index_diachronica_original.html:1915,False,expected_underscore,asca-unrepresentable,,,"Syntax Error: Expected '_', but received ',' | V > ∅ / _# // some monosyllables and analogical developments, in the latter of which long vowels were shortened | ^ @ Rule 1, Line 1"
7.11,Proto-Algonquian to Munsee Delaware,21,index_diachronica_original.html:1917,False,unknown_feature,asca-unrepresentable,weak,man,"Syntax Error: Unknown feature 'weak'. Did you mean man? | ə[+weak] > ∅ / #_C | ^^^^^ @ Rule 1, Line 1"
7.11,Proto-Algonquian to Munsee Delaware,22,index_diachronica_original.html:1918,False,unknown_feature,asca-unrepresentable,weak,man,"Syntax Error: Unknown feature 'weak'. Did you mean man? | ə[+weak] > ∅ / _C[+voice] | ^^^^^ @ Rule 1, Line 1"
7.11,Proto-Algonquian to Munsee Delaware,23,index_diachronica_original.html:1919,False,unknown_feature,asca-unrepresentable,weak,man,"Syntax Error: Unknown feature 'weak'. Did you mean man? | a[+weak] ə[+weak] > ə / a_[+cont][+voice] | ^^^^^ @ Rule 1, Line 1"
7.12,Proto-Algonquian to Menominee,19,index_diachronica_original.html:1954,False,nested_brackets,asca-unrepresentable,,,"Syntax Error: Cannot have nested brackets of the same type | V:[+long] > V[-long] / {CC_C{V,#},CCG_C{V,#}} | ^ @ Rule 1, Line 1"
7.12,Proto-Algonquian to Menominee,25,index_diachronica_original.html:1960,False,expected_underscore,asca-unrepresentable,,,"Syntax Error: Expected '_', but received '//' | æ > e / in odd syllables // _{w,j,[-place]} | ^^ @ Rule 1, Line 1"
7.13,Proto-Algonquian to Miami-Illinois,0,index_diachronica_original.html:1967,False,expected_underscore,asca-unrepresentable,,,"Syntax Error: Expected '_', but received '' | tʃ > t / in nominal suffixes | ^ @ Rule 1, Line 1"
7.13,Proto-Algonquian to Miami-Illinois,1,index_diachronica_original.html:1968,False,expected_underscore,asca-unrepresentable,,,"Syntax Error: Expected '_', but received '' | t > tʃ / in diminutives | ^ @ Rule 1, Line 1"
7.13,Proto-Algonquian to Miami-Illinois,15,index_diachronica_original.html:1982,False,expected_underscore,asca-unrepresentable,,,"Syntax Error: Expected '_', but received '' | VNs VNʃ > V[+nas]z V[+nas]ʒ / not universal? | ^ @ Rule 1, Line 1"
7.13,Proto-Algonquian to Miami-Illinois,16,index_diachronica_original.html:1983,False,syntax_other,broken-syntax,,,"Syntax Error: Could not get value of IPA 'ⁿ'. | P > ⁿS / #NV_ | ^ @ Rule 1, Line 1"
7.13,Proto-Algonquian to Miami-Illinois,17,index_diachronica_original.html:1984,False,syntax_other,broken-syntax,,,"Syntax Error: Could not get value of IPA 'ⁿ'. | s ʃ > ⁿs ⁿʃ / %[-nas] | ^ @ Rule 1, Line 1"
7.15,Proto-Algonquian to Ojibwe,9,index_diachronica_original.html:2021,False,syntax_other,broken-syntax,,,"Syntax Error: Only a segment, matrix, group, or reference can be negated | {j,w}V[-long] > ∅ / C_# in disyllables with V:[+long] or in tri(-plus-)syllables | ^^ @ Rule 1, Line 1"
7.16,Proto-Algonquian to Piscataway,2,index_diachronica_original.html:2036,False,expected_underscore,asca-unrepresentable,,,"Syntax Error: Expected '_', but received '' | e > o / unclear conditioning | ^ @ Rule 1, Line 1"
8.1,Proto-Altaic to Proto-Japonic,14,index_diachronica_original.html:2112,False,expected_underscore,asca-unrepresentable,,,"Syntax Error: Expected '_', but received '//' | tʃ > s / maybe // _#? | ^^ @ Rule 1, Line 1"
8.1,Proto-Altaic to Proto-Japonic,17,index_diachronica_original.html:2115,False,expected_underscore,asca-unrepresentable,,,"Syntax Error: Expected '_', but received '' | ɡ > k / else | ^ @ Rule 1, Line 1"
8.1,Proto-Altaic to Proto-Japonic,21,index_diachronica_original.html:2119,False,syntax_other,broken-syntax,,,"Syntax Error: Expected an IPA character, Primative or Matrix, but received '∅' | ŋ > {∅,n} #_ else | ^ @ Rule 1, Line 1"
8.1,Proto-Altaic to Proto-Japonic,22,index_diachronica_original.html:2120,False,panic_other,broken-syntax,,,thread panicked
8.1,Proto-Altaic to Proto-Japonic,26,index_diachronica_original.html:2124,False,expected_underscore,asca-unrepresentable,,,"Syntax Error: Expected '_', but received '' | l lʲ > r s / else | ^ @ Rule 1, Line 1"
8.1,Proto-Altaic to Proto-Japonic,27,index_diachronica_original.html:2125,False,syntax_other,broken-syntax,,,"Syntax Error: Expected an IPA character, Primative or Matrix, but received '∅' | j > {j,∅} | ^ @ Rule 1, Line 1"
8.2,Proto-Altaic to Proto-Korean,0,index_diachronica_original.html:2149,False,syntax_other,broken-syntax,,,"Syntax Error: Expected an IPA character, Primative or Matrix, but received '∅' | {tʰ,d} {k,ɡ} > r {h,∅} / {C,V}_{C,V} | ^ @ Rule 1, Line 1"
8.2,Proto-Altaic to Proto-Korean,8,index_diachronica_original.html:2157,False,syntax_other,broken-syntax,,,"Syntax Error: Expected an IPA character, Primative or Matrix, but received '∅' | ŋ > {ŋ,∅} | ^ @ Rule 1, Line 1"
8.2,Proto-Altaic to Proto-Korean,11,index_diachronica_original.html:2160,False,expected_underscore,asca-unrepresentable,,,"Syntax Error: Expected '_', but received '' | {l,lʲ} > r / else | ^ @ Rule 1, Line 1"
8.2,Proto-Altaic to Proto-Korean,12,index_diachronica_original.html:2161,False,syntax_other,broken-syntax,,,"Syntax Error: Expected an IPA character, Primative or Matrix, but received '∅' | j > {j,∅} | ^ @ Rule 1, Line 1"
8.3,Proto-Altaic to Proto-Mongolic,1,index_diachronica_original.html:2170,False,panic_other,broken-syntax,,,thread panicked
8.3,Proto-Altaic to Proto-Mongolic,4,index_diachronica_original.html:2173,False,nested_brackets,asca-unrepresentable,,,"Syntax Error: Cannot have nested brackets of the same type | e o u æ ø y > {a,e} {o,u} {a,o,u a {a,o,u} {o,u,i} / _Ca | ^ @ Rule 1, Line 1"
8.3,Proto-Altaic to Proto-Mongolic,14,index_diachronica_original.html:2183,False,expected_underscore,asca-unrepresentable,,,"Syntax Error: Expected '_', but received ',' | b > h / medially, // {r,rʲ,l,lʲ}_ or _ɡ | ^ @ Rule 1, Line 1"
8.3,Proto-Altaic to Proto-Mongolic,16,index_diachronica_original.html:2185,False,expected_underscore,asca-unrepresentable,,,"Syntax Error: Expected '_', but received '' | pʰ > {b,h} / medially | ^ @ Rule 1, Line 1"
8.3,Proto-Altaic to Proto-Mongolic,17,index_diachronica_original.html:2186,False,unknown_feature,asca-unrepresentable,highpitch,high,"Syntax Error: Unknown feature 'highpitch'. Did you mean high? | pʰ > b / #_%[+high pitch] | ^^^^^^^^^^^ @ Rule 1, Line 1"
8.3,Proto-Altaic to Proto-Mongolic,22,index_diachronica_original.html:2191,False,expected_underscore,asca-unrepresentable,,,"Syntax Error: Expected '_', but received '' | tʰ > t / else | ^ @ Rule 1, Line 1"
8.3,Proto-Altaic to Proto-Mongolic,24,index_diachronica_original.html:2193,False,expected_underscore,asca-unrepresentable,,,"Syntax Error: Expected '_', but received '' | tʃ > d / # | ^ @ Rule 1, Line 1"
8.3,Proto-Altaic to Proto-Mongolic,29,index_diachronica_original.html:2198,False,expected_underscore,asca-unrepresentable,,,"Syntax Error: Expected '_', but received '' | kʰ > k / else | ^ @ Rule 1, Line 1"
8.3,Proto-Altaic to Proto-Mongolic,32,index_diachronica_original.html:2201,False,expected_underscore,asca-unrepresentable,,,"Syntax Error: Expected '_', but received '' | ʃ > s / else | ^ @ Rule 1, Line 1"
8.3,Proto-Altaic to Proto-Mongolic,34,index_diachronica_original.html:2203,False,expected_underscore,asca-unrepresentable,,,"Syntax Error: Expected '_', but received '' | nʲ > {j,n} / else | ^ @ Rule 1, Line 1"
8.3,Proto-Altaic to Proto-Mongolic,37,index_diachronica_original.html:2206,False,syntax_other,broken-syntax,,,"Syntax Error: Expected an IPA character, Primative or Matrix, but received '∅' | ŋ > {∅,j} / #_ | ^ @ Rule 1, Line 1"
8.4,Proto-Altaic to Proto-Tungusic,10,index_diachronica_original.html:2230,False,expected_underscore,asca-unrepresentable,,,"Syntax Error: Expected '_', but received '' | p > b / medially | ^ @ Rule 1, Line 1"
8.4,Proto-Altaic to Proto-Tungusic,15,index_diachronica_original.html:2235,False,panic_other,broken-syntax,,,thread panicked
8.4,Proto-Altaic to Proto-Tungusic,21,index_diachronica_original.html:2241,False,unknown_feature,asca-unrepresentable,lowpitch,voice,"Syntax Error: Unknown feature 'lowpitch'. Did you mean voice? | %[-long +low pitch] %[+long -low pitch] > %[+long] %[-long] | ^^^^^^^^^^ @ Rule 1, Line 1"
8.5,Proto-Altaic to Proto-Turkic,11,index_diachronica_original.html:2258,False,syntax_other,broken-syntax,,,"Syntax Error: Expected an IPA character, Primative or Matrix, but received '∅' | {pʰ,ŋ} > {∅,j} / #_ | ^ @ Rule 1, Line 1"
8.5.1,Proto-Turkic to Proto-Kypchak,9,index_diachronica_original.html:2291,False,prose_or_expected_arrow,asca-unrepresentable,,,"Syntax Error: Expected '>', '->' or '=>', but received '' | mɡ ɡr | ^ @ Rule 1, Line 2"
8.5.1,Proto-Turkic to Proto-Kypchak,16,index_diachronica_original.html:2298,False,prose_or_expected_arrow,asca-unrepresentable,,,"Syntax Error: Expected '>', '->' or '=>', but received ')' | øj) > yj | ^ @ Rule 1, Line 2"
8.5.1,Proto-Turkic to Proto-Kypchak,22,index_diachronica_original.html:2304,False,expected_underscore,asca-unrepresentable,,,"Syntax Error: Expected '_', but received '' | f > p / else | ^ @ Rule 1, Line 1"
8.5.1,Proto-Turkic to Proto-Kypchak,23,index_diachronica_original.html:2305,False,expected_underscore,asca-unrepresentable,,,"Syntax Error: Expected '_', but received '' | ŋ > ɡ / syllable-final | ^ @ Rule 1, Line 1"
8.5.1.2,Proto-Kypchak to Kyrgyz,8,index_diachronica_original.html:2327,False,unknown_character,asca-unrepresentable,〈,,"Syntax Error: Unknown character '〈' | ∅ > % / #_{l,r} (not sure what 〈U〉 represents here | ^ @ Rule 1, Line 1"
8.5.2,Proto-Turkic to Sakha,2,index_diachronica_original.html:2336,False,unknown_character,asca-unrepresentable,̌,,"Syntax Error: Unknown character '̌' | a{ɡ̌,ɡ̌ɯ,b} {o{ɡ̌,b},aɡ̌u} u{ɡ̌,b} > ɰa wo u:[+long] | ^ @ Rule 1, Line 1"
8.5.2,Proto-Turkic to Sakha,3,index_diachronica_original.html:2337,False,unknown_character,asca-unrepresentable,̌,,"Syntax Error: Unknown character '̌' | iɡ̌ > ɯ:[+long] | ^ @ Rule 1, Line 1"
9.1.1,Proto-Vietic to Muong Khen,7,index_diachronica_original.html:2396,False,unknown_character,asca-unrepresentable,̊,,"Syntax Error: Unknown character '̊' | {n̥j,nj,ɲ̊j,ɲj} > ɲ j | ^ @ Rule 1, Line 1"
9.1.1,Proto-Vietic to Muong Khen,9,index_diachronica_original.html:2398,False,nested_brackets,asca-unrepresentable,,,"Syntax Error: Cannot have nested brackets of the same type | {hə{p,b},ə{p,b}} > t / _l | ^ @ Rule 1, Line 1"
9.1.2,Proto-Vietic to Middle Vietnamese,0,index_diachronica_original.html:2408,False,syntax_other,broken-syntax,,,"Syntax Error: Expected an IPA character, Primative or Matrix, but received '*' | bʱ {tʰ,dʱ} {t*ʰ,d*ʱ} {kʰ,ɡʱ} > pʰ t tʰ kʰ | ^ @ Rule 1, Line 1"
9.1.2,Proto-Vietic to Middle Vietnamese,1,index_diachronica_original.html:2409,False,nested_brackets,asca-unrepresentable,,,"Syntax Error: Cannot have nested brackets of the same type | {hə{p,b},ə{p,b}} {hə{t,d},ə{t,d}} {hə{c,ɟ},ə{c,ɟ}} {hə{k,ɡ},ə{k,ɡ}} > β dʲ ɟ ɡ | ^ @ Rule 1, Line 1"
9.1.2,Proto-Vietic to Middle Vietnamese,4,index_diachronica_original.html:2412,False,unknown_character,asca-unrepresentable,̊,,"Syntax Error: Unknown character '̊' | {n̥j,nj,ɲ̊j,ɲj} > ɲ | ^ @ Rule 1, Line 1"
9.1.2,Proto-Vietic to Middle Vietnamese,5,index_diachronica_original.html:2413,False,unknown_character,asca-unrepresentable,Ω,,"Syntax Error: Unknown character 'Ω' | tʃ > Ω | ^ @ Rule 1, Line 1"
9.1.2,Proto-Vietic to Middle Vietnamese,7,index_diachronica_original.html:2415,False,nested_brackets,asca-unrepresentable,,,"Syntax Error: Cannot have nested brackets of the same type | ((h)ə)p d > b t / _l | ^ @ Rule 1, Line 1"
9.1.2,Proto-Vietic to Middle Vietnamese,9,index_diachronica_original.html:2417,False,prose_or_expected_arrow,asca-unrepresentable,,,"Syntax Error: Expected '>', '->' or '=>', but received '*' | t*ʰ d ɡ > tʰ t k / _w | ^ @ Rule 1, Line 1"
9.1.2,Proto-Vietic to Middle Vietnamese,10,index_diachronica_original.html:2418,False,panic_other,broken-syntax,,,thread panicked
9.1.2,Proto-Vietic to Middle Vietnamese,13,index_diachronica_original.html:2422,False,expected_underscore,asca-unrepresentable,,,"Syntax Error: Expected '_', but received '' | l > j / else | ^ @ Rule 1, Line 1"
9.1.2.1,Middle Vietnamese to Hanoi Vietnamese,6,index_diachronica_original.html:2447,False,unknown_character,asca-unrepresentable,Ω,,"Syntax Error: Unknown character 'Ω' | Ω cʰ > s tɕ | ^ @ Rule 1, Line 1"
9.1.2.1,Middle Vietnamese to Hanoi Vietnamese,8,index_diachronica_original.html:2450,False,unknown_feature,asca-unrepresentable,palatal,latrl,"Syntax Error: Unknown feature 'palatal'. Did you mean latrl? | ɛ > a / _C[+palatal] | ^^^^^^^^ @ Rule 1, Line 1"
9.1.2.2,Middle Vietnamese to Saigon Vietnamese,6,index_diachronica_original.html:2473,False,unknown_character,asca-unrepresentable,Ω,,"Syntax Error: Unknown character 'Ω' | Ω cʰ > ʂ ʈʂ | ^ @ Rule 1, Line 1"
9.1.2.2,Middle Vietnamese to Saigon Vietnamese,10,index_diachronica_original.html:2478,False,expected_underscore,asca-unrepresentable,,,"Syntax Error: Expected '_', but received '' | {c,ɲ} > ∅ / else | ^ @ Rule 1, Line 1"
9.1.2.2,Middle Vietnamese to Saigon Vietnamese,11,index_diachronica_original.html:2480,False,syntax_other,broken-syntax,,,"Syntax Error: Expected '..', but received .'w' | ə > ∅ / {i,ɨ}_{p,m.w} | ^ @ Rule 1, Line 1"
9.1.2.2,Middle Vietnamese to Saigon Vietnamese,16,index_diachronica_original.html:2486,False,unknown_feature,asca-unrepresentable,palatal,latrl,"Syntax Error: Unknown feature 'palatal'. Did you mean latrl? | ɛ > a / _C[+palatal] | ^^^^^^^^ @ Rule 1, Line 1"
10.1.1,Proto-Malayo-Polynesian to Proto-Bali-Sasak-Sumbawan,10,index_diachronica_original.html:2540,False,syntax_other,broken-syntax,,,"Syntax Error: Expected an IPA character, Primative or Matrix, but received '(' | [-place]əS > {hə(N)S,ə(N)S} / #_ | ^ @ Rule 1, Line 1"
10.1.1.1,Proto-Bali-Sasak-Sumbawan to Balinese,0,index_diachronica_original.html:2545,False,syntax_other,broken-syntax,,,"Syntax Error: Expected an IPA character, Primative or Matrix, but received '∅' | {r,h} > {∅,h} | ^ @ Rule 1, Line 2"
10.1.1.1,Proto-Bali-Sasak-Sumbawan to Balinese,1,index_diachronica_original.html:2546,False,syntax_other,broken-syntax,,,"Syntax Error: Expected an IPA character, Primative or Matrix, but received '∅' | h > {∅,h} | ^ @ Rule 1, Line 1"
10.1.1.2,Proto-Bali-Sasak-Sumbawan to Sasak,5,index_diachronica_original.html:2561,False,expected_underscore,asca-unrepresentable,,,"Syntax Error: Expected '_', but received '' | d > r / medial | ^ @ Rule 1, Line 1"
10.1.1.3,Proto-Bali-Sasak-Sumbawan to Sumbawan,9,index_diachronica_original.html:2577,False,expected_underscore,asca-unrepresentable,,,"Syntax Error: Expected '_', but received '' | b > ∅ / medial | ^ @ Rule 1, Line 1"
10.1.2,Proto-Austronesian to Proto-Philippine,0,index_diachronica_original.html:2595,False,syntax_other,broken-syntax,,,"Syntax Error: The input of an insertion rule must only contain `*` or `∅` | *T > t | ^ @ Rule 1, Line 1"
10.1.2,Proto-Austronesian to Proto-Philippine,1,index_diachronica_original.html:2596,False,syntax_other,broken-syntax,,,"Syntax Error: Expected an IPA character, Primative or Matrix, but received '*' | {*D,*Z,z} > d / #_ | ^ @ Rule 1, Line 1"
10.1.2,Proto-Austronesian to Proto-Philippine,2,index_diachronica_original.html:2597,False,syntax_other,broken-syntax,,,"Syntax Error: The input of an insertion rule must only contain `*` or `∅` | *D > d / _# | ^ @ Rule 1, Line 1"
10.1.2,Proto-Austronesian to Proto-Philippine,3,index_diachronica_original.html:2598,False,syntax_other,broken-syntax,,,"Syntax Error: The input of an insertion rule must only contain `*` or `∅` | *R > ɡ / #_ | ^ @ Rule 1, Line 1"
10.1.2,Proto-Austronesian to Proto-Philippine,4,index_diachronica_original.html:2599,False,syntax_other,broken-syntax,,,"Syntax Error: The input of an insertion rule must only contain `*` or `∅` | *R > {l,ɡ} / _# | ^ @ Rule 1, Line 1"
10.1.2.1,Proto-Philippine to Bicol,2,index_diachronica_original.html:2608,False,syntax_other,broken-syntax,,,"Syntax Error: The input of an insertion rule must only contain `*` or `∅` | *j {*D,z} > r d / V_V | ^ @ Rule 1, Line 1"
10.1.2.1,Proto-Philippine to Bicol,3,index_diachronica_original.html:2609,False,syntax_other,broken-syntax,,,"Syntax Error: The input of an insertion rule must only contain `*` or `∅` | *j > ɡ / #_ | ^ @ Rule 1, Line 1"
10.1.2.1,Proto-Philippine to Bicol,4,index_diachronica_original.html:2610,False,prose_or_expected_arrow,asca-unrepresentable,,,"Syntax Error: Expected '>', '->' or '=>', but received '*' | h *j > d / _# | ^ @ Rule 1, Line 1"
10.1.2.1,Proto-Philippine to Bicol,5,index_diachronica_original.html:2611,False,syntax_other,broken-syntax,,,"Syntax Error: The input of an insertion rule must only contain `*` or `∅` | *R > ɡ | ^ @ Rule 1, Line 1"
10.1.2.2,Proto-Philippine to Cebuano,1,index_diachronica_original.html:2619,False,syntax_other,broken-syntax,,,"Syntax Error: The input of an insertion rule must only contain `*` or `∅` | *D d > l r / V_V | ^ @ Rule 1, Line 1"
10.1.2.2,Proto-Philippine to Cebuano,2,index_diachronica_original.html:2620,False,syntax_other,broken-syntax,,,"Syntax Error: The input of an insertion rule must only contain `*` or `∅` | *j > d / #_ | ^ @ Rule 1, Line 1"
10.1.2.2,Proto-Philippine to Cebuano,3,index_diachronica_original.html:2621,False,syntax_other,broken-syntax,,,"Syntax Error: Expected an IPA character, Primative or Matrix, but received '*' | {*j,*Z} z > l r / V_V | ^ @ Rule 1, Line 1"
10.1.2.2,Proto-Philippine to Cebuano,4,index_diachronica_original.html:2622,False,prose_or_expected_arrow,asca-unrepresentable,,,"Syntax Error: Expected '>', '->' or '=>', but received '*' | h *j > d / _# | ^ @ Rule 1, Line 1"
10.1.2.2,Proto-Philippine to Cebuano,5,index_diachronica_original.html:2623,False,syntax_other,broken-syntax,,,"Syntax Error: The input of an insertion rule must only contain `*` or `∅` | *R > ɡ | ^ @ Rule 1, Line 1"
10.1.2.3,Proto-Philippine to Hiligaynon,1,index_diachronica_original.html:2632,False,syntax_other,broken-syntax,,,"Syntax Error: The input of an insertion rule must only contain `*` or `∅` | *D > l | ^ @ Rule 1, Line 1"
10.1.2.3,Proto-Philippine to Hiligaynon,2,index_diachronica_original.html:2633,False,syntax_other,broken-syntax,,,"Syntax Error: The input of an insertion rule must only contain `*` or `∅` | *j > d / #_ | ^ @ Rule 1, Line 1"
10.1.2.3,Proto-Philippine to Hiligaynon,3,index_diachronica_original.html:2634,False,syntax_other,broken-syntax,,,"Syntax Error: Expected an IPA character, Primative or Matrix, but received '*' | {*Z,*j} z > l r / V_V | ^ @ Rule 1, Line 1"
10.1.2.3,Proto-Philippine to Hiligaynon,4,index_diachronica_original.html:2635,False,syntax_other,broken-syntax,,,"Syntax Error: The input of an insertion rule must only contain `*` or `∅` | *j > d / _# | ^ @ Rule 1, Line 1"
10.1.2.4,Proto-Philippine to Ibanag,1,index_diachronica_original.html:2645,False,syntax_other,broken-syntax,,,"Syntax Error: The input of an insertion rule must only contain `*` or `∅` | *D > r | ^ @ Rule 1, Line 1"
10.1.2.4,Proto-Philippine to Ibanag,2,index_diachronica_original.html:2646,False,syntax_other,broken-syntax,,,"Syntax Error: The input of an insertion rule must only contain `*` or `∅` | *j > ɡ / possible exception in word-initial position? | ^ @ Rule 1, Line 1"
10.1.2.4,Proto-Philippine to Ibanag,3,index_diachronica_original.html:2647,False,syntax_other,broken-syntax,,,"Syntax Error: The input of an insertion rule must only contain `*` or `∅` | *Z > r | ^ @ Rule 1, Line 1"
10.1.2.4,Proto-Philippine to Ibanag,5,index_diachronica_original.html:2649,False,syntax_other,broken-syntax,,,"Syntax Error: The input of an insertion rule must only contain `*` or `∅` | *R > ɡ | ^ @ Rule 1, Line 1"
10.1.2.5,Proto-Philippine to Ifugao,1,index_diachronica_original.html:2660,False,syntax_other,broken-syntax,,,"Syntax Error: The input of an insertion rule must only contain `*` or `∅` | *j > ɡ / _# | ^ @ Rule 1, Line 1"
10.1.2.5,Proto-Philippine to Ifugao,2,index_diachronica_original.html:2661,False,syntax_other,broken-syntax,,,"Syntax Error: Expected an IPA character, Primative or Matrix, but received '*' | {z,*Z,*D,*j} > d | ^ @ Rule 1, Line 1"
10.1.2.6,Proto-Philippine to Ilocano,0,index_diachronica_original.html:2671,False,syntax_other,broken-syntax,,,"Syntax Error: The input of an insertion rule must only contain `*` or `∅` | *D > d | ^ @ Rule 1, Line 1"
10.1.2.6,Proto-Philippine to Ilocano,1,index_diachronica_original.html:2672,False,syntax_other,broken-syntax,,,"Syntax Error: Expected an IPA character, Primative or Matrix, but received '*' | {z,*Z,*j} > d / V_V | ^ @ Rule 1, Line 1"
10.1.2.6,Proto-Philippine to Ilocano,2,index_diachronica_original.html:2673,False,syntax_other,broken-syntax,,,"Syntax Error: The input of an insertion rule must only contain `*` or `∅` | *j > ɡ | ^ @ Rule 1, Line 1"
10.1.2.7,Proto-Philippine to Proto-Kalamian,2,index_diachronica_original.html:2684,False,syntax_other,broken-syntax,,,"Syntax Error: The input of an insertion rule must only contain `*` or `∅` | *R ɲ > l n | ^ @ Rule 1, Line 1"
10.1.2.7.2,Proto-Kalamian to Karamiananen,8,index_diachronica_original.html:2716,False,syntax_other,broken-syntax,,,"Syntax Error: Expected end of line, received '&'. Did you forget a '/' between the output and environment? | s > c& _ | ^ @ Rule 1, Line 1"
10.1.2.8,Proto-Philippine to Kankanay,0,index_diachronica_original.html:2737,False,syntax_other,broken-syntax,,,"Syntax Error: Expected an IPA character, Primative or Matrix, but received '*' | {*D,*Z} > d | ^ @ Rule 1, Line 1"
10.1.2.8,Proto-Philippine to Kankanay,1,index_diachronica_original.html:2738,False,syntax_other,broken-syntax,,,"Syntax Error: Expected an IPA character, Primative or Matrix, but received '*' | {z,*j} > d / V_V | ^ @ Rule 1, Line 1"
10.1.2.8,Proto-Philippine to Kankanay,2,index_diachronica_original.html:2739,False,syntax_other,broken-syntax,,,"Syntax Error: The input of an insertion rule must only contain `*` or `∅` | *j > ɡ / _# | ^ @ Rule 1, Line 1"
10.1.2.9,Proto-Philippine to Tagalog,2,index_diachronica_original.html:2751,False,syntax_other,broken-syntax,,,"Syntax Error: Expected an IPA character, Primative or Matrix, but received '*' | {*D,*j} {d,z} > l r / V_V | ^ @ Rule 1, Line 1"
10.1.2.9,Proto-Philippine to Tagalog,3,index_diachronica_original.html:2752,False,syntax_other,broken-syntax,,,"Syntax Error: The input of an insertion rule must only contain `*` or `∅` | *j > d / #_ | ^ @ Rule 1, Line 1"
10.1.2.9,Proto-Philippine to Tagalog,4,index_diachronica_original.html:2753,False,prose_or_expected_arrow,asca-unrepresentable,,,"Syntax Error: Expected '>', '->' or '=>', but received '*' | h *j > d / _# | ^ @ Rule 1, Line 1"
10.1.2.9,Proto-Philippine to Tagalog,5,index_diachronica_original.html:2754,False,syntax_other,broken-syntax,,,"Syntax Error: The input of an insertion rule must only contain `*` or `∅` | *R > ɡ | ^ @ Rule 1, Line 1"
10.1.2.10,Proto-Philippine to Waray,2,index_diachronica_original.html:2763,False,syntax_other,broken-syntax,,,"Syntax Error: The input of an insertion rule must only contain `*` or `∅` | *T > t | ^ @ Rule 1, Line 1"
10.1.2.10,Proto-Philippine to Waray,3,index_diachronica_original.html:2764,False,syntax_other,broken-syntax,,,"Syntax Error: Expected an IPA character, Primative or Matrix, but received '*' | {*D,*Z} > r / V_V | ^ @ Rule 1, Line 1"
10.1.2.10,Proto-Philippine to Waray,4,index_diachronica_original.html:2765,False,syntax_other,broken-syntax,,,"Syntax Error: Expected an IPA character, Primative or Matrix, but received '*' | {*D,*Z,z} > d | ^ @ Rule 1, Line 1"
10.1.2.10,Proto-Philippine to Waray,5,index_diachronica_original.html:2766,False,syntax_other,broken-syntax,,,"Syntax Error: The input of an insertion rule must only contain `*` or `∅` | *j > r / V_V | ^ @ Rule 1, Line 1"
10.1.2.10,Proto-Philippine to Waray,6,index_diachronica_original.html:2767,False,syntax_other,broken-syntax,,,"Syntax Error: The input of an insertion rule must only contain `*` or `∅` | *j > d | ^ @ Rule 1, Line 1"
10.1.2.10,Proto-Philippine to Waray,7,index_diachronica_original.html:2768,False,syntax_other,broken-syntax,,,"Syntax Error: The input of an insertion rule must only contain `*` or `∅` | *R > ɡ | ^ @ Rule 1, Line 1"
10.1.2.10,Proto-Philippine to Waray,9,index_diachronica_original.html:2770,False,syntax_other,broken-syntax,,,"Syntax Error: The input of an insertion rule must only contain `*` or `∅` | *c > s | ^ @ Rule 1, Line 1"
10.2,Proto-Austronesian to Proto-Batak,3,index_diachronica_original.html:2781,False,prose_or_expected_arrow,asca-unrepresentable,,,"Syntax Error: Expected '>', '->' or '=>', but received '' | t d n r | ^ @ Rule 1, Line 2"
10.2.2,Proto-Malayo-Polynesian to Chamorro,4,index_diachronica_original.html:2808,False,syntax_other,broken-syntax,,,"Syntax Error: Cannot have segments before the beginning of a word | i u > e o / CC# | ^ @ Rule 1, Line 1"
10.2.3,Proto-Malayo-Polynesian to Proto-Malayic,6,index_diachronica_original.html:2839,False,expected_underscore,asca-unrepresentable,,,"Syntax Error: Expected '_', but received '' | h > ∅ / else | ^ @ Rule 1, Line 1"
10.2.3,Proto-Malayo-Polynesian to Proto-Malayic,11,index_diachronica_original.html:2846,False,unknown_feature,asca-unrepresentable,APOA,root,"Syntax Error: Unknown feature 'APOA'. Did you mean root? | C[+ A POA]C[+ B POA] > C[+ B POA]C[+ B POA] | ^^^^^^^ @ Rule 1, Line 1"
10.2.3,Proto-Malayo-Polynesian to Proto-Malayic,13,index_diachronica_original.html:2848,False,syntax_other,broken-syntax,,,"Syntax Error: Expected an IPA character, Primative or Matrix, but received '∅' | [-place] > {∅,h} / _əNP // #_ | ^ @ Rule 1, Line 1"
10.2.3.1,Proto-Malayic to (Standard) Malay,0,index_diachronica_original.html:2853,False,unknown_grouping,asca-unrepresentable,U,,"Syntax Error: Unknown grouping 'U'. Known groupings are (C)onsonant, (O)bstruent, (S)onorant, (P)losive, (F)ricative, (L)iquid, (N)asal, (G)lide, and (V)owel | V > ə / _(C,0)U%# | ^ @ Rule 1, Line 1"
10.2.4.1,Proto-Malayo-Javanic to Javanese,1,index_diachronica_original.html:2872,False,expected_underscore,asca-unrepresentable,,,"Syntax Error: Expected '_', but received '' | b > w // adjacent to another consonant | ^ @ Rule 1, Line 1"
10.2.4.2,Proto-Malayo-Polynesian to Madurese,2,index_diachronica_original.html:2891,False,diacritic_prereq,asca-unrepresentable,,,"Syntax Error: Segment does not have prerequisite properties to have this diacritic. Must be [-voice] | z > jʰ | ^^ @ Rule 1, Line 1"
10.2.4.2,Proto-Malayo-Polynesian to Madurese,3,index_diachronica_original.html:2893,False,syntax_other,broken-syntax,,,"Syntax Error: Expected an IPA character, Primative or Matrix, but received '∅' | b > {w,∅} / #_ | ^ @ Rule 1, Line 1"
10.2.4.3,Proto-Malayo-Javanic to Sundanese,1,index_diachronica_original.html:2909,False,syntax_other,broken-syntax,,,"Syntax Error: Expected an IPA character, Primative or Matrix, but received '∅' | w > {∅,c} / #_ | ^ @ Rule 1, Line 1"
10.2.4.3,Proto-Malayo-Javanic to Sundanese,2,index_diachronica_original.html:2910,False,syntax_other,broken-syntax,,,"Syntax Error: Expected an IPA character, Primative or Matrix, but received '∅' | [+son,-syll] > {∅,r,j} | ^ @ Rule 1, Line 1"
10.2.5,Proto-Malayo-Polynesian to Palauan,6,index_diachronica_original.html:2926,False,expected_underscore,asca-unrepresentable,,,"Syntax Error: Expected '_', but received '' | ə > {e,o} / stressed | ^ @ Rule 1, Line 1"
10.2.5,Proto-Malayo-Polynesian to Palauan,9,index_diachronica_original.html:2929,False,expected_underscore,asca-unrepresentable,,,"Syntax Error: Expected '_', but received '' | V > ə / unstressed | ^ @ Rule 1, Line 1"
10.2.5,Proto-Malayo-Polynesian to Palauan,17,index_diachronica_original.html:2937,False,expected_underscore,asca-unrepresentable,,,"Syntax Error: Expected '_', but received '' | t > ð // adjacent to P | ^ @ Rule 1, Line 1"
10.2.5,Proto-Malayo-Polynesian to Palauan,19,index_diachronica_original.html:2939,False,unknown_feature,asca-unrepresentable,dental,ldental,"Syntax Error: Unknown feature 'dental'. Did you mean ldental? | ʀ > r / _C[+dental] | ^^^^^^^ @ Rule 1, Line 1"
10.2.5,Proto-Malayo-Polynesian to Palauan,29,index_diachronica_original.html:2949,False,panic_other,broken-syntax,,,thread panicked
10.2.5,Proto-Malayo-Polynesian to Palauan,31,index_diachronica_original.html:2951,False,syntax_other,broken-syntax,,,"Syntax Error: Expected an IPA character, Primative or Matrix, but received '>' | χ ( > ʕ) | ^ @ Rule 1, Line 2"
10.2.6,Proto-Malayo-Polynesian to Proto-North Sarawak,6,index_diachronica_original.html:2962,False,expected_underscore,asca-unrepresentable,,,"Syntax Error: Expected '_', but received '' | ə > ∅ / adjacent to a vowel | ^ @ Rule 1, Line 1"
10.2.6,Proto-Malayo-Polynesian to Proto-North Sarawak,7,index_diachronica_original.html:2963,False,unknown_grouping,asca-unrepresentable,U,,"Syntax Error: Unknown grouping 'U'. Known groupings are (C)onsonant, (O)bstruent, (S)onorant, (P)losive, (F)ricative, (L)iquid, (N)asal, (G)lide, and (V)owel | a > ə / _%U(%,0)# | ^ @ Rule 1, Line 1"
10.2.6,Proto-Malayo-Polynesian to Proto-North Sarawak,9,index_diachronica_original.html:2965,False,syntax_other,broken-syntax,,,"Syntax Error: Expected end of line, received '_'. Did you forget a '/' between the output and environment? | ə > VC_CV | ^ @ Rule 1, Line 1"
10.2.6,Proto-Malayo-Polynesian to Proto-North Sarawak,12,index_diachronica_original.html:2970,False,syntax_other,broken-syntax,,,"Syntax Error: Expected end of line, received '('. Did you forget a '/' between the output and environment? | b:[+long] d:[+long] dz:[+long] ɡ:[+long] > bʱ dʱ dzʱ ɡʱ (Whimemsz says these become | ^ @ Rule 1, Line 1"
10.2.6,Proto-Malayo-Polynesian to Proto-North Sarawak,13,index_diachronica_original.html:2971,False,unknown_grouping,asca-unrepresentable,U,,"Syntax Error: Unknown grouping 'U'. Known groupings are (C)onsonant, (O)bstruent, (S)onorant, (P)losive, (F)ricative, (L)iquid, (N)asal, (G)lide, and (V)owel | ə > ∅ / #_%U(%,0)# | ^ @ Rule 1, Line 1"
10.2.6.1,Proto-North Sarawak to Kiput,9,index_diachronica_original.html:2988,False,expected_underscore,asca-unrepresentable,,,"Syntax Error: Expected '_', but received '' | ə > ∅ / adjacent to a vowel | ^ @ Rule 1, Line 1"
10.2.6.1,Proto-North Sarawak to Kiput,10,index_diachronica_original.html:2989,False,expected_number,asca-unrepresentable,,,"Syntax Error: Expected number, but received ə | V[+stress] > V:[+long] / _C# // V = ə and/or C = h | ^ @ Rule 1, Line 1"
10.2.6.1,Proto-North Sarawak to Kiput,23,index_diachronica_original.html:3002,False,expected_underscore,asca-unrepresentable,,,"Syntax Error: Expected '_', but received '' | əi̯ əu̯ > ai̯ au̯ // O[+voice] earlier in the word | ^ @ Rule 1, Line 1"
10.2.6.2.1,Proto-Kenyah to Òma Lóngh,11,index_diachronica_original.html:3050,False,unknown_character,asca-unrepresentable,̚,,"Syntax Error: Unknown character '̚' | {p,t} n > c̚ ɲ / {i,ɛ}_# | ^ @ Rule 1, Line 1"
10.2.6.2.1,Proto-Kenyah to Òma Lóngh,18,index_diachronica_original.html:3057,False,unknown_character,asca-unrepresentable,̊,,"Syntax Error: Unknown character '̊' | ŋ > ŋ̊ / _# | ^ @ Rule 1, Line 1"
10.3.2,Proto-Oceanic to Hiw,0,index_diachronica_original.html:3108,False,syntax_other,broken-syntax,,,"Syntax Error: Expected an IPA character, Primative or Matrix, but received '*' | p pʷ {c,*j} k q > β βʷ s ɣ | ^ @ Rule 1, Line 1"
10.3.2,Proto-Oceanic to Hiw,1,index_diachronica_original.html:3109,False,expected_underscore,asca-unrepresentable,,,"Syntax Error: Expected '_', but received '*' | β b m > βʷ bʷ mʷ / typically near *u | ^ @ Rule 1, Line 1"
10.3.2,Proto-Oceanic to Hiw,2,index_diachronica_original.html:3110,False,prose_or_expected_arrow,asca-unrepresentable,,,"Syntax Error: Expected '>', '->' or '=>', but received '*' | dr *r > d r | ^ @ Rule 1, Line 1"
10.3.2,Proto-Oceanic to Hiw,10,index_diachronica_original.html:3118,False,syntax_other,broken-syntax,,,"Syntax Error: Feature 'er' has no modifier | V:[+stress][+ high(er)] > ∅ / _CV | ^^ @ Rule 1, Line 1"
10.3.2,Proto-Oceanic to Hiw,12,index_diachronica_original.html:3121,False,unknown_feature,asca-unrepresentable,mid,man,"Syntax Error: Unknown feature 'mid'. Did you mean man? | a > e / _CV[+ mid] | ^^^^^ @ Rule 1, Line 1"
10.3.2,Proto-Oceanic to Hiw,14,index_diachronica_original.html:3123,False,unknown_feature,asca-unrepresentable,mid,man,"Syntax Error: Unknown feature 'mid'. Did you mean man? | {aV[+ high],aCV[+ high]} {aV[+ mid],aCV[+ mid]} aCa > {ɔ,ɔC} {a,aC} {ɔə,ɔCə,aə,aCə} | ^^^^^ @ Rule 1, Line 1"
10.3.2,Proto-Oceanic to Hiw,15,index_diachronica_original.html:3124,False,nested_brackets,asca-unrepresentable,,,"Syntax Error: Cannot have nested brackets of the same type | {e{V[- low]},eC{V[- low]}} {ea,eCa} > {e,eC} {eə,eCə} | ^ @ Rule 1, Line 1"
10.3.2,Proto-Oceanic to Hiw,16,index_diachronica_original.html:3125,False,unknown_feature,asca-unrepresentable,mid,man,"Syntax Error: Unknown feature 'mid'. Did you mean man? | {iV[+ high],iCV[+ high]} {iV[+ mid],iCV[+ mid]} {ia,iCa} > {i,iC} {iə,iCə} {eə,eCə,iə,iCə} | ^^^^^ @ Rule 1, Line 1"
10.3.2,Proto-Oceanic to Hiw,17,index_diachronica_original.html:3126,False,unknown_feature,asca-unrepresentable,mid,man,"Syntax Error: Unknown feature 'mid'. Did you mean man? | {oV[+ high],oCV[+ high]} {oV[+ mid],oCV[+ mid]} {oa,oCa} > {ɵ,ɵC} {o,oC} {ɔə,ɔCə} | ^^^^^ @ Rule 1, Line 1"
10.3.3,Proto-Oceanic to Lemerig,2,index_diachronica_original.html:3138,False,prose_or_expected_arrow,asca-unrepresentable,,,"Syntax Error: Expected '>', '->' or '=>', but received '*' | ndr *R > d r | ^ @ Rule 1, Line 1"
10.3.3,Proto-Oceanic to Lemerig,3,index_diachronica_original.html:3139,False,syntax_other,broken-syntax,,,"Syntax Error: Expected an IPA character, Primative or Matrix, but received '*' | {c,*j} ɲ > s n | ^ @ Rule 1, Line 1"
10.3.3,Proto-Oceanic to Lemerig,8,index_diachronica_original.html:3145,False,unknown_feature,asca-unrepresentable,mid,man,"Syntax Error: Unknown feature 'mid'. Did you mean man? | eCV[+ mid] > ɛC | ^^^^^ @ Rule 1, Line 1"
10.3.3,Proto-Oceanic to Lemerig,11,index_diachronica_original.html:3148,False,panic_other,broken-syntax,,,thread panicked
10.3.3,Proto-Oceanic to Lemerig,20,index_diachronica_original.html:3157,False,unknown_character,asca-unrepresentable,₂,,"Syntax Error: Unknown character '₂' | CV=1 CV:[+stress]₂ > CV=2 CV:[+stress]₂ | ^ @ Rule 1, Line 1"
10.3.4,Proto-Oceanic to Mwotlap,7,index_diachronica_original.html:3169,False,syntax_other,broken-syntax,,,"Syntax Error: Expected an IPA character, Primative or Matrix, but received '*' | {c,*j} > s | ^ @ Rule 1, Line 1"
10.3.4,Proto-Oceanic to Mwotlap,16,index_diachronica_original.html:3180,False,unknown_character,asca-unrepresentable,₂,,"Syntax Error: Unknown character '₂' | {CV=1,V=1} CV:[+stress]₂ > {CV=2,V=2} 2 | ^ @ Rule 1, Line 1"
10.3.4,Proto-Oceanic to Mwotlap,17,index_diachronica_original.html:3181,False,unknown_character,asca-unrepresentable,₂,,"Syntax Error: Unknown character '₂' | V=1 > ∅ / _V:[+stress]₂ | ^ @ Rule 1, Line 1"
10.3.4,Proto-Oceanic to Mwotlap,18,index_diachronica_original.html:3182,False,syntax_other,broken-syntax,,,"Syntax Error: Expected an IPA character, Primative or Matrix, but received '_' | V > ∅ / {CV_VCV:[+stress],V_VCV:[+stress]} | ^ @ Rule 1, Line 1"
10.3.5,Proto-Oceanic to Proto-New Caledonia,2,index_diachronica_original.html:3192,False,syntax_other,broken-syntax,,,"Syntax Error: The input of an insertion rule must only contain `*` or `∅` | *R > ∅ | ^ @ Rule 1, Line 1"
10.3.5,Proto-Oceanic to Proto-New Caledonia,5,index_diachronica_original.html:3195,False,syntax_other,broken-syntax,,,"Syntax Error: Could not get value of IPA 'ⁿ'. | NP > ⁿS | ^ @ Rule 1, Line 1"
10.3.5.1,Proto-New Caledonia to Caaàc,0,index_diachronica_original.html:3201,False,diacritic_prereq,asca-unrepresentable,,,"Syntax Error: Segment does not have prerequisite properties to have this diacritic. Must be [-voice] | p:[+long] pw:[+long] t:[+long] ʈ:[+long] q:[+long] k:[+long] > pʰ pwʰ cʰ tʰ h jʰ | ^^ @ Rule 1, Line 1"
10.3.5.1,Proto-New Caledonia to Caaàc,5,index_diachronica_original.html:3206,False,diacritic_prereq,asca-unrepresentable,,,"Syntax Error: Segment does not have prerequisite properties to have this diacritic. Must be [-voice] | jʰ > h / _i | ^^ @ Rule 1, Line 1"
10.3.5.1,Proto-New Caledonia to Caaàc,8,index_diachronica_original.html:3209,False,unknown_character,asca-unrepresentable,ṽ,,"Syntax Error: Unknown character 'ṽ' | VnV > ṽlṽ | ^ @ Rule 1, Line 1"
10.3.5.1,Proto-New Caledonia to Caaàc,9,index_diachronica_original.html:3210,False,syntax_other,broken-syntax,,,"Syntax Error: Could not get value of IPA 'ⁿ'. | ⁿS > N / _# | ^ @ Rule 1, Line 1"
10.3.5.2,Proto-New Caledonia to Jawé,1,index_diachronica_original.html:3218,False,diacritic_prereq,asca-unrepresentable,,,"Syntax Error: Segment does not have prerequisite properties to have this diacritic. Must be [-voice] | p:[+long] pw:[+long] t̪:[+long] t:[+long] k:[+long] c:[+long] > pʰ hʷ t̪ʰ tʰ h jʰ | ^^ @ Rule 1, Line 1"
10.3.5.2,Proto-New Caledonia to Jawé,5,index_diachronica_original.html:3222,False,diacritic_prereq,asca-unrepresentable,,,"Syntax Error: Segment does not have prerequisite properties to have this diacritic. Must be [-voice] | jʰ > h / _i | ^^ @ Rule 1, Line 1"
10.3.5.3,Proto-New Caledonia to Nemi-Pije-Fwai,1,index_diachronica_original.html:3228,False,diacritic_prereq,asca-unrepresentable,,,"Syntax Error: Segment does not have prerequisite properties to have this diacritic. Must be [-voice] | p:[+long] pw:[+long] t:[+long] t̪:[+long] k:[+long] c:[+long] > f hʷ t̪ʰ tʰ h jʰ | ^^ @ Rule 1, Line 1"
10.3.5.3,Proto-New Caledonia to Nemi-Pije-Fwai,6,index_diachronica_original.html:3233,False,diacritic_prereq,asca-unrepresentable,,,"Syntax Error: Segment does not have prerequisite properties to have this diacritic. Must be [-voice] | jʰ > h / _i | ^^ @ Rule 1, Line 1"
10.3.5.3,Proto-New Caledonia to Nemi-Pije-Fwai,8,index_diachronica_original.html:3235,False,unknown_character,asca-unrepresentable,̊,,"Syntax Error: Unknown character '̊' | n n̥ > ɲ ɲ̊ / _V:[+front] | ^ @ Rule 1, Line 1"
10.3.5.3,Proto-New Caledonia to Nemi-Pije-Fwai,9,index_diachronica_original.html:3236,False,unknown_character,asca-unrepresentable,ṽ,,"Syntax Error: Unknown character 'ṽ' | ONV > Sʰṽ / Pije and Fwai | ^ @ Rule 1, Line 1"
10.3.5.3,Proto-New Caledonia to Nemi-Pije-Fwai,10,index_diachronica_original.html:3237,False,expected_underscore,asca-unrepresentable,,,"Syntax Error: Expected '_', but received '' | f > ɸ / Pije and Fwai | ^ @ Rule 1, Line 1"
10.3.5.4.1,Proto-Northern to Nixumwak-Nêlêmwa,0,index_diachronica_original.html:3251,False,expected_underscore,asca-unrepresentable,,,"Syntax Error: Expected '_', but received '' | V > ∅ / _#, often | ^ @ Rule 1, Line 1"
10.3.5.4.1,Proto-Northern to Nixumwak-Nêlêmwa,6,index_diachronica_original.html:3257,False,diacritic_prereq,asca-unrepresentable,,,"Syntax Error: Segment does not have prerequisite properties to have this diacritic. Must be [-voice] | cʰ > {ʃ,jʰ} | ^^ @ Rule 1, Line 1"
10.3.5.4.1,Proto-Northern to Nixumwak-Nêlêmwa,11,index_diachronica_original.html:3262,False,unknown_character,asca-unrepresentable,ṽ,,"Syntax Error: Unknown character 'ṽ' | VnV > ṽlṽ | ^ @ Rule 1, Line 1"
10.3.5.4.1,Proto-Northern to Nixumwak-Nêlêmwa,12,index_diachronica_original.html:3263,False,syntax_other,broken-syntax,,,"Syntax Error: Could not get value of IPA 'ⁿ'. | ⁿS > N / _# | ^ @ Rule 1, Line 1"
10.3.5.4.1,Proto-Northern to Nixumwak-Nêlêmwa,14,index_diachronica_original.html:3265,False,diacritic_prereq,asca-unrepresentable,,,"Syntax Error: Segment does not have prerequisite properties to have this diacritic. Must be [-voice] | pwʰ pʰ tʰ kʰ > fw f rʰ x / in Nelemwa | ^^ @ Rule 1, Line 1"
10.3.5.4.1,Proto-Northern to Nixumwak-Nêlêmwa,16,index_diachronica_original.html:3267,False,unknown_feature,asca-unrepresentable,mid,man,"Syntax Error: Unknown feature 'mid'. Did you mean man? | V[+ mid] > a / near nasals? | ^^^^^ @ Rule 1, Line 1"
10.3.5.5,Proto-New Caledonia to Nyelâyu,9,index_diachronica_original.html:3285,False,diacritic_prereq,asca-unrepresentable,,,"Syntax Error: Segment does not have prerequisite properties to have this diacritic. Must be [-voice] | p:[+long] pw:[+long] t:[+long] q:[+long] c:[+long] > pʰ pwʰ tʰ h cʰ | ^^ @ Rule 1, Line 1"
10.3.5.5,Proto-New Caledonia to Nyelâyu,11,index_diachronica_original.html:3287,False,diacritic_prereq,asca-unrepresentable,,,"Syntax Error: Segment does not have prerequisite properties to have this diacritic. Must be [-voice] | jʰ j > h / _i | ^^ @ Rule 1, Line 1"
10.3.5.5,Proto-New Caledonia to Nyelâyu,13,index_diachronica_original.html:3289,False,syntax_other,broken-syntax,,,"Syntax Error: Could not get value of IPA 'ⁿ'. | ⁿS > N / _# | ^ @ Rule 1, Line 1"
10.3.5.5,Proto-New Caledonia to Nyelâyu,15,index_diachronica_original.html:3291,False,unknown_character,asca-unrepresentable,ṽ,,"Syntax Error: Unknown character 'ṽ' | VnV > ṽlṽ | ^ @ Rule 1, Line 1"
10.3.5.5,Proto-New Caledonia to Nyelâyu,16,index_diachronica_original.html:3292,False,unknown_character,asca-unrepresentable,ṽ,,"Syntax Error: Unknown character 'ṽ' | V > ṽ / _N | ^ @ Rule 1, Line 1"
10.3.5.5,Proto-New Caledonia to Nyelâyu,17,index_diachronica_original.html:3293,False,unknown_character,asca-unrepresentable,ṽ,,"Syntax Error: Unknown character 'ṽ' | ⁿS > N / _ṽ | ^ @ Rule 1, Line 1"
10.3.5.6,Proto-New Caledonia to Pwaamei,0,index_diachronica_original.html:3301,False,runtime_delete_only_segment,broken-syntax,,,Runtime Error: Can't delete a word's only segment
10.3.5.6,Proto-New Caledonia to Pwaamei,2,index_diachronica_original.html:3303,False,diacritic_prereq,asca-unrepresentable,,,"Syntax Error: Segment does not have prerequisite properties to have this diacritic. Must be [-voice] | p:[+long] pw:[+long] t:[+long] ʈ k:[+long] c:[+long] > f hʷ tʰ lʰ h s | ^^ @ Rule 1, Line 1"
10.3.5.6,Proto-New Caledonia to Pwaamei,4,index_diachronica_original.html:3305,False,syntax_other,broken-syntax,,,"Syntax Error: Expected an IPA character, Primative or Matrix, but received '∅' | k c > {j,∅} / V_V | ^ @ Rule 1, Line 1"
10.3.5.6,Proto-New Caledonia to Pwaamei,6,index_diachronica_original.html:3307,False,diacritic_prereq,asca-unrepresentable,,,"Syntax Error: Segment does not have prerequisite properties to have this diacritic. Must be [-voice] | jʰ j > s z | ^^ @ Rule 1, Line 1"
10.3.5.7,Proto-New Caledonia to Pwapwâ,0,index_diachronica_original.html:3314,False,runtime_delete_only_segment,broken-syntax,,,Runtime Error: Can't delete a word's only segment
10.3.5.7,Proto-New Caledonia to Pwapwâ,5,index_diachronica_original.html:3319,False,syntax_other,broken-syntax,,,"Syntax Error: Expected an IPA character, Primative or Matrix, but received '∅' | p pw t {k,c} > {v,∅} w l / V_V | ^ @ Rule 1, Line 1"
10.3.5.7,Proto-New Caledonia to Pwapwâ,7,index_diachronica_original.html:3321,False,prose_or_expected_arrow,asca-unrepresentable,,,"Syntax Error: Expected '>', '->' or '=>', but received '' | ɡw ŋw | ^ @ Rule 1, Line 2"
10.3.5.8,Proto-New Caledonia to Proto-Yunaga,1,index_diachronica_original.html:3327,False,diacritic_prereq,asca-unrepresentable,,,"Syntax Error: Segment does not have prerequisite properties to have this diacritic. Must be [-voice] | p:[+long] pw:[+long] t̪:[+long] t:[+long] ʈ:[+long] c:[+long] k:[+long] > pʰ pwʰ t̪ʰ tʰ ʈʰ jʰ h | ^^ @ Rule 1, Line 1"
10.3.5.8,Proto-New Caledonia to Proto-Yunaga,5,index_diachronica_original.html:3331,False,diacritic_prereq,asca-unrepresentable,,,"Syntax Error: Segment does not have prerequisite properties to have this diacritic. Must be [-voice] | jʰ > h / _i | ^^ @ Rule 1, Line 1"
10.3.5.8,Proto-New Caledonia to Proto-Yunaga,7,index_diachronica_original.html:3333,False,runtime_delete_only_segment,broken-syntax,,,Runtime Error: Can't delete a word's only segment
10.3.5.8,Proto-New Caledonia to Proto-Yunaga,9,index_diachronica_original.html:3335,False,syntax_other,broken-syntax,,,"Syntax Error: Could not get value of IPA 'ⁿ'. | ⁿS > N / _# | ^ @ Rule 1, Line 1"
10.3.5.8,Proto-New Caledonia to Proto-Yunaga,10,index_diachronica_original.html:3336,False,expected_underscore,asca-unrepresentable,,,"Syntax Error: Expected '_', but received '' | u i > o e / in monosyllables | ^ @ Rule 1, Line 1"
10.3.5.8,Proto-New Caledonia to Proto-Yunaga,13,index_diachronica_original.html:3339,False,panic_other,broken-syntax,,,thread panicked
10.3.5.8.1,Proto-Yunaga to Yunaga 1,0,index_diachronica_original.html:3345,False,unknown_character,asca-unrepresentable,ṽ,,"Syntax Error: Unknown character 'ṽ' | V > ṽ / _N# | ^ @ Rule 1, Line 1"
10.3.5.8.1,Proto-Yunaga to Yunaga 1,2,index_diachronica_original.html:3347,False,diacritic_prereq,asca-unrepresentable,,,"Syntax Error: Segment does not have prerequisite properties to have this diacritic. Must be [-voice] | jʰ > θ | ^^ @ Rule 1, Line 1"
10.3.6.1,Proto-Reefs/Santa Cruz to Äiwoo,1,index_diachronica_original.html:3369,False,syntax_other,broken-syntax,,,"Syntax Error: Expected an IPA character, Primative or Matrix, but received '∅' | k > {k,∅} / #_ | ^ @ Rule 1, Line 1"
10.3.6.1,Proto-Reefs/Santa Cruz to Äiwoo,2,index_diachronica_original.html:3370,False,syntax_other,broken-syntax,,,"Syntax Error: Expected an IPA character, Primative or Matrix, but received '∅' | q > {k,∅} | ^ @ Rule 1, Line 1"
10.3.6.1,Proto-Reefs/Santa Cruz to Äiwoo,3,index_diachronica_original.html:3371,False,syntax_other,broken-syntax,,,"Syntax Error: The input of an insertion rule must only contain `*` or `∅` | *R > l | ^ @ Rule 1, Line 1"
10.3.6.2,Proto-Reefs/Santa Cruz to Nagu,2,index_diachronica_original.html:3378,False,syntax_other,broken-syntax,,,"Syntax Error: Expected an IPA character, Primative or Matrix, but received '∅' | k > {k,∅} / #_ | ^ @ Rule 1, Line 1"
10.3.6.2,Proto-Reefs/Santa Cruz to Nagu,4,index_diachronica_original.html:3380,False,prose_or_expected_arrow,asca-unrepresentable,,,"Syntax Error: Expected '>', '->' or '=>', but received '*' | q *R > {l,∅} | ^ @ Rule 1, Line 1"
10.3.6.3,Proto-Reefs/Santa Cruz to Natügu,6,index_diachronica_original.html:3391,False,prose_or_expected_arrow,asca-unrepresentable,,,"Syntax Error: Expected '>', '->' or '=>', but received '*' | q *R > {l,∅} | ^ @ Rule 1, Line 1"
10.3.7,Proto-Oceanic to Shark Bay,2,index_diachronica_original.html:3398,False,syntax_other,broken-syntax,,,"Syntax Error: The input of an insertion rule must only contain `*` or `∅` | *R > {∅,r} | ^ @ Rule 1, Line 1"
10.3.7,Proto-Oceanic to Shark Bay,3,index_diachronica_original.html:3399,False,prose_or_expected_arrow,asca-unrepresentable,,,"Syntax Error: Expected '>', '->' or '=>', but received '*' | ɲ c *j > n s z | ^ @ Rule 1, Line 1"
10.3.7,Proto-Oceanic to Shark Bay,14,index_diachronica_original.html:3410,False,expected_number,asca-unrepresentable,,,"Syntax Error: Expected number, but received j | V > e / C_# // C = j | ^ @ Rule 1, Line 1"
10.3.8,Proto-Oceanic to Tolomako,2,index_diachronica_original.html:3422,False,syntax_other,broken-syntax,,,"Syntax Error: The input of an insertion rule must only contain `*` or `∅` | *R > {∅,r} | ^ @ Rule 1, Line 1"
10.3.8,Proto-Oceanic to Tolomako,3,index_diachronica_original.html:3423,False,prose_or_expected_arrow,asca-unrepresentable,,,"Syntax Error: Expected '>', '->' or '=>', but received '*' | ɲ c *j > n s z | ^ @ Rule 1, Line 1"
10.3.8,Proto-Oceanic to Tolomako,4,index_diachronica_original.html:3424,False,unknown_character,asca-unrepresentable,̼,,"Syntax Error: Unknown character '̼' | n̼ t̼ > n t / _{a,e,i} | ^ @ Rule 1, Line 2"
10.3.8,Proto-Oceanic to Tolomako,10,index_diachronica_original.html:3430,False,syntax_other,broken-syntax,,,"Syntax Error: Expected end of line, received '('. Did you forget a '/' between the output and environment? | a > e (rare?) | ^ @ Rule 1, Line 1"
10.3.9.1,Proto-Utupua to Asuboa,2,index_diachronica_original.html:3445,False,syntax_other,broken-syntax,,,"Syntax Error: Expected an IPA character, Primative or Matrix, but received '∅' | dr s l > {d,ɟ} {∅,s} {n,∅} | ^ @ Rule 1, Line 1"
10.3.9.1,Proto-Utupua to Asuboa,4,index_diachronica_original.html:3447,False,syntax_other,broken-syntax,,,"Syntax Error: Expected an IPA character, Primative or Matrix, but received '∅' | t r l > {j,s} {j,∅} j / _u | ^ @ Rule 1, Line 1"
10.3.9.1,Proto-Utupua to Asuboa,6,index_diachronica_original.html:3449,False,syntax_other,broken-syntax,,,"Syntax Error: Expected an IPA character, Primative or Matrix, but received '∅' | k > {k,∅} / #_ | ^ @ Rule 1, Line 1"
10.3.9.1,Proto-Utupua to Asuboa,7,index_diachronica_original.html:3450,False,syntax_other,broken-syntax,,,"Syntax Error: Expected an IPA character, Primative or Matrix, but received '∅' | k > {∅,s} / _# | ^ @ Rule 1, Line 1"
10.3.9.1,Proto-Utupua to Asuboa,8,index_diachronica_original.html:3451,False,syntax_other,broken-syntax,,,"Syntax Error: Expected an IPA character, Primative or Matrix, but received '∅' | r > {l,n,∅} | ^ @ Rule 1, Line 1"
10.3.9.1,Proto-Utupua to Asuboa,9,index_diachronica_original.html:3452,False,syntax_other,broken-syntax,,,"Syntax Error: The input of an insertion rule must only contain `*` or `∅` | *R > {l,∅} | ^ @ Rule 1, Line 1"
10.3.9.2,Proto-Utupua to Nebao,2,index_diachronica_original.html:3460,False,panic_other,broken-syntax,,,thread panicked
10.3.9.2,Proto-Utupua to Nebao,3,index_diachronica_original.html:3461,False,panic_other,broken-syntax,,,thread panicked
10.3.9.2,Proto-Utupua to Nebao,4,index_diachronica_original.html:3462,False,syntax_other,broken-syntax,,,"Syntax Error: Expected an IPA character, Primative or Matrix, but received '∅' | r > {l,∅} / _u | ^ @ Rule 1, Line 1"
10.3.9.2,Proto-Utupua to Nebao,5,index_diachronica_original.html:3463,False,prose_or_expected_arrow,asca-unrepresentable,,,"Syntax Error: Expected '>', '->' or '=>', but received '*' | r *R > l | ^ @ Rule 1, Line 1"
10.3.9.3,Proto-Utupua to Tanibili,0,index_diachronica_original.html:3472,False,syntax_other,broken-syntax,,,"Syntax Error: Expected an IPA character, Primative or Matrix, but received '*' | {s,*R} > ∅ | ^ @ Rule 1, Line 1"
10.3.9.3,Proto-Utupua to Tanibili,4,index_diachronica_original.html:3476,False,syntax_other,broken-syntax,,,"Syntax Error: Expected an IPA character, Primative or Matrix, but received '∅' | k > {k,∅} / #_ | ^ @ Rule 1, Line 1"
10.3.9.3,Proto-Utupua to Tanibili,5,index_diachronica_original.html:3477,False,syntax_other,broken-syntax,,,"Syntax Error: Expected an IPA character, Primative or Matrix, but received '∅' | t k > {t,r,kʷ,∅} / V_V | ^ @ Rule 1, Line 1"
10.3.9.3,Proto-Utupua to Tanibili,6,index_diachronica_original.html:3478,False,syntax_other,broken-syntax,,,"Syntax Error: Expected an IPA character, Primative or Matrix, but received '∅' | k > {∅,j} / _# | ^ @ Rule 1, Line 1"
10.3.9.3,Proto-Utupua to Tanibili,8,index_diachronica_original.html:3480,False,syntax_other,broken-syntax,,,"Syntax Error: Expected an IPA character, Primative or Matrix, but received '∅' | d c ɲ > ɟ {s,∅} n | ^ @ Rule 1, Line 1"
10.3.9.3,Proto-Utupua to Tanibili,9,index_diachronica_original.html:3481,False,syntax_other,broken-syntax,,,"Syntax Error: The output of a deletion rule must only contain `*` or `∅` | l > ∅?) | ^ @ Rule 1, Line 2"
10.3.10,Proto-Oceanic to Proto-Vanikoro,4,index_diachronica_original.html:3490,False,syntax_other,broken-syntax,,,"Syntax Error: Expected an IPA character, Primative or Matrix, but received '*' | {s,*R} > r / _# | ^ @ Rule 1, Line 1"
10.3.10.1,Proto-Vanikoro to Buma,5,index_diachronica_original.html:3500,False,prose_or_expected_arrow,asca-unrepresentable,,,"Syntax Error: Expected '>', '->' or '=>', but received '*' | c *R > {l,∅} | ^ @ Rule 1, Line 1"
10.3.10.2,Proto-Vanikoro to Tanema,2,index_diachronica_original.html:3508,False,syntax_other,broken-syntax,,,"Syntax Error: Expected an IPA character, Primative or Matrix, but received '∅' | t > {∅,t} / #_ | ^ @ Rule 1, Line 1"
10.3.10.2,Proto-Vanikoro to Tanema,5,index_diachronica_original.html:3511,False,prose_or_expected_arrow,asca-unrepresentable,,,"Syntax Error: Expected '>', '->' or '=>', but received '*' | c *R > {l,∅} | ^ @ Rule 1, Line 1"
10.3.10.2,Proto-Vanikoro to Tanema,6,index_diachronica_original.html:3512,False,panic_other,broken-syntax,,,thread panicked
10.3.10.3,Proto-Vanikoro to Vano,0,index_diachronica_original.html:3517,False,syntax_other,broken-syntax,,,"Syntax Error: Expected an IPA character, Primative or Matrix, but received '∅' | w > {∅,w} | ^ @ Rule 1, Line 1"
10.3.10.3,Proto-Vanikoro to Vano,2,index_diachronica_original.html:3519,False,expected_underscore,asca-unrepresentable,,,"Syntax Error: Expected '_', but received '' | t > l / #_, in nouns | ^ @ Rule 1, Line 1"
10.3.10.3,Proto-Vanikoro to Vano,7,index_diachronica_original.html:3524,False,prose_or_expected_arrow,asca-unrepresentable,,,"Syntax Error: Expected '>', '->' or '=>', but received '*' | c *R > {j,∅} l | ^ @ Rule 1, Line 1"
10.3.11,Proto-Oceanic to Proto-Southern Vanuatu,4,index_diachronica_original.html:3533,False,prose_or_expected_arrow,asca-unrepresentable,,,"Syntax Error: Expected '>', '->' or '=>', but received '*' | k *R > ɣ r | ^ @ Rule 1, Line 1"
10.3.11,Proto-Oceanic to Proto-Southern Vanuatu,5,index_diachronica_original.html:3534,False,syntax_other,broken-syntax,,,"Syntax Error: The input of an insertion rule must only contain `*` or `∅` | *R > ∅ | ^ @ Rule 1, Line 1"
10.3.11,Proto-Oceanic to Proto-Southern Vanuatu,12,index_diachronica_original.html:3541,False,prose_or_expected_arrow,asca-unrepresentable,,,"Syntax Error: Expected '>', '->' or '=>', but received ')' | kw ?) > v | ^ @ Rule 1, Line 2"
10.3.11.1,Proto-Southern Vanuatu to Anejom,0,index_diachronica_original.html:3548,False,expected_number,asca-unrepresentable,,,"Syntax Error: Expected number, but received t | C > ∅ / _# // C = t | ^ @ Rule 1, Line 1"
10.3.11.1,Proto-Southern Vanuatu to Anejom,7,index_diachronica_original.html:3555,False,syntax_other,broken-syntax,,,"Syntax Error: Expected an IPA character, Primative or Matrix, but received '*' | d {c,*j} > tʃ s | ^ @ Rule 1, Line 1"
10.3.11.1,Proto-Southern Vanuatu to Anejom,12,index_diachronica_original.html:3560,False,runtime_delete_only_segment,broken-syntax,,,Runtime Error: Can't delete a word's only segment
10.3.11.2,Proto-Southern Vanuatu to Proto-Erromango,2,index_diachronica_original.html:3582,False,expected_underscore,asca-unrepresentable,,,"Syntax Error: Expected '_', but received '' | v > f / C[+strident]$ | ^ @ Rule 1, Line 1"
10.3.11.2,Proto-Southern Vanuatu to Proto-Erromango,3,index_diachronica_original.html:3583,False,expected_underscore,asca-unrepresentable,,,"Syntax Error: Expected '_', but received '' | v > f / $C[+strident] | ^ @ Rule 1, Line 1"
10.3.11.2,Proto-Southern Vanuatu to Proto-Erromango,4,index_diachronica_original.html:3584,False,syntax_other,broken-syntax,,,"Syntax Error: The output of a deletion rule must only contain `*` or `∅` | r > *L | ^ @ Rule 1, Line 1"
10.3.11.2,Proto-Southern Vanuatu to Proto-Erromango,5,index_diachronica_original.html:3585,False,syntax_other,broken-syntax,,,"Syntax Error: Expected an IPA character, Primative or Matrix, but received '*' | s {c,*j} > h s | ^ @ Rule 1, Line 1"
10.3.11.2.1,Proto-Erromango to Sye,0,index_diachronica_original.html:3594,False,syntax_other,broken-syntax,,,"Syntax Error: The input of an insertion rule must only contain `*` or `∅` | *L > r | ^ @ Rule 1, Line 1"
10.3.11.2.2,Proto-Erromango to Ura,1,index_diachronica_original.html:3616,False,syntax_other,broken-syntax,,,"Syntax Error: The input of an insertion rule must only contain `*` or `∅` | *L > l | ^ @ Rule 1, Line 1"
10.3.11.2.2,Proto-Erromango to Ura,10,index_diachronica_original.html:3625,False,expected_underscore,asca-unrepresentable,,,"Syntax Error: Expected '_', but received '' | t > r // at word boundaries | ^ @ Rule 1, Line 1"
10.3.11.3,Proto-Southern Vanuatu to Proto-Tanna,1,index_diachronica_original.html:3632,False,prose_or_expected_arrow,asca-unrepresentable,,,"Syntax Error: Expected '>', '->' or '=>', but received '*' | s c *J > {h,z} {s,z} z | ^ @ Rule 1, Line 1"
10.3.11.3.1,Proto-Tanna to Kwamera,6,index_diachronica_original.html:3652,False,syntax_other,broken-syntax,,,"Syntax Error: Cannot have segments before the beginning of a word | ə > a / in %# | ^ @ Rule 1, Line 1"
10.3.11.3.1,Proto-Tanna to Kwamera,7,index_diachronica_original.html:3653,False,expected_underscore,asca-unrepresentable,,,"Syntax Error: Expected '_', but received '' | ə > e / else | ^ @ Rule 1, Line 1"
10.3.11.3.2,Proto-Tanna to Lenakel,8,index_diachronica_original.html:3666,False,prose_or_expected_arrow,asca-unrepresentable,,,"Syntax Error: Expected '>', '->' or '=>', but received '*' | c *j > s {z,s} | ^ @ Rule 1, Line 1"
10.3.11.3.4,Proto-Tanna to Southwest Tanna,5,index_diachronica_original.html:3698,False,syntax_other,broken-syntax,,,"Syntax Error: Expected an IPA character, Primative or Matrix, but received '*' | {c,*j} > s | ^ @ Rule 1, Line 1"
10.3.11.3.4,Proto-Tanna to Southwest Tanna,9,index_diachronica_original.html:3702,False,syntax_other,broken-syntax,,,"Syntax Error: Cannot have segments before the beginning of a word | ə > a / in %# | ^ @ Rule 1, Line 1"
10.3.11.3.5,Proto-Tanna to Whitesands,8,index_diachronica_original.html:3716,False,prose_or_expected_arrow,asca-unrepresentable,,,"Syntax Error: Expected '>', '->' or '=>', but received '*' | c *j > s {z,s} | ^ @ Rule 1, Line 1"
10.3.12,Proto-Oceanic to Vera’a,2,index_diachronica_original.html:3725,False,prose_or_expected_arrow,asca-unrepresentable,,,"Syntax Error: Expected '>', '->' or '=>', but received '*' | ndr *R > d r | ^ @ Rule 1, Line 1"
10.3.12,Proto-Oceanic to Vera’a,3,index_diachronica_original.html:3726,False,syntax_other,broken-syntax,,,"Syntax Error: Expected an IPA character, Primative or Matrix, but received '*' | {c,*j} ɲ > s n | ^ @ Rule 1, Line 1"
10.3.12,Proto-Oceanic to Vera’a,6,index_diachronica_original.html:3729,False,expected_underscore,asca-unrepresentable,,,"Syntax Error: Expected '_', but received '' | β > f / else | ^ @ Rule 1, Line 1"
10.3.12,Proto-Oceanic to Vera’a,14,index_diachronica_original.html:3737,False,nested_brackets,asca-unrepresentable,,,"Syntax Error: Cannot have nested brackets of the same type | {a{o,e},aC{o,e}} > a | ^ @ Rule 1, Line 1"
10.3.12,Proto-Oceanic to Vera’a,22,index_diachronica_original.html:3745,False,unknown_character,asca-unrepresentable,₂,,"Syntax Error: Unknown character '₂' | CV=1 CV:[+stress]₂ > CV=2 CV:[+stress]₂ | ^ @ Rule 1, Line 1"
10.4.1,Proto-Micronesian to Marshallese,2,index_diachronica_original.html:3757,False,runtime_delete_only_segment,broken-syntax,,,Runtime Error: Can't delete a word's only segment
10.4.1,Proto-Micronesian to Marshallese,3,index_diachronica_original.html:3758,False,unknown_feature,asca-unrepresentable,mid,man,"Syntax Error: Unknown feature 'mid'. Did you mean man? | V[+mid] > ɘ / _C[+high] when stressed | ^^^^ @ Rule 1, Line 1"
10.4.1,Proto-Micronesian to Marshallese,5,index_diachronica_original.html:3760,False,runtime_delete_only_segment,broken-syntax,,,Runtime Error: Can't delete a word's only segment
10.4.1,Proto-Micronesian to Marshallese,9,index_diachronica_original.html:3764,False,expected_underscore,asca-unrepresentable,,,"Syntax Error: Expected '_', but received '' | f > j / else | ^ @ Rule 1, Line 1"
10.4.1,Proto-Micronesian to Marshallese,15,index_diachronica_original.html:3770,False,unknown_character,asca-unrepresentable,ᵚ,,"Syntax Error: Unknown character 'ᵚ' | {ç,s} x > tᵚ | ^ @ Rule 1, Line 1"
10.5,Proto-Austronesian to Proto-Ongan,3,index_diachronica_original.html:3781,False,syntax_other,broken-syntax,,,"Syntax Error: Expected end of line, received '('. Did you forget a '/' between the output and environment? | {qʷ,ku,qu} > kʷ (note that C:[+labial]An might have had *qʷ *kʷ | ^ @ Rule 1, Line 1"
10.5,Proto-Austronesian to Proto-Ongan,4,index_diachronica_original.html:3782,False,syntax_other,broken-syntax,,,"Syntax Error: Expected an IPA character, Primative or Matrix, but received '*' | {c,*C,s,*S} > c | ^ @ Rule 1, Line 1"
10.5,Proto-Austronesian to Proto-Ongan,7,index_diachronica_original.html:3785,False,prose_or_expected_arrow,asca-unrepresentable,,,"Syntax Error: Expected '>', '->' or '=>', but received '*' | ɟ ɡ *N *R > {ɟ,j} {ɟ,ɡ} {l,j} {l,r} | ^ @ Rule 1, Line 1"
10.5,Proto-Austronesian to Proto-Ongan,9,index_diachronica_original.html:3787,False,syntax_other,broken-syntax,,,"Syntax Error: Expected an IPA character, Primative or Matrix, but received '∅' | h > {h,j,∅} | ^ @ Rule 1, Line 1"
10.5,Proto-Austronesian to Proto-Ongan,10,index_diachronica_original.html:3788,False,syntax_other,broken-syntax,,,"Syntax Error: Expected an IPA character, Primative or Matrix, but received '' | e > ə / _N when unstressed // C:[+front,+hi,-lo]_ (? | ^ @ Rule 1, Line 1"
10.5,Proto-Austronesian to Proto-Ongan,11,index_diachronica_original.html:3789,False,syntax_other,broken-syntax,,,"Syntax Error: Expected an IPA character, Primative or Matrix, but received '∅' | {m,ɲ} n > {ɲ,∅} {ŋ,∅} / _# | ^ @ Rule 1, Line 1"
10.5.1,Proto-Ongan to Jarawa,3,index_diachronica_original.html:3798,False,syntax_other,broken-syntax,,,"Syntax Error: Cannot have segments before the beginning of a word | ∅ > a / h#_ (that:[+cg]s not a typo | ^ @ Rule 1, Line 1"
10.6,Proto-Austronesian to Proto-Paiwan,0,index_diachronica_original.html:3822,False,unknown_character,asca-unrepresentable,₁,,"Syntax Error: Unknown character '₁' | t₁ d₁ d₃ [+cont] > t d ɖ ɟ | ^ @ Rule 1, Line 1"
10.6,Proto-Austronesian to Proto-Paiwan,1,index_diachronica_original.html:3823,False,prose_or_expected_arrow,asca-unrepresentable,,,"Syntax Error: Expected '>', '->' or '=>', but received '*' | l *L > ɭ ʎ | ^ @ Rule 1, Line 1"
10.6,Proto-Austronesian to Proto-Paiwan,2,index_diachronica_original.html:3824,False,unknown_character,asca-unrepresentable,₂,,"Syntax Error: Unknown character '₂' | b d₂ > {v,b} z | ^ @ Rule 1, Line 1"
10.7,Proto-Austronesian to Proto-Rukai,0,index_diachronica_original.html:3849,False,unknown_character,asca-unrepresentable,₁,,"Syntax Error: Unknown character '₁' | {t₁,c} {d₁,z} d₃ > t d ɖ | ^ @ Rule 1, Line 1"
10.7,Proto-Austronesian to Proto-Rukai,2,index_diachronica_original.html:3851,False,unknown_character,asca-unrepresentable,₂,,"Syntax Error: Unknown character '₂' | S=1 s d₂ *C > s θ ð ts | ^ @ Rule 1, Line 1"
10.8,Proto-Austronesian to Proto-Tsouic,0,index_diachronica_original.html:3863,False,syntax_other,broken-syntax,,,"Syntax Error: Expected an IPA character, Primative or Matrix, but received '*' | {*C,d} j *R > c z r | ^ @ Rule 1, Line 1"
11.1.3,Proto-Avar-Andic to Avar,6,index_diachronica_original.html:3917,False,panic_other,broken-syntax,,,thread panicked
11.3,Proto-Northeast Caucasian to Khinalug,8,index_diachronica_original.html:3941,False,syntax_other,broken-syntax,,,"Syntax Error: Expected an IPA character, Primative or Matrix, but received '∅' | r > {r,∅} | ^ @ Rule 1, Line 1"
11.4,Proto-Northeast Caucasian to Lak,7,index_diachronica_original.html:3953,False,syntax_other,broken-syntax,,,"Syntax Error: Expected an IPA character, Primative or Matrix, but received '∅' | m l > {m,n} {l,∅} | ^ @ Rule 1, Line 1"
11.5.1,Proto-Lezgic to Agul,3,index_diachronica_original.html:3967,False,syntax_other,broken-syntax,,,"Syntax Error: Expected an IPA character, Primative or Matrix, but received ',' | tɬ tɬ:[+long] tɬ:[+cg] tɬ:[+long,+cg] dɮ > xʲ x k:[+cg] k:[+long] {,j,xʲ} | ^ @ Rule 1, Line 1"
11.5.1,Proto-Lezgic to Agul,6,index_diachronica_original.html:3970,False,panic_other,broken-syntax,,,thread panicked
11.5.2,Proto-Lezgic to Archi,6,index_diachronica_original.html:3981,False,syntax_other,broken-syntax,,,"Syntax Error: Expected end of line, received '('. Did you forget a '/' between the output and environment? | ɣ > q (more likely, *ɢ | ^ @ Rule 1, Line 1"
11.5.4,Proto-Lezgic to Rutul,7,index_diachronica_original.html:4006,False,panic_other,broken-syntax,,,thread panicked
11.5.5,Proto-Lezgic to Tabassaran,6,index_diachronica_original.html:4017,False,panic_other,broken-syntax,,,thread panicked
11.5.6,Proto-Lezgic to Udi,0,index_diachronica_original.html:4022,False,syntax_other,broken-syntax,,,"Syntax Error: Expected an IPA character, Primative or Matrix, but received '∅' | ts ts:[+long] ts:[+cg] ts:[+long,+cg] dz > {∅,s} tʃ {∅,ts:[+cg]} {ts:[+cg],tʃ:[+cg]} z | ^ @ Rule 1, Line 1"
11.5.6,Proto-Lezgic to Udi,2,index_diachronica_original.html:4024,False,syntax_other,broken-syntax,,,"Syntax Error: Expected an IPA character, Primative or Matrix, but received '∅' | tʃ tʃ:[+long] tʃ:[+cg] tʃ:[+long,+cg] dʒ > {∅,ʃ} tʃ tʃ:[+cg] {dʒ,tʃ} | ^ @ Rule 1, Line 1"
11.5.6,Proto-Lezgic to Udi,3,index_diachronica_original.html:4025,False,syntax_other,broken-syntax,,,"Syntax Error: Expected an IPA character, Primative or Matrix, but received '∅' | tɬ tɬ:[+long] tɬ:[+cg] tɬ:[+long,+cg] dɮ > {∅,x} q {∅,q:[+cg]} q:[+cg] {ɣ,l} | ^ @ Rule 1, Line 1"
11.5.6,Proto-Lezgic to Udi,5,index_diachronica_original.html:4027,False,syntax_other,broken-syntax,,,"Syntax Error: The output of a deletion rule must only contain `*` or `∅` | q q:[+cg] q:[+long,+cg] ɢ > ∅ q:[+cg] ɣ | ^ @ Rule 1, Line 1"
11.7.2,Proto-Tsezic to Tsez,5,index_diachronica_original.html:4068,False,syntax_other,broken-syntax,,,"Syntax Error: Expected an IPA character, Primative or Matrix, but received '∅' | r > {r,l,∅} | ^ @ Rule 1, Line 1"
12.1,Proto-Northwest Caucasian to Proto-Abazgi,0,index_diachronica_original.html:4110,False,unknown_character,asca-unrepresentable,ː,,"Syntax Error: Unknown character 'ː' | {pʷ,pʲ} {pː,pʲː,bˤ} bʷ pʷʲ bʷʲ > p b f tsʲ dzʲ | ^ @ Rule 1, Line 1"
12.1,Proto-Northwest Caucasian to Proto-Abazgi,6,index_diachronica_original.html:4116,False,syntax_other,broken-syntax,,,"Syntax Error: Expected end of line, received '('. Did you forget a '/' between the output and environment? | tsʷ:[+long] tsʷʲ > tsʷ (tʃ) | ^ @ Rule 1, Line 1"
12.1,Proto-Northwest Caucasian to Proto-Abazgi,30,index_diachronica_original.html:4140,False,unknown_character,asca-unrepresentable,(,,"Syntax Error: Unknown character '(' | q q:[+long] ɢ > (ħ) q ɣ | ^ @ Rule 1, Line 1"
12.1,Proto-Northwest Caucasian to Proto-Abazgi,35,index_diachronica_original.html:4145,False,diacritic_prereq,asca-unrepresentable,,,"Syntax Error: Segment does not have prerequisite properties to have this diacritic. Must be [-voice] | qʷʲ ɢʷʰ > {ħ,ħʷ} {ɣ,ɣʷ} | ^ ^ @ Rule 1, Line 1"
12.1,Proto-Northwest Caucasian to Proto-Abazgi,36,index_diachronica_original.html:4146,False,syntax_other,broken-syntax,,,"Syntax Error: Expected end of line, received '('. Did you forget a '/' between the output and environment? | qʷʲ:[+cg] > ʕʷ (qʷ:[+cg]?) | ^ @ Rule 1, Line 1"
12.1,Proto-Northwest Caucasian to Proto-Abazgi,42,index_diachronica_original.html:4152,False,syntax_other,broken-syntax,,,"Syntax Error: Expected end of line, received '('. Did you forget a '/' between the output and environment? | qˤʷ qˤʷ:[+long] qˤʷ:[+cg] χˤʷ ʁˤʷ > ħʷ ʕʷ {qʷ:[+cg],qʷ} ħʷ (ħʷ?) | ^ @ Rule 1, Line 1"
12.1.2,Proto-Abazgi to Tapanta Abaza,1,index_diachronica_original.html:4168,False,syntax_other,broken-syntax,,,"Syntax Error: Expected an IPA character, Primative or Matrix, but received '(' | {tɕʷ:[+cg],tɕʷ} dʑʷ > {tɕ(ʼ),tɕʷ(ʼ),tʃʷ:[+cg],tʃʷ} {dʑ,dʑʷ,dʒʷ} | ^ @ Rule 1, Line 1"
12.1.2,Proto-Abazgi to Tapanta Abaza,4,index_diachronica_original.html:4171,False,syntax_other,broken-syntax,,,"Syntax Error: Expected an IPA character, Primative or Matrix, but received '(' | {tʷ:[+cg],tʷ,dʷ} > {tɕ(ʼ),tɕʷ(ʼ),tʃ(ʼ),tʃʷ(ʼ)} {dʒ,dʒʷ,dʑ,dʑʷ} | ^ @ Rule 1, Line 1"
12.2,Proto-Northwest Caucasian to Proto-Circassian,10,index_diachronica_original.html:4239,False,unknown_character,asca-unrepresentable,(,,"Syntax Error: Unknown character '(' | tsʲ tsʲ:[+long] tsʲ:[+cg] dzʲ > (s) ts:[+long] ts:[+cg] {dz,z} | ^ @ Rule 1, Line 1"
12.2,Proto-Northwest Caucasian to Proto-Circassian,36,index_diachronica_original.html:4265,False,prose_or_expected_arrow,asca-unrepresentable,,,"Syntax Error: Expected '>', '->' or '=>', but received '}' | qʲʷ:[+long] qʲʷ ɢʲʷ,ʁʲʷ} χʲʷ > qʷ:[+long] ʔʷ ʁʷ χʷ | ^ @ Rule 1, Line 1"
12.3,Proto-Northwest Caucasian to Ubykh,6,index_diachronica_original.html:4379,False,unknown_character,asca-unrepresentable,ː,,"Syntax Error: Unknown character 'ː' | {tː,tʷː} tʷʲ:[+cg] > {t,tʷ} tʷ:[+cg] | ^ @ Rule 1, Line 1"
12.3,Proto-Northwest Caucasian to Ubykh,8,index_diachronica_original.html:4381,False,syntax_other,broken-syntax,,,"Syntax Error: Expected an IPA character, Primative or Matrix, but received '∅' | l lʲ > {∅,j} {l,ɣʲ} | ^ @ Rule 1, Line 1"
12.3,Proto-Northwest Caucasian to Ubykh,10,index_diachronica_original.html:4383,False,unknown_character,asca-unrepresentable,ː,,"Syntax Error: Unknown character 'ː' | {tsː,tsʲː} tsʷ:[+long] dzʲ > ts tsʷ dz | ^ @ Rule 1, Line 1"
12.3,Proto-Northwest Caucasian to Ubykh,19,index_diachronica_original.html:4392,False,syntax_other,broken-syntax,,,"Syntax Error: Expected end of line, received '('. Did you forget a '/' between the output and environment? | tɬ tɬ:[+long] tɬ:[+cg] dɮ > ɕ (sʲ) tsʲ:[+cg] ɮ | ^ @ Rule 1, Line 1"
13.1,Proto-Chumash to Barbareño,0,index_diachronica_original.html:4437,False,prose_or_expected_arrow,asca-unrepresentable,,,"Syntax Error: Expected '>', '->' or '=>', but received 'ˀ' | [+son,-syll][+place]VˀR > ˀRV[+son,-syll][+place] / _$ | ^ @ Rule 1, Line 1"
13.1,Proto-Chumash to Barbareño,1,index_diachronica_original.html:4438,False,unknown_feature,asca-unrepresentable,ejective,contin,"Syntax Error: Unknown feature 'ejective'. Did you mean contin? | [+son,-syll][+place]VO:[+cg] > ˀRVO[- ejective] / _$ | ^^^^^^^^^^ @ Rule 1, Line 1"
13.3,Proto-Chumash to Inseño,1,index_diachronica_original.html:4449,False,syntax_other,broken-syntax,,,"Syntax Error: Floating diacritic. Diacritics can only be used to modify IPA Segments | ˀN ˀw > N w | ^ @ Rule 1, Line 1"
13.4,Proto-Chumash to Obispeño,2,index_diachronica_original.html:4456,False,syntax_other,broken-syntax,,,"Syntax Error: Expected an IPA character, Primative or Matrix, but received 'ˀ' | {ˀm,ˀn} > {∅,ʔ} | ^ @ Rule 1, Line 1"
13.4,Proto-Chumash to Obispeño,3,index_diachronica_original.html:4457,False,syntax_other,broken-syntax,,,"Syntax Error: Floating diacritic. Diacritics can only be used to modify IPA Segments | ˀw > w | ^ @ Rule 1, Line 1"
13.4,Proto-Chumash to Obispeño,4,index_diachronica_original.html:4458,False,syntax_other,broken-syntax,,,"Syntax Error: Floating diacritic. Diacritics can only be used to modify IPA Segments | ˀj > ∅ | ^ @ Rule 1, Line 1"
13.5,Proto-Chumash to Purisimeño,0,index_diachronica_original.html:4463,False,syntax_other,broken-syntax,,,"Syntax Error: Floating diacritic. Diacritics can only be used to modify IPA Segments | ˀj > ∅ | ^ @ Rule 1, Line 1"
13.6,Proto-Chumash to Ventureño,2,index_diachronica_original.html:4471,False,syntax_other,broken-syntax,,,"Syntax Error: Floating diacritic. Diacritics can only be used to modify IPA Segments | ˀm ˀn ˀl ˀj > m n l j | ^ @ Rule 1, Line 1"
14.1,Proto-Elamo-Dravidian to Proto-Dravidian,2,index_diachronica_original.html:4497,False,syntax_other,broken-syntax,,,"Syntax Error: Expected end of line, received '*'. Did you forget a '/' between the output and environment? | k ʃk > k* k:[+long] / V_V | ^ @ Rule 1, Line 1"
14.1,Proto-Elamo-Dravidian to Proto-Dravidian,4,index_diachronica_original.html:4499,False,panic_other,broken-syntax,,,thread panicked
14.1,Proto-Elamo-Dravidian to Proto-Dravidian,9,index_diachronica_original.html:4504,False,unknown_character,asca-unrepresentable,̀,,"Syntax Error: Unknown character '̀' | s > ∅ / #V_{r̀,l} | ^ @ Rule 1, Line 1"
14.1,Proto-Elamo-Dravidian to Proto-Dravidian,12,index_diachronica_original.html:4507,False,unknown_character,asca-unrepresentable,̀,,"Syntax Error: Unknown character '̀' | r̀ > r̲ | ^ @ Rule 1, Line 1"
14.1,Proto-Elamo-Dravidian to Proto-Dravidian,13,index_diachronica_original.html:4508,False,unknown_character,asca-unrepresentable,ŕ,,"Syntax Error: Unknown character 'ŕ' | ŕ > r / V_V | ^ @ Rule 1, Line 1"
14.1,Proto-Elamo-Dravidian to Proto-Dravidian,14,index_diachronica_original.html:4509,False,unknown_character,asca-unrepresentable,̲,,"Syntax Error: Unknown character '̲' | n n:[+long] rn > {n̲,r} n̲:[+long] ɳ / V_V | ^ @ Rule 1, Line 1"
14.1,Proto-Elamo-Dravidian to Proto-Dravidian,15,index_diachronica_original.html:4510,False,unknown_character,asca-unrepresentable,̲,,"Syntax Error: Unknown character '̲' | n:[+long] > n̲:[+long] | ^ @ Rule 1, Line 1"
14.1,Proto-Elamo-Dravidian to Proto-Dravidian,16,index_diachronica_original.html:4511,False,unknown_character,asca-unrepresentable,̀,,"Syntax Error: Unknown character '̀' | nr̀ > n̲r̲ | ^ @ Rule 1, Line 1"
14.2,Proto-Elamo-Dravidian to Achaemanid Elamite,7,index_diachronica_original.html:4526,False,unknown_character,asca-unrepresentable,̀,,"Syntax Error: Unknown character '̀' | r̀ > r / V_{V,C} | ^ @ Rule 1, Line 1"
14.2,Proto-Elamo-Dravidian to Achaemanid Elamite,8,index_diachronica_original.html:4527,False,unknown_character,asca-unrepresentable,ŕ,,"Syntax Error: Unknown character 'ŕ' | ŕ > r:[+long] / V_V | ^ @ Rule 1, Line 1"
14.2,Proto-Elamo-Dravidian to Achaemanid Elamite,9,index_diachronica_original.html:4528,False,unknown_character,asca-unrepresentable,̀,,"Syntax Error: Unknown character '̀' | nr̀ > nr | ^ @ Rule 1, Line 1"
14.3.1,Standard Tamil to Colloquial Tamil,10,index_diachronica_original.html:4548,False,stuff_after_word_bound,asca-unrepresentable,,,"Syntax Error: Cannot have segments after the end of a word | l ɭ > l:[+long]ʉ ɭ:[+long]ʉ / _#(C)V[-long] | ^ @ Rule 1, Line 1"
14.3.1,Standard Tamil to Colloquial Tamil,11,index_diachronica_original.html:4549,False,unknown_grouping,asca-unrepresentable,M,,"Syntax Error: Unknown grouping 'M'. Known groupings are (C)onsonant, (O)bstruent, (S)onorant, (P)losive, (F)ricative, (L)iquid, (N)asal, (G)lide, and (V)owel | ∅ > ʉ / {l,ɭ}_# if {M,V:[+long]} previously in the lexeme | ^ @ Rule 1, Line 1"
14.3.1,Standard Tamil to Colloquial Tamil,15,index_diachronica_original.html:4553,False,syntax_other,broken-syntax,,,"Syntax Error: Cannot have segments before the beginning of a word | i u > ɨ ʉ / _ when unstressed // in #% | ^ @ Rule 1, Line 1"
14.3.1,Standard Tamil to Colloquial Tamil,17,index_diachronica_original.html:4555,False,expected_underscore,asca-unrepresentable,,,"Syntax Error: Expected '_', but received '' | ∅ > {ɨ,ʉ} / to break up clusters | ^ @ Rule 1, Line 1"
14.3.1,Standard Tamil to Colloquial Tamil,19,index_diachronica_original.html:4557,False,unknown_character,asca-unrepresentable,̣,,"Syntax Error: Unknown character '̣' | i:[+long] e:[+long] > u:[+long] o:[+long] / {m,v,p}_C̣ | ^ @ Rule 1, Line 1"
15.1,Proto-Eskimo-Aleut to Proto-Aleut,3,index_diachronica_original.html:4598,False,expected_underscore,asca-unrepresentable,,,"Syntax Error: Expected '_', but received '' | v > m / medial | ^ @ Rule 1, Line 1"
15.1,Proto-Eskimo-Aleut to Proto-Aleut,6,index_diachronica_original.html:4601,False,expected_underscore,asca-unrepresentable,,,"Syntax Error: Expected '_', but received '' | ð > t / else | ^ @ Rule 1, Line 1"
15.1,Proto-Eskimo-Aleut to Proto-Aleut,9,index_diachronica_original.html:4604,False,expected_underscore,asca-unrepresentable,,,"Syntax Error: Expected '_', but received '' | z > ð / medial | ^ @ Rule 1, Line 1"
15.2.1,Proto-Eskimo to Barrow Iñupiaq,0,index_diachronica_original.html:4625,False,expected_underscore,asca-unrepresentable,,,"Syntax Error: Expected '_', but received '' | l̥ > l / medial | ^ @ Rule 1, Line 1"
15.2.1,Proto-Eskimo to Barrow Iñupiaq,2,index_diachronica_original.html:4627,False,expected_underscore,asca-unrepresentable,,,"Syntax Error: Expected '_', but received '' | ə > i / at word boundaries | ^ @ Rule 1, Line 1"
15.2.1,Proto-Eskimo to Barrow Iñupiaq,5,index_diachronica_original.html:4630,False,expected_underscore,asca-unrepresentable,,,"Syntax Error: Expected '_', but received '' | ə > ∅ / else | ^ @ Rule 1, Line 1"
15.2.1,Proto-Eskimo to Barrow Iñupiaq,7,index_diachronica_original.html:4632,False,unknown_character,asca-unrepresentable,ː,,"Syntax Error: Unknown character 'ː' | C=0 V0 > 0 ː | ^ @ Rule 1, Line 1"
15.2.2,Proto-Eskimo to Greenlandic Iñupiaq,2,index_diachronica_original.html:4650,False,unknown_grouping,asca-unrepresentable,U,,"Syntax Error: Unknown grouping 'U'. Known groupings are (C)onsonant, (O)bstruent, (S)onorant, (P)losive, (F)ricative, (L)iquid, (N)asal, (G)lide, and (V)owel | C:[+long] > C // when CV_V in U=1 U=2 | ^ @ Rule 1, Line 1"
15.2.2,Proto-Eskimo to Greenlandic Iñupiaq,4,index_diachronica_original.html:4652,False,expected_underscore,asca-unrepresentable,,,"Syntax Error: Expected '_', but received '' | ə > i / else | ^ @ Rule 1, Line 1"
15.2.2,Proto-Eskimo to Greenlandic Iñupiaq,6,index_diachronica_original.html:4654,False,nested_brackets,asca-unrepresentable,,,"Syntax Error: Cannot have nested brackets of the same type | m n ŋ t {{ɣ,ʁ} > {k,q}} / _# | ^ @ Rule 1, Line 1"
15.2.3,Proto-Eskimo to Mackenzie Iñupiaq,2,index_diachronica_original.html:4673,False,expected_underscore,asca-unrepresentable,,,"Syntax Error: Expected '_', but received '' | ə > i / else | ^ @ Rule 1, Line 1"
15.2.4,Proto-Eskimo to Wales Iñupiaq,2,index_diachronica_original.html:4691,False,expected_underscore,asca-unrepresentable,,,"Syntax Error: Expected '_', but received '' | ə > i / else | ^ @ Rule 1, Line 1"
15.2.5,Proto-Eskimo to Kuskokwim Yup’ik,1,index_diachronica_original.html:4717,False,syntax_other,broken-syntax,,,"Syntax Error: Cannot have segments before the beginning of a word | C > C:[+long] / _V(..)V // in #% | ^ @ Rule 1, Line 1"
15.2.5,Proto-Eskimo to Kuskokwim Yup’ik,3,index_diachronica_original.html:4719,False,expected_underscore,asca-unrepresentable,,,"Syntax Error: Expected '_', but received '' | s > ts / in certain situations? | ^ @ Rule 1, Line 1"
15.2.5,Proto-Eskimo to Kuskokwim Yup’ik,4,index_diachronica_original.html:4720,False,expected_underscore,asca-unrepresentable,,,"Syntax Error: Expected '_', but received '' | C[+voice] > C[-voice] / adjacent to {P,s,l̥} | ^ @ Rule 1, Line 1"
15.2.5,Proto-Eskimo to Kuskokwim Yup’ik,8,index_diachronica_original.html:4724,False,unknown_feature,asca-unrepresentable,dental,ldental,"Syntax Error: Unknown feature 'dental'. Did you mean ldental? | i > ∅ / #C[+dental]_C[+dental]V | ^^^^^^^ @ Rule 1, Line 1"
15.2.5,Proto-Eskimo to Kuskokwim Yup’ik,9,index_diachronica_original.html:4725,False,expected_underscore,asca-unrepresentable,,,"Syntax Error: Expected '_', but received '' | F[+voice] > F[-voice] / adjacent to {P,ts} | ^ @ Rule 1, Line 1"
15.2.5,Proto-Eskimo to Kuskokwim Yup’ik,10,index_diachronica_original.html:4726,False,unknown_feature,asca-unrepresentable,samePOA,lateral,"Syntax Error: Unknown feature 'samePOA'. Did you mean lateral? | F[+voice] > P[+same POA] / l̥_ | ^^^^^^^^^ @ Rule 1, Line 1"
15.2.5,Proto-Eskimo to Kuskokwim Yup’ik,12,index_diachronica_original.html:4728,False,unknown_feature,asca-unrepresentable,open,ten,"Syntax Error: Unknown feature 'open'. Did you mean ten? | i a u > ii aa uu / C_ in %[+open -initial -final] such that %[+open]_ | ^^^^^^ @ Rule 1, Line 1"
15.2.5,Proto-Eskimo to Kuskokwim Yup’ik,20,index_diachronica_original.html:4736,False,syntax_other,broken-syntax,,,"Syntax Error: Cannot have segments before the beginning of a word | ə > ∅ / _dʒ{a,u} // in #% | ^ @ Rule 1, Line 1"
15.2.5,Proto-Eskimo to Kuskokwim Yup’ik,21,index_diachronica_original.html:4737,False,syntax_other,broken-syntax,,,"Syntax Error: Cannot have segments before the beginning of a word | a > ∅ / _dʒa // in #% | ^ @ Rule 1, Line 1"
15.2.6,Proto-Eskimo to Nunivak Yup’ik,1,index_diachronica_original.html:4744,False,syntax_other,broken-syntax,,,"Syntax Error: Cannot have segments before the beginning of a word | C > C:[+long] / _V(..)V // in #% | ^ @ Rule 1, Line 1"
15.2.6,Proto-Eskimo to Nunivak Yup’ik,3,index_diachronica_original.html:4746,False,expected_underscore,asca-unrepresentable,,,"Syntax Error: Expected '_', but received '' | s > ts / in certain situations? | ^ @ Rule 1, Line 1"
15.2.6,Proto-Eskimo to Nunivak Yup’ik,4,index_diachronica_original.html:4747,False,expected_underscore,asca-unrepresentable,,,"Syntax Error: Expected '_', but received '' | C[+voice] > C[-voice] / adjacent to {P,s,l̥} | ^ @ Rule 1, Line 1"
15.2.6,Proto-Eskimo to Nunivak Yup’ik,8,index_diachronica_original.html:4751,False,unknown_feature,asca-unrepresentable,dental,ldental,"Syntax Error: Unknown feature 'dental'. Did you mean ldental? | i > ∅ / #C[+dental]_C[+dental]V | ^^^^^^^ @ Rule 1, Line 1"
15.2.6,Proto-Eskimo to Nunivak Yup’ik,9,index_diachronica_original.html:4752,False,unknown_feature,asca-unrepresentable,velar,delay,"Syntax Error: Unknown feature 'velar'. Did you mean delay? | a > ∅ / C[+velar]_C[+velar] | ^^^^^^ @ Rule 1, Line 1"
15.2.6,Proto-Eskimo to Nunivak Yup’ik,11,index_diachronica_original.html:4755,False,expected_underscore,asca-unrepresentable,,,"Syntax Error: Expected '_', but received '' | F[+voice] > F[-voice] / adjacent to {P,ts} | ^ @ Rule 1, Line 1"
15.2.6,Proto-Eskimo to Nunivak Yup’ik,14,index_diachronica_original.html:4758,False,unknown_feature,asca-unrepresentable,open,ten,"Syntax Error: Unknown feature 'open'. Did you mean ten? | i a u > ii aa uu / C_ in %[+open -initial -final] such that %[+open]_ | ^^^^^^ @ Rule 1, Line 1"
15.2.6,Proto-Eskimo to Nunivak Yup’ik,22,index_diachronica_original.html:4766,False,syntax_other,broken-syntax,,,"Syntax Error: Cannot have segments before the beginning of a word | ə > ∅ / _dʒ{a,u} // in #% | ^ @ Rule 1, Line 1"
15.2.7,Proto-Eskimo to Siberian Yup’ik,2,index_diachronica_original.html:4775,False,expected_underscore,asca-unrepresentable,,,"Syntax Error: Expected '_', but received '' | ts > tʃ / in some dialects? | ^ @ Rule 1, Line 2"
15.2.7,Proto-Eskimo to Siberian Yup’ik,3,index_diachronica_original.html:4776,False,expected_underscore,asca-unrepresentable,,,"Syntax Error: Expected '_', but received '' | C[+voice] > C[-voice] / next to {P,s,l̥} | ^ @ Rule 1, Line 1"
15.2.7,Proto-Eskimo to Siberian Yup’ik,5,index_diachronica_original.html:4778,False,expected_underscore,asca-unrepresentable,,,"Syntax Error: Expected '_', but received '' | ə > a / | ^ @ Rule 1, Line 1"
15.2.7,Proto-Eskimo to Siberian Yup’ik,7,index_diachronica_original.html:4780,False,unknown_feature,asca-unrepresentable,dental,ldental,"Syntax Error: Unknown feature 'dental'. Did you mean ldental? | i > ∅ / #C[+dental]_C[+dental]V | ^^^^^^^ @ Rule 1, Line 1"
15.2.7,Proto-Eskimo to Siberian Yup’ik,8,index_diachronica_original.html:4781,False,unknown_feature,asca-unrepresentable,velar,delay,"Syntax Error: Unknown feature 'velar'. Did you mean delay? | a > ∅ / C[+velar]_C[+velar] | ^^^^^^ @ Rule 1, Line 1"
15.2.7,Proto-Eskimo to Siberian Yup’ik,9,index_diachronica_original.html:4782,False,expected_underscore,asca-unrepresentable,,,"Syntax Error: Expected '_', but received '' | F[+voice] > F[-voice] / adjacent to {P,ts} | ^ @ Rule 1, Line 1"
15.2.7,Proto-Eskimo to Siberian Yup’ik,21,index_diachronica_original.html:4794,False,syntax_other,broken-syntax,,,"Syntax Error: Cannot have segments before the beginning of a word | ə > ∅ / _dʒ{a,u} // in #% | ^ @ Rule 1, Line 1"
15.2.8,Proto-Eskimo to Unaaliq Yup’ik,1,index_diachronica_original.html:4802,False,syntax_other,broken-syntax,,,"Syntax Error: Cannot have segments before the beginning of a word | C > C:[+long] / _V(..)V, after #% | ^ @ Rule 1, Line 1"
15.2.8,Proto-Eskimo to Unaaliq Yup’ik,3,index_diachronica_original.html:4804,False,expected_underscore,asca-unrepresentable,,,"Syntax Error: Expected '_', but received '' | s > ts / in certain situations? | ^ @ Rule 1, Line 1"
15.2.8,Proto-Eskimo to Unaaliq Yup’ik,4,index_diachronica_original.html:4805,False,expected_underscore,asca-unrepresentable,,,"Syntax Error: Expected '_', but received '' | C[+voice] > C[-voice] / next to {P,s,l̥} | ^ @ Rule 1, Line 1"
15.2.8,Proto-Eskimo to Unaaliq Yup’ik,8,index_diachronica_original.html:4809,False,unknown_feature,asca-unrepresentable,dental,ldental,"Syntax Error: Unknown feature 'dental'. Did you mean ldental? | i > ∅ / #C[+dental]_C[+dental]V | ^^^^^^^ @ Rule 1, Line 1"
15.2.8,Proto-Eskimo to Unaaliq Yup’ik,9,index_diachronica_original.html:4810,False,unknown_feature,asca-unrepresentable,velar,delay,"Syntax Error: Unknown feature 'velar'. Did you mean delay? | a > ∅ / C[+velar]_C[+velar] | ^^^^^^ @ Rule 1, Line 1"
15.2.8,Proto-Eskimo to Unaaliq Yup’ik,11,index_diachronica_original.html:4812,False,expected_underscore,asca-unrepresentable,,,"Syntax Error: Expected '_', but received '' | F[+voice] > F[-voice] / adjacent to {P,ts} | ^ @ Rule 1, Line 1"
15.2.8,Proto-Eskimo to Unaaliq Yup’ik,14,index_diachronica_original.html:4815,False,unknown_feature,asca-unrepresentable,open,ten,"Syntax Error: Unknown feature 'open'. Did you mean ten? | i a u > ii aa uu / C_ in %[+open -initial -final] such that %[+open]_ | ^^^^^^ @ Rule 1, Line 1"
15.2.8,Proto-Eskimo to Unaaliq Yup’ik,21,index_diachronica_original.html:4822,False,syntax_other,broken-syntax,,,"Syntax Error: Cannot have segments before the beginning of a word | ə > ∅ / _dʒ{a,u} // in #% | ^ @ Rule 1, Line 1"
16.1.1,Proto-Tabla-Sentani to Nafri,8,index_diachronica_original.html:4858,False,unknown_feature,asca-unrepresentable,palatal,latrl,"Syntax Error: Unknown feature 'palatal'. Did you mean latrl? | ə > e / _{C[+palatal],V:[+front]} | ^^^^^^^^ @ Rule 1, Line 1"
16.1.1,Proto-Tabla-Sentani to Nafri,11,index_diachronica_original.html:4861,False,syntax_other,broken-syntax,,,"Syntax Error: Expected an IPA character, Primative or Matrix, but received '_' | a > æ / {i_,iC_} | ^ @ Rule 1, Line 1"
16.1.2,Proto-Tabla-Sentani to Central Sentani,2,index_diachronica_original.html:4869,False,expected_underscore,asca-unrepresentable,,,"Syntax Error: Expected '_', but received '' | d > l / medially | ^ @ Rule 1, Line 1"
16.1.2,Proto-Tabla-Sentani to Central Sentani,9,index_diachronica_original.html:4876,False,unknown_feature,asca-unrepresentable,palatal,latrl,"Syntax Error: Unknown feature 'palatal'. Did you mean latrl? | ə > e / _{C[+palatal],V:[+front]} | ^^^^^^^^ @ Rule 1, Line 1"
16.1.2,Proto-Tabla-Sentani to Central Sentani,12,index_diachronica_original.html:4879,False,syntax_other,broken-syntax,,,"Syntax Error: Expected an IPA character, Primative or Matrix, but received '_' | a > æ / {i_,iC_} | ^ @ Rule 1, Line 1"
16.1.3,Proto-Tabla-Sentani to Eastern Sentani,2,index_diachronica_original.html:4887,False,expected_underscore,asca-unrepresentable,,,"Syntax Error: Expected '_', but received '' | d > l / medially | ^ @ Rule 1, Line 1"
16.1.3,Proto-Tabla-Sentani to Eastern Sentani,9,index_diachronica_original.html:4894,False,unknown_feature,asca-unrepresentable,palatal,latrl,"Syntax Error: Unknown feature 'palatal'. Did you mean latrl? | ə > e / _{C[+palatal],V:[+front]} | ^^^^^^^^ @ Rule 1, Line 1"
16.1.3,Proto-Tabla-Sentani to Eastern Sentani,12,index_diachronica_original.html:4897,False,syntax_other,broken-syntax,,,"Syntax Error: Expected an IPA character, Primative or Matrix, but received '_' | a > æ / {i_,iC_} | ^ @ Rule 1, Line 1"
16.1.4,Proto-Tabla-Sentani to Western Sentani,8,index_diachronica_original.html:4911,False,unknown_feature,asca-unrepresentable,palatal,latrl,"Syntax Error: Unknown feature 'palatal'. Did you mean latrl? | ə > e / _{C[+palatal],V:[+front]} | ^^^^^^^^ @ Rule 1, Line 1"
16.1.4,Proto-Tabla-Sentani to Western Sentani,11,index_diachronica_original.html:4914,False,syntax_other,broken-syntax,,,"Syntax Error: Expected an IPA character, Primative or Matrix, but received '_' | a > æ / {i_,iC_} | ^ @ Rule 1, Line 1"
16.1.5,Proto-Tabla-Sentani to Tabla,0,index_diachronica_original.html:4920,False,expected_underscore,asca-unrepresentable,,,"Syntax Error: Expected '_', but received '' | d > r / medially | ^ @ Rule 1, Line 1"
16.1.5,Proto-Tabla-Sentani to Tabla,3,index_diachronica_original.html:4924,False,expected_underscore,asca-unrepresentable,,,"Syntax Error: Expected '_', but received '' | e > ə / unstressed | ^ @ Rule 1, Line 1"
17.1.1,Proto-Indo-European to Gheg Albanian,6,index_diachronica_original.html:4964,False,syntax_other,broken-syntax,,,"Syntax Error: Expected end of line, received ':'. Did you forget a '/' between the output and environment? | kʷ > s / _V:[+front]:[+stress]? | ^ @ Rule 1, Line 1"
17.1.1,Proto-Indo-European to Gheg Albanian,7,index_diachronica_original.html:4965,False,unknown_grouping,asca-unrepresentable,B,,"Syntax Error: Unknown grouping 'B'. Known groupings are (C)onsonant, (O)bstruent, (S)onorant, (P)losive, (F)ricative, (L)iquid, (N)asal, (G)lide, and (V)owel | kʷ > c / _B? | ^ @ Rule 1, Line 1"
17.1.1,Proto-Indo-European to Gheg Albanian,8,index_diachronica_original.html:4966,False,expected_underscore,asca-unrepresentable,,,"Syntax Error: Expected '_', but received '' | kʷ > k / else? | ^ @ Rule 1, Line 1"
17.1.1,Proto-Indo-European to Gheg Albanian,9,index_diachronica_original.html:4967,False,unknown_character,asca-unrepresentable,́,,"Syntax Error: Unknown character '́' | {ɡ́,ɡ́ʱ} > d / $_C[+strident] | ^ @ Rule 1, Line 1"
17.1.1,Proto-Indo-European to Gheg Albanian,11,index_diachronica_original.html:4969,False,unknown_character,asca-unrepresentable,́,,"Syntax Error: Unknown character '́' | bʱ dʱ {ɡ́,ɡ́ʱ} > b d dh | ^ @ Rule 1, Line 1"
17.1.1,Proto-Indo-European to Gheg Albanian,14,index_diachronica_original.html:4972,False,expected_underscore,asca-unrepresentable,,,"Syntax Error: Expected '_', but received '' | sd > θ / medial | ^ @ Rule 1, Line 1"
17.1.1,Proto-Indo-European to Gheg Albanian,15,index_diachronica_original.html:4973,False,expected_underscore,asca-unrepresentable,,,"Syntax Error: Expected '_', but received '' | skʲ > h / medial | ^ @ Rule 1, Line 1"
17.1.1,Proto-Indo-European to Gheg Albanian,16,index_diachronica_original.html:4974,False,expected_underscore,asca-unrepresentable,,,"Syntax Error: Expected '_', but received '' | sp > f / medial | ^ @ Rule 1, Line 1"
17.1.1,Proto-Indo-European to Gheg Albanian,17,index_diachronica_original.html:4975,False,expected_underscore,asca-unrepresentable,,,"Syntax Error: Expected '_', but received '' | st > ʃt / medial | ^ @ Rule 1, Line 1"
17.1.1,Proto-Indo-European to Gheg Albanian,18,index_diachronica_original.html:4976,False,expected_underscore,asca-unrepresentable,,,"Syntax Error: Expected '_', but received ',' | s > θ / sometimes, involving | ^ @ Rule 1, Line 1"
17.1.2,Proto-Indo-European to Tosk Albanian,6,index_diachronica_original.html:5003,False,syntax_other,broken-syntax,,,"Syntax Error: Expected end of line, received ':'. Did you forget a '/' between the output and environment? | kʷ > s / _V:[+front]:[+stress]? | ^ @ Rule 1, Line 1"
17.1.2,Proto-Indo-European to Tosk Albanian,7,index_diachronica_original.html:5004,False,unknown_grouping,asca-unrepresentable,B,,"Syntax Error: Unknown grouping 'B'. Known groupings are (C)onsonant, (O)bstruent, (S)onorant, (P)losive, (F)ricative, (L)iquid, (N)asal, (G)lide, and (V)owel | kʷ > c / _B? | ^ @ Rule 1, Line 1"
17.1.2,Proto-Indo-European to Tosk Albanian,8,index_diachronica_original.html:5005,False,expected_underscore,asca-unrepresentable,,,"Syntax Error: Expected '_', but received '' | kʷ > k / else? | ^ @ Rule 1, Line 1"
17.1.2,Proto-Indo-European to Tosk Albanian,9,index_diachronica_original.html:5006,False,unknown_character,asca-unrepresentable,́,,"Syntax Error: Unknown character '́' | {ɡ́,ɡ́ʱ} > d / $_C[+strident] | ^ @ Rule 1, Line 1"
17.1.2,Proto-Indo-European to Tosk Albanian,11,index_diachronica_original.html:5008,False,unknown_character,asca-unrepresentable,́,,"Syntax Error: Unknown character '́' | bʱ dʱ {ɡ́,ɡ́ʱ} > b d dh | ^ @ Rule 1, Line 1"
17.1.2,Proto-Indo-European to Tosk Albanian,14,index_diachronica_original.html:5011,False,expected_underscore,asca-unrepresentable,,,"Syntax Error: Expected '_', but received '' | sd > θ / medial | ^ @ Rule 1, Line 1"
17.1.2,Proto-Indo-European to Tosk Albanian,15,index_diachronica_original.html:5012,False,expected_underscore,asca-unrepresentable,,,"Syntax Error: Expected '_', but received '' | skʲ > h / medial | ^ @ Rule 1, Line 1"
17.1.2,Proto-Indo-European to Tosk Albanian,16,index_diachronica_original.html:5013,False,expected_underscore,asca-unrepresentable,,,"Syntax Error: Expected '_', but received '' | sp > f / medial | ^ @ Rule 1, Line 1"
17.1.2,Proto-Indo-European to Tosk Albanian,17,index_diachronica_original.html:5014,False,expected_underscore,asca-unrepresentable,,,"Syntax Error: Expected '_', but received '' | st > ʃt / medial | ^ @ Rule 1, Line 1"
17.1.2,Proto-Indo-European to Tosk Albanian,18,index_diachronica_original.html:5015,False,expected_underscore,asca-unrepresentable,,,"Syntax Error: Expected '_', but received ',' | s > θ / sometimes, involving | ^ @ Rule 1, Line 1"
17.2,Proto-Indo-European to Common Anatolian,2,index_diachronica_original.html:5037,False,prose_or_expected_arrow,asca-unrepresentable,,,"Syntax Error: Expected '>', '->' or '=>', but received ':' | C:[+labial]:[+voice,+spread] > P:[+voice] | ^ @ Rule 1, Line 1"
17.2,Proto-Indo-European to Common Anatolian,4,index_diachronica_original.html:5039,False,syntax_other,broken-syntax,,,"Syntax Error: A rule cannot be both an Insertion rule and a Deletion rule | ∅ > ∅ | ^ ^ @ Rule 1, Line 1"
17.2,Proto-Indo-European to Common Anatolian,5,index_diachronica_original.html:5040,False,syntax_other,broken-syntax,,,"Syntax Error: A rule cannot be both an Insertion rule and a Deletion rule | ∅ > ∅ | ^ ^ @ Rule 1, Line 1"
17.2,Proto-Indo-European to Common Anatolian,8,index_diachronica_original.html:5043,False,unknown_character,asca-unrepresentable,ː,,"Syntax Error: Unknown character 'ː' | P:[-voice] h2 > P:[+voice] / V:[+stress]ː | ^ @ Rule 1, Line 1"
17.2,Proto-Indo-European to Common Anatolian,9,index_diachronica_original.html:5044,False,expected_underscore,asca-unrepresentable,,,"Syntax Error: Expected '_', but received '' | P:[-voice] h2 > P:[+voice] / G:[+stress] | ^ @ Rule 1, Line 1"
17.2,Proto-Indo-European to Common Anatolian,10,index_diachronica_original.html:5045,False,expected_underscore,asca-unrepresentable,,,"Syntax Error: Expected '_', but received '' | t > z / j | ^ @ Rule 1, Line 1"
17.2,Proto-Indo-European to Common Anatolian,13,index_diachronica_original.html:5048,False,nested_brackets,asca-unrepresentable,,,"Syntax Error: Cannot have nested brackets of the same type | {{∅,∅}s,s{∅,∅}} > s:[+long] | ^ @ Rule 1, Line 1"
17.2.1,Common Anatolian to Hittite,0,index_diachronica_original.html:5053,False,unknown_feature,asca-unrepresentable,lenis,tens,"Syntax Error: Unknown feature 'lenis'. Did you mean tens? | P:[+voice] P:[-voice] > P:[-voice] P:[-voice][+lenis] / #_ | ^^^^^^ @ Rule 1, Line 1"
17.2.1,Common Anatolian to Hittite,1,index_diachronica_original.html:5054,False,unknown_feature,asca-unrepresentable,fortis,contin,"Syntax Error: Unknown feature 'fortis'. Did you mean contin? | P:[-voice] P:[+voice] > P:[-voice][+fortis] P:[-voice][+lenis] | ^^^^^^^ @ Rule 1, Line 1"
17.2.1,Common Anatolian to Hittite,4,index_diachronica_original.html:5057,False,unknown_feature,asca-unrepresentable,open,ten,"Syntax Error: Unknown feature 'open'. Did you mean ten? | V > V:[+long] / in %:[+stress][+open] | ^^^^^ @ Rule 1, Line 1"
17.2.1,Common Anatolian to Hittite,5,index_diachronica_original.html:5058,False,expected_underscore,asca-unrepresentable,,,"Syntax Error: Expected '_', but received '' | e o > e:[+long] o:[+long] / in %:[+stress][+stress] | ^ @ Rule 1, Line 1"
17.2.1,Common Anatolian to Hittite,7,index_diachronica_original.html:5060,False,unknown_feature,asca-unrepresentable,closed,cons,"Syntax Error: Unknown feature 'closed'. Did you mean cons? | e > i / _{m,ŋ} when posttonic in %[+closed] or when pretonic | ^^^^^^^ @ Rule 1, Line 1"
17.2.1,Common Anatolian to Hittite,8,index_diachronica_original.html:5061,False,unknown_feature,asca-unrepresentable,open,ten,"Syntax Error: Unknown feature 'open'. Did you mean ten? | e > a / _n in %[+open +posttonic] | ^^^^^^ @ Rule 1, Line 1"
17.2.2,Common Anatolian to Luwian,0,index_diachronica_original.html:5073,False,unknown_feature,asca-unrepresentable,lenis,tens,"Syntax Error: Unknown feature 'lenis'. Did you mean tens? | P:[+voice] P:[-voice] > P:[-voice] P:[-voice][+lenis] / #_ | ^^^^^^ @ Rule 1, Line 1"
17.2.2,Common Anatolian to Luwian,1,index_diachronica_original.html:5074,False,unknown_feature,asca-unrepresentable,fortis,contin,"Syntax Error: Unknown feature 'fortis'. Did you mean contin? | P:[-voice] P:[+voice] > P:[-voice][+fortis] P:[-voice][+lenis] | ^^^^^^^ @ Rule 1, Line 1"
17.2.2,Common Anatolian to Luwian,12,index_diachronica_original.html:5085,False,unknown_feature,asca-unrepresentable,open,ten,"Syntax Error: Unknown feature 'open'. Did you mean ten? | V > V:[+long] / in %:[+stress][+open] | ^^^^^ @ Rule 1, Line 1"
17.2.2,Common Anatolian to Luwian,13,index_diachronica_original.html:5086,False,syntax_other,broken-syntax,,,"Syntax Error: Cannot have segments before the beginning of a word | V > V:[+long] / in #%:[+stress] | ^ @ Rule 1, Line 1"
17.2.2,Common Anatolian to Luwian,17,index_diachronica_original.html:5090,False,unknown_character,asca-unrepresentable,ː,,"Syntax Error: Unknown character 'ː' | hh h > h / V:[+stress]ː_u | ^ @ Rule 1, Line 1"
17.2.2,Common Anatolian to Luwian,18,index_diachronica_original.html:5091,False,unknown_character,asca-unrepresentable,ː,,"Syntax Error: Unknown character 'ː' | hh h > h / u_V:[+stress]ː | ^ @ Rule 1, Line 1"
17.2.2,Common Anatolian to Luwian,19,index_diachronica_original.html:5092,False,expected_underscore,asca-unrepresentable,,,"Syntax Error: Expected '_', but received '' | h > ∅ / _w // at word boundaries | ^ @ Rule 1, Line 1"
17.2.2,Common Anatolian to Luwian,21,index_diachronica_original.html:5094,False,unknown_feature,asca-unrepresentable,open,ten,"Syntax Error: Unknown feature 'open'. Did you mean ten? | P:[+voice] [+son,-syll] > D:[+long] R:[+long] / e:[+stress]_ in %[+open] | ^^^^^ @ Rule 1, Line 1"
17.2.3,Common Anatolian to Lycian,1,index_diachronica_original.html:5101,False,runtime_other,broken-syntax,,,"Runtime Error: An incomplete matrix cannot be inserted | P:[+voice] > F[+voice] | ^^^^^^^^ @ Rule 1, Line 1"
17.2.3,Common Anatolian to Lycian,2,index_diachronica_original.html:5102,False,unknown_grouping,asca-unrepresentable,D,,"Syntax Error: Unknown grouping 'D'. Known groupings are (C)onsonant, (O)bstruent, (S)onorant, (P)losive, (F)ricative, (L)iquid, (N)asal, (G)lide, and (V)owel | N{F[+voice],P:[-voice]} > nD | ^ @ Rule 1, Line 1"
17.2.3,Common Anatolian to Lycian,5,index_diachronica_original.html:5105,False,unknown_grouping,asca-unrepresentable,M,,"Syntax Error: Unknown grouping 'M'. Known groupings are (C)onsonant, (O)bstruent, (S)onorant, (P)losive, (F)ricative, (L)iquid, (N)asal, (G)lide, and (V)owel | kʷ > k / _V:[+front], in Milyan | ^ @ Rule 1, Line 1"
17.2.3,Common Anatolian to Lycian,6,index_diachronica_original.html:5106,False,unknown_character,asca-unrepresentable,́,,"Syntax Error: Unknown character '́' | {ɡ́,ɡ} > j / _e:[+long] | ^ @ Rule 1, Line 1"
17.2.3,Common Anatolian to Lycian,7,index_diachronica_original.html:5107,False,unknown_character,asca-unrepresentable,́,,"Syntax Error: Unknown character '́' | {ɡ́,ɡ} > ∅ / _i:[+long] | ^ @ Rule 1, Line 1"
17.2.3,Common Anatolian to Lycian,16,index_diachronica_original.html:5116,False,expected_underscore,asca-unrepresentable,,,"Syntax Error: Expected '_', but received '' | k > x / else | ^ @ Rule 1, Line 1"
17.2.3,Common Anatolian to Lycian,22,index_diachronica_original.html:5122,False,syntax_other,broken-syntax,,,"Syntax Error: Expected ASCII character, but received ',' | e > a / _%[+u,a] | ^ @ Rule 1, Line 1"
17.2.3,Common Anatolian to Lycian,23,index_diachronica_original.html:5123,False,syntax_other,broken-syntax,,,"Syntax Error: Expected ASCII character, but received ',' | a > e / _%[+e,i] | ^ @ Rule 1, Line 1"
17.2.4,Common Anatolian to Lydian,9,index_diachronica_original.html:5138,False,syntax_other,broken-syntax,,,"Syntax Error: Expected an IPA character, Primative or Matrix, but received '∅' | {h2,∅} > ∅ | ^ @ Rule 1, Line 1"
17.2.4,Common Anatolian to Lydian,12,index_diachronica_original.html:5141,False,prose_or_expected_arrow,asca-unrepresentable,,,"Syntax Error: Expected '>', '->' or '=>', but received ')' | v?) > f / s_ | ^ @ Rule 1, Line 2"
17.2.4,Common Anatolian to Lydian,17,index_diachronica_original.html:5146,False,unknown_feature,asca-unrepresentable,closed,cons,"Syntax Error: Unknown feature 'closed'. Did you mean cons? | {e,a,o} > e:[+long] / _N in %:[+stress][+closed] | ^^^^^^^ @ Rule 1, Line 1"
17.2.4,Common Anatolian to Lydian,18,index_diachronica_original.html:5147,False,unknown_feature,asca-unrepresentable,open,ten,"Syntax Error: Unknown feature 'open'. Did you mean ten? | {e,a,o} > a:[+long] / _N in %:[+stress][+open] | ^^^^^ @ Rule 1, Line 1"
17.2.4,Common Anatolian to Lydian,19,index_diachronica_original.html:5148,False,expected_underscore,asca-unrepresentable,,,"Syntax Error: Expected '_', but received '' | {e,o} > a / in %[-stress] | ^ @ Rule 1, Line 1"
17.2.5,Common Anatolian to Palaic,0,index_diachronica_original.html:5157,False,unknown_feature,asca-unrepresentable,lenis,tens,"Syntax Error: Unknown feature 'lenis'. Did you mean tens? | P:[+voice] P:[-voice] > P:[-voice] P:[-voice][+lenis] / #_ | ^^^^^^ @ Rule 1, Line 1"
17.2.5,Common Anatolian to Palaic,1,index_diachronica_original.html:5158,False,unknown_feature,asca-unrepresentable,fortis,contin,"Syntax Error: Unknown feature 'fortis'. Did you mean contin? | P:[-voice] P:[+voice] > P:[-voice][+fortis] P:[-voice][+lenis] | ^^^^^^^ @ Rule 1, Line 1"
17.2.5,Common Anatolian to Palaic,4,index_diachronica_original.html:5161,False,unknown_feature,asca-unrepresentable,open,ten,"Syntax Error: Unknown feature 'open'. Did you mean ten? | V > V:[+long] / %:[+stress][+open] | ^^^^^ @ Rule 1, Line 1"
17.2.5,Common Anatolian to Palaic,5,index_diachronica_original.html:5162,False,expected_underscore,asca-unrepresentable,,,"Syntax Error: Expected '_', but received '' | e > i / pretonic | ^ @ Rule 1, Line 1"
17.2.5,Common Anatolian to Palaic,6,index_diachronica_original.html:5163,False,unknown_feature,asca-unrepresentable,open,ten,"Syntax Error: Unknown feature 'open'. Did you mean ten? | e > a / posttonic in %[+open] | ^^^^^ @ Rule 1, Line 1"
17.2.5,Common Anatolian to Palaic,8,index_diachronica_original.html:5165,False,unknown_feature,asca-unrepresentable,closed,cons,"Syntax Error: Unknown feature 'closed'. Did you mean cons? | a e > a:[+long] e:[+long] / in %:[+stress][+closed] | ^^^^^^^ @ Rule 1, Line 1"
17.2.5,Common Anatolian to Palaic,10,index_diachronica_original.html:5167,False,expected_underscore,asca-unrepresentable,,,"Syntax Error: Expected '_', but received '' | ɡʷ > hʷ / medially | ^ @ Rule 1, Line 1"
17.2.5,Common Anatolian to Palaic,11,index_diachronica_original.html:5168,False,missing_arrow,broken-syntax,,,“something like /ʒ/”
17.2.5,Common Anatolian to Palaic,12,index_diachronica_original.html:5169,False,unknown_character,asca-unrepresentable,ː,,"Syntax Error: Unknown character 'ː' | h > ∅ / V:[+stress]ː_u | ^ @ Rule 1, Line 1"
17.2.5,Common Anatolian to Palaic,13,index_diachronica_original.html:5170,False,unknown_character,asca-unrepresentable,ː,,"Syntax Error: Unknown character 'ː' | h > ∅ / u_V:[+stress]ː | ^ @ Rule 1, Line 1"
17.3.1,Proto-Indo-European to Artsakh Armenian,7,index_diachronica_original.html:5188,False,expected_underscore,asca-unrepresentable,,,"Syntax Error: Expected '_', but received '' | {i,u} > ə / in some unstressed syllables | ^ @ Rule 1, Line 1"
17.3.1,Proto-Indo-European to Artsakh Armenian,14,index_diachronica_original.html:5195,False,unknown_character,asca-unrepresentable,́,,"Syntax Error: Unknown character '́' | ɡ́ > ts | ^ @ Rule 1, Line 1"
17.3.1,Proto-Indo-European to Artsakh Armenian,16,index_diachronica_original.html:5197,False,unknown_character,asca-unrepresentable,́,,"Syntax Error: Unknown character '́' | bʱ dʱ ɡ́ʱ ɡʷʱ > p t j k / #_ | ^ @ Rule 1, Line 1"
17.3.1,Proto-Indo-European to Artsakh Armenian,17,index_diachronica_original.html:5198,False,unknown_character,asca-unrepresentable,́,,"Syntax Error: Unknown character '́' | bʱ dʱ ɡ́ʱ ɡʱ ɡʷʱ > {w,v} d z ɡ ʒ | ^ @ Rule 1, Line 1"
17.3.1,Proto-Indo-European to Artsakh Armenian,27,index_diachronica_original.html:5208,False,syntax_other,broken-syntax,,,"Syntax Error: Output cannot be empty. Use `*` or '∅' to indicate deletion | V > / _#, in polysyllables | ^ @ Rule 1, Line 3"
17.3.1,Proto-Indo-European to Artsakh Armenian,28,index_diachronica_original.html:5209,False,expected_underscore,asca-unrepresentable,,,"Syntax Error: Expected '_', but received '' | N > n / _#, in monosyllables | ^ @ Rule 1, Line 1"
17.3.1,Proto-Indo-European to Artsakh Armenian,29,index_diachronica_original.html:5210,False,prose_or_expected_arrow,asca-unrepresentable,,,"Syntax Error: Expected '>', '->' or '=>', but received '̩' | N̩ > n / _# | ^ @ Rule 1, Line 1"
17.3.1,Proto-Indo-European to Artsakh Armenian,31,index_diachronica_original.html:5212,False,syntax_other,broken-syntax,,,"Syntax Error: Output cannot be empty. Use `*` or '∅' to indicate deletion | V > / _(C)# | ^ @ Rule 1, Line 1"
17.3.2,Proto-Indo-European to Erevan Armenian,7,index_diachronica_original.html:5225,False,expected_underscore,asca-unrepresentable,,,"Syntax Error: Expected '_', but received '' | {i,u} > ə / in some unstressed syllables | ^ @ Rule 1, Line 1"
17.3.2,Proto-Indo-European to Erevan Armenian,14,index_diachronica_original.html:5232,False,unknown_character,asca-unrepresentable,́,,"Syntax Error: Unknown character '́' | ɡ́ > ts | ^ @ Rule 1, Line 1"
17.3.2,Proto-Indo-European to Erevan Armenian,17,index_diachronica_original.html:5235,False,unknown_character,asca-unrepresentable,́,,"Syntax Error: Unknown character '́' | bʱ dʱ ɡ́ʱ ɡʱ ɡʷʱ > {w,v} d z ɡ ʒ | ^ @ Rule 1, Line 1"
17.3.2,Proto-Indo-European to Erevan Armenian,27,index_diachronica_original.html:5245,False,syntax_other,broken-syntax,,,"Syntax Error: Output cannot be empty. Use `*` or '∅' to indicate deletion | V > / _#, in polysyllables | ^ @ Rule 1, Line 3"
17.3.2,Proto-Indo-European to Erevan Armenian,28,index_diachronica_original.html:5246,False,expected_underscore,asca-unrepresentable,,,"Syntax Error: Expected '_', but received '' | N > n / _#, in monosyllables | ^ @ Rule 1, Line 1"
17.3.2,Proto-Indo-European to Erevan Armenian,29,index_diachronica_original.html:5247,False,prose_or_expected_arrow,asca-unrepresentable,,,"Syntax Error: Expected '>', '->' or '=>', but received '̩' | N̩ > n / _# | ^ @ Rule 1, Line 1"
17.3.2,Proto-Indo-European to Erevan Armenian,31,index_diachronica_original.html:5249,False,syntax_other,broken-syntax,,,"Syntax Error: Output cannot be empty. Use `*` or '∅' to indicate deletion | V > / _(C)# | ^ @ Rule 1, Line 1"
17.3.3,Proto-Indo-European to Istanbul Armenian,7,index_diachronica_original.html:5262,False,expected_underscore,asca-unrepresentable,,,"Syntax Error: Expected '_', but received '' | {i,u} > ə / in some unstressed syllables | ^ @ Rule 1, Line 1"
17.3.3,Proto-Indo-European to Istanbul Armenian,13,index_diachronica_original.html:5268,False,unknown_character,asca-unrepresentable,́,,"Syntax Error: Unknown character '́' | ɡ́ > ts | ^ @ Rule 1, Line 1"
17.3.3,Proto-Indo-European to Istanbul Armenian,16,index_diachronica_original.html:5271,False,unknown_character,asca-unrepresentable,́,,"Syntax Error: Unknown character '́' | bʱ ɡ́ʱ {ɡʱ,ɡʷʱ} > b j k / #_ | ^ @ Rule 1, Line 1"
17.3.3,Proto-Indo-European to Istanbul Armenian,17,index_diachronica_original.html:5272,False,unknown_character,asca-unrepresentable,́,,"Syntax Error: Unknown character '́' | bʱ dʱ ɡ́ʱ ɡʱ ɡʷʱ > {w,v} d z ɡ ʒ | ^ @ Rule 1, Line 1"
17.3.3,Proto-Indo-European to Istanbul Armenian,27,index_diachronica_original.html:5282,False,syntax_other,broken-syntax,,,"Syntax Error: Output cannot be empty. Use `*` or '∅' to indicate deletion | V > / _#, in polysyllables | ^ @ Rule 1, Line 3"
17.3.3,Proto-Indo-European to Istanbul Armenian,28,index_diachronica_original.html:5283,False,expected_underscore,asca-unrepresentable,,,"Syntax Error: Expected '_', but received '' | N > n / _#, in monosyllables | ^ @ Rule 1, Line 1"
17.3.3,Proto-Indo-European to Istanbul Armenian,29,index_diachronica_original.html:5284,False,prose_or_expected_arrow,asca-unrepresentable,,,"Syntax Error: Expected '>', '->' or '=>', but received '̩' | N̩ > n / _# | ^ @ Rule 1, Line 1"
17.3.3,Proto-Indo-European to Istanbul Armenian,31,index_diachronica_original.html:5286,False,syntax_other,broken-syntax,,,"Syntax Error: Output cannot be empty. Use `*` or '∅' to indicate deletion | V > / _(C)# | ^ @ Rule 1, Line 1"
17.3.4,Proto-Indo-European to Kharpert Armenian,7,index_diachronica_original.html:5299,False,expected_underscore,asca-unrepresentable,,,"Syntax Error: Expected '_', but received '' | {i,u} > ə / in some unstressed syllables | ^ @ Rule 1, Line 1"
17.3.4,Proto-Indo-European to Kharpert Armenian,14,index_diachronica_original.html:5306,False,unknown_character,asca-unrepresentable,́,,"Syntax Error: Unknown character '́' | ɡ́ > ts | ^ @ Rule 1, Line 1"
17.3.4,Proto-Indo-European to Kharpert Armenian,16,index_diachronica_original.html:5308,False,unknown_character,asca-unrepresentable,́,,"Syntax Error: Unknown character '́' | bʱ dʱ ɡ́ʱ {ɡʱ,ɡʷʱ} > p t j k / #_ | ^ @ Rule 1, Line 1"
17.3.4,Proto-Indo-European to Kharpert Armenian,17,index_diachronica_original.html:5309,False,unknown_character,asca-unrepresentable,́,,"Syntax Error: Unknown character '́' | bʱ dʱ ɡ́ʱ ɡʱ ɡʷʱ > {w,v} d z ɡ ʒ | ^ @ Rule 1, Line 1"
17.3.4,Proto-Indo-European to Kharpert Armenian,27,index_diachronica_original.html:5319,False,syntax_other,broken-syntax,,,"Syntax Error: Output cannot be empty. Use `*` or '∅' to indicate deletion | V > / _#, in polysyllables | ^ @ Rule 1, Line 3"
17.3.4,Proto-Indo-European to Kharpert Armenian,28,index_diachronica_original.html:5320,False,expected_underscore,asca-unrepresentable,,,"Syntax Error: Expected '_', but received '' | N > n / _#, in monosyllables | ^ @ Rule 1, Line 1"
17.3.4,Proto-Indo-European to Kharpert Armenian,29,index_diachronica_original.html:5321,False,prose_or_expected_arrow,asca-unrepresentable,,,"Syntax Error: Expected '>', '->' or '=>', but received '̩' | N̩ > n / _# | ^ @ Rule 1, Line 1"
17.3.4,Proto-Indo-European to Kharpert Armenian,31,index_diachronica_original.html:5323,False,syntax_other,broken-syntax,,,"Syntax Error: Output cannot be empty. Use `*` or '∅' to indicate deletion | V > / _(C)# | ^ @ Rule 1, Line 1"
17.3.5,Proto-Indo-European to Sebastia Armenian,7,index_diachronica_original.html:5336,False,expected_underscore,asca-unrepresentable,,,"Syntax Error: Expected '_', but received '' | {i,u} > ə / in some unstressed syllables | ^ @ Rule 1, Line 1"
17.3.5,Proto-Indo-European to Sebastia Armenian,14,index_diachronica_original.html:5343,False,unknown_character,asca-unrepresentable,́,,"Syntax Error: Unknown character '́' | ɡ́ > ts | ^ @ Rule 1, Line 1"
17.3.5,Proto-Indo-European to Sebastia Armenian,16,index_diachronica_original.html:5345,False,unknown_character,asca-unrepresentable,́,,"Syntax Error: Unknown character '́' | bʱ dʱ ɡ́ʱ ɡʱ ɡʷʱ > {w,v} d z ɡ ʒ // _# | ^ @ Rule 1, Line 1"
17.3.5,Proto-Indo-European to Sebastia Armenian,26,index_diachronica_original.html:5355,False,syntax_other,broken-syntax,,,"Syntax Error: Output cannot be empty. Use `*` or '∅' to indicate deletion | V > / _#, in polysyllables | ^ @ Rule 1, Line 3"
17.3.5,Proto-Indo-European to Sebastia Armenian,27,index_diachronica_original.html:5356,False,expected_underscore,asca-unrepresentable,,,"Syntax Error: Expected '_', but received '' | N > n / _#, in monosyllables | ^ @ Rule 1, Line 1"
17.3.5,Proto-Indo-European to Sebastia Armenian,28,index_diachronica_original.html:5357,False,prose_or_expected_arrow,asca-unrepresentable,,,"Syntax Error: Expected '>', '->' or '=>', but received '̩' | N̩ > n / _# | ^ @ Rule 1, Line 1"
17.3.5,Proto-Indo-European to Sebastia Armenian,30,index_diachronica_original.html:5359,False,syntax_other,broken-syntax,,,"Syntax Error: Output cannot be empty. Use `*` or '∅' to indicate deletion | V > / _(C)# | ^ @ Rule 1, Line 1"
17.3.6,Proto-Indo-European to Southeast Armenian,7,index_diachronica_original.html:5372,False,expected_underscore,asca-unrepresentable,,,"Syntax Error: Expected '_', but received '' | {i,u} > ə / in some unstressed syllables | ^ @ Rule 1, Line 1"
17.3.6,Proto-Indo-European to Southeast Armenian,14,index_diachronica_original.html:5379,False,unknown_character,asca-unrepresentable,́,,"Syntax Error: Unknown character '́' | ɡ́ > ts | ^ @ Rule 1, Line 1"
17.3.6,Proto-Indo-European to Southeast Armenian,17,index_diachronica_original.html:5382,False,unknown_character,asca-unrepresentable,́,,"Syntax Error: Unknown character '́' | bʱ ɡ́ʱ ɡʷʱ > b j ɡ / #_ | ^ @ Rule 1, Line 1"
17.3.6,Proto-Indo-European to Southeast Armenian,18,index_diachronica_original.html:5383,False,unknown_character,asca-unrepresentable,́,,"Syntax Error: Unknown character '́' | bʱ dʱ ɡ́ʱ ɡʱ {ɡʱ,ɡʷʱ} > p t j k / #_ | ^ @ Rule 1, Line 1"
17.3.6,Proto-Indo-European to Southeast Armenian,19,index_diachronica_original.html:5384,False,unknown_character,asca-unrepresentable,́,,"Syntax Error: Unknown character '́' | bʱ dʱ ɡ́ʱ ɡʱ ɡʷʱ > {w,v} d z ɡ ʒ | ^ @ Rule 1, Line 1"
17.3.6,Proto-Indo-European to Southeast Armenian,29,index_diachronica_original.html:5394,False,syntax_other,broken-syntax,,,"Syntax Error: Output cannot be empty. Use `*` or '∅' to indicate deletion | V > / _#, in polysyllables | ^ @ Rule 1, Line 3"
17.3.6,Proto-Indo-European to Southeast Armenian,30,index_diachronica_original.html:5395,False,expected_underscore,asca-unrepresentable,,,"Syntax Error: Expected '_', but received '' | N > n / _#, in monosyllables | ^ @ Rule 1, Line 1"
17.3.6,Proto-Indo-European to Southeast Armenian,31,index_diachronica_original.html:5396,False,prose_or_expected_arrow,asca-unrepresentable,,,"Syntax Error: Expected '>', '->' or '=>', but received '̩' | N̩ > n / _# | ^ @ Rule 1, Line 1"
17.3.6,Proto-Indo-European to Southeast Armenian,33,index_diachronica_original.html:5398,False,syntax_other,broken-syntax,,,"Syntax Error: Output cannot be empty. Use `*` or '∅' to indicate deletion | V > / _(C)# | ^ @ Rule 1, Line 1"
17.3.7,Proto-Indo-European to Southwest Armenian,7,index_diachronica_original.html:5411,False,expected_underscore,asca-unrepresentable,,,"Syntax Error: Expected '_', but received '' | {i,u} > ə / in some unstressed syllables | ^ @ Rule 1, Line 1"
17.3.7,Proto-Indo-European to Southwest Armenian,14,index_diachronica_original.html:5418,False,unknown_character,asca-unrepresentable,́,,"Syntax Error: Unknown character '́' | ɡ́ > ts | ^ @ Rule 1, Line 1"
17.3.7,Proto-Indo-European to Southwest Armenian,17,index_diachronica_original.html:5421,False,unknown_character,asca-unrepresentable,́,,"Syntax Error: Unknown character '́' | bʱ ɡ́ʱ ɡʷʱ > b j ɡ / #_ | ^ @ Rule 1, Line 1"
17.3.7,Proto-Indo-European to Southwest Armenian,18,index_diachronica_original.html:5422,False,unknown_character,asca-unrepresentable,́,,"Syntax Error: Unknown character '́' | bʱ dʱ ɡ́ʱ ɡʱ ɡʷʱ > {w,v} d z ɡ ʒ | ^ @ Rule 1, Line 1"
17.3.7,Proto-Indo-European to Southwest Armenian,28,index_diachronica_original.html:5432,False,syntax_other,broken-syntax,,,"Syntax Error: Output cannot be empty. Use `*` or '∅' to indicate deletion | V > / _#, in polysyllables | ^ @ Rule 1, Line 3"
17.3.7,Proto-Indo-European to Southwest Armenian,29,index_diachronica_original.html:5433,False,expected_underscore,asca-unrepresentable,,,"Syntax Error: Expected '_', but received '' | N > n / _#, in monosyllables | ^ @ Rule 1, Line 1"
17.3.7,Proto-Indo-European to Southwest Armenian,30,index_diachronica_original.html:5434,False,prose_or_expected_arrow,asca-unrepresentable,,,"Syntax Error: Expected '>', '->' or '=>', but received '̩' | N̩ > n / _# | ^ @ Rule 1, Line 1"
17.3.7,Proto-Indo-European to Southwest Armenian,32,index_diachronica_original.html:5436,False,syntax_other,broken-syntax,,,"Syntax Error: Output cannot be empty. Use `*` or '∅' to indicate deletion | V > / _(C)# | ^ @ Rule 1, Line 1"
17.4.1,Proto-Indo-European to Avestan,0,index_diachronica_original.html:5445,False,unknown_character,asca-unrepresentable,́,,"Syntax Error: Unknown character '́' | bʱ dʱ ɡ́ʱ > b d z | ^ @ Rule 1, Line 1"
17.4.1,Proto-Indo-European to Avestan,1,index_diachronica_original.html:5446,False,unknown_character,asca-unrepresentable,́,,"Syntax Error: Unknown character '́' | kʲ ɡ́ > s z | ^ @ Rule 1, Line 1"
17.4.1,Proto-Indo-European to Avestan,2,index_diachronica_original.html:5447,False,syntax_other,broken-syntax,,,"Syntax Error: Expected an IPA character, Primative or Matrix, but received '(' | {k,kʷ} {ɡ(ʱ),ɡʷ(ʱ)} > tʃ dʒ / _V:[+front] | ^ @ Rule 1, Line 1"
17.4.1,Proto-Indo-European to Avestan,3,index_diachronica_original.html:5448,False,syntax_other,broken-syntax,,,"Syntax Error: Expected an IPA character, Primative or Matrix, but received '(' | k kʷ {ɡ(ʱ),ɡʷ(ʱ)} > x k ɡ / else | ^ @ Rule 1, Line 1"
17.4.1,Proto-Indo-European to Avestan,5,index_diachronica_original.html:5450,False,panic_other,broken-syntax,,,thread panicked
17.4.1,Proto-Indo-European to Avestan,9,index_diachronica_original.html:5454,False,nested_brackets,asca-unrepresentable,,,"Syntax Error: Cannot have nested brackets of the same type | {l̩,r̩} > ər(ə(r)) | ^ @ Rule 1, Line 1"
17.4.1,Proto-Indo-European to Avestan,15,index_diachronica_original.html:5460,False,unknown_character,asca-unrepresentable,ₓ,,"Syntax Error: Unknown character 'ₓ' | hₓ > ∅ | ^ @ Rule 1, Line 1"
17.5,Proto-Indo-European to Proto-Celtic,10,index_diachronica_original.html:5477,False,expected_underscore,asca-unrepresentable,,,"Syntax Error: Expected '_', but received '' | ∅ > i / C{l,r}S | ^ @ Rule 1, Line 1"
17.5,Proto-Indo-European to Proto-Celtic,11,index_diachronica_original.html:5478,False,unknown_grouping,asca-unrepresentable,R,,"Syntax Error: Unknown grouping 'R'. Known groupings are (C)onsonant, (O)bstruent, (S)onorant, (P)losive, (F)ricative, (L)iquid, (N)asal, (G)lide, and (V)owel | e > a / _Ra (short a only), though | ^ @ Rule 1, Line 1"
17.5,Proto-Indo-European to Proto-Celtic,16,index_diachronica_original.html:5483,False,syntax_other,broken-syntax,,,"Syntax Error: Cannot have segments before the beginning of a word | o:[+long] > u:[+long] / in %# | ^ @ Rule 1, Line 1"
17.5.1,Proto-Indo-European to Old Irish,7,index_diachronica_original.html:5506,False,expected_underscore,asca-unrepresentable,,,"Syntax Error: Expected '_', but received '' | f > ∅ / else | ^ @ Rule 1, Line 1"
17.5.1,Proto-Indo-European to Old Irish,10,index_diachronica_original.html:5509,False,nested_brackets,asca-unrepresentable,,,"Syntax Error: Cannot have nested brackets of the same type | m̩ n̩ > am an / _{s,({m,j,w})V} | ^ @ Rule 1, Line 1"
17.5.1,Proto-Indo-European to Old Irish,11,index_diachronica_original.html:5510,False,expected_underscore,asca-unrepresentable,,,"Syntax Error: Expected '_', but received '' | m̩ n̩ > em en / else | ^ @ Rule 1, Line 1"
17.5.1,Proto-Indo-European to Old Irish,16,index_diachronica_original.html:5521,False,unknown_grouping,asca-unrepresentable,M,,"Syntax Error: Unknown grouping 'M'. Known groupings are (C)onsonant, (O)bstruent, (S)onorant, (P)losive, (F)ricative, (L)iquid, (N)asal, (G)lide, and (V)owel | p t k kʷ b d ɡ m n l r s > f θ x xʷ v ð ɣ M N L [+son,-syll] h / V(#)_{[+son,-syll],V} | ^ @ Rule 1, Line 1"
17.5.1,Proto-Indo-European to Old Irish,20,index_diachronica_original.html:5525,False,syntax_other,broken-syntax,,,"Syntax Error: Cannot have segments before the beginning of a word | p t k kʷ b d ɡ > b d ɡ ɡʷ mb nd ŋɡ n / n#_V:[+stress] | ^ @ Rule 1, Line 1"
17.5.1,Proto-Indo-European to Old Irish,23,index_diachronica_original.html:5528,False,expected_underscore,asca-unrepresentable,,,"Syntax Error: Expected '_', but received '' | o:[+long] > a:[+long] / else | ^ @ Rule 1, Line 1"
17.5.1,Proto-Indo-European to Old Irish,26,index_diachronica_original.html:5532,False,syntax_other,broken-syntax,,,"Syntax Error: Expected an IPA character, Primative or Matrix, but received '(' | o > a / _{(C,0),u}# | ^ @ Rule 1, Line 1"
17.5.1,Proto-Indo-European to Old Irish,39,index_diachronica_original.html:5547,False,expected_underscore,asca-unrepresentable,,,"Syntax Error: Expected '_', but received '' | w > v / else | ^ @ Rule 1, Line 1"
17.5.1,Proto-Indo-European to Old Irish,41,index_diachronica_original.html:5550,False,syntax_other,broken-syntax,,,"Syntax Error: Expected end of line, received ')'. Did you forget a '/' between the output and environment? | {p,t} > ∅ / #s_ // #_) | ^ @ Rule 1, Line 1"
17.5.1,Proto-Indo-European to Old Irish,42,index_diachronica_original.html:5551,False,syntax_other,broken-syntax,,,"Syntax Error: Feature 'anything' has no modifier | s > ∅ / [anything]{l,r}_O | ^^^^^^^^ @ Rule 1, Line 1"
17.5.1,Proto-Indo-European to Old Irish,43,index_diachronica_original.html:5552,False,syntax_other,broken-syntax,,,"Syntax Error: Feature 'anything' has no modifier | hn hm > n:[+long] m:[+long] / [anything]_ | ^^^^^^^^ @ Rule 1, Line 1"
17.5.1,Proto-Indo-European to Old Irish,44,index_diachronica_original.html:5554,False,syntax_other,broken-syntax,,,"Syntax Error: Feature 'anything' has no modifier | st zd > s:[+long] d:[+long] / [anything]_ | ^^^^^^^^ @ Rule 1, Line 1"
17.5.1,Proto-Indo-European to Old Irish,45,index_diachronica_original.html:5555,False,syntax_other,broken-syntax,,,"Syntax Error: Feature 'anything' has no modifier | {l,h}l {l,h}r l{p,s,n} r{p,s} ln > l:[+long] r:[+long] l:[+long] r:[+long] (l:[+long]?) / [anything]_ | ^^^^^^^^ @ Rule 1, Line 1"
17.5.1,Proto-Indo-European to Old Irish,47,index_diachronica_original.html:5557,False,expected_number,asca-unrepresentable,,,"Syntax Error: Expected number, but received j | V > ∅ / C_# // C = j | ^ @ Rule 1, Line 1"
17.5.1,Proto-Indo-European to Old Irish,48,index_diachronica_original.html:5558,False,expected_underscore,asca-unrepresentable,,,"Syntax Error: Expected '_', but received '/' | C(..)C > ∅ / _# // /l r/ and clusters containing them | ^ @ Rule 1, Line 1"
17.5.1,Proto-Indo-European to Old Irish,51,index_diachronica_original.html:5561,False,syntax_other,broken-syntax,,,"Syntax Error: Feature 'anything' has no modifier | o:[+long] > ua / _[anything] when stressed | ^^^^^^^^ @ Rule 1, Line 1"
17.5.1,Proto-Indo-European to Old Irish,56,index_diachronica_original.html:5567,False,syntax_other,broken-syntax,,,"Syntax Error: Feature 'anything' has no modifier | {e,o} > a / _[anything] | ^^^^^^^^ @ Rule 1, Line 1"
17.5.1,Proto-Indo-European to Old Irish,58,index_diachronica_original.html:5569,False,malformed_comment,trailing-comment,,,"Syntax Error: Malformed Comment: Expected ';;', but received '; ' | VO[+son,-syll] > V:[+long]R; | ^ @ Rule 1, Line 1"
17.5.1,Proto-Indo-European to Old Irish,59,index_diachronica_original.html:5570,False,nested_brackets,asca-unrepresentable,,,"Syntax Error: Cannot have nested brackets of the same type | V > ∅ / #%U(_)U(U(_)U) // unstressed | ^ @ Rule 1, Line 1"
17.5.2,Proto-Celtic to Middle Welsh,6,index_diachronica_original.html:5581,False,expected_underscore,asca-unrepresentable,,,"Syntax Error: Expected '_', but received '' | V > ə / _(C)#, also in proclitics | ^ @ Rule 1, Line 1"
17.5.2,Proto-Celtic to Middle Welsh,20,index_diachronica_original.html:5595,False,runtime_delete_only_segment,broken-syntax,,,Runtime Error: Can't delete a word's only segment
17.5.2,Proto-Celtic to Middle Welsh,24,index_diachronica_original.html:5599,False,unknown_feature,asca-unrepresentable,intertonic,anterior,"Syntax Error: Unknown feature 'intertonic'. Did you mean anterior? | V > ∅ / _[+intertonic] | ^^^^^^^^^^^ @ Rule 1, Line 1"
17.5.2,Proto-Celtic to Middle Welsh,34,index_diachronica_original.html:5609,False,unknown_character,asca-unrepresentable,̊,,"Syntax Error: Unknown character '̊' | mp nt ŋk > m̥ n̥ ŋ̊ | ^ @ Rule 1, Line 1"
17.6,Proto-Indo-European to Dacian,6,index_diachronica_original.html:5623,False,unknown_character,asca-unrepresentable,́,,"Syntax Error: Unknown character '́' | bʱ dʱ ɡ́ʱ ɡʱ ɡʷʱ > b d ɡ́ ɡ ɡʷ | ^ @ Rule 1, Line 1"
17.6,Proto-Indo-European to Dacian,7,index_diachronica_original.html:5624,False,unknown_character,asca-unrepresentable,́,,"Syntax Error: Unknown character '́' | kʲ ɡ́ > ts dz | ^ @ Rule 1, Line 1"
17.6,Proto-Indo-European to Dacian,8,index_diachronica_original.html:5625,False,syntax_other,broken-syntax,,,"Syntax Error: Expected an IPA character, Primative or Matrix, but received '>' | tʃ dʒ ( > {s,z} z ?) / _V:[+front] | ^ @ Rule 1, Line 2"
17.6,Proto-Indo-European to Dacian,9,index_diachronica_original.html:5626,False,expected_underscore,asca-unrepresentable,,,"Syntax Error: Expected '_', but received '' | {kʷ,kw} {ɡʷ,ɡw} > k ɡ / else | ^ @ Rule 1, Line 1"
17.7.1,Common Germanic to Gothic,5,index_diachronica_original.html:5656,False,expected_number,asca-unrepresentable,,,"Syntax Error: Expected number, but received u | V[- long] > ∅ / _# // V = u | ^ @ Rule 1, Line 1"
17.7.1,Common Germanic to Gothic,6,index_diachronica_original.html:5657,False,expected_number,asca-unrepresentable,,,"Syntax Error: Expected number, but received u | V[- long] > ∅ / %_C# // V = u | ^ @ Rule 1, Line 1"
17.7.1,Common Germanic to Gothic,8,index_diachronica_original.html:5661,False,expected_underscore,asca-unrepresentable,,,"Syntax Error: Expected '_', but received '' | iw > ju / [- stress] | ^ @ Rule 1, Line 1"
17.7.1,Common Germanic to Gothic,17,index_diachronica_original.html:5671,False,unknown_feature,asca-unrepresentable,closed,cons,"Syntax Error: Unknown feature 'closed'. Did you mean cons? | iji > i:[+long] / %[+ long + closed]_ in the stem | ^^^^^^^^ @ Rule 1, Line 1"
17.7.1,Common Germanic to Gothic,19,index_diachronica_original.html:5673,False,expected_underscore,asca-unrepresentable,,,"Syntax Error: Expected '_', but received '' | m > β / C[-voice]_n, when medial | ^ @ Rule 1, Line 1"
17.7.1,Common Germanic to Gothic,20,index_diachronica_original.html:5674,False,expected_underscore,asca-unrepresentable,,,"Syntax Error: Expected '_', but received '' | m > ɸ / C[+voice]_n, when medial | ^ @ Rule 1, Line 1"
17.7.1,Common Germanic to Gothic,27,index_diachronica_original.html:5683,False,expected_underscore,asca-unrepresentable,,,"Syntax Error: Expected '_', but received '' | z > s / _#, thoughthough it | ^ @ Rule 1, Line 1"
17.7.1,Common Germanic to Gothic,29,index_diachronica_original.html:5685,False,expected_underscore,asca-unrepresentable,,,"Syntax Error: Expected '_', but received '' | s > r / in | ^ @ Rule 1, Line 1"
17.7.1,Common Germanic to Gothic,30,index_diachronica_original.html:5686,False,expected_underscore,asca-unrepresentable,,,"Syntax Error: Expected '_', but received '' | s > ∅ / inthough this seems to have been less common | ^ @ Rule 1, Line 1"
17.7.2,Common Germanic to West Germanic,1,index_diachronica_original.html:5692,False,syntax_other,broken-syntax,,,"Syntax Error: Expected an IPA character, Primative or Matrix, but received '∅' | z > {r,∅} | ^ @ Rule 1, Line 1"
17.7.2,Common Germanic to West Germanic,2,index_diachronica_original.html:5693,False,expected_number,asca-unrepresentable,,,"Syntax Error: Expected number, but received r | C > C:[+long] / _j // C = r | ^ @ Rule 1, Line 1"
17.7.2.1,West Germanic to Anglo-Frisian,1,index_diachronica_original.html:5701,False,unknown_character,asca-unrepresentable,ṽ,,"Syntax Error: Unknown character 'ṽ' | VN > ṽː / _F | ^ @ Rule 1, Line 1"
17.7.2.1,West Germanic to Anglo-Frisian,2,index_diachronica_original.html:5702,False,expected_underscore,asca-unrepresentable,,,"Syntax Error: Expected '_', but received ',' | a > æ:[+long] / short only, includes diphthongs // V:[+back] or *ã in next syllable | ^ @ Rule 1, Line 1"
17.7.2.1,West Germanic to Anglo-Frisian,6,index_diachronica_original.html:5706,False,prose_or_expected_arrow,asca-unrepresentable,,,"Syntax Error: Expected '>', '->' or '=>', but received '' | au | ^ @ Rule 1, Line 2"
17.7.2.1,West Germanic to Anglo-Frisian,8,index_diachronica_original.html:5708,False,expected_underscore,asca-unrepresentable,,,"Syntax Error: Expected '_', but received '' | i o > e a / unstressed | ^ @ Rule 1, Line 1"
17.7.2.1,West Germanic to Anglo-Frisian,11,index_diachronica_original.html:5711,False,expected_underscore,asca-unrepresentable,,,"Syntax Error: Expected '_', but received '*' | a > æ // _N or if nasalized, or if *B or *ã in next syllable | ^ @ Rule 1, Line 1"
17.7.2.1,West Germanic to Anglo-Frisian,13,index_diachronica_original.html:5713,False,syntax_other,broken-syntax,,,"Syntax Error: Only a segment, matrix, group, or reference can be negated | {i,u} > ∅ / -# // VC_ | ^^ @ Rule 1, Line 1"
17.7.2.1.1,Anglo-Frisian to Old English,2,index_diachronica_original.html:5721,False,syntax_other,broken-syntax,,,"Syntax Error: Could not get value of IPA 'ǃ'. | {i,u} > ∅/ _# ! V[-long]C_# | ^ @ Rule 1, Line 1"
17.7.2.1.2,Old English to Kentish Middle English,0,index_diachronica_original.html:5727,False,unknown_grouping,asca-unrepresentable,E,,"Syntax Error: Unknown grouping 'E'. Known groupings are (C)onsonant, (O)bstruent, (S)onorant, (P)losive, (F)ricative, (L)iquid, (N)asal, (G)lide, and (V)owel | V:[+long] > V[-long] / _C{V:[+long],C} // _st{#,V} or when preceding a cluster which had triggered a vowel to become long in Old English | ^ @ Rule 1, Line 1"
17.7.2.1.2,Old English to Kentish Middle English,11,index_diachronica_original.html:5738,False,unknown_feature,asca-unrepresentable,open,ten,"Syntax Error: Unknown feature 'open'. Did you mean ten? | ɑ e o > ɑ:[+long] ɛ:[+long] o:[+long] / in %[+open] // in #% with the following % containing /i:[+long]/ or ending in one of /m n r l/ | ^^^^^ @ Rule 1, Line 1"
17.7.2.1.2,Old English to Kentish Middle English,12,index_diachronica_original.html:5740,False,syntax_other,broken-syntax,,,"Syntax Error: Cannot have segments before the beginning of a word | V:[+long] > V[-long] / in #% before a % with /i:[+long]/ | ^ @ Rule 1, Line 1"
17.7.2.1.3,Old English to Midlands Middle English,0,index_diachronica_original.html:5749,False,unknown_grouping,asca-unrepresentable,E,,"Syntax Error: Unknown grouping 'E'. Known groupings are (C)onsonant, (O)bstruent, (S)onorant, (P)losive, (F)ricative, (L)iquid, (N)asal, (G)lide, and (V)owel | V:[+long] > V[-long] / _C{V:[+long],C} // _st{#,V} or when preceding a cluster which had triggered a vowel to become long in Old English | ^ @ Rule 1, Line 1"
17.7.2.1.3,Old English to Midlands Middle English,11,index_diachronica_original.html:5760,False,unknown_feature,asca-unrepresentable,open,ten,"Syntax Error: Unknown feature 'open'. Did you mean ten? | ɑ e o > ɑ:[+long] ɛ:[+long] o:[+long] / in %[+open] // in #% with the following % containing /i:[+long]/ or ending in one of /m n r l/ | ^^^^^ @ Rule 1, Line 1"
17.7.2.1.3,Old English to Midlands Middle English,12,index_diachronica_original.html:5761,False,syntax_other,broken-syntax,,,"Syntax Error: Cannot have segments before the beginning of a word | V:[+long] > V[-long] / in #% before a % with /i:[+long]/ | ^ @ Rule 1, Line 1"
17.7.2.1.4,Midlands Middle English to Early Modern English,0,index_diachronica_original.html:5771,False,syntax_other,broken-syntax,,,"Syntax Error: Could not get value of IPA 'ǃ'. | ʊ > ɤ ! C:[+labial]_ and _l | ^ @ Rule 1, Line 1"
17.7.2.1.4,Midlands Middle English to Early Modern English,6,index_diachronica_original.html:5777,False,expected_underscore,asca-unrepresentable,,,"Syntax Error: Expected '_', but received '' | ɑʊ > ɔ:[+long] / else | ^ @ Rule 1, Line 1"
17.7.2.1.4,Midlands Middle English to Early Modern English,8,index_diachronica_original.html:5780,False,expected_underscore,asca-unrepresentable,,,"Syntax Error: Expected '_', but received '' | a > æ / else | ^ @ Rule 1, Line 1"
17.7.2.1.5,Early Modern English to American English,0,index_diachronica_original.html:5788,False,syntax_other,broken-syntax,,,"Syntax Error: Expected '..', but received .'g' | æ > æ:[+long] (e.g., NYC) or ɑ:[+long] / _{F[-voice],N[-voice]} | ^ @ Rule 1, Line 1"
17.7.2.1.5,Early Modern English to American English,15,index_diachronica_original.html:5803,False,nested_brackets,asca-unrepresentable,,,"Syntax Error: Cannot have nested brackets of the same type | w > ∅ / C_ɹ for some C (toward(s), quart(er), sword) | ^ @ Rule 1, Line 1"
17.7.2.1.6,Early Modern English to Australian English,0,index_diachronica_original.html:5811,False,expected_underscore,asca-unrepresentable,,,"Syntax Error: Expected '_', but received '' | ɜ:[+long]ɹ ɑ:[+long]ɹ ɔ:[+long]ɹ e:[+long]ɹ o:[+long]ɹ i:[+long]ɹ u:[+long]ɹ > ɜ:[+long] ɑ:[+long] ɔ:[+long] ɛə ɔə ɪə ʊə / syllable-finally | ^ @ Rule 1, Line 1"
17.7.2.1.6,Early Modern English to Australian English,7,index_diachronica_original.html:5818,False,expected_underscore,asca-unrepresentable,,,"Syntax Error: Expected '_', but received '' | oʊ i:[+long] > əʊ ɪi / else | ^ @ Rule 1, Line 1"
17.7.2.1.6,Early Modern English to Australian English,8,index_diachronica_original.html:5819,False,unknown_grouping,asca-unrepresentable,Q,,"Syntax Error: Unknown grouping 'Q'. Known groupings are (C)onsonant, (O)bstruent, (S)onorant, (P)losive, (F)ricative, (L)iquid, (N)asal, (G)lide, and (V)owel | ʊə > u:[+long] / _ɫ // in Queensland and New South Wales | ^ @ Rule 1, Line 2"
17.7.2.1.6,Early Modern English to Australian English,9,index_diachronica_original.html:5820,False,expected_underscore,asca-unrepresentable,,,"Syntax Error: Expected '_', but received '' | ʊʉ > ʉ:[+long] / else | ^ @ Rule 1, Line 2"
17.7.2.1.6,Early Modern English to Australian English,10,index_diachronica_original.html:5821,False,expected_underscore,asca-unrepresentable,,,"Syntax Error: Expected '_', but received '/' | ɫ > əɫ // if one of the above vowel changes after the formation of /ɫ/ apply | ^ @ Rule 1, Line 1"
17.7.2.1.6,Early Modern English to Australian English,13,index_diachronica_original.html:5824,False,expected_underscore,asca-unrepresentable,,,"Syntax Error: Expected '_', but received '' | ɪ > ə / unstressed | ^ @ Rule 1, Line 1"
17.7.2.1.6,Early Modern English to Australian English,22,index_diachronica_original.html:5833,False,expected_underscore,asca-unrepresentable,,,"Syntax Error: Expected '_', but received '' | sj zj lj > ʃ ʒ {j,ɫj} / else | ^ @ Rule 1, Line 1"
17.7.2.1.6,Early Modern English to Australian English,28,index_diachronica_original.html:5839,False,syntax_other,broken-syntax,,,"Syntax Error: Expected an IPA character, Primative or Matrix, but received '//' | æ > æ:[+long] / _{n,m,ɡ,ɫ$ // _n,m,ɡ,ɫ}${j,w} or a form of a strong verb | ^^ @ Rule 1, Line 1"
17.7.2.1.6,Early Modern English to Australian English,29,index_diachronica_original.html:5840,False,expected_underscore,asca-unrepresentable,,,"Syntax Error: Expected '_', but received '' | æ > æ:[+long] / _d // form of a strong verb | ^ @ Rule 1, Line 1"
17.7.2.1.7,Early Modern English to British English,0,index_diachronica_original.html:5845,False,expected_underscore,asca-unrepresentable,,,"Syntax Error: Expected '_', but received '' | ɜ:[+long]ɹ ɑ:[+long]ɹ ɔ:[+long]ɹ e:[+long]ɹ o:[+long]ɹ i:[+long]ɹ u:[+long]ɹ > ɜ:[+long] ɑ:[+long] ɔ:[+long] ɛə ɔə ɪə ʊə / syllable-finally | ^ @ Rule 1, Line 1"
17.7.2.1.8,Old English to Northern Middle English,0,index_diachronica_original.html:5857,False,unknown_grouping,asca-unrepresentable,E,,"Syntax Error: Unknown grouping 'E'. Known groupings are (C)onsonant, (O)bstruent, (S)onorant, (P)losive, (F)ricative, (L)iquid, (N)asal, (G)lide, and (V)owel | V:[+long] > V[-long] / _C{V:[+long],C} // _st{#,V} or when preceding a cluster which had triggered a vowel to become long in Old English | ^ @ Rule 1, Line 1"
17.7.2.1.8,Old English to Northern Middle English,10,index_diachronica_original.html:5868,False,unknown_feature,asca-unrepresentable,open,ten,"Syntax Error: Unknown feature 'open'. Did you mean ten? | ɑ e o > ɑ:[+long] ɛ:[+long] o:[+long] / in %[+open] // in #% with the following % containing /i:[+long]/ or ending in one of /m n r l/ | ^^^^^ @ Rule 1, Line 1"
17.7.2.1.8,Old English to Northern Middle English,12,index_diachronica_original.html:5870,False,syntax_other,broken-syntax,,,"Syntax Error: Cannot have segments before the beginning of a word | V:[+long] > V[-long] / in #% before a % with /i:[+long]/ | ^ @ Rule 1, Line 1"
17.7.2.1.8,Old English to Northern Middle English,15,index_diachronica_original.html:5873,False,expected_underscore,asca-unrepresentable,,,"Syntax Error: Expected '_', but received '' | ʃ > s / in unstressed syllables | ^ @ Rule 1, Line 1"
17.7.2.1.9,Early Northern Middle English to Scots,10,index_diachronica_original.html:5896,False,expected_underscore,asca-unrepresentable,,,"Syntax Error: Expected '_', but received '' | ɛi > əi / when stem-final | ^ @ Rule 1, Line 2"
17.7.2.1.9,Early Northern Middle English to Scots,11,index_diachronica_original.html:5897,False,expected_underscore,asca-unrepresentable,,,"Syntax Error: Expected '_', but received ',' | u:[+long] > ʌu / when-stem final, in northern varieties | ^ @ Rule 1, Line 1"
17.7.2.1.9,Early Northern Middle English to Scots,14,index_diachronica_original.html:5900,False,nested_brackets,asca-unrepresentable,,,"Syntax Error: Cannot have nested brackets of the same type | ø:[+long] > {j{u,ʌ},{u,ʌ}} / _{k,x} | ^ @ Rule 1, Line 1"
17.7.2.1.9,Early Northern Middle English to Scots,19,index_diachronica_original.html:5905,False,syntax_other,broken-syntax,,,"Syntax Error: Expected an IPA character, Primative or Matrix, but received '>' | ɛi ( > əi?) / in some northern varieties | ^ @ Rule 1, Line 2"
17.7.2.1.9,Early Northern Middle English to Scots,21,index_diachronica_original.html:5907,False,unknown_feature,asca-unrepresentable,alveolar,delay,"Syntax Error: Unknown feature 'alveolar'. Did you mean delay? | æ > ɛ / _C[+alveolar] | ^^^^^^^^^ @ Rule 1, Line 1"
17.7.2.1.10,Old English to Scots,38,index_diachronica_original.html:5955,False,unknown_character,asca-unrepresentable,̆,,"Syntax Error: Unknown character '̆' | ∅ > ə̆ / _{n,r} | ^ @ Rule 1, Line 1"
17.7.2.1.11,Scots to Falkirk Scots,1,index_diachronica_original.html:5974,False,unknown_character,asca-unrepresentable,ṽ,,"Syntax Error: Unknown character 'ṽ' | V > ṽː / _nC | ^ @ Rule 1, Line 1"
17.7.2.1.11,Scots to Falkirk Scots,6,index_diachronica_original.html:5979,False,unknown_character,asca-unrepresentable,ṽ,,"Syntax Error: Unknown character 'ṽ' | V > ṽ / N_ | ^ @ Rule 1, Line 1"
17.7.2.1.11,Scots to Falkirk Scots,9,index_diachronica_original.html:5982,False,expected_underscore,asca-unrepresentable,,,"Syntax Error: Expected '_', but received '//' | ʟ > ʊ / {a,ɛ}_, typically // _V | ^^ @ Rule 1, Line 1"
17.7.2.1.12,Old English to Southern Middle English,0,index_diachronica_original.html:5987,False,unknown_grouping,asca-unrepresentable,E,,"Syntax Error: Unknown grouping 'E'. Known groupings are (C)onsonant, (O)bstruent, (S)onorant, (P)losive, (F)ricative, (L)iquid, (N)asal, (G)lide, and (V)owel | V:[+long] > V[-long] / _C{V:[+long],C} // _st{#,V} or when preceding a cluster which had triggered a vowel to become long in Old English | ^ @ Rule 1, Line 1"
17.7.2.1.12,Old English to Southern Middle English,11,index_diachronica_original.html:5998,False,unknown_feature,asca-unrepresentable,open,ten,"Syntax Error: Unknown feature 'open'. Did you mean ten? | ɑ e o > ɑ:[+long] ɛ:[+long] o:[+long] / in %[+open] // in #% with the following % containing /i:[+long]/ or ending in one of /m n r l/ | ^^^^^ @ Rule 1, Line 1"
17.7.2.1.12,Old English to Southern Middle English,13,index_diachronica_original.html:6000,False,syntax_other,broken-syntax,,,"Syntax Error: Cannot have segments before the beginning of a word | V:[+long] > V[-long] / in #% before a % with /i:[+long]/ | ^ @ Rule 1, Line 1"
17.7.2.1.12,Old English to Southern Middle English,19,index_diachronica_original.html:6006,False,expected_underscore,asca-unrepresentable,,,"Syntax Error: Expected '_', but received '/' | e > ∅ / if another /e/ one syllable previous | ^ @ Rule 1, Line 1"
17.7.2.1.13,Middle English to Yola,3,index_diachronica_original.html:6014,False,expected_number,asca-unrepresentable,,,"Syntax Error: Expected number, but received ʍ | F > F[+ voice] / #_ // F = ʍ | ^ @ Rule 1, Line 1"
17.7.2.1.13,Middle English to Yola,4,index_diachronica_original.html:6015,False,prose_or_expected_arrow,asca-unrepresentable,,,"Syntax Error: Expected '>', '->' or '=>', but received '' | f | ^ @ Rule 1, Line 2"
17.7.2.2,West Germanic to Old Low Franconian,7,index_diachronica_original.html:6043,False,syntax_other,broken-syntax,,,"Syntax Error: Expected an IPA character, Primative or Matrix, but received '>' | ɒ? ( > o) / _ɫ | ^ @ Rule 1, Line 2"
17.7.2.2,West Germanic to Old Low Franconian,8,index_diachronica_original.html:6045,False,syntax_other,broken-syntax,,,"Syntax Error: Expected an IPA character, Primative or Matrix, but received '' | ai u > ei ʏ / _(C,0){i:[+long],j} (short only | ^ @ Rule 1, Line 1"
17.7.2.2,West Germanic to Old Low Franconian,12,index_diachronica_original.html:6049,False,prose_or_expected_arrow,asca-unrepresentable,,,"Syntax Error: Expected '>', '->' or '=>', but received '' | ʉ:[+long] | ^ @ Rule 1, Line 2"
17.7.2.2.1,Old Low Franconian to Middle Dutch,5,index_diachronica_original.html:6061,False,expected_underscore,asca-unrepresentable,,,"Syntax Error: Expected '_', but received '' | f θ s > v ð z / syllable-initially | ^ @ Rule 1, Line 1"
17.7.2.2.1,Old Low Franconian to Middle Dutch,6,index_diachronica_original.html:6062,False,expected_underscore,asca-unrepresentable,,,"Syntax Error: Expected '_', but received '' | V > ə / if short and unstressed | ^ @ Rule 1, Line 1"
17.7.2.2.1,Old Low Franconian to Middle Dutch,10,index_diachronica_original.html:6066,False,unknown_feature,asca-unrepresentable,dental,ldental,"Syntax Error: Unknown feature 'dental'. Did you mean ldental? | {ol,al} {ar,er} or > ɔu a:[+long]r o:[+long]r / _C[+dental] | ^^^^^^^ @ Rule 1, Line 1"
17.7.2.2.1,Old Low Franconian to Middle Dutch,11,index_diachronica_original.html:6067,False,syntax_other,broken-syntax,,,"Syntax Error: Expected an IPA character, Primative or Matrix, but received '>' | V[-long +stress] > V:[+long] / in open syllables (ʏ > {œ:[+long],ø:[+long]} here but this is not phonemically important | ^ @ Rule 1, Line 1"
17.7.2.2.2,Middle Dutch to Modern Dutch,3,index_diachronica_original.html:6078,False,expected_underscore,asca-unrepresentable,,,"Syntax Error: Expected '_', but received '' | x ɣ > {x,χ} {ɣ,x,χ} / in northern dialects | ^ @ Rule 1, Line 1"
17.7.2.2.2,Middle Dutch to Modern Dutch,4,index_diachronica_original.html:6079,False,syntax_other,broken-syntax,,,"Syntax Error: Expected an IPA character, Primative or Matrix, but received '' | x ɣ > ç ʝ / in southern dialects (the articles use velar phonemes here but describes them as | ^ @ Rule 1, Line 1"
17.7.2.3,Middle High German to Standard German,8,index_diachronica_original.html:6103,False,unknown_feature,asca-unrepresentable,dental,ldental,"Syntax Error: Unknown feature 'dental'. Did you mean ldental? | a:[+long] > o:[+long] / _{N,C[+ dental],C:[+labial],h} | ^^^^^^^^ @ Rule 1, Line 1"
17.7.2.3,Middle High German to Standard German,9,index_diachronica_original.html:6104,False,unknown_feature,asca-unrepresentable,dental,ldental,"Syntax Error: Unknown feature 'dental'. Did you mean ldental? | a:[+long] > o:[+long] / {N,C[+ dental],C:[+labial],h}_ | ^^^^^^^^ @ Rule 1, Line 1"
17.7.2.3,Middle High German to Standard German,10,index_diachronica_original.html:6105,False,unknown_feature,asca-unrepresentable,affricate,stridnt,"Syntax Error: Unknown feature 'affricate'. Did you mean stridnt? | e:[+long] i > ø:[+long] y / _C[+ affricate] | ^^^^^^^^^^^ @ Rule 1, Line 1"
17.7.2.3,Middle High German to Standard German,14,index_diachronica_original.html:6109,False,expected_underscore,asca-unrepresentable,,,"Syntax Error: Expected '_', but received ',' | u:[+long] y:[+long] i:[+long] > ou øy ei // in certain unstressed endings and monosyllables, _C{C,V,#} (), and Low German borrowings | ^ @ Rule 1, Line 1"
17.7.2.3,Middle High German to Standard German,19,index_diachronica_original.html:6114,False,syntax_other,broken-syntax,,,"Syntax Error: Expected an IPA character, Primative or Matrix, but received '' | V:[+long] > V[- long] / _CC (some exceptions | ^ @ Rule 1, Line 1"
17.7.2.3,Middle High German to Standard German,23,index_diachronica_original.html:6118,False,expected_underscore,asca-unrepresentable,,,"Syntax Error: Expected '_', but received '' | V > V:[+long] / in some monosyllables ending in alveolar resonants or vowels | ^ @ Rule 1, Line 1"
17.7.2.3,Middle High German to Standard German,24,index_diachronica_original.html:6119,False,expected_underscore,asca-unrepresentable,,,"Syntax Error: Expected '_', but received '' | V > V:[+long] / by analogy in some cases | ^ @ Rule 1, Line 1"
17.7.2.3,Middle High German to Standard German,25,index_diachronica_original.html:6120,False,expected_underscore,asca-unrepresentable,,,"Syntax Error: Expected '_', but received ',' | ə > ∅ / unstressed, but not in every case | ^ @ Rule 1, Line 1"
17.7.2.3,Middle High German to Standard German,26,index_diachronica_original.html:6121,False,unknown_grouping,asca-unrepresentable,M,,"Syntax Error: Unknown grouping 'M'. Known groupings are (C)onsonant, (O)bstruent, (S)onorant, (P)losive, (F)ricative, (L)iquid, (N)asal, (G)lide, and (V)owel | ∅ > ə / M_r$ | ^ @ Rule 1, Line 1"
17.7.2.5,West Germanic to Old Low German,3,index_diachronica_original.html:6146,False,expected_underscore,asca-unrepresentable,,,"Syntax Error: Expected '_', but received '' | f θ s > v ð z / syllable-initially | ^ @ Rule 1, Line 1"
17.7.2.5,West Germanic to Old Low German,12,index_diachronica_original.html:6155,False,unknown_grouping,asca-unrepresentable,X,,"Syntax Error: Unknown grouping 'X'. Known groupings are (C)onsonant, (O)bstruent, (S)onorant, (P)losive, (F)ricative, (L)iquid, (N)asal, (G)lide, and (V)owel | F[-voice] > F[+voice] / X[+voice]_X[+voice]? | ^ @ Rule 1, Line 1"
17.7.3,Common Germanic to Proto-Norse,1,index_diachronica_original.html:6162,False,unknown_grouping,asca-unrepresentable,E,,"Syntax Error: Unknown grouping 'E'. Known groupings are (C)onsonant, (O)bstruent, (S)onorant, (P)losive, (F)ricative, (L)iquid, (N)asal, (G)lide, and (V)owel | Eβu Eβo > ju:[+long] jo:[+long] | ^ @ Rule 1, Line 1"
17.7.3,Common Germanic to Proto-Norse,4,index_diachronica_original.html:6165,False,nested_brackets,asca-unrepresentable,,,"Syntax Error: Cannot have nested brackets of the same type | {æ,e}:[+long](w(a)) > a:[+long] | ^ @ Rule 1, Line 1"
17.7.3,Common Germanic to Proto-Norse,7,index_diachronica_original.html:6168,False,syntax_other,broken-syntax,,,"Syntax Error: Cannot have segments before the beginning of a word | i > j / _V // in #% | ^ @ Rule 1, Line 1"
17.7.3,Common Germanic to Proto-Norse,11,index_diachronica_original.html:6172,False,expected_number,asca-unrepresentable,,,"Syntax Error: Expected number, but received N | {wu:[+long],u:[+long]} i:[+long] > {wo:[+long],o:[+long]} e:[+long] / _(C)(C)a // CC = NC or one C = {ʀ,j} | ^ @ Rule 1, Line 1"
17.7.3,Common Germanic to Proto-Norse,17,index_diachronica_original.html:6178,False,unknown_grouping,asca-unrepresentable,E,,"Syntax Error: Unknown grouping 'E'. Known groupings are (C)onsonant, (O)bstruent, (S)onorant, (P)losive, (F)ricative, (L)iquid, (N)asal, (G)lide, and (V)owel | {o,ou} {ɔ,ɑ,au,ai,æ} {ja,jE,æ,æi,e,ei,y} > u a i | ^ @ Rule 1, Line 1"
17.7.3,Common Germanic to Proto-Norse,18,index_diachronica_original.html:6179,False,expected_underscore,asca-unrepresentable,,,"Syntax Error: Expected '_', but received ',' | V:[+long] > V[- long] // #%, %# | ^ @ Rule 1, Line 1"
17.7.3.1,Proto-Norse to Old Norse,5,index_diachronica_original.html:6189,False,unknown_grouping,asca-unrepresentable,E,,"Syntax Error: Unknown grouping 'E'. Known groupings are (C)onsonant, (O)bstruent, (S)onorant, (P)losive, (F)ricative, (L)iquid, (N)asal, (G)lide, and (V)owel | E:[+long]B:[+long] E:[+long]a:[+long] > jo:[+long] ja:[+long] / {v,w}_ | ^ @ Rule 1, Line 1"
17.7.3.1,Proto-Norse to Old Norse,6,index_diachronica_original.html:6190,False,unknown_grouping,asca-unrepresentable,B,,"Syntax Error: Unknown grouping 'B'. Known groupings are (C)onsonant, (O)bstruent, (S)onorant, (P)losive, (F)ricative, (L)iquid, (N)asal, (G)lide, and (V)owel | B:[+long]B a:[+long]{o,a,æ,e} {æ,e}:[+long]{æ,e}:[+long] {æ,e}:[+long]i i:[+long]E:[+long] > o:[+long] a:[+long] e:[+long] e:[+long] i:[+long] | ^ @ Rule 1, Line 1"
17.7.3.1,Proto-Norse to Old Norse,8,index_diachronica_original.html:6192,False,nested_brackets,asca-unrepresentable,,,"Syntax Error: Cannot have nested brackets of the same type | e > ja // {{h,k,ŋ}n,w,v,l,r}_, _{u,o,i} | ^ @ Rule 1, Line 1"
17.7.3.1,Proto-Norse to Old Norse,9,index_diachronica_original.html:6193,False,nested_brackets,asca-unrepresentable,,,"Syntax Error: Cannot have nested brackets of the same type | {a,ai} {e,w{æ,i}} {we,ei} {wɪ,ɪ} > ey ø y ʏ / w_ // hw_ | ^ @ Rule 1, Line 1"
17.7.3.1,Proto-Norse to Old Norse,10,index_diachronica_original.html:6194,False,nested_brackets,asca-unrepresentable,,,"Syntax Error: Cannot have nested brackets of the same type | a > ∅ / {C_{ʀ,s,t,θ}#,CC_{ʀ,s,t,θ}#} | ^ @ Rule 1, Line 1"
17.7.3.1,Proto-Norse to Old Norse,11,index_diachronica_original.html:6195,False,unknown_character,asca-unrepresentable,ṽ,,"Syntax Error: Unknown character 'ṽ' | VN > ṽ / _# // in #% | ^ @ Rule 1, Line 1"
17.7.3.1,Proto-Norse to Old Norse,15,index_diachronica_original.html:6199,False,syntax_other,broken-syntax,,,"Syntax Error: Expected end of line, received '_'. Did you forget a '/' between the output and environment? | ʀ > r_n | ^ @ Rule 1, Line 1"
17.7.3.1,Proto-Norse to Old Norse,20,index_diachronica_original.html:6204,False,expected_underscore,asca-unrepresentable,,,"Syntax Error: Expected '_', but received '/' | a > u / $u / // in #% | ^ @ Rule 1, Line 1"
17.7.3.1,Proto-Norse to Old Norse,21,index_diachronica_original.html:6205,False,syntax_other,broken-syntax,,,"Syntax Error: Cannot have segments before the beginning of a word | wa:[+long] na:[+long] > o:[+long] no:[+long] / $u in #% | ^ @ Rule 1, Line 1"
17.7.3.1,Proto-Norse to Old Norse,26,index_diachronica_original.html:6210,False,expected_number,asca-unrepresentable,,,"Syntax Error: Expected number, but received ɒ | {V:[+back],V:[+front]} > ∅ / CC_{ʀ,s,t,θ}# // V:[+back] = ɒ | ^ @ Rule 1, Line 1"
17.7.3.1,Proto-Norse to Old Norse,31,index_diachronica_original.html:6215,False,expected_number,asca-unrepresentable,,,"Syntax Error: Expected number, but received ɒ | {V:[+back],V:[+front]} > ∅ / CC_%# // V:[+back] = ɒ | ^ @ Rule 1, Line 1"
17.7.3.1,Proto-Norse to Old Norse,35,index_diachronica_original.html:6219,False,expected_number,asca-unrepresentable,,,"Syntax Error: Expected number, but received ɒ | {V:[+back],V:[+front]} > ∅ / _%# // V:[+back] = ɒ | ^ @ Rule 1, Line 1"
17.7.3.1,Proto-Norse to Old Norse,37,index_diachronica_original.html:6221,False,syntax_other,broken-syntax,,,"Syntax Error: Cannot have segments before the beginning of a word | V:[+long] > V[- long] // in #% | ^ @ Rule 1, Line 1"
17.7.3.1,Proto-Norse to Old Norse,41,index_diachronica_original.html:6225,False,nested_brackets,asca-unrepresentable,,,"Syntax Error: Cannot have nested brackets of the same type | e > jɒ / _(C)(C)(C)u // {{h,k,ŋ}n,w,v,l,r}_ | ^ @ Rule 1, Line 1"
17.7.3.1,Proto-Norse to Old Norse,42,index_diachronica_original.html:6226,False,nested_brackets,asca-unrepresentable,,,"Syntax Error: Cannot have nested brackets of the same type | e > ja / _(C)(C)(C)u // {{h,k,ŋ}n,w,v,l,r}_ | ^ @ Rule 1, Line 1"
17.7.3.1,Proto-Norse to Old Norse,57,index_diachronica_original.html:6241,False,expected_underscore,asca-unrepresentable,,,"Syntax Error: Expected '_', but received '' | k > ∅ / s_l,t | ^ @ Rule 1, Line 1"
17.7.3.1,Proto-Norse to Old Norse,78,index_diachronica_original.html:6262,False,unknown_character,asca-unrepresentable,ː,,"Syntax Error: Unknown character 'ː' | l:[+long]ʀ n:[+long]ʀ > l:[+long] n:[+long] / V:[+stress]ː_ | ^ @ Rule 1, Line 1"
17.7.3.1,Proto-Norse to Old Norse,96,index_diachronica_original.html:6280,False,unknown_character,asca-unrepresentable,ṽ,,"Syntax Error: Unknown character 'ṽ' | ṽ > V:[+long] / in #% | ^ @ Rule 1, Line 1"
17.7.3.1,Proto-Norse to Old Norse,97,index_diachronica_original.html:6281,False,unknown_character,asca-unrepresentable,ṽ,,"Syntax Error: Unknown character 'ṽ' | ṽ > V[- nas] | ^ @ Rule 1, Line 1"
17.7.3.1,Proto-Norse to Old Norse,107,index_diachronica_original.html:6291,False,unknown_grouping,asca-unrepresentable,E,,"Syntax Error: Unknown grouping 'E'. Known groupings are (C)onsonant, (O)bstruent, (S)onorant, (P)losive, (F)ricative, (L)iquid, (N)asal, (G)lide, and (V)owel | E:[+long]{u,o}:[+long] E:[+long]a:[+long] > jo:[+long] ja:[+long] / {v,w}_ | ^ @ Rule 1, Line 1"
17.7.3.1,Proto-Norse to Old Norse,117,index_diachronica_original.html:6301,False,unknown_character,asca-unrepresentable,ː,,"Syntax Error: Unknown character 'ː' | NP[- voice] > P[- voice]ː | ^ @ Rule 1, Line 1"
17.7.3.1,Proto-Norse to Old Norse,138,index_diachronica_original.html:6322,False,syntax_other,broken-syntax,,,"Syntax Error: Cannot have segments before the beginning of a word | o {æ,e} > u i // in #% | ^ @ Rule 1, Line 1"
17.7.3.1,Proto-Norse to Old Norse,144,index_diachronica_original.html:6328,False,unknown_feature,asca-unrepresentable,alveolar,delay,"Syntax Error: Unknown feature 'alveolar'. Did you mean delay? | e:[+long]{B:[+long],i:[+long]} > jo:[+long] / _C[+ alveolar]# | ^^^^^^^^^^ @ Rule 1, Line 1"
17.7.3.1,Proto-Norse to Old Norse,145,index_diachronica_original.html:6329,False,unknown_grouping,asca-unrepresentable,B,,"Syntax Error: Unknown grouping 'B'. Known groupings are (C)onsonant, (O)bstruent, (S)onorant, (P)losive, (F)ricative, (L)iquid, (N)asal, (G)lide, and (V)owel | e:[+long]{B:[+long],i:[+long]} > ju:[+long] | ^ @ Rule 1, Line 1"
17.7.3.1.1,Old Norse to Early Icelandic,14,index_diachronica_original.html:6361,False,unknown_feature,asca-unrepresentable,samePOA,lateral,"Syntax Error: Unknown feature 'samePOA'. Did you mean lateral? | O > ∅ / {F[- same POA],r,l}_O | ^^^^^^^^^^ @ Rule 1, Line 1"
17.7.3.1.1,Old Norse to Early Icelandic,15,index_diachronica_original.html:6362,False,unknown_feature,asca-unrepresentable,samePOA,lateral,"Syntax Error: Unknown feature 'samePOA'. Did you mean lateral? | P > ∅ / N[+ same POA]_P | ^^^^^^^^^^ @ Rule 1, Line 1"
17.7.3.1.1,Old Norse to Early Icelandic,19,index_diachronica_original.html:6366,False,expected_underscore,asca-unrepresentable,,,"Syntax Error: Expected '_', but received '//' | r > r̥ / P[- voice] // _# | ^^ @ Rule 1, Line 1"
17.7.3.1.1,Old Norse to Early Icelandic,22,index_diachronica_original.html:6369,False,unknown_character,asca-unrepresentable,ː,,"Syntax Error: Unknown character 'ː' | P[- voice]ː P[+ voice]ː > C:[+labial][+spread] P[- voice]ː | ^ @ Rule 1, Line 1"
17.7.3.1.1,Old Norse to Early Icelandic,31,index_diachronica_original.html:6378,False,expected_underscore,asca-unrepresentable,,,"Syntax Error: Expected '_', but received '' | V > V:[+long] / _(C)#, in monosyllables | ^ @ Rule 1, Line 1"
17.7.3.1.1,Old Norse to Early Icelandic,32,index_diachronica_original.html:6379,False,expected_underscore,asca-unrepresentable,,,"Syntax Error: Expected '_', but received '' | V > V:[+long] // _CCV, in polysyllables | ^ @ Rule 1, Line 1"
17.7.3.1.1,Old Norse to Early Icelandic,33,index_diachronica_original.html:6380,False,syntax_other,broken-syntax,,,"Syntax Error: Expected an IPA character, Primative or Matrix, but received '>' | {n̥n,nn̥ > tn̥ / V_ | ^ @ Rule 1, Line 1"
17.7.3.1.1,Old Norse to Early Icelandic,38,index_diachronica_original.html:6385,False,syntax_other,broken-syntax,,,"Syntax Error: Expected an IPA character, Primative or Matrix, but received '>' | {r̥n,r̥n̥,rn̥ > tn̥ | ^ @ Rule 1, Line 1"
17.7.3.1.1,Old Norse to Early Icelandic,42,index_diachronica_original.html:6389,False,syntax_other,broken-syntax,,,"Syntax Error: Expected an IPA character, Primative or Matrix, but received '>' | {ɬl,ɬ:[+long] > tɬ | ^ @ Rule 1, Line 1"
17.7.3.1.2,Old Norse to Orkney Norn,21,index_diachronica_original.html:6425,False,syntax_other,broken-syntax,,,"Syntax Error: Output cannot be empty. Use `*` or '∅' to indicate deletion | ð > /{a,V:[+front]}_ | ^ @ Rule 1, Line 1"
17.7.3.1.2,Old Norse to Orkney Norn,29,index_diachronica_original.html:6433,False,stuff_after_word_bound,asca-unrepresentable,,,"Syntax Error: Cannot have segments after the end of a word | l > ∅ / _# ? | ^ @ Rule 1, Line 1"
17.7.3.1.3,Old Norse to Shetland Norn,5,index_diachronica_original.html:6481,False,prose_or_expected_arrow,asca-unrepresentable,,,"Syntax Error: Expected '>', '->' or '=>', but received '' | nd ld | ^ @ Rule 1, Line 1"
17.7.3.1.3,Old Norse to Shetland Norn,28,index_diachronica_original.html:6504,False,syntax_other,broken-syntax,,,"Syntax Error: Expected an IPA character, Primative or Matrix, but received '∅' | h > {∅,h,k} / _r | ^ @ Rule 1, Line 1"
17.7.3.1.3,Old Norse to Shetland Norn,29,index_diachronica_original.html:6505,False,syntax_other,broken-syntax,,,"Syntax Error: Expected an IPA character, Primative or Matrix, but received '∅' | h > {∅,h,k,s} / _n | ^ @ Rule 1, Line 1"
17.7.3.1.3,Old Norse to Shetland Norn,41,index_diachronica_original.html:6518,False,unknown_feature,asca-unrepresentable,dental,ldental,"Syntax Error: Unknown feature 'dental'. Did you mean ldental? | ɒ > ø / _O[+ dental/alveolar] | ^^^^^^^^ @ Rule 1, Line 1"
17.7.3.1.3,Old Norse to Shetland Norn,44,index_diachronica_original.html:6521,False,unknown_feature,asca-unrepresentable,dental,ldental,"Syntax Error: Unknown feature 'dental'. Did you mean ldental? | a > ∅ / C[+ dental/alveolar]_u | ^^^^^^^^ @ Rule 1, Line 1"
17.7.3.1.3,Old Norse to Shetland Norn,51,index_diachronica_original.html:6528,False,unknown_feature,asca-unrepresentable,dental,ldental,"Syntax Error: Unknown feature 'dental'. Did you mean ldental? | y:[+long] > ø / _O[+ dental/alveolar] | ^^^^^^^^ @ Rule 1, Line 1"
17.7.4,Common Germanic to Vandalic,1,index_diachronica_original.html:6541,False,expected_underscore,asca-unrepresentable,,,"Syntax Error: Expected '_', but received '' | e:[+long] > i / unstressed | ^ @ Rule 1, Line 1"
17.8.1,Proto-Indo-European to Aeolian Greek,0,index_diachronica_original.html:6557,False,unknown_character,asca-unrepresentable,ₓ,,"Syntax Error: Unknown character 'ₓ' | {Hₓ,m̩,n̩} > a | ^ @ Rule 1, Line 1"
17.8.2,Proto-Indo-European to Attic Greek,0,index_diachronica_original.html:6575,False,unknown_character,asca-unrepresentable,ₓ,,"Syntax Error: Unknown character 'ₓ' | {Hₓ,m̩,n̩} > a | ^ @ Rule 1, Line 1"
17.8.2,Proto-Indo-European to Attic Greek,16,index_diachronica_original.html:6591,False,expected_underscore,asca-unrepresentable,,,"Syntax Error: Expected '_', but received '' | tʃ > t:[+long] / medial | ^ @ Rule 1, Line 1"
17.8.2,Proto-Indo-European to Attic Greek,27,index_diachronica_original.html:6604,False,syntax_other,broken-syntax,,,"Syntax Error: Expected end of line, received '('. Did you forget a '/' between the output and environment? | øj > yj ( | ^ @ Rule 1, Line 2"
17.8.2,Proto-Indo-European to Attic Greek,35,index_diachronica_original.html:6613,False,expected_underscore,asca-unrepresentable,,,"Syntax Error: Expected '_', but received '' | ɔ > ∅ / in the suffixes -ios and -ion | ^ @ Rule 1, Line 1"
17.8.3,Proto-Indo-European to Boeotian Greek,0,index_diachronica_original.html:6625,False,unknown_character,asca-unrepresentable,ₓ,,"Syntax Error: Unknown character 'ₓ' | {Hₓ,m̩,n̩} > a | ^ @ Rule 1, Line 1"
17.8.4,Proto-Indo-European to Coan Greek,0,index_diachronica_original.html:6646,False,unknown_character,asca-unrepresentable,ₓ,,"Syntax Error: Unknown character 'ₓ' | {Hₓ,m̩,n̩} > a | ^ @ Rule 1, Line 1"
17.8.5,Proto-Indo-European to Cretan Greek,0,index_diachronica_original.html:6665,False,unknown_character,asca-unrepresentable,ₓ,,"Syntax Error: Unknown character 'ₓ' | {Hₓ,m̩,n̩} > a | ^ @ Rule 1, Line 1"
17.8.6,Proto-Indo-European to Doric Greek,0,index_diachronica_original.html:6683,False,unknown_character,asca-unrepresentable,ₓ,,"Syntax Error: Unknown character 'ₓ' | {Hₓ,m̩,n̩} > a | ^ @ Rule 1, Line 1"
17.8.6,Proto-Indo-European to Doric Greek,15,index_diachronica_original.html:6698,False,expected_underscore,asca-unrepresentable,,,"Syntax Error: Expected '_', but received '' | tʃ > t:[+long] / medial | ^ @ Rule 1, Line 1"
17.8.7,Proto-Indo-European to Elian Greek,0,index_diachronica_original.html:6705,False,unknown_character,asca-unrepresentable,ₓ,,"Syntax Error: Unknown character 'ₓ' | {Hₓ,m̩,n̩} > a | ^ @ Rule 1, Line 1"
17.8.8,Proto-Indo-European to Ionic Greek,0,index_diachronica_original.html:6724,False,unknown_character,asca-unrepresentable,ₓ,,"Syntax Error: Unknown character 'ₓ' | {Hₓ,m̩,n̩} > a | ^ @ Rule 1, Line 1"
17.8.8,Proto-Indo-European to Ionic Greek,16,index_diachronica_original.html:6740,False,expected_underscore,asca-unrepresentable,,,"Syntax Error: Expected '_', but received '' | tʃ > s:[+long] / medial | ^ @ Rule 1, Line 1"
17.8.8,Proto-Indo-European to Ionic Greek,29,index_diachronica_original.html:6755,False,syntax_other,broken-syntax,,,"Syntax Error: Expected an IPA character, Primative or Matrix, but received '>' | yj ( > y:[+long] | ^ @ Rule 1, Line 3"
17.8.9,Proto-Indo-European to Laconian Greek,0,index_diachronica_original.html:6761,False,unknown_character,asca-unrepresentable,ₓ,,"Syntax Error: Unknown character 'ₓ' | {Hₓ,m̩,n̩} > a | ^ @ Rule 1, Line 1"
17.8.10,Proto-Indo-European to Mycenaean Greek,0,index_diachronica_original.html:6780,False,unknown_character,asca-unrepresentable,ₓ,,"Syntax Error: Unknown character 'ₓ' | {Hₓ,m̩,n̩} > a | ^ @ Rule 1, Line 1"
17.9,Proto-Indo-European to Hittite,0,index_diachronica_original.html:6796,False,unknown_character,asca-unrepresentable,́,,"Syntax Error: Unknown character '́' | kʲ ɡ́ ɡ́ʱ > k ɡ ɡʱ | ^ @ Rule 1, Line 1"
17.9,Proto-Indo-European to Hittite,7,index_diachronica_original.html:6803,False,syntax_other,broken-syntax,,,"Syntax Error: Expected end of line, received '∅'. Did you forget a '/' between the output and environment? | e:[+long] > o:[+long] / _∅ | ^ @ Rule 1, Line 1"
17.9,Proto-Indo-European to Hittite,8,index_diachronica_original.html:6804,False,expected_underscore,asca-unrepresentable,,,"Syntax Error: Expected '_', but received '∅' | e:[+long] > o:[+long] / ∅_ | ^ @ Rule 1, Line 1"
17.9,Proto-Indo-European to Hittite,9,index_diachronica_original.html:6805,False,syntax_other,broken-syntax,,,"Syntax Error: A rule cannot be both an Insertion rule and a Deletion rule | ∅ > ∅ / _o | ^ ^ @ Rule 1, Line 1"
17.10,Proto-Indo-European to Proto-Indo-Iranian,5,index_diachronica_original.html:6825,False,syntax_other,broken-syntax,,,"Syntax Error: The output of a deletion rule must only contain `*` or `∅` | {h1,h3} > *H | ^ @ Rule 1, Line 1"
17.10,Proto-Indo-European to Proto-Indo-Iranian,6,index_diachronica_original.html:6826,False,syntax_other,broken-syntax,,,"Syntax Error: The input of an insertion rule must only contain `*` or `∅` | *H > ∅ / P_ | ^ @ Rule 1, Line 1"
17.10,Proto-Indo-European to Proto-Indo-Iranian,8,index_diachronica_original.html:6828,False,expected_underscore,asca-unrepresentable,,,"Syntax Error: Expected '_', but received '' | s > ʃ / {u,i,l,r,C:[-front,+back,+hi,-lo],C:[+front,+hi,-lo]} | ^ @ Rule 1, Line 1"
17.10,Proto-Indo-European to Proto-Indo-Iranian,10,index_diachronica_original.html:6830,False,unknown_character,asca-unrepresentable,₁,,"Syntax Error: Unknown character '₁' | Bʱ₁P=2 > B=1 Bʱ₂ | ^ @ Rule 1, Line 1"
17.10,Proto-Indo-European to Proto-Indo-Iranian,11,index_diachronica_original.html:6831,False,unknown_grouping,asca-unrepresentable,B,,"Syntax Error: Unknown grouping 'B'. Known groupings are (C)onsonant, (O)bstruent, (S)onorant, (P)losive, (F)ricative, (L)iquid, (N)asal, (G)lide, and (V)owel | V:[+back,+spread,+voice]Bʱ > V:[+back]V:[+back,+spread,+voice] | ^ @ Rule 1, Line 1"
17.10,Proto-Indo-European to Proto-Indo-Iranian,13,index_diachronica_original.html:6833,False,syntax_other,broken-syntax,,,"Syntax Error: Expected '..', but received .'ʃ' | ttʃ ddʒʱ > t.ʃ d.ʒʱ | ^ @ Rule 1, Line 1"
17.10,Proto-Indo-European to Proto-Indo-Iranian,17,index_diachronica_original.html:6837,False,expected_underscore,asca-unrepresentable,,,"Syntax Error: Expected '_', but received ',' | k ɡ ɡʱ > c ɟ ɟʱ / _e,i,j | ^ @ Rule 1, Line 1"
17.10,Proto-Indo-European to Proto-Indo-Iranian,19,index_diachronica_original.html:6839,False,unknown_character,asca-unrepresentable,₂,,"Syntax Error: Unknown character '₂' | {e,o,o₂,N̊} > a | ^ @ Rule 1, Line 1"
17.10.1,Proto-Indo-Iranian to Proto-Indo-Aryan,1,index_diachronica_original.html:6845,False,unknown_feature,asca-unrepresentable,aspirated,spread,"Syntax Error: Unknown feature 'aspirated'. Did you mean spread? | Sx > P[+ aspirated] | ^^^^^^^^^^^ @ Rule 1, Line 1"
17.10.1,Proto-Indo-Iranian to Proto-Indo-Aryan,2,index_diachronica_original.html:6846,False,syntax_other,broken-syntax,,,"Syntax Error: The output of a deletion rule must only contain `*` or `∅` | h2 > *H | ^ @ Rule 1, Line 1"
17.10.1,Proto-Indo-Iranian to Proto-Indo-Aryan,4,index_diachronica_original.html:6848,False,unknown_character,asca-unrepresentable,̊,,"Syntax Error: Unknown character '̊' | R̊H > {u,i}R / _V | ^ @ Rule 1, Line 1"
17.10.1,Proto-Indo-Iranian to Proto-Indo-Aryan,5,index_diachronica_original.html:6849,False,unknown_character,asca-unrepresentable,̊,,"Syntax Error: Unknown character '̊' | R̊H > {u,i}:[+long]R / _C | ^ @ Rule 1, Line 1"
17.10.1,Proto-Indo-Iranian to Proto-Indo-Aryan,7,index_diachronica_original.html:6851,False,unknown_grouping,asca-unrepresentable,R,,"Syntax Error: Unknown grouping 'R'. Known groupings are (C)onsonant, (O)bstruent, (S)onorant, (P)losive, (F)ricative, (L)iquid, (N)asal, (G)lide, and (V)owel | n > ɳ / {R_,RV_} | ^ @ Rule 1, Line 1"
17.10.1,Proto-Indo-Iranian to Proto-Indo-Aryan,8,index_diachronica_original.html:6852,False,unknown_character,asca-unrepresentable,̣,,"Syntax Error: Unknown character '̣' | t {d,dʱ} n > ʈ {ɖ,ɖʱ} ɳ / C̣_ // _r | ^ @ Rule 1, Line 1"
17.10.1,Proto-Indo-Iranian to Proto-Indo-Aryan,9,index_diachronica_original.html:6853,False,unknown_character,asca-unrepresentable,̣,,"Syntax Error: Unknown character '̣' | s t {d,dʱ} n > ʂ ʈ {ɖ,ɖʱ} ɳ / _C̣ | ^ @ Rule 1, Line 1"
17.10.1,Proto-Indo-Iranian to Proto-Indo-Aryan,23,index_diachronica_original.html:6867,False,unknown_character,asca-unrepresentable,ṽ,,"Syntax Error: Unknown character 'ṽ' | Vm > ṽ / _(#){s,ɕ} | ^ @ Rule 1, Line 1"
17.10.1.1,Proto-Indo-Aryan to Central Middle Indo-Aryan,4,index_diachronica_original.html:6877,False,runtime_other,broken-syntax,,,"Runtime Error: An incomplete matrix cannot be inserted | C > C[+voice] / V_V | ^^^^^^^^ @ Rule 1, Line 1"
17.10.1.1,Proto-Indo-Aryan to Central Middle Indo-Aryan,15,index_diachronica_original.html:6888,False,expected_number,asca-unrepresentable,,,"Syntax Error: Expected number, but received d | Cn > CC / V_V // C = dʒ | ^ @ Rule 1, Line 1"
17.10.1.2,Proto-Indo-Aryan to Eastern Middle Indo-Aryan,4,index_diachronica_original.html:6898,False,runtime_other,broken-syntax,,,"Runtime Error: An incomplete matrix cannot be inserted | C > C[+voice] / V_V | ^^^^^^^^ @ Rule 1, Line 1"
17.10.1.2,Proto-Indo-Aryan to Eastern Middle Indo-Aryan,17,index_diachronica_original.html:6911,False,expected_number,asca-unrepresentable,,,"Syntax Error: Expected number, but received d | Cn > CC / V_V // C = dʒ | ^ @ Rule 1, Line 1"
17.10.1.3,Proto-Indo-Aryan to Northwestern Middle Indo-Aryan,4,index_diachronica_original.html:6921,False,runtime_other,broken-syntax,,,"Runtime Error: An incomplete matrix cannot be inserted | C > C[+voice] / V_V | ^^^^^^^^ @ Rule 1, Line 1"
17.10.1.3,Proto-Indo-Aryan to Northwestern Middle Indo-Aryan,16,index_diachronica_original.html:6933,False,expected_number,asca-unrepresentable,,,"Syntax Error: Expected number, but received d | Cn > CC / V_V // C = dʒ | ^ @ Rule 1, Line 1"
17.10.1.4,Proto-Indo-Aryan to Western Middle Indo-Aryan,4,index_diachronica_original.html:6943,False,runtime_other,broken-syntax,,,"Runtime Error: An incomplete matrix cannot be inserted | C > C[+voice] / V_V | ^^^^^^^^ @ Rule 1, Line 1"
17.10.1.4,Proto-Indo-Aryan to Western Middle Indo-Aryan,15,index_diachronica_original.html:6954,False,expected_number,asca-unrepresentable,,,"Syntax Error: Expected number, but received d | Cn > CC / V_V // C = dʒ | ^ @ Rule 1, Line 1"
17.10.1.5,Proto-Indo-Aryan to Vedic Sanskrit,0,index_diachronica_original.html:6960,False,stuff_after_word_bound,asca-unrepresentable,,,"Syntax Error: Cannot have segments after the end of a word | {s,ʂ} > h / _#C[- voice] | ^ @ Rule 1, Line 1"
17.10.1.5,Proto-Indo-Aryan to Vedic Sanskrit,1,index_diachronica_original.html:6961,False,stuff_after_word_bound,asca-unrepresentable,,,"Syntax Error: Cannot have segments after the end of a word | {s,ʂ} > r / _#C[+ voice] | ^ @ Rule 1, Line 1"
17.10.1.5,Proto-Indo-Aryan to Vedic Sanskrit,5,index_diachronica_original.html:6965,False,syntax_other,broken-syntax,,,"Syntax Error: Expected '..', but received .'s' | s:[+long] ʂ:[+long] ɕ:[+long] > t.s t.ʂ t.C | ^ @ Rule 1, Line 1"
17.10.1.5,Proto-Indo-Aryan to Vedic Sanskrit,6,index_diachronica_original.html:6966,False,syntax_other,broken-syntax,,,"Syntax Error: Expected '..', but received .'ʂ' | t.ʂ t.ɕ > kʂ cʰ:[+long] | ^ @ Rule 1, Line 1"
17.11,Proto-Indo-European to Proto-Slavic,0,index_diachronica_original.html:6983,False,unknown_character,asca-unrepresentable,́,,"Syntax Error: Unknown character '́' | bʱ dʱ {ɡʱ,ɡ́ʱ} ɡʷʱ > b d ɡ ɡʷ | ^ @ Rule 1, Line 1"
17.11,Proto-Indo-European to Proto-Slavic,1,index_diachronica_original.html:6984,False,unknown_character,asca-unrepresentable,́,,"Syntax Error: Unknown character '́' | C:[-front,+back,+hi,-lo,+round] kʲ ɡ́ > C:[-front,+back,+hi,-lo] s z | ^ @ Rule 1, Line 1"
17.11.1,Proto-Slavic to Polish,2,index_diachronica_original.html:7018,False,syntax_other,broken-syntax,,,"Syntax Error: Expected end of line, received ')'. Did you forget a '/' between the output and environment? | ɛl > lɔ / P:[-voice]_P:[-voice]) | ^ @ Rule 1, Line 1"
17.11.1,Proto-Slavic to Polish,6,index_diachronica_original.html:7022,False,expected_underscore,asca-unrepresentable,,,"Syntax Error: Expected '_', but received '/' | C > C:[+cor,+dist] / _V:[+front] // /j ɕ ʑ | ^ @ Rule 1, Line 1"
17.11.1,Proto-Slavic to Polish,8,index_diachronica_original.html:7024,False,unknown_feature,asca-unrepresentable,palatalized,latrl,"Syntax Error: Unknown feature 'palatalized'. Did you mean latrl? | ɛ ɛ̃ ɛ:[+long] > ɔ ɔ̃ a / _C[-palatalized +dental] | ^^^^^^^^^^^^^ @ Rule 1, Line 1"
17.11.1,Proto-Slavic to Polish,10,index_diachronica_original.html:7027,False,syntax_other,broken-syntax,,,"Syntax Error: Cannot have segments before the beginning of a word | {ɪ,ɤ} > e / iambic counting from %# or a syllable not containing a yer | ^ @ Rule 1, Line 1"
17.11.1,Proto-Slavic to Polish,11,index_diachronica_original.html:7028,False,syntax_other,broken-syntax,,,"Syntax Error: The output of a deletion rule must only contain `*` or `∅` | {ɪ,ɤ} > ∅] / in even syllables counting iambic from %# or a syllable not containing a yer | ^ @ Rule 1, Line 1"
17.11.1,Proto-Slavic to Polish,15,index_diachronica_original.html:7033,False,expected_underscore,asca-unrepresentable,,,"Syntax Error: Expected '_', but received '' | ɤl > ɫu / else | ^ @ Rule 1, Line 1"
17.11.1,Proto-Slavic to Polish,16,index_diachronica_original.html:7034,False,unknown_feature,asca-unrepresentable,dental,ldental,"Syntax Error: Unknown feature 'dental'. Did you mean ldental? | ɪl > ɫu / C[+dental]_ | ^^^^^^^ @ Rule 1, Line 1"
17.11.1,Proto-Slavic to Polish,17,index_diachronica_original.html:7035,False,unknown_feature,asca-unrepresentable,dental,ldental,"Syntax Error: Unknown feature 'dental'. Did you mean ldental? | ɪl > ɛɫ / C:[+labial]_C[+dental -palatalized] | ^^^^^^^^ @ Rule 1, Line 1"
17.11.1,Proto-Slavic to Polish,20,index_diachronica_original.html:7038,False,unknown_feature,asca-unrepresentable,dental,ldental,"Syntax Error: Unknown feature 'dental'. Did you mean ldental? | ɪ > a:[+long] / r_C[+dental -palatalized] | ^^^^^^^^ @ Rule 1, Line 1"
17.11.1,Proto-Slavic to Polish,23,index_diachronica_original.html:7041,False,syntax_other,broken-syntax,,,"Syntax Error: Feature 'lost' has no modifier | a ɛ i ɔ u ɨ ã > a:[+long] ɛ:[+long] i:[+long] ɔ:[+long] u:[+long] ɨ:[+long] ã:[+long] / _{C/%}[+voice][lost yer] | ^^^^ @ Rule 1, Line 1"
17.11.1,Proto-Slavic to Polish,29,index_diachronica_original.html:7047,False,expected_underscore,asca-unrepresentable,,,"Syntax Error: Expected '_', but received '' | jɪ > i / utterance-initially | ^ @ Rule 1, Line 1"
17.11.1,Proto-Slavic to Polish,38,index_diachronica_original.html:7057,False,expected_underscore,asca-unrepresentable,,,"Syntax Error: Expected '_', but received '' | V > ∅ / unstressed | ^ @ Rule 1, Line 1"
17.11.1,Proto-Slavic to Polish,44,index_diachronica_original.html:7063,False,expected_underscore,asca-unrepresentable,,,"Syntax Error: Expected '_', but received '' | ã > ɛ̃ / short only | ^ @ Rule 1, Line 1"
17.11.1,Proto-Slavic to Polish,47,index_diachronica_original.html:7066,False,syntax_other,broken-syntax,,,"Syntax Error: Negation cannot be used in the output | V:[+long] > V in certain frequently-used words | ^ @ Rule 1, Line 1"
17.11.1,Proto-Slavic to Polish,53,index_diachronica_original.html:7073,False,diacritic_prereq,asca-unrepresentable,,,"Syntax Error: Segment does not have prerequisite properties to have this diacritic. Must be [-sonorant] | r̝ > ʂ / C[-voice]_ | ^^ @ Rule 1, Line 1"
17.11.1,Proto-Slavic to Polish,54,index_diachronica_original.html:7074,False,diacritic_prereq,asca-unrepresentable,,,"Syntax Error: Segment does not have prerequisite properties to have this diacritic. Must be [-sonorant] | r̝ > ʂ / _C[+voice] | ^^ @ Rule 1, Line 1"
17.11.1,Proto-Slavic to Polish,55,index_diachronica_original.html:7075,False,unknown_character,asca-unrepresentable,ŕ,,"Syntax Error: Unknown character 'ŕ' | ŕ > ʐ / else | ^ @ Rule 1, Line 1"
17.11.1,Proto-Slavic to Polish,62,index_diachronica_original.html:7082,False,expected_underscore,asca-unrepresentable,,,"Syntax Error: Expected '_', but received '' | o > u / else | ^ @ Rule 1, Line 1"
17.11.1,Proto-Slavic to Polish,70,index_diachronica_original.html:7090,False,unknown_feature,asca-unrepresentable,palatal,latrl,"Syntax Error: Unknown feature 'palatal'. Did you mean latrl? | ɛ̃ ɔ̃ > ɛɰ̃ ɔɰ̃ / _F[-palatal] | ^^^^^^^^ @ Rule 1, Line 1"
17.11.1,Proto-Slavic to Polish,72,index_diachronica_original.html:7092,False,unknown_feature,asca-unrepresentable,palatal,latrl,"Syntax Error: Unknown feature 'palatal'. Did you mean latrl? | ɛ̃ ɔ̃ > ɛj̃ ɔj̃ / _F[+palatal] | ^^^^^^^^ @ Rule 1, Line 1"
17.11.1,Proto-Slavic to Polish,74,index_diachronica_original.html:7094,False,unknown_feature,asca-unrepresentable,velar,delay,"Syntax Error: Unknown feature 'velar'. Did you mean delay? | n > ŋ / _P[+velar] | ^^^^^^ @ Rule 1, Line 1"
17.11.1,Proto-Slavic to Polish,75,index_diachronica_original.html:7096,False,unknown_feature,asca-unrepresentable,dental,ldental,"Syntax Error: Unknown feature 'dental'. Did you mean ldental? | C:[+cor,+dist] > C / _C[+dental] with developments of yers in ablaut environments | ^^^^^^^ @ Rule 1, Line 1"
17.11.1,Proto-Slavic to Polish,76,index_diachronica_original.html:7097,False,unknown_grouping,asca-unrepresentable,M,,"Syntax Error: Unknown grouping 'M'. Known groupings are (C)onsonant, (O)bstruent, (S)onorant, (P)losive, (F)ricative, (L)iquid, (N)asal, (G)lide, and (V)owel | C:[+cor,+dist] > C in select words due to prestige influence of Czech in the Middle Ages | ^ @ Rule 1, Line 1"
17.11.1,Proto-Slavic to Polish,85,index_diachronica_original.html:7110,False,diacritic_prereq,asca-unrepresentable,,,"Syntax Error: Segment does not have prerequisite properties to have this diacritic. Must be [-sonorant] | tɕts ʑr̝ > jts jr̝ | ^^ @ Rule 1, Line 1"
17.11.1,Proto-Slavic to Polish,86,index_diachronica_original.html:7111,False,unknown_character,asca-unrepresentable,͜,,"Syntax Error: Unknown character '͜' | ɕtɕ > js / _{t͜s,s} | ^ @ Rule 1, Line 1"
17.11.1,Proto-Slavic to Polish,90,index_diachronica_original.html:7116,False,diacritic_prereq,asca-unrepresentable,,,"Syntax Error: Segment does not have prerequisite properties to have this diacritic. Must be [-sonorant] | v r̝ > f r̥ / C[-voice]_ | ^^ @ Rule 1, Line 1"
17.11.1,Proto-Slavic to Polish,91,index_diachronica_original.html:7117,False,diacritic_prereq,asca-unrepresentable,,,"Syntax Error: Segment does not have prerequisite properties to have this diacritic. Must be [-sonorant] | v r̝ > f r̥ / _{C[-voice],#} | ^^ @ Rule 1, Line 1"
17.11.1,Proto-Slavic to Polish,92,index_diachronica_original.html:7118,False,unknown_character,asca-unrepresentable,̊,,"Syntax Error: Unknown character '̊' | r̝̊ r̝ > ʂ ʐ | ^ @ Rule 1, Line 1"
17.11.1,Proto-Slavic to Polish,101,index_diachronica_original.html:7127,False,diacritic_prereq,asca-unrepresentable,,,"Syntax Error: Segment does not have prerequisite properties to have this diacritic. Must be [-sonorant] | r̝ > r / {ɕ,ʑ}_ | ^^ @ Rule 1, Line 1"
17.11.1,Proto-Slavic to Polish,103,index_diachronica_original.html:7129,False,diacritic_prereq,asca-unrepresentable,,,"Syntax Error: Segment does not have prerequisite properties to have this diacritic. Must be [-sonorant] | ɕr̝ ʑr̝ > ʂr ʐr / , respectively | ^^ @ Rule 1, Line 1"
17.11.1,Proto-Slavic to Polish,105,index_diachronica_original.html:7131,False,diacritic_prereq,asca-unrepresentable,,,"Syntax Error: Segment does not have prerequisite properties to have this diacritic. Must be [-sonorant] | ʈʂ > t / _r̝ | ^^ @ Rule 1, Line 1"
17.11.1,Proto-Slavic to Polish,106,index_diachronica_original.html:7132,False,diacritic_prereq,asca-unrepresentable,,,"Syntax Error: Segment does not have prerequisite properties to have this diacritic. Must be [-sonorant] | ɕ > ∅ / tr̝_tɕ | ^^ @ Rule 1, Line 1"
17.11.1,Proto-Slavic to Polish,118,index_diachronica_original.html:7144,False,expected_underscore,asca-unrepresentable,,,"Syntax Error: Expected '_', but received '' | trk > kr / in the name of the river | ^ @ Rule 1, Line 1"
17.11.1,Proto-Slavic to Polish,126,index_diachronica_original.html:7152,False,unknown_character,asca-unrepresentable,͜,,"Syntax Error: Unknown character '͜' | dz ts > d͜z t͜s | ^ @ Rule 1, Line 1"
17.11.1,Proto-Slavic to Polish,127,index_diachronica_original.html:7153,False,unknown_feature,asca-unrepresentable,alveolopalatal,consonantal,"Syntax Error: Unknown feature 'alveolopalatal'. Did you mean consonantal? | C[+strident]C:[+labial] > C[+alveolopalatal] / _C[+coronal] | ^^^^^^^^^^^^^^^ @ Rule 1, Line 1"
17.11.1,Proto-Slavic to Polish,128,index_diachronica_original.html:7154,False,unknown_feature,asca-unrepresentable,dental,ldental,"Syntax Error: Unknown feature 'dental'. Did you mean ldental? | C[+strident]C:[+labial] > C[+dental] | ^^^^^^^ @ Rule 1, Line 1"
17.11.1,Proto-Slavic to Polish,137,index_diachronica_original.html:7166,False,unknown_character,asca-unrepresentable,͜,,"Syntax Error: Unknown character '͜' | rʲ > r / _{s,t͜s,l,w,n,ɲ} | ^ @ Rule 1, Line 1"
17.11.2,Proto-Slavic to Old Russian,4,index_diachronica_original.html:7178,False,unknown_character,asca-unrepresentable,_,,"Syntax Error: Unknown character '_' | kt ɡd > _V:[+front] | ^ @ Rule 1, Line 1"
17.12,Proto-Indo-European to Proto-Italic,2,index_diachronica_original.html:7193,False,diacritic_prereq,asca-unrepresentable,,,"Syntax Error: Segment does not have prerequisite properties to have this diacritic. Must be [-voice] | ɡʲʰ gʷʰ > ɡʰ xʷ | ^ ^ @ Rule 1, Line 1"
17.12,Proto-Indo-European to Proto-Italic,3,index_diachronica_original.html:7194,False,diacritic_prereq,asca-unrepresentable,,,"Syntax Error: Segment does not have prerequisite properties to have this diacritic. Must be [-voice] | bʰ dʰ gʰ > pʰ tʰ dʰ | ^^ @ Rule 1, Line 1"
17.12,Proto-Indo-European to Proto-Italic,4,index_diachronica_original.html:7195,False,expected_underscore,asca-unrepresentable,,,"Syntax Error: Expected '_', but received '' | s > z / medial | ^ @ Rule 1, Line 1"
17.12.1,Proto-Italic to Proto-Latino-Falsican,2,index_diachronica_original.html:7204,False,diacritic_prereq,asca-unrepresentable,,,"Syntax Error: Segment does not have prerequisite properties to have this diacritic. Must be [-voice] | ɡʰ > f / #_ | ^^ @ Rule 1, Line 1"
17.12.1,Proto-Italic to Proto-Latino-Falsican,3,index_diachronica_original.html:7205,False,diacritic_prereq,asca-unrepresentable,,,"Syntax Error: Segment does not have prerequisite properties to have this diacritic. Must be [-voice] | ɡʰ > {d,h,ɡ} | ^^ @ Rule 1, Line 1"
17.12.1.1,Proto-Indo-European to Latin,52,index_diachronica_original.html:7270,False,unknown_character,asca-unrepresentable,́,,"Syntax Error: Unknown character '́' | kʲ ɡ́ > k ɡ | ^ @ Rule 1, Line 1"
17.12.1.1,Proto-Indo-European to Latin,92,index_diachronica_original.html:7310,False,unknown_character,asca-unrepresentable,_,,"Syntax Error: Unknown character '_' | r > _Vl | ^ @ Rule 1, Line 2"
17.12.1.1,Proto-Indo-European to Latin,94,index_diachronica_original.html:7312,False,syntax_other,broken-syntax,,,"Syntax Error: Expected end of line, received '∅'. Did you forget a '/' between the output and environment? | r…r > r…∅ | ^ @ Rule 1, Line 1"
17.12.1.1.1,Classical Latin vs. Vulgar Latin,15,index_diachronica_original.html:7338,False,missing_arrow,broken-syntax,,,"“In contrast, Romanian exhibits u, uː → u (and ultimately also ɔ, oː → o); and Sardinian and African Latin underwent a straight merger of the vowels by length without considering quality (e, eː → e; i, iː → i; u, uː → u; etc.)”"
17.12.1.1.2,Latin to Catalan,6,index_diachronica_original.html:7350,False,syntax_other,broken-syntax,,,"Syntax Error: Expected an IPA character, Primative or Matrix, but received '' | u > w / ( | ^ @ Rule 1, Line 1"
17.12.1.1.2,Latin to Catalan,7,index_diachronica_original.html:7351,False,expected_underscore,asca-unrepresentable,,,"Syntax Error: Expected '_', but received '' | i:[+long] > i / stressed | ^ @ Rule 1, Line 1"
17.12.1.1.2,Latin to Catalan,9,index_diachronica_original.html:7353,False,expected_underscore,asca-unrepresentable,,,"Syntax Error: Expected '_', but received '' | {i,e:[+long]} e > {e,ɛ} {ɛ,e} / stressed | ^ @ Rule 1, Line 1"
17.12.1.1.2,Latin to Catalan,12,index_diachronica_original.html:7356,False,expected_underscore,asca-unrepresentable,,,"Syntax Error: Expected '_', but received '' | u:[+long] > u / stressed | ^ @ Rule 1, Line 1"
17.12.1.1.2,Latin to Catalan,15,index_diachronica_original.html:7359,False,expected_underscore,asca-unrepresentable,,,"Syntax Error: Expected '_', but received '' | {u,o:[+long]} o > o ɔ / stressed | ^ @ Rule 1, Line 1"
17.12.1.1.2,Latin to Catalan,16,index_diachronica_original.html:7360,False,unknown_grouping,asca-unrepresentable,E,,"Syntax Error: Unknown grouping 'E'. Known groupings are (C)onsonant, (O)bstruent, (S)onorant, (P)losive, (F)ricative, (L)iquid, (N)asal, (G)lide, and (V)owel | {u,o:[+long]} > u / _$V:[+stress] in East Catalan | ^ @ Rule 1, Line 1"
17.12.1.1.2,Latin to Catalan,21,index_diachronica_original.html:7365,False,expected_underscore,asca-unrepresentable,,,"Syntax Error: Expected '_', but received '' | ae au > e ɔ / stressed | ^ @ Rule 1, Line 1"
17.12.1.1.2,Latin to Catalan,32,index_diachronica_original.html:7376,False,syntax_other,broken-syntax,,,"Syntax Error: Expected an IPA character, Primative or Matrix, but received '∅' | p b t d k ɡ > β {β,w} {j,w} ɣ {j,∅,ɡ} / V_rV | ^ @ Rule 1, Line 1"
17.12.1.1.2,Latin to Catalan,48,index_diachronica_original.html:7392,False,unknown_character,asca-unrepresentable,̈,,"Syntax Error: Unknown character '̈' | b > v / V̈$_j | ^ @ Rule 1, Line 1"
17.12.1.1.2,Latin to Catalan,54,index_diachronica_original.html:7398,False,syntax_other,broken-syntax,,,"Syntax Error: Expected an IPA character, Primative or Matrix, but received '' | V > ∅ / V:[+stress]$_(C)(C)V(C)# ( | ^ @ Rule 1, Line 1"
17.12.1.1.2,Latin to Catalan,60,index_diachronica_original.html:7404,False,syntax_other,broken-syntax,,,"Syntax Error: Expected an IPA character, Primative or Matrix, but received '∅' | k ɡ > {∅,ʒ} / V_{i,e} | ^ @ Rule 1, Line 1"
17.12.1.1.2,Latin to Catalan,68,index_diachronica_original.html:7413,False,expected_number,asca-unrepresentable,,,"Syntax Error: Expected number, but received a | V > ∅ // V = a | ^ @ Rule 1, Line 1"
17.12.1.1.2,Latin to Catalan,94,index_diachronica_original.html:7439,False,expected_underscore,asca-unrepresentable,,,"Syntax Error: Expected '_', but received '=' | C > ∅ / C=1 _C=2 // 2 = L | ^ @ Rule 1, Line 1"
17.12.1.1.2,Latin to Catalan,95,index_diachronica_original.html:7440,False,runtime_delete_only_segment,broken-syntax,,,Runtime Error: Can't delete a word's only segment
17.12.1.1.2,Latin to Catalan,102,index_diachronica_original.html:7447,False,expected_underscore,asca-unrepresentable,,,"Syntax Error: Expected '_', but received '//' | ɛj ɔj > jɛj uei / i {u,ui} // stressed | ^^ @ Rule 1, Line 1"
17.12.1.1.2,Latin to Catalan,103,index_diachronica_original.html:7448,False,syntax_other,broken-syntax,,,"Syntax Error: Cannot have multiple underlines in an environment | ɛ > e // _{r:[+long],l,rC[-labial],nr} or _ ? w# | ^ @ Rule 1, Line 1"
17.12.1.1.3,Latin to French,1,index_diachronica_original.html:7457,False,unknown_character,asca-unrepresentable,ː,,"Syntax Error: Unknown character 'ː' | V=0 0 > 0 ː | ^ @ Rule 1, Line 1"
17.12.1.1.3,Latin to French,4,index_diachronica_original.html:7460,False,stuff_after_word_bound,asca-unrepresentable,,,"Syntax Error: Cannot have segments after the end of a word | {m,n} > ∅ / _# in polysyllables | ^ @ Rule 1, Line 1"
17.12.1.1.3,Latin to French,9,index_diachronica_original.html:7465,False,syntax_other,broken-syntax,,,"Syntax Error: Expected end of line, received '*'. Did you forget a '/' between the output and environment? | V > V:[+stress] / _C*{i:[+stress],e:[+stress]}V | ^ @ Rule 1, Line 1"
17.12.1.1.3,Latin to French,27,index_diachronica_original.html:7486,False,unknown_feature,asca-unrepresentable,open,ten,"Syntax Error: Unknown feature 'open'. Did you mean ten? | ɛ > iɛ / in %[+open] | ^^^^^ @ Rule 1, Line 1"
17.12.1.1.3,Latin to French,29,index_diachronica_original.html:7488,False,unknown_feature,asca-unrepresentable,closed,cons,"Syntax Error: Unknown feature 'closed'. Did you mean cons? | ɛ > ɛ / in %[+closed] | ^^^^^^^ @ Rule 1, Line 1"
17.12.1.1.3,Latin to French,30,index_diachronica_original.html:7489,False,unknown_feature,asca-unrepresentable,open,ten,"Syntax Error: Unknown feature 'open'. Did you mean ten? | uo > uɛ / in %[+open] // _N | ^^^^^ @ Rule 1, Line 2"
17.12.1.1.3,Latin to French,31,index_diachronica_original.html:7490,False,unknown_feature,asca-unrepresentable,closed,cons,"Syntax Error: Unknown feature 'closed'. Did you mean cons? | o > ɔ / in %[+closed] | ^^^^^^^ @ Rule 1, Line 1"
17.12.1.1.3,Latin to French,34,index_diachronica_original.html:7493,False,syntax_other,broken-syntax,,,"Syntax Error: Expected end of line, received ':'. Did you forget a '/' between the output and environment? | j > ∅ / V_V:[+front]:[+stress] | ^ @ Rule 1, Line 1"
17.12.1.1.3,Latin to French,41,index_diachronica_original.html:7500,False,expected_underscore,asca-unrepresentable,,,"Syntax Error: Expected '_', but received '' | V > ∅ / in the unstressed penult | ^ @ Rule 1, Line 1"
17.12.1.1.3,Latin to French,42,index_diachronica_original.html:7501,False,expected_underscore,asca-unrepresentable,,,"Syntax Error: Expected '_', but received '//' | V > ∅ / intertonic // V = a | ^^ @ Rule 1, Line 1"
17.12.1.1.3,Latin to French,43,index_diachronica_original.html:7502,False,expected_underscore,asca-unrepresentable,,,"Syntax Error: Expected '_', but received '' | a > ə / intertonic | ^ @ Rule 1, Line 1"
17.12.1.1.3,Latin to French,45,index_diachronica_original.html:7504,False,syntax_other,broken-syntax,,,"Syntax Error: Expected an IPA character, Primative or Matrix, but received '_' | ∅ > d / {n,l,ɲ,z_r | ^ @ Rule 1, Line 1"
17.12.1.1.3,Latin to French,49,index_diachronica_original.html:7509,False,expected_underscore,asca-unrepresentable,,,"Syntax Error: Expected '_', but received '=' | C > ∅ / C=1 _C=2 // 2 = {r,l} | ^ @ Rule 1, Line 1"
17.12.1.1.3,Latin to French,73,index_diachronica_original.html:7534,False,expected_underscore,asca-unrepresentable,,,"Syntax Error: Expected '_', but received '' | t > ∅ / {ʃ,s} | ^ @ Rule 1, Line 1"
17.12.1.1.3,Latin to French,76,index_diachronica_original.html:7537,False,unknown_feature,asca-unrepresentable,open,ten,"Syntax Error: Unknown feature 'open'. Did you mean ten? | ∅ > j / {ʃ,ʒ,sj,zj}{a:[+stress],e:[+stress]}_ in %[+open] | ^^^^^ @ Rule 1, Line 1"
17.12.1.1.3,Latin to French,78,index_diachronica_original.html:7539,False,syntax_other,broken-syntax,,,"Syntax Error: Expected an IPA character, Primative or Matrix, but received '_' | j > ∅ / s_ (s:[+long]_?) | ^ @ Rule 1, Line 1"
17.12.1.1.3,Latin to French,84,index_diachronica_original.html:7545,False,unknown_feature,asca-unrepresentable,open,ten,"Syntax Error: Unknown feature 'open'. Did you mean ten? | e > ɛi / in %[+open] | ^^^^^ @ Rule 1, Line 1"
17.12.1.1.3,Latin to French,85,index_diachronica_original.html:7546,False,unknown_feature,asca-unrepresentable,closed,cons,"Syntax Error: Unknown feature 'closed'. Did you mean cons? | e > ɛ / in %[+closed] | ^^^^^^^ @ Rule 1, Line 1"
17.12.1.1.3,Latin to French,86,index_diachronica_original.html:7547,False,unknown_feature,asca-unrepresentable,open,ten,"Syntax Error: Unknown feature 'open'. Did you mean ten? | ou > ɛu / in %[+open] | ^^^^^ @ Rule 1, Line 2"
17.12.1.1.3,Latin to French,88,index_diachronica_original.html:7549,False,unknown_feature,asca-unrepresentable,closed,cons,"Syntax Error: Unknown feature 'closed'. Did you mean cons? | o > ou / in %[+closed] | ^^^^^^^ @ Rule 1, Line 1"
17.12.1.1.3,Latin to French,89,index_diachronica_original.html:7550,False,unknown_feature,asca-unrepresentable,open,ten,"Syntax Error: Unknown feature 'open'. Did you mean ten? | e > ə / #(C,0)_($,0):[+stress] in %[+open] | ^^^^^ @ Rule 1, Line 1"
17.12.1.1.3,Latin to French,90,index_diachronica_original.html:7551,False,unknown_feature,asca-unrepresentable,closed,cons,"Syntax Error: Unknown feature 'closed'. Did you mean cons? | e > ɛ / #(C,0)_($,0):[+stress] in %[+closed] or _V | ^^^^^^^ @ Rule 1, Line 1"
17.12.1.1.3,Latin to French,92,index_diachronica_original.html:7553,False,unknown_feature,asca-unrepresentable,open,ten,"Syntax Error: Unknown feature 'open'. Did you mean ten? | a > ə / #{tʃ,dʒ}_($,0):[+stress] in %[+open] | ^^^^^ @ Rule 1, Line 1"
17.12.1.1.3,Latin to French,93,index_diachronica_original.html:7554,False,unknown_feature,asca-unrepresentable,open,ten,"Syntax Error: Unknown feature 'open'. Did you mean ten? | a > ɛ / in %[+open] | ^^^^^ @ Rule 1, Line 1"
17.12.1.1.3,Latin to French,98,index_diachronica_original.html:7559,False,expected_number,asca-unrepresentable,,,"Syntax Error: Expected number, but received a | V > ∅ / _# // V = a | ^ @ Rule 1, Line 1"
17.12.1.1.3,Latin to French,110,index_diachronica_original.html:7571,False,expected_underscore,asca-unrepresentable,,,"Syntax Error: Expected '_', but received '' | {ei,ɔi} > oi / C[-nas] | ^ @ Rule 1, Line 1"
17.12.1.1.3,Latin to French,115,index_diachronica_original.html:7577,False,unknown_character,asca-unrepresentable,ı,,"Syntax Error: Unknown character 'ı' | {aı̃,eı̃} > ɛ̃ | ^ @ Rule 1, Line 1"
17.12.1.1.3,Latin to French,124,index_diachronica_original.html:7586,False,unknown_character,asca-unrepresentable,ı,,"Syntax Error: Unknown character 'ı' | oı̃ > wɛ̃ | ^ @ Rule 1, Line 1"
17.12.1.1.4,Vulgar Latin to Italian,1,index_diachronica_original.html:7594,False,expected_underscore,asca-unrepresentable,,,"Syntax Error: Expected '_', but received '' | tVk > dʒ / unstressed | ^ @ Rule 1, Line 1"
17.12.1.1.4,Vulgar Latin to Italian,5,index_diachronica_original.html:7598,False,expected_underscore,asca-unrepresentable,,,"Syntax Error: Expected '_', but received '' | kVl > k:[+long]j / unstressed | ^ @ Rule 1, Line 1"
17.12.1.1.4,Vulgar Latin to Italian,7,index_diachronica_original.html:7600,False,expected_underscore,asca-unrepresentable,,,"Syntax Error: Expected '_', but received '//' | ɛ > jɛ / unstressed // _{dʒ,ʎ,ɲ} | ^^ @ Rule 1, Line 1"
17.12.1.1.4,Vulgar Latin to Italian,12,index_diachronica_original.html:7605,False,expected_underscore,asca-unrepresentable,,,"Syntax Error: Expected '_', but received '//' | ɔ > uo / stressed // j_ or _{dʒ,L} | ^^ @ Rule 1, Line 1"
17.12.1.1.4,Vulgar Latin to Italian,21,index_diachronica_original.html:7614,False,syntax_other,broken-syntax,,,"Syntax Error: Expected an IPA character, Primative or Matrix, but received '>' | {skj,stj,s:[+long]j > ʃ | ^ @ Rule 1, Line 1"
17.12.1.1.5,Latin to Portuguese,3,index_diachronica_original.html:7624,False,unknown_character,asca-unrepresentable,ː,,"Syntax Error: Unknown character 'ː' | V=0 0 > 0 ː | ^ @ Rule 1, Line 1"
17.12.1.1.5,Latin to Portuguese,4,index_diachronica_original.html:7625,False,syntax_other,broken-syntax,,,"Syntax Error: Cannot have segments before the beginning of a word | V > ∅ / V:[+stress]$L(C)(C)V(C)# | ^ @ Rule 1, Line 1"
17.12.1.1.5,Latin to Portuguese,6,index_diachronica_original.html:7627,False,syntax_other,broken-syntax,,,"Syntax Error: Expected end of line, received '_'. Did you forget a '/' between the output and environment? | V > V:[+stress]$s_t(C)V(C)# | ^ @ Rule 1, Line 1"
17.12.1.1.5,Latin to Portuguese,12,index_diachronica_original.html:7633,False,unknown_character,asca-unrepresentable,ː,,"Syntax Error: Unknown character 'ː' | e > i:[+long] / _$ɪ:[+stress]ː# | ^ @ Rule 1, Line 1"
17.12.1.1.5,Latin to Portuguese,13,index_diachronica_original.html:7634,False,expected_underscore,asca-unrepresentable,,,"Syntax Error: Expected '_', but received '' | i:[+long] {i,e:[+long]} e > i e ɛ / stressed | ^ @ Rule 1, Line 1"
17.12.1.1.5,Latin to Portuguese,19,index_diachronica_original.html:7640,False,expected_underscore,asca-unrepresentable,,,"Syntax Error: Expected '_', but received '' | {u,o:[+long]} o > o ɔ / stressed | ^ @ Rule 1, Line 1"
17.12.1.1.5,Latin to Portuguese,23,index_diachronica_original.html:7644,False,expected_underscore,asca-unrepresentable,,,"Syntax Error: Expected '_', but received '' | ae > ɛ / stressed | ^ @ Rule 1, Line 1"
17.12.1.1.5,Latin to Portuguese,33,index_diachronica_original.html:7654,False,expected_number,asca-unrepresentable,,,"Syntax Error: Expected number, but received P | N > ∅ / V[+nas]_$C // C = P | ^ @ Rule 1, Line 1"
17.12.1.1.5,Latin to Portuguese,38,index_diachronica_original.html:7659,False,expected_underscore,asca-unrepresentable,,,"Syntax Error: Expected '_', but received '' | V[+nas] > V[-nas] / unstressed | ^ @ Rule 1, Line 1"
17.12.1.1.5,Latin to Portuguese,39,index_diachronica_original.html:7660,False,syntax_other,broken-syntax,,,"Syntax Error: Cannot have segments before the beginning of a word | V[+nas] > V[-nas] / in %# | ^ @ Rule 1, Line 1"
17.12.1.1.5,Latin to Portuguese,41,index_diachronica_original.html:7662,False,unknown_character,asca-unrepresentable,ı,,"Syntax Error: Unknown character 'ı' | ı̃ > iɲ | ^ @ Rule 1, Line 1"
17.12.1.1.5,Latin to Portuguese,48,index_diachronica_original.html:7669,False,stuff_after_word_bound,asca-unrepresentable,,,"Syntax Error: Cannot have segments after the end of a word | {e,i} > ∅ / {l,m,r}_ when between #% and %[+stress] | ^ @ Rule 1, Line 1"
17.12.1.1.5,Latin to Portuguese,49,index_diachronica_original.html:7670,False,stuff_after_word_bound,asca-unrepresentable,,,"Syntax Error: Cannot have segments after the end of a word | {e,i} > ∅ / k_t when between #% and %[+stress] | ^ @ Rule 1, Line 1"
17.12.1.1.5,Latin to Portuguese,50,index_diachronica_original.html:7671,False,unknown_feature,asca-unrepresentable,tonic,cons,"Syntax Error: Unknown feature 'tonic'. Did you mean cons? | o > ∅ / _{r,l} when between #% and %[+tonic] | ^^^^^^ @ Rule 1, Line 1"
17.12.1.1.5,Latin to Portuguese,74,index_diachronica_original.html:7696,False,syntax_other,broken-syntax,,,"Syntax Error: Expected an IPA character, Primative or Matrix, but received '∅' | ɡ > {∅,ʒ} / V_{i,e} | ^ @ Rule 1, Line 1"
17.12.1.1.5,Latin to Portuguese,93,index_diachronica_original.html:7715,False,expected_number,asca-unrepresentable,,,"Syntax Error: Expected number, but received r | C=0 0 > 0 // C = r | ^ @ Rule 1, Line 1"
17.12.1.1.5,Latin to Portuguese,94,index_diachronica_original.html:7716,False,expected_underscore,asca-unrepresentable,,,"Syntax Error: Expected '_', but received '=' | C > ∅ / C=1 _C=2 // 2 = L | ^ @ Rule 1, Line 1"
17.12.1.1.5,Latin to Portuguese,100,index_diachronica_original.html:7722,False,expected_underscore,asca-unrepresentable,,,"Syntax Error: Expected '_', but received '=' | k > ɡ / V=1 _V=2 // 2 = ɔ | ^ @ Rule 1, Line 1"
17.12.1.1.5,Latin to Portuguese,101,index_diachronica_original.html:7723,False,syntax_other,broken-syntax,,,"Syntax Error: Expected an IPA character, Primative or Matrix, but received '∅' | j > {∅,ʒ} / V_V | ^ @ Rule 1, Line 1"
17.12.1.1.6,Vulgar Latin to Old Provençal,8,index_diachronica_original.html:7748,False,stuff_after_word_bound,asca-unrepresentable,,,"Syntax Error: Cannot have segments after the end of a word | a > a / _# in monosyllables and oxytones | ^ @ Rule 1, Line 1"
17.12.1.1.6,Vulgar Latin to Old Provençal,9,index_diachronica_original.html:7749,False,unknown_character,asca-unrepresentable,å,,"Syntax Error: Unknown character 'å' | a > å | ^ @ Rule 1, Line 1"
17.12.1.1.6,Vulgar Latin to Old Provençal,10,index_diachronica_original.html:7750,False,unknown_character,asca-unrepresentable,å,,"Syntax Error: Unknown character 'å' | å ɛ ɔ > a e o / _N | ^ @ Rule 1, Line 1"
17.12.1.1.6,Vulgar Latin to Old Provençal,13,index_diachronica_original.html:7753,False,syntax_other,broken-syntax,,,"Syntax Error: Expected an IPA character, Primative or Matrix, but received '(' | e > i / _(C,0)i{C(C,0)V,#} | ^ @ Rule 1, Line 1"
17.12.1.1.6,Vulgar Latin to Old Provençal,25,index_diachronica_original.html:7766,False,runtime_delete_only_segment,broken-syntax,,,Runtime Error: Can't delete a word's only segment
17.12.1.1.6,Vulgar Latin to Old Provençal,30,index_diachronica_original.html:7774,False,runtime_delete_only_segment,broken-syntax,,,Runtime Error: Can't delete a word's only segment
17.12.1.1.6,Vulgar Latin to Old Provençal,31,index_diachronica_original.html:7776,False,expected_underscore,asca-unrepresentable,,,"Syntax Error: Expected '_', but received ',' | V > ∅ / , though /a/ often remainedprobably /ə/ | ^ @ Rule 1, Line 1"
17.12.1.1.6,Vulgar Latin to Old Provençal,36,index_diachronica_original.html:7786,False,expected_underscore,asca-unrepresentable,,,"Syntax Error: Expected '_', but received '' | a > o in most dialects // Gascon and Languedoc | ^ @ Rule 1, Line 1"
17.12.1.1.6,Vulgar Latin to Old Provençal,38,index_diachronica_original.html:7792,False,unknown_character,asca-unrepresentable,(,,"Syntax Error: Unknown character '(' | V > (probably /ə/) if dropping it would create ugly consonant clusters: | ^ @ Rule 1, Line 1"
17.12.1.1.6,Vulgar Latin to Old Provençal,49,index_diachronica_original.html:7807,False,syntax_other,broken-syntax,,,"Syntax Error: Expected end of line, received ':'. Did you forget a '/' between the output and environment? | j > ∅ / V_V:[+front]:[+stress] | ^ @ Rule 1, Line 1"
17.12.1.1.6,Vulgar Latin to Old Provençal,50,index_diachronica_original.html:7808,False,expected_underscore,asca-unrepresentable,,,"Syntax Error: Expected '_', but received '' | N > ∅ / _#, in polysyllables | ^ @ Rule 1, Line 1"
17.12.1.1.6,Vulgar Latin to Old Provençal,64,index_diachronica_original.html:7825,False,syntax_other,broken-syntax,,,"Syntax Error: Expected an IPA character, Primative or Matrix, but received '/' | Original z (/ts/?) > dj | ^ @ Rule 1, Line 1"
17.12.1.1.6,Vulgar Latin to Old Provençal,71,index_diachronica_original.html:7834,False,prose_or_expected_arrow,asca-unrepresentable,,,"Syntax Error: Expected '>', '->' or '=>', but received '' | v | ^ @ Rule 1, Line 2"
17.12.1.1.6,Vulgar Latin to Old Provençal,82,index_diachronica_original.html:7845,False,syntax_other,broken-syntax,,,"Syntax Error: Expected an IPA character, Primative or Matrix, but received '∅' | β > {∅,f} / C_(s)# | ^ @ Rule 1, Line 1"
17.12.1.1.6,Vulgar Latin to Old Provençal,85,index_diachronica_original.html:7848,False,stuff_after_word_bound,asca-unrepresentable,,,"Syntax Error: Cannot have segments after the end of a word | n > ∅ / r_(s)#? | ^ @ Rule 1, Line 1"
17.12.1.1.6,Vulgar Latin to Old Provençal,91,index_diachronica_original.html:7855,False,syntax_other,broken-syntax,,,"Syntax Error: Expected an IPA character, Primative or Matrix, but received '/' | ɡ > {k,j} / V_ (if /j/ resulted, it dropped after /i/ | ^ @ Rule 1, Line 1"
17.12.1.1.6,Vulgar Latin to Old Provençal,96,index_diachronica_original.html:7860,False,expected_underscore,asca-unrepresentable,,,"Syntax Error: Expected '_', but received '' | β > ∅ / when pretonic and immediately adjacent to a back vowel | ^ @ Rule 1, Line 1"
17.12.1.1.6,Vulgar Latin to Old Provençal,105,index_diachronica_original.html:7869,False,prose_or_expected_arrow,asca-unrepresentable,,,"Syntax Error: Expected '>', '->' or '=>', but received '' | z | ^ @ Rule 1, Line 2"
17.12.1.1.6,Vulgar Latin to Old Provençal,106,index_diachronica_original.html:7870,False,syntax_other,broken-syntax,,,"Syntax Error: Expected an IPA character, Primative or Matrix, but received '' | ɡ > j / _a (in the north and east | ^ @ Rule 1, Line 1"
17.12.1.1.6,Vulgar Latin to Old Provençal,107,index_diachronica_original.html:7871,False,syntax_other,broken-syntax,,,"Syntax Error: Expected an IPA character, Primative or Matrix, but received '/' | ɡ > ɡ / _{o,u/y} | ^ @ Rule 1, Line 1"
17.12.1.1.6,Vulgar Latin to Old Provençal,108,index_diachronica_original.html:7872,False,expected_underscore,asca-unrepresentable,,,"Syntax Error: Expected '_', but received ',' | ɡ > j / , though it dropped early in some dialects | ^ @ Rule 1, Line 1"
17.12.1.1.6,Vulgar Latin to Old Provençal,112,index_diachronica_original.html:7876,False,syntax_other,broken-syntax,,,"Syntax Error: Expected end of line, received ':'. Did you forget a '/' between the output and environment? | j > dʒ / _V:[+front]:[+stress] | ^ @ Rule 1, Line 1"
17.12.1.1.6,Vulgar Latin to Old Provençal,113,index_diachronica_original.html:7877,False,syntax_other,broken-syntax,,,"Syntax Error: Expected end of line, received ':'. Did you forget a '/' between the output and environment? | j > ∅ / _V:[+front]:[+stress] | ^ @ Rule 1, Line 1"
17.12.1.1.6,Vulgar Latin to Old Provençal,120,index_diachronica_original.html:7884,False,syntax_other,broken-syntax,,,"Syntax Error: Expected end of line, received '}'. Did you forget a '/' between the output and environment? | y > i} i / _r | ^ @ Rule 1, Line 5"
17.12.1.1.6,Vulgar Latin to Old Provençal,128,index_diachronica_original.html:7892,False,syntax_other,broken-syntax,,,"Syntax Error: Expected end of line, received ')'. Did you forget a '/' between the output and environment? | ɡʷ > ɡ ?) | ^ @ Rule 1, Line 2"
17.12.1.1.6,Vulgar Latin to Old Provençal,152,index_diachronica_original.html:7916,False,syntax_other,broken-syntax,,,"Syntax Error: Expected an IPA character, Primative or Matrix, but received '>' | rts ( > rs ?) | ^ @ Rule 1, Line 2"
17.12.1.1.6,Vulgar Latin to Old Provençal,154,index_diachronica_original.html:7918,False,syntax_other,broken-syntax,,,"Syntax Error: Expected an IPA character, Primative or Matrix, but received '(' | rdʒ > {rdʒ,rdz( | ^ @ Rule 1, Line 1"
17.12.1.1.6,Vulgar Latin to Old Provençal,157,index_diachronica_original.html:7921,False,syntax_other,broken-syntax,,,"Syntax Error: Expected an IPA character, Primative or Matrix, but received '(' | {rdʒ,rts( > rs)} | ^ @ Rule 1, Line 2"
17.12.1.1.6,Vulgar Latin to Old Provençal,162,index_diachronica_original.html:7926,False,nested_brackets,asca-unrepresentable,,,"Syntax Error: Cannot have nested brackets of the same type | ʃ > is (except in the west or extreme east, where the outcome was some flavor of (i)(t)ʃ) | ^ @ Rule 1, Line 2"
17.12.1.1.6,Vulgar Latin to Old Provençal,163,index_diachronica_original.html:7927,False,syntax_other,broken-syntax,,,"Syntax Error: Expected an IPA character, Primative or Matrix, but received '(' | ʒ > {i(d)ʒ,(d)ʒ} | ^ @ Rule 1, Line 2"
17.12.1.1.6,Vulgar Latin to Old Provençal,168,index_diachronica_original.html:7932,False,unknown_character,asca-unrepresentable,—,,"Syntax Error: Unknown character '—' | djʒ > dz (in the north and west) or idz (in the south and east)—medial {idz,dz} became {iz,z} | ^ @ Rule 1, Line 4"
17.12.1.1.6,Vulgar Latin to Old Provençal,172,index_diachronica_original.html:7936,False,prose_or_expected_arrow,asca-unrepresentable,,,"Syntax Error: Expected '>', '->' or '=>', but received ')' | nz),ndʒ} n(t)s {ɲ,int,nt,ntʃ} {nf,f:[+long]( > f)} | ^ @ Rule 1, Line 3"
17.12.1.1.6,Vulgar Latin to Old Provençal,173,index_diachronica_original.html:7937,False,syntax_other,broken-syntax,,,"Syntax Error: Expected an IPA character, Primative or Matrix, but received '∅' | nt nd > {∅,n} / _# | ^ @ Rule 1, Line 1"
17.12.1.1.6,Vulgar Latin to Old Provençal,176,index_diachronica_original.html:7940,False,syntax_other,broken-syntax,,,"Syntax Error: Expected an IPA character, Primative or Matrix, but received '(' | {rs,rts} {rdz( > rz),rts,rdʒ} | ^ @ Rule 1, Line 2"
17.12.1.1.6,Vulgar Latin to Old Provençal,181,index_diachronica_original.html:7945,False,syntax_other,broken-syntax,,,"Syntax Error: Expected an IPA character, Primative or Matrix, but received '(' | stʃ > {i(t)ʃ,(t)ʃ} | ^ @ Rule 1, Line 1"
17.12.1.1.6,Vulgar Latin to Old Provençal,188,index_diachronica_original.html:7952,False,syntax_other,broken-syntax,,,"Syntax Error: Expected an IPA character, Primative or Matrix, but received '∅' | b > {∅,u} / _rɡ | ^ @ Rule 1, Line 1"
17.12.1.1.6,Vulgar Latin to Old Provençal,190,index_diachronica_original.html:7954,False,syntax_other,broken-syntax,,,"Syntax Error: Expected an IPA character, Primative or Matrix, but received '∅' | b > {∅,b} / _t | ^ @ Rule 1, Line 1"
17.12.1.1.6,Vulgar Latin to Old Provençal,198,index_diachronica_original.html:7962,False,syntax_other,broken-syntax,,,"Syntax Error: Expected an IPA character, Primative or Matrix, but received '∅' | tʃ k > {i,s} {∅,k} / _m | ^ @ Rule 1, Line 1"
17.12.1.1.6,Vulgar Latin to Old Provençal,218,index_diachronica_original.html:7984,False,expected_underscore,asca-unrepresentable,,,"Syntax Error: Expected '_', but received ',' | t > ∅ / _# // , though it tended to drop | ^ @ Rule 1, Line 1"
17.12.1.1.7,Vulgar Latin to Rhaeto-Romance,1,index_diachronica_original.html:7992,False,expected_underscore,asca-unrepresentable,,,"Syntax Error: Expected '_', but received ',' | a > e / stressed, usually when C:[+front,+hi,-lo]_ | ^ @ Rule 1, Line 1"
17.12.1.1.7,Vulgar Latin to Rhaeto-Romance,2,index_diachronica_original.html:7993,False,prose_or_expected_arrow,asca-unrepresentable,,,"Syntax Error: Expected '>', '->' or '=>', but received '' | y | ^ @ Rule 1, Line 2"
17.12.1.1.7,Vulgar Latin to Rhaeto-Romance,3,index_diachronica_original.html:7994,False,syntax_other,broken-syntax,,,"Syntax Error: Expected end of line, received '('. Did you forget a '/' between the output and environment? | a V > e (= /ə/?) / in final syllables | ^ @ Rule 1, Line 1"
17.12.1.1.8,Latin to Romanian,1,index_diachronica_original.html:8006,False,unknown_character,asca-unrepresentable,ː,,"Syntax Error: Unknown character 'ː' | V=0 0 > 0 ː | ^ @ Rule 1, Line 1"
17.12.1.1.8,Latin to Romanian,4,index_diachronica_original.html:8009,False,stuff_after_word_bound,asca-unrepresentable,,,"Syntax Error: Cannot have segments after the end of a word | {m,n,s} > ∅ / _# in polysyllables | ^ @ Rule 1, Line 1"
17.12.1.1.8,Latin to Romanian,32,index_diachronica_original.html:8040,False,syntax_other,broken-syntax,,,"Syntax Error: Expected end of line, received '_'. Did you forget a '/' between the output and environment? | a > ɨ _N ! _{n:[+long],mn} | ^ @ Rule 1, Line 1"
17.12.1.1.8,Latin to Romanian,49,index_diachronica_original.html:8057,False,syntax_other,broken-syntax,,,"Syntax Error: Expected an IPA character, Primative or Matrix, but received '∅' | tʃ {j,∅} | ^ @ Rule 1, Line 2"
17.12.1.1.8,Latin to Romanian,54,index_diachronica_original.html:8062,False,syntax_other,broken-syntax,,,"Syntax Error: Expected end of line, received ':'. Did you forget a '/' between the output and environment? | dj > ʒ / _V:[+back]:[+stress] | ^ @ Rule 1, Line 1"
17.12.1.1.8,Latin to Romanian,61,index_diachronica_original.html:8069,False,unknown_feature,asca-unrepresentable,palatal,latrl,"Syntax Error: Unknown feature 'palatal'. Did you mean latrl? | a > e / C[+palatal]_# | ^^^^^^^^ @ Rule 1, Line 1"
17.12.1.1.8,Latin to Romanian,63,index_diachronica_original.html:8071,False,expected_number,asca-unrepresentable,,,"Syntax Error: Expected number, but received i | e > ə / %:[+stress]…P_(C,0)V# // V = i | ^ @ Rule 1, Line 1"
17.12.1.1.8,Latin to Romanian,67,index_diachronica_original.html:8075,False,unknown_feature,asca-unrepresentable,palatal,latrl,"Syntax Error: Unknown feature 'palatal'. Did you mean latrl? | a > a / #(C,0)V…C[+palatal]_…U:[+stress] | ^^^^^^^^ @ Rule 1, Line 1"
17.12.1.1.8,Latin to Romanian,68,index_diachronica_original.html:8076,False,unknown_grouping,asca-unrepresentable,U,,"Syntax Error: Unknown grouping 'U'. Known groupings are (C)onsonant, (O)bstruent, (S)onorant, (P)losive, (F)ricative, (L)iquid, (N)asal, (G)lide, and (V)owel | a o > ə u / #(C,0)V…_…U:[+stress] | ^ @ Rule 1, Line 1"
17.12.1.1.8,Latin to Romanian,69,index_diachronica_original.html:8077,False,unknown_grouping,asca-unrepresentable,U,,"Syntax Error: Unknown grouping 'U'. Known groupings are (C)onsonant, (O)bstruent, (S)onorant, (P)losive, (F)ricative, (L)iquid, (N)asal, (G)lide, and (V)owel | e > i / #(C,0)V…_n…U:[+stress] | ^ @ Rule 1, Line 1"
17.12.1.1.8,Latin to Romanian,70,index_diachronica_original.html:8078,False,unknown_grouping,asca-unrepresentable,U,,"Syntax Error: Unknown grouping 'U'. Known groupings are (C)onsonant, (O)bstruent, (S)onorant, (P)losive, (F)ricative, (L)iquid, (N)asal, (G)lide, and (V)owel | e > ə / #(C,0)V…{t,d,n}_…U:[+stress] | ^ @ Rule 1, Line 1"
17.12.1.1.8,Latin to Romanian,71,index_diachronica_original.html:8079,False,expected_underscore,asca-unrepresentable,,,"Syntax Error: Expected '_', but received ':' | e > ə / C:[+labial]:[+stress]_(C,0)B | ^ @ Rule 1, Line 1"
17.12.1.1.8,Latin to Romanian,73,index_diachronica_original.html:8081,False,unknown_grouping,asca-unrepresentable,U,,"Syntax Error: Unknown grouping 'U'. Known groupings are (C)onsonant, (O)bstruent, (S)onorant, (P)losive, (F)ricative, (L)iquid, (N)asal, (G)lide, and (V)owel | e > ə / #{r,C:[+labial]}_…U:[+stress] | ^ @ Rule 1, Line 1"
17.12.1.1.8,Latin to Romanian,74,index_diachronica_original.html:8082,False,unknown_grouping,asca-unrepresentable,U,,"Syntax Error: Unknown grouping 'U'. Known groupings are (C)onsonant, (O)bstruent, (S)onorant, (P)losive, (F)ricative, (L)iquid, (N)asal, (G)lide, and (V)owel | o > u / #C…_…U:[+stress] | ^ @ Rule 1, Line 1"
17.12.1.1.8,Latin to Romanian,75,index_diachronica_original.html:8083,False,syntax_other,broken-syntax,,,"Syntax Error: Expected end of line, received '#'. Did you forget a '/' between the output and environment? | a > ə #C(C,0)_…U:[+stress] | ^ @ Rule 1, Line 1"
17.12.1.1.8,Latin to Romanian,77,index_diachronica_original.html:8085,False,unknown_grouping,asca-unrepresentable,R,,"Syntax Error: Unknown grouping 'R'. Known groupings are (C)onsonant, (O)bstruent, (S)onorant, (P)losive, (F)ricative, (L)iquid, (N)asal, (G)lide, and (V)owel | Ci > C:[+cor,+dist] / _# // R…R_# | ^ @ Rule 1, Line 1"
17.12.1.1.9,Latin to Sardinian,33,index_diachronica_original.html:8123,False,expected_underscore,asca-unrepresentable,,,"Syntax Error: Expected '_', but received '' | r > ur:[+long] / #_e // Logudorese | ^ @ Rule 1, Line 1"
17.12.1.1.9,Latin to Sardinian,34,index_diachronica_original.html:8124,False,unknown_grouping,asca-unrepresentable,B,,"Syntax Error: Unknown grouping 'B'. Known groupings are (C)onsonant, (O)bstruent, (S)onorant, (P)losive, (F)ricative, (L)iquid, (N)asal, (G)lide, and (V)owel | r > ar:[+long] / #_(j)B // Logudorese | ^ @ Rule 1, Line 1"
17.12.1.1.10,Vulgar Latin to Spanish,14,index_diachronica_original.html:8143,False,unknown_grouping,asca-unrepresentable,R,,"Syntax Error: Unknown grouping 'R'. Known groupings are (C)onsonant, (O)bstruent, (S)onorant, (P)losive, (F)ricative, (L)iquid, (N)asal, (G)lide, and (V)owel | Raising of e {ɛ,a} ɔ o > i e o u | ^ @ Rule 1, Line 1"
17.12.1.1.10,Vulgar Latin to Spanish,15,index_diachronica_original.html:8144,False,expected_number,asca-unrepresentable,,,"Syntax Error: Expected number, but received p | e > i / _Cj // C = p | ^ @ Rule 1, Line 1"
17.12.1.1.10,Vulgar Latin to Spanish,20,index_diachronica_original.html:8149,False,syntax_other,broken-syntax,,,"Syntax Error: Expected '..', but received .'o' | je:[+stress].o je:[+stress].a > {i:[+stress].o,j:[+stress]o} i:[+stress].a | ^ @ Rule 1, Line 1"
17.12.1.1.10,Vulgar Latin to Spanish,25,index_diachronica_original.html:8154,False,syntax_other,broken-syntax,,,"Syntax Error: Expected an IPA character, Primative or Matrix, but received '∅' | ʝ > {∅,ʒ} | ^ @ Rule 1, Line 1"
17.12.1.1.10,Vulgar Latin to Spanish,27,index_diachronica_original.html:8156,False,syntax_other,broken-syntax,,,"Syntax Error: Expected an IPA character, Primative or Matrix, but received '∅' | d > {∅,ð} / V_V | ^ @ Rule 1, Line 1"
17.12.1.1.10,Vulgar Latin to Spanish,28,index_diachronica_original.html:8157,False,syntax_other,broken-syntax,,,"Syntax Error: Expected an IPA character, Primative or Matrix, but received '∅' | ɡ > {∅,ɣ} / V_V | ^ @ Rule 1, Line 1"
17.12.1.1.10,Vulgar Latin to Spanish,34,index_diachronica_original.html:8163,False,expected_underscore,asca-unrepresentable,,,"Syntax Error: Expected '_', but received '//' | V > ∅ / unstressed // V = a | ^^ @ Rule 1, Line 1"
17.12.1.1.10,Vulgar Latin to Spanish,44,index_diachronica_original.html:8176,False,syntax_other,broken-syntax,,,"Syntax Error: Expected an IPA character, Primative or Matrix, but received '_' | Vdz > ∅ / {nts,ndz,rdz_ | ^ @ Rule 1, Line 1"
17.12.1.1.10,Vulgar Latin to Spanish,57,index_diachronica_original.html:8192,False,syntax_other,broken-syntax,,,"Syntax Error: Feature 'b' has no modifier | /b/ [b], /β/ {[b,β]} > /b/ {[b,β]} | ^ @ Rule 1, Line 1"
17.12.1.1.10,Vulgar Latin to Spanish,63,index_diachronica_original.html:8199,False,syntax_other,broken-syntax,,,"Syntax Error: Expected end of line, received ')'. Did you forget a '/' between the output and environment? | ∅ > h change above) | ^ @ Rule 1, Line 2"
17.12.1.1.10,Vulgar Latin to Spanish,65,index_diachronica_original.html:8201,False,unknown_character,asca-unrepresentable,ð,,"Syntax Error: Unknown character 'ð' | /dɾ/ [ðɾ] > ɾ / V_V | ^ @ Rule 1, Line 1"
17.12.1.1.10,Vulgar Latin to Spanish,66,index_diachronica_original.html:8202,False,syntax_other,broken-syntax,,,"Syntax Error: Output cannot be empty. Use `*` or '∅' to indicate deletion | ʎ > /ʝ/ | ^ @ Rule 1, Line 1"
17.12.1.1.10,Vulgar Latin to Spanish,68,index_diachronica_original.html:8204,False,unknown_character,asca-unrepresentable,ʝ,,"Syntax Error: Unknown character 'ʝ' | /ʝ/ {[ʝ,dʒ]} > {[ʒ,dʒ]} | ^ @ Rule 1, Line 1"
17.12.1.1.10,Vulgar Latin to Spanish,70,index_diachronica_original.html:8206,False,syntax_other,broken-syntax,,,"Syntax Error: Feature 's' has no modifier | {s̪,s} > /s/ [s̪] | ^ @ Rule 1, Line 1"
17.12.1.1.10,Vulgar Latin to Spanish,74,index_diachronica_original.html:8210,False,syntax_other,broken-syntax,,,"Syntax Error: Expected ASCII character, but received ']' | {s̪,s} > θ [θ] | ^ @ Rule 1, Line 1"
17.12.2,Proto-Italic to Proto-Sibellian,1,index_diachronica_original.html:8229,False,unknown_character,asca-unrepresentable,́,,"Syntax Error: Unknown character '́' | kʲ ɡ́ kʷ ɡʷ > k ɡ p b | ^ @ Rule 1, Line 1"
17.12.2,Proto-Italic to Proto-Sibellian,2,index_diachronica_original.html:8230,False,unknown_character,asca-unrepresentable,́,,"Syntax Error: Unknown character '́' | {ɡ́ʰ,x} {ɸ,θ,ɡʷʰ} > h f | ^ @ Rule 1, Line 1"
17.13,Proto-Indo-European to Proto-Tocharian,5,index_diachronica_original.html:8254,False,expected_number,asca-unrepresentable,,,"Syntax Error: Expected number, but received s | C:[-front,+back,+hi,-lo,+round] > C:[-front,+back,+hi,-lo] / _{C,o,a} // C = syllabic | ^ @ Rule 1, Line 1"
17.13,Proto-Indo-European to Proto-Tocharian,8,index_diachronica_original.html:8257,False,unknown_grouping,asca-unrepresentable,E,,"Syntax Error: Unknown grouping 'E'. Known groupings are (C)onsonant, (O)bstruent, (S)onorant, (P)losive, (F)ricative, (L)iquid, (N)asal, (G)lide, and (V)owel | p {ts,k,kʷ} m n l r y > pj sʲ ʂ mj ɲ lj rj wj / _{E,E:,y} | ^ @ Rule 1, Line 1"
17.13,Proto-Indo-European to Proto-Tocharian,9,index_diachronica_original.html:8258,False,unknown_grouping,asca-unrepresentable,E,,"Syntax Error: Unknown grouping 'E'. Known groupings are (C)onsonant, (O)bstruent, (S)onorant, (P)losive, (F)ricative, (L)iquid, (N)asal, (G)lide, and (V)owel | {t,dʱ} > tʲ / _E:[+long] | ^ @ Rule 1, Line 1"
17.13,Proto-Indo-European to Proto-Tocharian,11,index_diachronica_original.html:8260,False,unknown_grouping,asca-unrepresentable,D,,"Syntax Error: Unknown grouping 'D'. Known groupings are (C)onsonant, (O)bstruent, (S)onorant, (P)losive, (F)ricative, (L)iquid, (N)asal, (G)lide, and (V)owel | {D,Dʱ} > P:[-voice] | ^ @ Rule 1, Line 1"
17.13,Proto-Indo-European to Proto-Tocharian,13,index_diachronica_original.html:8262,False,unknown_grouping,asca-unrepresentable,R,,"Syntax Error: Unknown grouping 'R'. Known groupings are (C)onsonant, (O)bstruent, (S)onorant, (P)losive, (F)ricative, (L)iquid, (N)asal, (G)lide, and (V)owel | [+son,-syll] [-place] > uR ɨ / C_{C,#} when syllabic | ^ @ Rule 1, Line 1"
17.13,Proto-Indo-European to Proto-Tocharian,14,index_diachronica_original.html:8263,False,unknown_grouping,asca-unrepresentable,H,,"Syntax Error: Unknown grouping 'H'. Known groupings are (C)onsonant, (O)bstruent, (S)onorant, (P)losive, (F)ricative, (L)iquid, (N)asal, (G)lide, and (V)owel | [+son,-syll] Hn̩ > ɛR ɨn / #_C | ^ @ Rule 1, Line 1"
17.13,Proto-Indo-European to Proto-Tocharian,15,index_diachronica_original.html:8264,False,expected_number,asca-unrepresentable,,,"Syntax Error: Expected number, but received s | [-place] > ɛ / _[+son,-syll], when [+son,-syll] = syllabic | ^ @ Rule 1, Line 1"
17.13,Proto-Indo-European to Proto-Tocharian,19,index_diachronica_original.html:8268,False,unknown_grouping,asca-unrepresentable,H,,"Syntax Error: Unknown grouping 'H'. Known groupings are (C)onsonant, (O)bstruent, (S)onorant, (P)losive, (F)ricative, (L)iquid, (N)asal, (G)lide, and (V)owel | {ex,aH} a:[+long] > a:[+long] ɔ | ^ @ Rule 1, Line 1"
17.13,Proto-Indo-European to Proto-Tocharian,21,index_diachronica_original.html:8270,False,unknown_grouping,asca-unrepresentable,H,,"Syntax Error: Unknown grouping 'H'. Known groupings are (C)onsonant, (O)bstruent, (S)onorant, (P)losive, (F)ricative, (L)iquid, (N)asal, (G)lide, and (V)owel | {eɣʷ,oH} > o:[+long] | ^ @ Rule 1, Line 1"
17.13,Proto-Indo-European to Proto-Tocharian,22,index_diachronica_original.html:8271,False,syntax_other,broken-syntax,,,"Syntax Error: Expected ':', but received 'y' | o:[+long](s,y) o:[+long]n > u {u,õ} | ^ @ Rule 1, Line 1"
17.13,Proto-Indo-European to Proto-Tocharian,25,index_diachronica_original.html:8275,False,panic_other,broken-syntax,,,thread panicked
17.13,Proto-Indo-European to Proto-Tocharian,33,index_diachronica_original.html:8283,False,unknown_grouping,asca-unrepresentable,H,,"Syntax Error: Unknown grouping 'H'. Known groupings are (C)onsonant, (O)bstruent, (S)onorant, (P)losive, (F)ricative, (L)iquid, (N)asal, (G)lide, and (V)owel | eH > e:[+long] | ^ @ Rule 1, Line 1"
17.13.1,Proto-Tocharian to Tocharian A,2,index_diachronica_original.html:8295,False,syntax_other,broken-syntax,,,"Syntax Error: Expected end of line, received 'ʲ'. Did you forget a '/' between the output and environment? | C:[+cor,+dist]j > Cʲ:[+long] | ^ @ Rule 1, Line 1"
17.13.1,Proto-Tocharian to Tocharian A,4,index_diachronica_original.html:8297,False,expected_number,asca-unrepresentable,,,"Syntax Error: Expected number, but received V | V > j / V_nʲtʲ // V = V:[+front] | ^ @ Rule 1, Line 1"
17.13.1,Proto-Tocharian to Tocharian A,12,index_diachronica_original.html:8305,False,runtime_delete_only_segment,broken-syntax,,,Runtime Error: Can't delete a word's only segment
18.1.1,Pre-Bakairi to Eastern Bakairi,0,index_diachronica_original.html:8332,False,unknown_character,asca-unrepresentable,ṽ,,"Syntax Error: Unknown character 'ṽ' | VNV > ṽṽ // _(C)# | ^ @ Rule 1, Line 1"
18.1.1,Pre-Bakairi to Eastern Bakairi,1,index_diachronica_original.html:8333,False,unknown_feature,asca-unrepresentable,fricative,rhotic,"Syntax Error: Unknown feature 'fricative'. Did you mean rhotic? | ʔ > ∅ / _C[+ fricative -voice] | ^^^^^^^^^^^^ @ Rule 1, Line 1"
18.1.1,Pre-Bakairi to Eastern Bakairi,2,index_diachronica_original.html:8334,False,expected_underscore,asca-unrepresentable,,,"Syntax Error: Expected '_', but received '' | ɾ > ∅ / V_V, when neither vowel is stressed | ^ @ Rule 1, Line 1"
18.1.2,Pre-Bakairi to Western Bakairi,0,index_diachronica_original.html:8339,False,unknown_character,asca-unrepresentable,ṽ,,"Syntax Error: Unknown character 'ṽ' | V[- stress]NV > ṽṽ | ^ @ Rule 1, Line 1"
18.1.2,Pre-Bakairi to Western Bakairi,3,index_diachronica_original.html:8342,False,unknown_feature,asca-unrepresentable,fricative,rhotic,"Syntax Error: Unknown feature 'fricative'. Did you mean rhotic? | C[+ fricative -voice] > ∅ / ʔ_ | ^^^^^^^^^^^^ @ Rule 1, Line 1"
18.1.2,Pre-Bakairi to Western Bakairi,7,index_diachronica_original.html:8346,False,expected_underscore,asca-unrepresentable,,,"Syntax Error: Expected '_', but received '' | ɾ > ∅ / V_V, where at least one of the vowels is nasalized | ^ @ Rule 1, Line 1"
18.2.1,Proto-Ofaié-Jê to Proto-Jê,0,index_diachronica_original.html:8354,False,unknown_character,asca-unrepresentable,ṽ,,"Syntax Error: Unknown character 'ṽ' | Vm > ṽ / _# | ^ @ Rule 1, Line 1"
18.2.2,Proto-Ofaié-Jê to Ofaié-Xavante,1,index_diachronica_original.html:8364,False,panic_other,broken-syntax,,,thread panicked
18.2.2,Proto-Ofaié-Jê to Ofaié-Xavante,2,index_diachronica_original.html:8365,False,unknown_character,asca-unrepresentable,ṽ,,"Syntax Error: Unknown character 'ṽ' | ɲV > jṽ | ^ @ Rule 1, Line 1"
18.3.1,Proto-Tuparí to Makuráp,2,index_diachronica_original.html:8401,False,expected_underscore,asca-unrepresentable,,,"Syntax Error: Expected '_', but received '' | t > ∅ / else | ^ @ Rule 1, Line 1"
18.3.1,Proto-Tuparí to Makuráp,13,index_diachronica_original.html:8412,False,syntax_other,broken-syntax,,,"Syntax Error: Expected an IPA character, Primative or Matrix, but received '∅' | ð > {∅,c} / else | ^ @ Rule 1, Line 1"
18.3.1,Proto-Tuparí to Makuráp,14,index_diachronica_original.html:8413,False,syntax_other,broken-syntax,,,"Syntax Error: Expected an IPA character, Primative or Matrix, but received '∅' | j ŋʷ m n > ɲ m {m,p} {∅,t} / _V[+nas] | ^ @ Rule 1, Line 1"
18.3.1,Proto-Tuparí to Makuráp,18,index_diachronica_original.html:8417,False,unknown_character,asca-unrepresentable,ı,,"Syntax Error: Unknown character 'ı' | {a/e} {e/a} {ı̃,ẽ} > e a ẽ | ^ @ Rule 1, Line 1"
18.3.2,Proto-Tuparí to Mekens,2,index_diachronica_original.html:8424,False,expected_underscore,asca-unrepresentable,,,"Syntax Error: Expected '_', but received '' | k > ɡ / in %[+stress] | ^ @ Rule 1, Line 1"
18.3.2,Proto-Tuparí to Mekens,12,index_diachronica_original.html:8434,False,expected_underscore,asca-unrepresentable,,,"Syntax Error: Expected '_', but received '' | ð > h / else | ^ @ Rule 1, Line 1"
18.3.2,Proto-Tuparí to Mekens,16,index_diachronica_original.html:8438,False,expected_underscore,asca-unrepresentable,,,"Syntax Error: Expected '_', but received '' | ɨ > ∅ / else | ^ @ Rule 1, Line 1"
18.3.2,Proto-Tuparí to Mekens,17,index_diachronica_original.html:8439,False,nested_brackets,asca-unrepresentable,,,"Syntax Error: Cannot have nested brackets of the same type | {{a/e},{e/a}} {ı̃,ẽ} > a ẽ | ^ @ Rule 1, Line 1"
18.3.3,Proto-Tuparí to Tuparí,5,index_diachronica_original.html:8449,False,expected_underscore,asca-unrepresentable,,,"Syntax Error: Expected '_', but received '' | {ndz,dz,ts} > t / else | ^ @ Rule 1, Line 1"
18.3.3,Proto-Tuparí to Tuparí,13,index_diachronica_original.html:8457,False,syntax_other,broken-syntax,,,"Syntax Error: Expected an IPA character, Primative or Matrix, but received '/' | {a/e} > e | ^ @ Rule 1, Line 1"
18.3.4,Proto-Tuparí to Wayoró,3,index_diachronica_original.html:8465,False,expected_underscore,asca-unrepresentable,,,"Syntax Error: Expected '_', but received '' | k > ɡ / in %[+stress] | ^ @ Rule 1, Line 1"
18.3.4,Proto-Tuparí to Wayoró,14,index_diachronica_original.html:8476,False,unknown_character,asca-unrepresentable,ı,,"Syntax Error: Unknown character 'ı' | {a/e} {e/a} {ı̃,ẽ} > a e ı̃ | ^ @ Rule 1, Line 1"
18.4.1,Proto-Tupí-Guaraní to Akwára,1,index_diachronica_original.html:8485,False,unknown_character,asca-unrepresentable,ı,,"Syntax Error: Unknown character 'ı' | t > tʃ / _{i,ı̃} | ^ @ Rule 1, Line 1"
18.4.1,Proto-Tupí-Guaraní to Akwára,2,index_diachronica_original.html:8486,False,syntax_other,broken-syntax,,,"Syntax Error: Expected an IPA character, Primative or Matrix, but received '∅' | k b r > {ŋ,∅} {w,m} {n,r,t} / _# | ^ @ Rule 1, Line 1"
18.4.1,Proto-Tupí-Guaraní to Akwára,4,index_diachronica_original.html:8488,False,syntax_other,broken-syntax,,,"Syntax Error: Expected an IPA character, Primative or Matrix, but received '∅' | ts > {h,∅} | ^ @ Rule 1, Line 1"
18.4.1,Proto-Tupí-Guaraní to Akwára,11,index_diachronica_original.html:8495,False,unknown_character,asca-unrepresentable,ı,,"Syntax Error: Unknown character 'ı' | {ẽ,ı̃} ɨ̃ {u,ũ,õ} > i ɨ o | ^ @ Rule 1, Line 1"
18.4.2,Proto-Tupí-Guaraní to Cocama,1,index_diachronica_original.html:8501,False,unknown_character,asca-unrepresentable,ı,,"Syntax Error: Unknown character 'ı' | t > tʃ / _{i,ı̃} | ^ @ Rule 1, Line 1"
18.4.2,Proto-Tupí-Guaraní to Cocama,3,index_diachronica_original.html:8503,False,expected_underscore,asca-unrepresentable,,,"Syntax Error: Expected '_', but received '' | ∅ > i / j_#, in monosyllables | ^ @ Rule 1, Line 1"
18.4.2,Proto-Tupí-Guaraní to Cocama,4,index_diachronica_original.html:8504,False,expected_underscore,asca-unrepresentable,,,"Syntax Error: Expected '_', but received '' | j > i / _#, in polysyllables | ^ @ Rule 1, Line 1"
18.4.2,Proto-Tupí-Guaraní to Cocama,6,index_diachronica_original.html:8506,False,expected_underscore,asca-unrepresentable,,,"Syntax Error: Expected '_', but received '' | b > w / else | ^ @ Rule 1, Line 1"
18.4.2,Proto-Tupí-Guaraní to Cocama,13,index_diachronica_original.html:8513,False,unknown_character,asca-unrepresentable,ı,,"Syntax Error: Unknown character 'ı' | ã {ẽ,ı̃} ɨ̃ > a i | ^ @ Rule 1, Line 1"
18.4.2,Proto-Tupí-Guaraní to Cocama,16,index_diachronica_original.html:8516,False,unknown_character,asca-unrepresentable,ː,,"Syntax Error: Unknown character 'ː' | V=0 ʔ0 > 0 ː | ^ @ Rule 1, Line 1"
18.4.3,Proto-Tupí-Guaraní to Guajajara,0,index_diachronica_original.html:8521,False,unknown_character,asca-unrepresentable,ı,,"Syntax Error: Unknown character 'ı' | t > ts / _{i,ı̃} | ^ @ Rule 1, Line 1"
18.4.3,Proto-Tupí-Guaraní to Guajajara,1,index_diachronica_original.html:8522,False,syntax_other,broken-syntax,,,"Syntax Error: Expected an IPA character, Primative or Matrix, but received '∅' | ts > {h,∅} | ^ @ Rule 1, Line 1"
18.4.3,Proto-Tupí-Guaraní to Guajajara,3,index_diachronica_original.html:8524,False,expected_underscore,asca-unrepresentable,,,"Syntax Error: Expected '_', but received '' | b > w / else | ^ @ Rule 1, Line 1"
18.4.3,Proto-Tupí-Guaraní to Guajajara,6,index_diachronica_original.html:8527,False,syntax_other,broken-syntax,,,"Syntax Error: Cannot have segments before the beginning of a word | a > ə / if N in %# | ^ @ Rule 1, Line 1"
18.4.3,Proto-Tupí-Guaraní to Guajajara,8,index_diachronica_original.html:8529,False,unknown_character,asca-unrepresentable,ı,,"Syntax Error: Unknown character 'ı' | ã ẽ ı̃ ɨ̃ {õ,ũ} > ə e i ɨ o | ^ @ Rule 1, Line 1"
18.4.4,Proto-Tupí-Guaraní to Guaraní,1,index_diachronica_original.html:8535,False,unknown_character,asca-unrepresentable,ı,,"Syntax Error: Unknown character 'ı' | t > tʃ / _{i,ı̃} | ^ @ Rule 1, Line 1"
18.4.4,Proto-Tupí-Guaraní to Guaraní,3,index_diachronica_original.html:8537,False,syntax_other,broken-syntax,,,"Syntax Error: Expected an IPA character, Primative or Matrix, but received '∅' | ts > {tʃ,∅} | ^ @ Rule 1, Line 1"
18.4.5,Proto-Tupí-Guaraní to Guarayo,1,index_diachronica_original.html:8547,False,unknown_character,asca-unrepresentable,ı,,"Syntax Error: Unknown character 'ı' | t > tʃ / _{i,ı̃} | ^ @ Rule 1, Line 1"
18.4.5,Proto-Tupí-Guaraní to Guarayo,2,index_diachronica_original.html:8548,False,syntax_other,broken-syntax,,,"Syntax Error: Expected an IPA character, Primative or Matrix, but received '∅' | {b,k} r > {r,∅} / _# | ^ @ Rule 1, Line 1"
18.4.5,Proto-Tupí-Guaraní to Guarayo,3,index_diachronica_original.html:8549,False,syntax_other,broken-syntax,,,"Syntax Error: Expected an IPA character, Primative or Matrix, but received '∅' | ʔ ts > {ʔ,∅} {ts,tʃ} | ^ @ Rule 1, Line 1"
18.4.5,Proto-Tupí-Guaraní to Guarayo,5,index_diachronica_original.html:8551,False,unknown_character,asca-unrepresentable,ı,,"Syntax Error: Unknown character 'ı' | aN eN iN ɨN uN > ã ẽ ı̃ ɨ̃ ũ / _# | ^ @ Rule 1, Line 1"
18.4.6,Proto-Tupí-Guaraní to Kamayurá,1,index_diachronica_original.html:8558,False,unknown_character,asca-unrepresentable,ı,,"Syntax Error: Unknown character 'ı' | t > tʃ / _{i,ı̃} | ^ @ Rule 1, Line 1"
18.4.6,Proto-Tupí-Guaraní to Kamayurá,2,index_diachronica_original.html:8559,False,syntax_other,broken-syntax,,,"Syntax Error: Expected an IPA character, Primative or Matrix, but received '∅' | ts > {h,j,∅} | ^ @ Rule 1, Line 1"
18.4.6,Proto-Tupí-Guaraní to Kamayurá,4,index_diachronica_original.html:8561,False,expected_underscore,asca-unrepresentable,,,"Syntax Error: Expected '_', but received '' | b > w / else | ^ @ Rule 1, Line 1"
18.4.7,Proto-Tupí-Guaraní to Parintintín,0,index_diachronica_original.html:8569,False,syntax_other,broken-syntax,,,"Syntax Error: Expected an IPA character, Primative or Matrix, but received '∅' | k > {ŋ,∅} / _# | ^ @ Rule 1, Line 1"
18.4.7,Proto-Tupí-Guaraní to Parintintín,1,index_diachronica_original.html:8570,False,syntax_other,broken-syntax,,,"Syntax Error: Expected an IPA character, Primative or Matrix, but received '∅' | ts > {h,∅} | ^ @ Rule 1, Line 1"
18.4.7,Proto-Tupí-Guaraní to Parintintín,4,index_diachronica_original.html:8573,False,syntax_other,broken-syntax,,,"Syntax Error: Expected an IPA character, Primative or Matrix, but received '∅' | b r > {b,∅} {r,t} / _# | ^ @ Rule 1, Line 1"
18.4.7,Proto-Tupí-Guaraní to Parintintín,6,index_diachronica_original.html:8575,False,unknown_character,asca-unrepresentable,ı,,"Syntax Error: Unknown character 'ı' | eN > ı̃ / _# | ^ @ Rule 1, Line 1"
18.4.7,Proto-Tupí-Guaraní to Parintintín,7,index_diachronica_original.html:8576,False,unknown_character,asca-unrepresentable,ı,,"Syntax Error: Unknown character 'ı' | ẽ ı̃ ũ > {ẽ,e} {ı̃,i} {ũ,õ} | ^ @ Rule 1, Line 1"
18.4.8,Proto-Tupí-Guaraní to Sirionó,0,index_diachronica_original.html:8581,False,syntax_other,broken-syntax,,,"Syntax Error: Expected an IPA character, Primative or Matrix, but received '∅' | p > {h,∅} / _{u,o} | ^ @ Rule 1, Line 1"
18.4.8,Proto-Tupí-Guaraní to Sirionó,1,index_diachronica_original.html:8582,False,syntax_other,broken-syntax,,,"Syntax Error: Expected an IPA character, Primative or Matrix, but received '∅' | p > {k,∅} / _w | ^ @ Rule 1, Line 1"
18.4.8,Proto-Tupí-Guaraní to Sirionó,2,index_diachronica_original.html:8583,False,expected_underscore,asca-unrepresentable,,,"Syntax Error: Expected '_', but received '' | p > h / else | ^ @ Rule 1, Line 1"
18.4.8,Proto-Tupí-Guaraní to Sirionó,3,index_diachronica_original.html:8584,False,unknown_character,asca-unrepresentable,ı,,"Syntax Error: Unknown character 'ı' | t > {ts,tʃ} / _{i,ı̃} | ^ @ Rule 1, Line 1"
18.4.8,Proto-Tupí-Guaraní to Sirionó,10,index_diachronica_original.html:8591,False,expected_underscore,asca-unrepresentable,,,"Syntax Error: Expected '_', but received '' | j > {ɲ,tʃ} / else | ^ @ Rule 1, Line 1"
18.4.8,Proto-Tupí-Guaraní to Sirionó,13,index_diachronica_original.html:8594,False,syntax_other,broken-syntax,,,"Syntax Error: Expected an IPA character, Primative or Matrix, but received '∅' | a > {∅,o,e} / _j# | ^ @ Rule 1, Line 1"
18.4.8,Proto-Tupí-Guaraní to Sirionó,15,index_diachronica_original.html:8596,False,unknown_character,asca-unrepresentable,ı,,"Syntax Error: Unknown character 'ı' | aN eN iN ɨN uN > ã ẽ ı̃ {ɨ̃,ĩ} õ / _# | ^ @ Rule 1, Line 1"
18.4.9,Proto-Tupí-Guaraní to Classical Tupi,0,index_diachronica_original.html:8602,False,unknown_character,asca-unrepresentable,ı,,"Syntax Error: Unknown character 'ı' | t > tʃ / _{i,ı̃} | ^ @ Rule 1, Line 1"
18.4.9,Proto-Tupí-Guaraní to Classical Tupi,2,index_diachronica_original.html:8604,False,unknown_character,asca-unrepresentable,ı,,"Syntax Error: Unknown character 'ı' | i > ı̃ / ʔ_# | ^ @ Rule 1, Line 1"
18.4.9.1.2,Proto-Monde to Proto-Cinta Larga-Suruí-Zoró,0,index_diachronica_original.html:8618,False,unknown_character,asca-unrepresentable,ṽ,,"Syntax Error: Unknown character 'ṽ' | V > ṽ / _h | ^ @ Rule 1, Line 1"
18.4.10,Proto-Tupí-Guaraní to Urubu,1,index_diachronica_original.html:8649,False,unknown_character,asca-unrepresentable,ı,,"Syntax Error: Unknown character 'ı' | t > ʃ / _{i,ı̃} | ^ @ Rule 1, Line 1"
18.4.10,Proto-Tupí-Guaraní to Urubu,2,index_diachronica_original.html:8650,False,syntax_other,broken-syntax,,,"Syntax Error: Expected an IPA character, Primative or Matrix, but received '∅' | k > {k,∅} / _# | ^ @ Rule 1, Line 1"
18.4.10,Proto-Tupí-Guaraní to Urubu,3,index_diachronica_original.html:8651,False,expected_underscore,asca-unrepresentable,,,"Syntax Error: Expected '_', but received '' | k > {k,ʃ} / else | ^ @ Rule 1, Line 1"
18.4.10,Proto-Tupí-Guaraní to Urubu,8,index_diachronica_original.html:8656,False,expected_underscore,asca-unrepresentable,,,"Syntax Error: Expected '_', but received '' | b > w / else | ^ @ Rule 1, Line 1"
18.4.10,Proto-Tupí-Guaraní to Urubu,11,index_diachronica_original.html:8659,False,unknown_character,asca-unrepresentable,ı,,"Syntax Error: Unknown character 'ı' | aN iN uN > {aN,ã} ı̃ {uN,ũ} / _# | ^ @ Rule 1, Line 1"
20.1.1,Proto-Khoe to Ç̬Ana,0,index_diachronica_original.html:8726,False,syntax_other,broken-syntax,,,"Syntax Error: Could not get value of IPA 'ǀ'. | ǀ̃ > ǂ̃n | ^ @ Rule 1, Line 1"
20.1.1,Proto-Khoe to Ç̬Ana,1,index_diachronica_original.html:8727,False,syntax_other,broken-syntax,,,"Syntax Error: Could not get value of IPA 'ǃ'. | ! > {!,k} | ^ @ Rule 1, Line 1"
20.1.1,Proto-Khoe to Ç̬Ana,2,index_diachronica_original.html:8728,False,syntax_other,broken-syntax,,,"Syntax Error: Could not get value of IPA 'ǃ'. | !x > x | ^ @ Rule 1, Line 1"
20.1.1,Proto-Khoe to Ç̬Ana,3,index_diachronica_original.html:8729,False,syntax_other,broken-syntax,,,"Syntax Error: Could not get value of IPA 'ǃ'. | !̬ > ɡ | ^ @ Rule 1, Line 1"
20.1.1,Proto-Khoe to Ç̬Ana,4,index_diachronica_original.html:8730,False,syntax_other,broken-syntax,,,"Syntax Error: Could not get value of IPA 'ǃ'. | !̃ > ŋ | ^ @ Rule 1, Line 1"
20.1.2,Proto-Khoe to ÇAni,0,index_diachronica_original.html:8737,False,syntax_other,broken-syntax,,,"Syntax Error: Could not get value of IPA 'ǀ'. | ǀ̃ > ǂ̃n | ^ @ Rule 1, Line 1"
20.1.2,Proto-Khoe to ÇAni,1,index_diachronica_original.html:8738,False,syntax_other,broken-syntax,,,"Syntax Error: Could not get value of IPA 'ǃ'. | ! !̬ !̃ > {!,k} {!̬,ɡ} {!̃(n),ŋɡ} | ^ @ Rule 1, Line 1"
20.1.2,Proto-Khoe to ÇAni,2,index_diachronica_original.html:8739,False,syntax_other,broken-syntax,,,"Syntax Error: Could not get value of IPA 'ǃ'. | !x > {!x,x} | ^ @ Rule 1, Line 1"
20.1.3,Proto-Khoe to Buga,0,index_diachronica_original.html:8747,False,syntax_other,broken-syntax,,,"Syntax Error: Could not get value of IPA 'ǀ'. | ǀ̃ > ǂ̃ | ^ @ Rule 1, Line 1"
20.1.3,Proto-Khoe to Buga,1,index_diachronica_original.html:8748,False,syntax_other,broken-syntax,,,"Syntax Error: Could not get value of IPA 'ǃ'. | ! !ˀ !̬ !̃ > k ɡ ŋɡ | ^ @ Rule 1, Line 1"
20.1.3,Proto-Khoe to Buga,2,index_diachronica_original.html:8749,False,syntax_other,broken-syntax,,,"Syntax Error: Could not get value of IPA 'ǃ'. | !x > x | ^ @ Rule 1, Line 1"
20.1.3,Proto-Khoe to Buga,3,index_diachronica_original.html:8750,False,syntax_other,broken-syntax,,,"Syntax Error: Could not get value of IPA 'ǃ'. | !̃n > {ŋɡj,!̃} | ^ @ Rule 1, Line 1"
20.1.4,Proto-Khoe to Kxoe,0,index_diachronica_original.html:8757,False,syntax_other,broken-syntax,,,"Syntax Error: Could not get value of IPA 'ǃ'. | !̃ > ǂ̃ | ^ @ Rule 1, Line 1"
20.1.4,Proto-Khoe to Kxoe,1,index_diachronica_original.html:8758,False,syntax_other,broken-syntax,,,"Syntax Error: Could not get value of IPA 'ǃ'. | ! !ˀ ! !̃ > k ɡ ŋɡ | ^ @ Rule 1, Line 1"
20.1.4,Proto-Khoe to Kxoe,2,index_diachronica_original.html:8759,False,syntax_other,broken-syntax,,,"Syntax Error: Could not get value of IPA 'ǃ'. | !x !̃n > x {ŋɡj,!̃} | ^ @ Rule 1, Line 1"
20.1.5,Proto-Khoe to Nama,1,index_diachronica_original.html:8768,False,syntax_other,broken-syntax,,,"Syntax Error: Could not get value of IPA 'ǀ'. | {ǀˀ,ǀx:[+cg]} > ǀ | ^ @ Rule 1, Line 1"
20.1.5,Proto-Khoe to Nama,2,index_diachronica_original.html:8769,False,syntax_other,broken-syntax,,,"Syntax Error: Could not get value of IPA 'ǀ'. | ǀ̃ > {ǂ̃,ǂ} | ^ @ Rule 1, Line 1"
20.1.5,Proto-Khoe to Nama,3,index_diachronica_original.html:8770,False,syntax_other,broken-syntax,,,"Syntax Error: Could not get value of IPA 'ǃ'. | ! !ˀ !̃n > {!ɡ,!̃} | ^ @ Rule 1, Line 1"
20.1.5,Proto-Khoe to Nama,4,index_diachronica_original.html:8771,False,syntax_other,broken-syntax,,,"Syntax Error: Could not get value of IPA 'ǂ'. | ǂ {ǂ̃n,ǂˀ,ǂx:[+cg]} > ǂɡ ǂ | ^ @ Rule 1, Line 1"
20.1.5,Proto-Khoe to Nama,5,index_diachronica_original.html:8772,False,syntax_other,broken-syntax,,,"Syntax Error: Could not get value of IPA 'ǁ'. | {ǁˀ,ǁx:[+cg]} > ǁ | ^ @ Rule 1, Line 1"
20.1.6,Proto-Khoe to Naro,0,index_diachronica_original.html:8778,False,syntax_other,broken-syntax,,,"Syntax Error: Could not get value of IPA 'ǀ'. | ǀ̃ > ǂ̃ | ^ @ Rule 1, Line 1"
20.1.7,Proto-Khoe to !Ora,0,index_diachronica_original.html:8785,False,syntax_other,broken-syntax,,,"Syntax Error: Could not get value of IPA 'ǀ'. | ǀ̃ > ǂ̃ | ^ @ Rule 1, Line 1"
20.1.7,Proto-Khoe to !Ora,1,index_diachronica_original.html:8786,False,syntax_other,broken-syntax,,,"Syntax Error: Could not get value of IPA 'ǃ'. | ! !̃n > ! !̃ | ^ @ Rule 1, Line 1"
20.1.7,Proto-Khoe to !Ora,2,index_diachronica_original.html:8787,False,syntax_other,broken-syntax,,,"Syntax Error: Could not get value of IPA 'ǂ'. | ǂ̃n > ǂ | ^ @ Rule 1, Line 1"
20.1.7,Proto-Khoe to !Ora,3,index_diachronica_original.html:8788,False,syntax_other,broken-syntax,,,"Syntax Error: Could not get value of IPA 'ǁ'. | ǁˀ > {ǁˀ,ǁ} | ^ @ Rule 1, Line 1"
20.1.8,Proto-Khoe to Teti,0,index_diachronica_original.html:8794,False,syntax_other,broken-syntax,,,"Syntax Error: Could not get value of IPA 'ǀ'. | ǀ̃ > j | ^ @ Rule 1, Line 1"
20.1.8,Proto-Khoe to Teti,1,index_diachronica_original.html:8795,False,syntax_other,broken-syntax,,,"Syntax Error: Could not get value of IPA 'ǃ'. | ! !ˀ !̬ !̃(n) !x > k ɡ ŋ x | ^ @ Rule 1, Line 1"
20.1.8,Proto-Khoe to Teti,2,index_diachronica_original.html:8796,False,syntax_other,broken-syntax,,,"Syntax Error: Could not get value of IPA 'ǂ'. | ǂ ǂ̃n ǂˀ > c ɲ ʔj | ^ @ Rule 1, Line 1"
20.1.8,Proto-Khoe to Teti,3,index_diachronica_original.html:8797,False,syntax_other,broken-syntax,,,"Syntax Error: Could not get value of IPA 'ǁ'. | ǁˀ ǁx:[+cg] > {ǁˀ,∅} ǁˀ | ^ @ Rule 1, Line 1"
20.1.9,Proto-Khoe to TsÊixa,0,index_diachronica_original.html:8805,False,syntax_other,broken-syntax,,,"Syntax Error: Could not get value of IPA 'ǀ'. | {ǀ̃,ǀ̃n} ǀx:[+cg] > j ǀˀ | ^ @ Rule 1, Line 1"
20.1.9,Proto-Khoe to TsÊixa,1,index_diachronica_original.html:8806,False,syntax_other,broken-syntax,,,"Syntax Error: Could not get value of IPA 'ǃ'. | ! !ˀ !̬ !̃(n) !x > k ɡ ŋɡ x | ^ @ Rule 1, Line 1"
20.1.9,Proto-Khoe to TsÊixa,2,index_diachronica_original.html:8807,False,syntax_other,broken-syntax,,,"Syntax Error: Could not get value of IPA 'ǂ'. | ǂ̃n ǂx:[+cg] > ɲ ǂˀ | ^ @ Rule 1, Line 1"
20.1.9,Proto-Khoe to TsÊixa,3,index_diachronica_original.html:8808,False,syntax_other,broken-syntax,,,"Syntax Error: Could not get value of IPA 'ǁ'. | ǁx:[+cg] > ǁˀ | ^ @ Rule 1, Line 1"
20.1.10,Proto-Khoe to Ç̬Ui,0,index_diachronica_original.html:8816,False,syntax_other,broken-syntax,,,"Syntax Error: Could not get value of IPA 'ǀ'. | ǀ̃ > ǂ̃n | ^ @ Rule 1, Line 1"
20.1.10,Proto-Khoe to Ç̬Ui,1,index_diachronica_original.html:8817,False,syntax_other,broken-syntax,,,"Syntax Error: Could not get value of IPA 'ǃ'. | !̃ !x > !̃(n) {!x,x} | ^ @ Rule 1, Line 1"
20.2.1,Proto-Kx’a to ÇHoan,5,index_diachronica_original.html:8834,False,syntax_other,broken-syntax,,,"Syntax Error: Expected an IPA character, Primative or Matrix, but received '_' | o > ∅ / {a_,aC_} | ^ @ Rule 1, Line 1"
20.2.1,Proto-Kx’a to ÇHoan,8,index_diachronica_original.html:8837,False,syntax_other,broken-syntax,,,"Syntax Error: Could not get value of IPA 'ǃ'. | !! > ǁ | ^ @ Rule 1, Line 1"
20.2.1,Proto-Kx’a to ÇHoan,9,index_diachronica_original.html:8838,False,unknown_character,asca-unrepresentable,͡,,"Syntax Error: Unknown character '͡' | ⁿQʰ Q͡ɢ > {C:[-front:[+spread],+back:[+spread],-hi:[+spread],-lo]:[+spread],[+click]:[+spread]} {C:[-front,+back,-hi,-lo],[+click]} | ^ @ Rule 1, Line 1"
20.2.2,Proto-Kx’a to Northwestern !Xun,11,index_diachronica_original.html:8855,False,syntax_other,broken-syntax,,,"Syntax Error: Could not get value of IPA 'ǃ'. | !! ʘ > ǁ ǀ | ^ @ Rule 1, Line 1"
20.2.2,Proto-Kx’a to Northwestern !Xun,12,index_diachronica_original.html:8856,False,syntax_other,broken-syntax,,,"Syntax Error: Could not get value of IPA 'ǂ'. | ǂ > !! | ^ @ Rule 1, Line 1"
20.2.3,Proto-Kx’a to Southeastern !Xun,11,index_diachronica_original.html:8873,False,syntax_other,broken-syntax,,,"Syntax Error: Could not get value of IPA 'ǃ'. | !! ʘ > ǁ ǀ | ^ @ Rule 1, Line 1"
20.2.3,Proto-Kx’a to Southeastern !Xun,12,index_diachronica_original.html:8874,False,unknown_grouping,asca-unrepresentable,Q,,"Syntax Error: Unknown grouping 'Q'. Known groupings are (C)onsonant, (O)bstruent, (S)onorant, (P)losive, (F)ricative, (L)iquid, (N)asal, (G)lide, and (V)owel | ʔ > ∅ / _nQ | ^ @ Rule 1, Line 1"
20.2.3,Proto-Kx’a to Southeastern !Xun,13,index_diachronica_original.html:8875,False,unknown_character,asca-unrepresentable,͜,,"Syntax Error: Unknown character '͜' | ⁿQʰ {ǀʰ͜q,ǀʰ͜ɢ} Q͡q > ⁿQ(ʰ) ⁿǀʰ {C:[-front,+back,-hi,-lo],[+click]}[+voice] | ^ @ Rule 1, Line 1"
21.1,Proto-Lakes Plain to Proto-Far West,4,index_diachronica_original.html:8901,False,runtime_delete_only_segment,broken-syntax,,,Runtime Error: Can't delete a word's only segment
21.1.1,Proto-Far West to Awera,2,index_diachronica_original.html:8909,False,syntax_other,broken-syntax,,,"Syntax Error: Expected an IPA character, Primative or Matrix, but received '∅' | b d ɡ > {β,w} {ɾ,∅} ɣ / V_V | ^ @ Rule 1, Line 1"
21.2.1,Proto-Tariku to Proto-Central Tariku,2,index_diachronica_original.html:8941,False,syntax_other,broken-syntax,,,"Syntax Error: Expected an IPA character, Primative or Matrix, but received '∅' | p k > ɸ {∅,k} | ^ @ Rule 1, Line 1"
21.2.1,Proto-Tariku to Proto-Central Tariku,5,index_diachronica_original.html:8944,False,unknown_character,asca-unrepresentable,û,,"Syntax Error: Unknown character 'û' | iC uC > i û / _{C,#} | ^ @ Rule 1, Line 1"
21.2.1.1,Proto-Central Tariku to Edopi,5,index_diachronica_original.html:8956,False,panic_other,broken-syntax,,,thread panicked
21.2.1.2,Proto-Central Tariku to Iau,0,index_diachronica_original.html:8963,False,runtime_delete_only_segment,broken-syntax,,,Runtime Error: Can't delete a word's only segment
21.2.2,Proto-Tariku to Proto-East Tariku,1,index_diachronica_original.html:8975,False,syntax_other,broken-syntax,,,"Syntax Error: Expected an IPA character, Primative or Matrix, but received '∅' | ɾ > {ɾ,∅} / V_V | ^ @ Rule 1, Line 1"
21.2.2.1,Proto-East Tariku to Biritai,3,index_diachronica_original.html:8985,False,unknown_character,asca-unrepresentable,û,,"Syntax Error: Unknown character 'û' | iC uC > i û / _{C,#} | ^ @ Rule 1, Line 1"
21.2.2.1,Proto-East Tariku to Biritai,6,index_diachronica_original.html:8988,False,unknown_character,asca-unrepresentable,̂,,"Syntax Error: Unknown character '̂' | k > ∅ / _V̂ | ^ @ Rule 1, Line 1"
21.2.2.2,Proto-East Tariku to Doutai,3,index_diachronica_original.html:8996,False,unknown_character,asca-unrepresentable,û,,"Syntax Error: Unknown character 'û' | iC uC > i û / _{C,#} | ^ @ Rule 1, Line 1"
21.2.2.2,Proto-East Tariku to Doutai,4,index_diachronica_original.html:8997,False,unknown_character,asca-unrepresentable,̂,,"Syntax Error: Unknown character '̂' | V > dz / _V̂ | ^ @ Rule 1, Line 1"
21.2.2.3,Proto-East Tariku to Eritai,3,index_diachronica_original.html:9006,False,unknown_character,asca-unrepresentable,û,,"Syntax Error: Unknown character 'û' | iC uC > i û / _{C,#} | ^ @ Rule 1, Line 1"
21.2.2.3,Proto-East Tariku to Eritai,4,index_diachronica_original.html:9007,False,syntax_other,broken-syntax,,,"Syntax Error: Expected end of line, received '_'. Did you forget a '/' between the output and environment? | dz > i_V | ^ @ Rule 1, Line 2"
21.2.2.3,Proto-East Tariku to Eritai,5,index_diachronica_original.html:9008,False,syntax_other,broken-syntax,,,"Syntax Error: Expected an IPA character, Primative or Matrix, but received '' | iC > {iC,i} / _{C,#} (not sure how this plays in with the change mentioned earlier about extra-high vowels | ^ @ Rule 1, Line 1"
21.2.2.4,Proto-East Tariku to Kai,3,index_diachronica_original.html:9016,False,unknown_character,asca-unrepresentable,û,,"Syntax Error: Unknown character 'û' | iC uC > i û / _{C,#} | ^ @ Rule 1, Line 1"
21.2.2.5,Proto-East Tariku to Obokuitai,1,index_diachronica_original.html:9023,False,unknown_character,asca-unrepresentable,̚,,"Syntax Error: Unknown character '̚' | b C > b̚ ɡ̚ / _# | ^ @ Rule 1, Line 1"
21.2.2.5,Proto-East Tariku to Obokuitai,3,index_diachronica_original.html:9025,False,unknown_character,asca-unrepresentable,û,,"Syntax Error: Unknown character 'û' | iC uC > i û / _{C,#} | ^ @ Rule 1, Line 1"
21.2.2.5,Proto-East Tariku to Obokuitai,4,index_diachronica_original.html:9026,False,expected_underscore,asca-unrepresentable,,,"Syntax Error: Expected '_', but received '' | ∅ > dz / iV | ^ @ Rule 1, Line 1"
21.2.2.6,Proto-East Tariku to Sikaritai,1,index_diachronica_original.html:9032,False,syntax_other,broken-syntax,,,"Syntax Error: Expected an IPA character, Primative or Matrix, but received '∅' | b C > {b,∅} {d,ɡ} / _# | ^ @ Rule 1, Line 1"
21.2.2.6,Proto-East Tariku to Sikaritai,3,index_diachronica_original.html:9034,False,unknown_character,asca-unrepresentable,û,,"Syntax Error: Unknown character 'û' | iC uC > i û / _{C,#} | ^ @ Rule 1, Line 1"
21.2.2.7,Proto-East Tariku to Waritai,3,index_diachronica_original.html:9044,False,unknown_character,asca-unrepresentable,û,,"Syntax Error: Unknown character 'û' | iC uC > i û / _{C,#} | ^ @ Rule 1, Line 1"
21.2.2.7,Proto-East Tariku to Waritai,5,index_diachronica_original.html:9046,False,unknown_character,asca-unrepresentable,̂,,"Syntax Error: Unknown character '̂' | k > ∅ / _V̂ | ^ @ Rule 1, Line 1"
21.2.3,Proto-Tariku to Proto-West Tariku,1,index_diachronica_original.html:9054,False,syntax_other,broken-syntax,,,"Syntax Error: Expected an IPA character, Primative or Matrix, but received '∅' | ɾ > {ɾ,∅} / V_V | ^ @ Rule 1, Line 1"
21.2.3,Proto-Tariku to Proto-West Tariku,2,index_diachronica_original.html:9055,False,syntax_other,broken-syntax,,,"Syntax Error: Expected an IPA character, Primative or Matrix, but received '∅' | k > {k,∅} | ^ @ Rule 1, Line 1"
21.2.3,Proto-Tariku to Proto-West Tariku,3,index_diachronica_original.html:9056,False,unknown_character,asca-unrepresentable,û,,"Syntax Error: Unknown character 'û' | iC uC > i û / _{C,#} | ^ @ Rule 1, Line 1"
21.2.3.1,Proto-West Tariku to Deirate,1,index_diachronica_original.html:9062,False,syntax_other,broken-syntax,,,"Syntax Error: Expected an IPA character, Primative or Matrix, but received '∅' | b d k > {b,β} {ɾ,l,∅} {k,x,ɡ,ɣ} / V_V | ^ @ Rule 1, Line 1"
21.2.3.1,Proto-West Tariku to Deirate,3,index_diachronica_original.html:9064,False,panic_other,broken-syntax,,,thread panicked
21.2.3.2,Proto-West Tariku to Faia,1,index_diachronica_original.html:9071,False,syntax_other,broken-syntax,,,"Syntax Error: Expected an IPA character, Primative or Matrix, but received '∅' | b d k > {b,β} {ɾ,∅} {k,x,ɡ,ɣ} / V_V | ^ @ Rule 1, Line 1"
21.2.3.3,Proto-West Tariku to Fayu,1,index_diachronica_original.html:9079,False,syntax_other,broken-syntax,,,"Syntax Error: Expected an IPA character, Primative or Matrix, but received '∅' | b d k > {b,β} {ɾ,∅} {k,x,ɡ,ɣ} / V_V | ^ @ Rule 1, Line 1"
21.2.3.4,Proto-West Tariku to Kirikiri,1,index_diachronica_original.html:9088,False,syntax_other,broken-syntax,,,"Syntax Error: Expected an IPA character, Primative or Matrix, but received '∅' | b d k > {b,β} {ɾ,l,∅} {k,x,ɡ,ɣ} / V_V | ^ @ Rule 1, Line 1"
21.2.3.5,Proto-West Tariku to Sehudate,1,index_diachronica_original.html:9097,False,syntax_other,broken-syntax,,,"Syntax Error: Expected an IPA character, Primative or Matrix, but received '∅' | b d k > {b,β} {ɾ,∅} {k,x,ɡ,ɣ} / V_V | ^ @ Rule 1, Line 1"
21.2.3.5,Proto-West Tariku to Sehudate,3,index_diachronica_original.html:9099,False,panic_other,broken-syntax,,,thread panicked
21.2.3.6,Proto-West Tariku to Tause,1,index_diachronica_original.html:9106,False,syntax_other,broken-syntax,,,"Syntax Error: Expected an IPA character, Primative or Matrix, but received '∅' | b d k > {b,β} {ɾ,∅} {k,x,ɡ,ɣ} / V_V | ^ @ Rule 1, Line 1"
21.2.3.7,Proto-West Tariku to Weirate,1,index_diachronica_original.html:9115,False,syntax_other,broken-syntax,,,"Syntax Error: Expected an IPA character, Primative or Matrix, but received '∅' | b d k > {b,β} {ɾ,l,∅} {k,x,ɡ,ɣ} / V_V | ^ @ Rule 1, Line 1"
22.1,Proto-Arawá to Arawá,2,index_diachronica_original.html:9146,False,expected_underscore,asca-unrepresentable,,,"Syntax Error: Expected '_', but received '' | pʰ > ɸ / else | ^ @ Rule 1, Line 1"
22.1,Proto-Arawá to Arawá,4,index_diachronica_original.html:9148,False,expected_underscore,asca-unrepresentable,,,"Syntax Error: Expected '_', but received '' | dz > s / medially | ^ @ Rule 1, Line 1"
22.2,Proto-Arawá to Banawá-Jamamadi,1,index_diachronica_original.html:9155,False,expected_underscore,asca-unrepresentable,,,"Syntax Error: Expected '_', but received '' | ɓ > ɸ / medially | ^ @ Rule 1, Line 1"
22.3,Proto-Arawá to Hypothetical Arawán Substrate,0,index_diachronica_original.html:9165,False,expected_underscore,asca-unrepresentable,,,"Syntax Error: Expected '_', but received '' | e > a / medially | ^ @ Rule 1, Line 1"
22.3,Proto-Arawá to Hypothetical Arawán Substrate,3,index_diachronica_original.html:9168,False,expected_underscore,asca-unrepresentable,,,"Syntax Error: Expected '_', but received '' | pʰ > h / medially | ^ @ Rule 1, Line 1"
22.4,Proto-Arawá to Jarawara,1,index_diachronica_original.html:9175,False,expected_underscore,asca-unrepresentable,,,"Syntax Error: Expected '_', but received '' | ɓ > f / medially | ^ @ Rule 1, Line 1"
22.5,Proto-Arawá to Kulína-Dení,1,index_diachronica_original.html:9187,False,expected_underscore,asca-unrepresentable,,,"Syntax Error: Expected '_', but received '' | ɓ > p / medially | ^ @ Rule 1, Line 1"
22.6,Proto-Arawá to Sorowahá,1,index_diachronica_original.html:9197,False,expected_underscore,asca-unrepresentable,,,"Syntax Error: Expected '_', but received '' | e > a / else | ^ @ Rule 1, Line 1"
22.6,Proto-Arawá to Sorowahá,4,index_diachronica_original.html:9200,False,syntax_other,broken-syntax,,,"Syntax Error: Expected an IPA character, Primative or Matrix, but received '>' | {tʰ,ɗ > t | ^ @ Rule 1, Line 1"
22.6,Proto-Arawá to Sorowahá,7,index_diachronica_original.html:9203,False,expected_underscore,asca-unrepresentable,,,"Syntax Error: Expected '_', but received '' | ʔ > ∅ / #_, possibly everywhere? | ^ @ Rule 1, Line 1"
22.7,Proto-Arawá to Paumarí,0,index_diachronica_original.html:9208,False,expected_underscore,asca-unrepresentable,,,"Syntax Error: Expected '_', but received '' | e > a / medially | ^ @ Rule 1, Line 1"
22.7,Proto-Arawá to Paumarí,3,index_diachronica_original.html:9211,False,expected_underscore,asca-unrepresentable,,,"Syntax Error: Expected '_', but received '' | pʰ t > ɸ ʔ / medial | ^ @ Rule 1, Line 1"
23.1.1.1.1,Proto-Chibchan to Arhuaco,5,index_diachronica_original.html:9270,False,syntax_other,broken-syntax,,,"Syntax Error: Expected an IPA character, Primative or Matrix, but received '∅' | j > {j,∅} | ^ @ Rule 1, Line 1"
23.1.1.1.1,Proto-Chibchan to Arhuaco,9,index_diachronica_original.html:9274,False,syntax_other,broken-syntax,,,"Syntax Error: Expected an IPA character, Primative or Matrix, but received '_' | i > ∅ / {CV:[+stress]_,CVC:[+stress]_} | ^ @ Rule 1, Line 1"
23.1.1.1.2,Proto-Chibchan to Chibcha,5,index_diachronica_original.html:9285,False,syntax_other,broken-syntax,,,"Syntax Error: Expected an IPA character, Primative or Matrix, but received '∅' | w > {w,∅} | ^ @ Rule 1, Line 1"
23.1.1.1.2,Proto-Chibchan to Chibcha,7,index_diachronica_original.html:9287,False,syntax_other,broken-syntax,,,"Syntax Error: Expected an IPA character, Primative or Matrix, but received '∅' | n > {n,∅} | ^ @ Rule 1, Line 1"
23.1.1.1.2,Proto-Chibchan to Chibcha,16,index_diachronica_original.html:9296,False,syntax_other,broken-syntax,,,"Syntax Error: Expected an IPA character, Primative or Matrix, but received '_' | a {e,i} > i / {CV:[+stress]_,CVC:[+stress]_} | ^ @ Rule 1, Line 1"
23.1.1.1.3,Proto-Chibchan to Kogi,3,index_diachronica_original.html:9306,False,nested_brackets,asca-unrepresentable,,,"Syntax Error: Cannot have nested brackets of the same type | nVs dVs > n(V(s)) {ʒ,ʒVʒ} | ^ @ Rule 1, Line 1"
23.1.1.1.3,Proto-Chibchan to Kogi,4,index_diachronica_original.html:9307,False,syntax_other,broken-syntax,,,"Syntax Error: Expected an IPA character, Primative or Matrix, but received '∅' | s h > {s,tʃ} {h,∅} | ^ @ Rule 1, Line 1"
23.1.1.1.3,Proto-Chibchan to Kogi,5,index_diachronica_original.html:9308,False,syntax_other,broken-syntax,,,"Syntax Error: Expected an IPA character, Primative or Matrix, but received '_' | j > i / {C_,CV_} | ^ @ Rule 1, Line 1"
23.1.1.1.3,Proto-Chibchan to Kogi,6,index_diachronica_original.html:9309,False,syntax_other,broken-syntax,,,"Syntax Error: Expected an IPA character, Primative or Matrix, but received '∅' | n j > {n,∅} {j,∅} | ^ @ Rule 1, Line 1"
23.1.1.1.4,Proto-Chibchan to Marocacero,1,index_diachronica_original.html:9318,False,panic_other,broken-syntax,,,thread panicked
23.1.1.1.4,Proto-Chibchan to Marocacero,7,index_diachronica_original.html:9324,False,syntax_other,broken-syntax,,,"Syntax Error: Expected an IPA character, Primative or Matrix, but received '_' | i > ∅ / {CV:[+stress]_,CVC:[+stress]_} | ^ @ Rule 1, Line 1"
23.1.1.1.5,Proto-Chibchan to Motilón,1,index_diachronica_original.html:9331,False,panic_other,broken-syntax,,,thread panicked
23.1.1.1.5,Proto-Chibchan to Motilón,9,index_diachronica_original.html:9339,False,syntax_other,broken-syntax,,,"Syntax Error: Expected an IPA character, Primative or Matrix, but received '' | i > ∅ / a_ (usually | ^ @ Rule 1, Line 1"
23.1.1.1.5,Proto-Chibchan to Motilón,14,index_diachronica_original.html:9344,False,syntax_other,broken-syntax,,,"Syntax Error: Expected an IPA character, Primative or Matrix, but received '_' | {u,i} > ∅ / {CV:[+stress]_,CVC:[+stress]_} | ^ @ Rule 1, Line 1"
23.1.1.1.6,Proto-Chibchan to Tunebo,6,index_diachronica_original.html:9358,False,syntax_other,broken-syntax,,,"Syntax Error: Expected an IPA character, Primative or Matrix, but received '∅' | m n h j > b {n,r,∅} {h,∅} {j,∅} | ^ @ Rule 1, Line 1"
23.1.1.1.6,Proto-Chibchan to Tunebo,8,index_diachronica_original.html:9360,False,expected_underscore,asca-unrepresentable,,,"Syntax Error: Expected '_', but received '*' | ai > e / if the *a is not stressed | ^ @ Rule 1, Line 1"
23.1.1.1.6,Proto-Chibchan to Tunebo,11,index_diachronica_original.html:9363,False,syntax_other,broken-syntax,,,"Syntax Error: Expected an IPA character, Primative or Matrix, but received '_' | {a,i} > ∅ / {CV:[+stress]_,CVC:[+stress]_} | ^ @ Rule 1, Line 1"
24.1.1,Proto-Paman to AritinÅitiÉ£,3,index_diachronica_original.html:9413,False,syntax_other,broken-syntax,,,"Syntax Error: Expected an IPA character, Primative or Matrix, but received '//' | a[-long]C > Ca / #_ ( // _a?) | ^^ @ Rule 1, Line 1"
24.1.1,Proto-Paman to AritinÅitiÉ£,5,index_diachronica_original.html:9415,False,syntax_other,broken-syntax,,,"Syntax Error: Cannot have segments before the beginning of a word | V:[+long] > V[-long] / in #% | ^ @ Rule 1, Line 1"
24.1.2,Proto-Paman to AwÅtim,0,index_diachronica_original.html:9420,False,expected_underscore,asca-unrepresentable,,,"Syntax Error: Expected '_', but received '' | iC aC uC > Cj Ca Cw / #_ // before an identical vowel | ^ @ Rule 1, Line 1"
24.1.2,Proto-Paman to AwÅtim,7,index_diachronica_original.html:9427,False,syntax_other,broken-syntax,,,"Syntax Error: Cannot have segments before the beginning of a word | V:[+long] > ə / in #% | ^ @ Rule 1, Line 1"
24.1.3,Proto-Paman to LinÅitiÉ£,3,index_diachronica_original.html:9435,False,syntax_other,broken-syntax,,,"Syntax Error: Cannot have segments before the beginning of a word | V:[+long] V[-long] > V[-long] / in #% | ^ @ Rule 1, Line 1"
24.1.4,Proto-Paman to Mbiywom,3,index_diachronica_original.html:9443,False,syntax_other,broken-syntax,,,"Syntax Error: Expected an IPA character, Primative or Matrix, but received '//' | a[-long]C > Ca / #_ ( // _a?) | ^^ @ Rule 1, Line 1"
24.1.4,Proto-Paman to Mbiywom,5,index_diachronica_original.html:9445,False,syntax_other,broken-syntax,,,"Syntax Error: Cannot have segments before the beginning of a word | V:[+long] > V[-long] / in #% | ^ @ Rule 1, Line 1"
24.1.5,Proto-Paman to Mpalican,0,index_diachronica_original.html:9450,False,syntax_other,broken-syntax,,,"Syntax Error: Could not get value of IPA 'ⁿ'. | NVP > VⁿS / #_ | ^ @ Rule 1, Line 1"
24.1.5,Proto-Paman to Mpalican,2,index_diachronica_original.html:9452,False,syntax_other,broken-syntax,,,"Syntax Error: Cannot have segments before the beginning of a word | V:[+long] > V[-long] / in #% | ^ @ Rule 1, Line 1"
24.1.6,Proto-Paman to UraÃ°i,1,index_diachronica_original.html:9458,False,syntax_other,broken-syntax,,,"Syntax Error: Cannot have segments before the beginning of a word | V:[+long] > V[-long] / in #% | ^ @ Rule 1, Line 1"
24.1.7,Proto-Paman to Yinwum,0,index_diachronica_original.html:9463,False,unknown_feature,asca-unrepresentable,palatal,latrl,"Syntax Error: Unknown feature 'palatal'. Did you mean latrl? | a > i / #C[+palatal]V[-long]C_ | ^^^^^^^^ @ Rule 1, Line 1"
24.1.7,Proto-Paman to Yinwum,1,index_diachronica_original.html:9464,False,unknown_feature,asca-unrepresentable,palatal,latrl,"Syntax Error: Unknown feature 'palatal'. Did you mean latrl? | i > e / #(C)aC[-palatal]_ | ^^^^^^^^ @ Rule 1, Line 1"
24.1.7,Proto-Paman to Yinwum,2,index_diachronica_original.html:9465,False,other,broken-syntax,,,SoundChangeRuleSet has no active RuleChange lines to validate
24.1.7,Proto-Paman to Yinwum,3,index_diachronica_original.html:9466,False,syntax_other,broken-syntax,,,"Syntax Error: Could not get value of IPA 'ⁿ'. | NVP > VⁿS / #_ | ^ @ Rule 1, Line 1"
24.1.7,Proto-Paman to Yinwum,7,index_diachronica_original.html:9470,False,syntax_other,broken-syntax,,,"Syntax Error: Cannot have segments before the beginning of a word | V:[+long] > V[-long] / in #% | ^ @ Rule 1, Line 1"
25.1.1,Proto-Tacanan to Cavineña,3,index_diachronica_original.html:9500,False,unknown_character,asca-unrepresentable,ŕ,,"Syntax Error: Unknown character 'ŕ' | *ŕ > r | ^ @ Rule 1, Line 1"
25.1.2,Proto-Tacanan to Chama,1,index_diachronica_original.html:9506,False,syntax_other,broken-syntax,,,"Syntax Error: Expected an IPA character, Primative or Matrix, but received '∅' | ɗ > {ʔ,∅} // #_ | ^ @ Rule 1, Line 1"
25.1.2,Proto-Tacanan to Chama,7,index_diachronica_original.html:9512,False,unknown_character,asca-unrepresentable,ŕ,,"Syntax Error: Unknown character 'ŕ' | {r,*ŕ} > {∅,w,j} | ^ @ Rule 1, Line 1"
25.1.3,Proto-Tacanan to Reyesano,6,index_diachronica_original.html:9523,False,unknown_character,asca-unrepresentable,ŕ,,"Syntax Error: Unknown character 'ŕ' | *ŕ > ∅ | ^ @ Rule 1, Line 1"
25.1.4,Proto-Tacanan to Tacana,7,index_diachronica_original.html:9536,False,syntax_other,broken-syntax,,,"Syntax Error: Expected an IPA character, Primative or Matrix, but received '∅' | x > {h,∅} | ^ @ Rule 1, Line 1"
25.1.4,Proto-Tacanan to Tacana,10,index_diachronica_original.html:9539,False,unknown_character,asca-unrepresentable,ŕ,,"Syntax Error: Unknown character 'ŕ' | *ŕ > ∅ | ^ @ Rule 1, Line 1"
27.3,Proto-Mayan to Huastecan,4,index_diachronica_original.html:9737,False,unknown_feature,asca-unrepresentable,glide,click,"Syntax Error: Unknown feature 'glide'. Did you mean click? | kV[+round]C[+glide] > kʷ | ^^^^^^ @ Rule 1, Line 1"
28,Muskogean,1,index_diachronica_original.html:9819,False,expected_underscore,asca-unrepresentable,,,"Syntax Error: Expected '_', but received '' | k > ∅ / V_C // penult | ^ @ Rule 1, Line 1"
28,Muskogean,2,index_diachronica_original.html:9820,False,unknown_character,asca-unrepresentable,̂,,"Syntax Error: Unknown character '̂' | V > V̂:[+long] / _Cko, ko lost? | ^ @ Rule 1, Line 1"
28.1,Proto-Muskogean to Proto-Eastern Muskogean,2,index_diachronica_original.html:9829,False,unknown_feature,asca-unrepresentable,weak,man,"Syntax Error: Unknown feature 'weak'. Did you mean man? | VC[+ weak] > ∅ / _V# | ^^^^^^ @ Rule 1, Line 1"
28.1.2,Proto-Eastern Muskogean to Creek,0,index_diachronica_original.html:9842,False,unknown_character,asca-unrepresentable,ː,,"Syntax Error: Unknown character 'ː' | V=1 kV=2 > 2 ː / #((C)V(C))(C)_# | ^ @ Rule 1, Line 1"
28.1.2,Proto-Eastern Muskogean to Creek,5,index_diachronica_original.html:9847,False,runtime_other,broken-syntax,,,"Runtime Error: An incomplete matrix cannot be inserted | P > P[+ voice] / V_V | ^^^^^^^^^ @ Rule 1, Line 1"
28.1.2,Proto-Eastern Muskogean to Creek,7,index_diachronica_original.html:9849,False,unknown_character,asca-unrepresentable,ː,,"Syntax Error: Unknown character 'ː' | V=0 x0 > 0 ː | ^ @ Rule 1, Line 1"
28.2,Proto-Muskogean to Proto-Western Muskogean,4,index_diachronica_original.html:9897,False,unknown_feature,asca-unrepresentable,weak,man,"Syntax Error: Unknown feature 'weak'. Did you mean man? | C=1[+ weak]C=2[+ weak] > ʔ h / V_V# | ^^^^^^ @ Rule 1, Line 1"
29.1.1.1.1,Proto-Athabaskan to Ahtna,1,index_diachronica_original.html:9980,False,unknown_grouping,asca-unrepresentable,M,,"Syntax Error: Unknown grouping 'M'. Known groupings are (C)onsonant, (O)bstruent, (S)onorant, (P)losive, (F)ricative, (L)iquid, (N)asal, (G)lide, and (V)owel | C:[-front,+back,+hi,-lo] > P:[-voice]ʃ / in Mentasta Ahtna | ^ @ Rule 1, Line 1"
29.1.1.1.1,Proto-Athabaskan to Ahtna,4,index_diachronica_original.html:9983,False,prose_or_expected_arrow,asca-unrepresentable,,,"Syntax Error: Expected '>', '->' or '=>', but received 'ˀ' | Vˀ > V[+place] | ^ @ Rule 1, Line 1"
29.1.1.1.2,Proto-Athabaskan to Babine,2,index_diachronica_original.html:9990,False,prose_or_expected_arrow,asca-unrepresentable,,,"Syntax Error: Expected '>', '->' or '=>', but received 'ˀ' | Vˀ > V[+place] | ^ @ Rule 1, Line 1"
29.1.1.1.3,Proto-Athabaskan to Beaver,3,index_diachronica_original.html:9998,False,unknown_grouping,asca-unrepresentable,B,,"Syntax Error: Unknown grouping 'B'. Known groupings are (C)onsonant, (O)bstruent, (S)onorant, (P)losive, (F)ricative, (L)iquid, (N)asal, (G)lide, and (V)owel | P:[-voice] > P:[-voice]ʃ / _{i,e,u}, in the British Columbian dialect | ^ @ Rule 1, Line 1"
29.1.1.1.3,Proto-Athabaskan to Beaver,6,index_diachronica_original.html:10001,False,unknown_feature,asca-unrepresentable,hightone,high,"Syntax Error: Unknown feature 'hightone'. Did you mean high? | Vˀ > V[+high tone] | ^^^^^^^^^^ @ Rule 1, Line 1"
29.1.1.1.4,Proto-Athabaskan to Chilcotin,0,index_diachronica_original.html:10007,False,syntax_other,broken-syntax,,,"Syntax Error: Expected an IPA character, Primative or Matrix, but received 'ˀ' | V > {Vˀ,V[+RTR]} | ^ @ Rule 1, Line 1"
29.1.1.1.4,Proto-Athabaskan to Chilcotin,3,index_diachronica_original.html:10011,False,unknown_feature,asca-unrepresentable,hightone,high,"Syntax Error: Unknown feature 'hightone'. Did you mean high? | Vˀ > V[+high tone] | ^^^^^^^^^^ @ Rule 1, Line 1"
29.1.1.1.5,Proto-Athabaskan to Chipewyan,4,index_diachronica_original.html:10020,False,unknown_feature,asca-unrepresentable,hightone,high,"Syntax Error: Unknown feature 'hightone'. Did you mean high? | Vˀ > V[+high tone] | ^^^^^^^^^^ @ Rule 1, Line 1"
29.1.1.1.6,Proto-Athabaskan to Dakelh,2,index_diachronica_original.html:10027,False,prose_or_expected_arrow,asca-unrepresentable,,,"Syntax Error: Expected '>', '->' or '=>', but received 'ˀ' | Vˀ > V[+place] | ^ @ Rule 1, Line 1"
29.1.1.1.7,Proto-Athabaskan to Deg Hit’an,1,index_diachronica_original.html:10033,False,prose_or_expected_arrow,asca-unrepresentable,,,"Syntax Error: Expected '>', '->' or '=>', but received '' | P:[-voice]ʂ | ^ @ Rule 1, Line 2"
29.1.1.1.7,Proto-Athabaskan to Deg Hit’an,2,index_diachronica_original.html:10034,False,panic_other,broken-syntax,,,thread panicked
29.1.1.1.7,Proto-Athabaskan to Deg Hit’an,3,index_diachronica_original.html:10035,False,syntax_other,broken-syntax,,,"Syntax Error: Expected end of line, received '('. Did you forget a '/' between the output and environment? | w > v ( | ^ @ Rule 1, Line 1"
29.1.1.1.7,Proto-Athabaskan to Deg Hit’an,5,index_diachronica_original.html:10037,False,stuff_after_word_bound,asca-unrepresentable,,,"Syntax Error: Cannot have segments after the end of a word | [+son,-syll] F > [+son,-syll][-voice] F[-voice] / _# in suffixes | ^ @ Rule 1, Line 1"
29.1.1.1.7,Proto-Athabaskan to Deg Hit’an,8,index_diachronica_original.html:10040,False,prose_or_expected_arrow,asca-unrepresentable,,,"Syntax Error: Expected '>', '->' or '=>', but received 'ˀ' | Vˀ > V[+place] | ^ @ Rule 1, Line 1"
29.1.1.1.8,Proto-Athabaskan to Dena’ina,0,index_diachronica_original.html:10045,False,prose_or_expected_arrow,asca-unrepresentable,,,"Syntax Error: Expected '>', '->' or '=>', but received '' | P:[-voice]ʃ | ^ @ Rule 1, Line 2"
29.1.1.1.8,Proto-Athabaskan to Dena’ina,2,index_diachronica_original.html:10047,False,nested_brackets,asca-unrepresentable,,,"Syntax Error: Cannot have nested brackets of the same type | {ʃ(ʷ),x {z,ʒ,ʒʷ,ɣ} > s j | ^ @ Rule 1, Line 1"
29.1.1.1.8,Proto-Athabaskan to Dena’ina,3,index_diachronica_original.html:10048,False,prose_or_expected_arrow,asca-unrepresentable,,,"Syntax Error: Expected '>', '->' or '=>', but received 'ˀ' | Vˀ > V[+place] | ^ @ Rule 1, Line 1"
29.1.1.1.10,Proto-Athabaskan to Easter Gwich’in,1,index_diachronica_original.html:10063,False,expected_underscore,asca-unrepresentable,,,"Syntax Error: Expected '_', but received '' | P:[-voice]P C:[-front,+back,+hi,-lo] > P:[-voice][-place] P:[-voice]ʃ / else | ^ @ Rule 1, Line 1"
29.1.1.1.10,Proto-Athabaskan to Easter Gwich’in,8,index_diachronica_original.html:10070,False,unknown_feature,asca-unrepresentable,lowtone,contin,"Syntax Error: Unknown feature 'lowtone'. Did you mean contin? | Vˀ > V[+low tone] | ^^^^^^^^^ @ Rule 1, Line 1"
29.1.1.1.11,Proto-Athabaskan to Han,1,index_diachronica_original.html:10078,False,unknown_character,asca-unrepresentable,(,,"Syntax Error: Unknown character '(' | n > (ⁿ)d / $_V[-nas] | ^ @ Rule 1, Line 1"
29.1.1.1.11,Proto-Athabaskan to Han,3,index_diachronica_original.html:10080,False,unknown_character,asca-unrepresentable,ë,,"Syntax Error: Unknown character 'ë' | a ɑ ə ʊ > æ a {ə,ë} o | ^ @ Rule 1, Line 1"
29.1.1.1.11,Proto-Athabaskan to Han,4,index_diachronica_original.html:10082,False,unknown_feature,asca-unrepresentable,lowtone,contin,"Syntax Error: Unknown feature 'lowtone'. Did you mean contin? | Vˀ > V[+low tone] | ^^^^^^^^^ @ Rule 1, Line 1"
29.1.1.1.12,Proto-Athabaskan to Holikachuk,1,index_diachronica_original.html:10089,False,expected_underscore,asca-unrepresentable,,,"Syntax Error: Expected '_', but received '' | e > a / in prefixes | ^ @ Rule 1, Line 1"
29.1.1.1.12,Proto-Athabaskan to Holikachuk,5,index_diachronica_original.html:10093,False,unknown_feature,asca-unrepresentable,lowtone,contin,"Syntax Error: Unknown feature 'lowtone'. Did you mean contin? | Vˀ > V[+low tone] | ^^^^^^^^^ @ Rule 1, Line 1"
29.1.1.1.12,Proto-Athabaskan to Holikachuk,6,index_diachronica_original.html:10094,False,syntax_other,broken-syntax,,,"Syntax Error: Expected an IPA character, Primative or Matrix, but received '>' | w ( > b?) | ^ @ Rule 1, Line 1"
29.1.1.1.13,Proto-Athabaskan to Hupa,0,index_diachronica_original.html:10101,False,syntax_other,broken-syntax,,,"Syntax Error: Expected an IPA character, Primative or Matrix, but received '∅' | h > {h,∅} | ^ @ Rule 1, Line 1"
29.1.1.1.14,Proto-Athabaskan to Lower Koyukon,0,index_diachronica_original.html:10111,False,unknown_character,asca-unrepresentable,ŏ,,"Syntax Error: Unknown character 'ŏ' | e a ɑ ʊ > a o ŏ u | ^ @ Rule 1, Line 1"
29.1.1.1.14,Proto-Athabaskan to Lower Koyukon,3,index_diachronica_original.html:10114,False,unknown_feature,asca-unrepresentable,lowtone,contin,"Syntax Error: Unknown feature 'lowtone'. Did you mean contin? | Vˀ > V[+low tone] | ^^^^^^^^^ @ Rule 1, Line 1"
29.1.1.1.14,Proto-Athabaskan to Lower Koyukon,4,index_diachronica_original.html:10115,False,prose_or_expected_arrow,asca-unrepresentable,,,"Syntax Error: Expected '>', '->' or '=>', but received ')' | b?) > m | ^ @ Rule 1, Line 2"
29.1.1.1.15,Proto-Athabaskan to Upper Koyukon,0,index_diachronica_original.html:10121,False,unknown_character,asca-unrepresentable,ŏ,,"Syntax Error: Unknown character 'ŏ' | e a ɑ ʊ > a o ŏ u | ^ @ Rule 1, Line 1"
29.1.1.1.15,Proto-Athabaskan to Upper Koyukon,4,index_diachronica_original.html:10126,False,unknown_feature,asca-unrepresentable,lowtone,contin,"Syntax Error: Unknown feature 'lowtone'. Did you mean contin? | V[+low tone] > V[-tone] | ^^^^^^^^^ @ Rule 1, Line 2"
29.1.1.1.16,Proto-Athabaskan to Upper Kuskokwim Kolchan,2,index_diachronica_original.html:10135,False,prose_or_expected_arrow,asca-unrepresentable,,,"Syntax Error: Expected '>', '->' or '=>', but received 'ˀ' | Vˀ > V[+place] | ^ @ Rule 1, Line 1"
29.1.1.1.17,Proto-Athabaskan to Sarcee,1,index_diachronica_original.html:10141,False,unknown_character,asca-unrepresentable,́,,"Syntax Error: Unknown character '́' | ɑ́ ə́ ʊ́ > ɑ̄ ə̄ ʊ̄ | ^ @ Rule 1, Line 1"
29.1.1.1.17,Proto-Athabaskan to Sarcee,3,index_diachronica_original.html:10143,False,unknown_feature,asca-unrepresentable,lowtone,contin,"Syntax Error: Unknown feature 'lowtone'. Did you mean contin? | Vˀ > V[+low tone] | ^^^^^^^^^ @ Rule 1, Line 1"
29.1.1.1.18,Proto-Athabaskan to Sekani,0,index_diachronica_original.html:10148,False,prose_or_expected_arrow,asca-unrepresentable,,,"Syntax Error: Expected '>', '->' or '=>', but received '' | P:[-voice][-place] | ^ @ Rule 1, Line 2"
29.1.1.1.18,Proto-Athabaskan to Sekani,2,index_diachronica_original.html:10150,False,unknown_grouping,asca-unrepresentable,W,,"Syntax Error: Unknown grouping 'W'. Known groupings are (C)onsonant, (O)bstruent, (S)onorant, (P)losive, (F)ricative, (L)iquid, (N)asal, (G)lide, and (V)owel | P:[-voice] > P:[-voice]ʃ / _{i,e,u} // in Ware Sekani | ^ @ Rule 1, Line 1"
29.1.1.1.18,Proto-Athabaskan to Sekani,4,index_diachronica_original.html:10152,False,unknown_feature,asca-unrepresentable,hightone,high,"Syntax Error: Unknown feature 'hightone'. Did you mean high? | Vˀ > V[+high tone] | ^^^^^^^^^^ @ Rule 1, Line 1"
29.1.1.1.19,Proto-Athabaskan to Proto-Southern Athabaskan,0,index_diachronica_original.html:10157,False,runtime_other,broken-syntax,,,"Runtime Error: An incomplete matrix cannot be inserted | C:[-front,+back,+hi,-lo] > P:[-voice]P | ^ @ Rule 1, Line 1"
29.1.1.1.19,Proto-Athabaskan to Proto-Southern Athabaskan,1,index_diachronica_original.html:10158,False,prose_or_expected_arrow,asca-unrepresentable,,,"Syntax Error: Expected '>', '->' or '=>', but received '' | {m,b} | ^ @ Rule 1, Line 2"
29.1.1.1.19,Proto-Athabaskan to Proto-Southern Athabaskan,2,index_diachronica_original.html:10159,False,expected_underscore,asca-unrepresentable,,,"Syntax Error: Expected '_', but received '' | ɣ > h / in prefixes relating to word derivation | ^ @ Rule 1, Line 1"
29.1.1.1.19,Proto-Athabaskan to Proto-Southern Athabaskan,3,index_diachronica_original.html:10160,False,expected_number,asca-unrepresentable,,,"Syntax Error: Expected number, but received ʔ | VnC > V[+ nas]C / _#, unless C = ʔ | ^ @ Rule 1, Line 1"
29.1.1.1.19,Proto-Athabaskan to Proto-Southern Athabaskan,4,index_diachronica_original.html:10161,False,expected_underscore,asca-unrepresentable,,,"Syntax Error: Expected '_', but received '' | t n x > d n h / in prefixes relating to word derivation | ^ @ Rule 1, Line 1"
29.1.1.1.21,Proto-Eastern Southern Athabaskan to Kiowa Apache,6,index_diachronica_original.html:10178,False,expected_underscore,asca-unrepresentable,,,"Syntax Error: Expected '_', but received '∅' | {d,j} > j / ∅ // _# | ^ @ Rule 1, Line 1"
29.1.1.1.27,Proto-Western Southern Athabaskan to Navajo,0,index_diachronica_original.html:10237,False,expected_underscore,asca-unrepresentable,,,"Syntax Error: Expected '_', but received '' | {ɣ,h} > j / in prefixes related to word derivation | ^ @ Rule 1, Line 1"
29.1.1.1.34,Tahltan-Kaska-Tagish to Kaska,0,index_diachronica_original.html:10298,False,unknown_feature,asca-unrepresentable,hightone,high,"Syntax Error: Unknown feature 'hightone'. Did you mean high? | Vˀ > V[+high tone] | ^^^^^^^^^^ @ Rule 1, Line 1"
29.1.1.1.37,Proto-Athabaskan to Tanacross,3,index_diachronica_original.html:10318,False,unknown_feature,asca-unrepresentable,hightone,high,"Syntax Error: Unknown feature 'hightone'. Did you mean high? | Vˀ > V[+high tone] | ^^^^^^^^^^ @ Rule 1, Line 1"
29.1.1.1.37,Proto-Athabaskan to Tanacross,7,index_diachronica_original.html:10323,False,expected_underscore,asca-unrepresentable,,,"Syntax Error: Expected '_', but received '' | ʃ > h / in the | ^ @ Rule 1, Line 1"
29.1.1.1.37,Proto-Athabaskan to Tanacross,8,index_diachronica_original.html:10324,False,expected_underscore,asca-unrepresentable,,,"Syntax Error: Expected '_', but received '' | ɬ > h / in the grammatical classifier | ^ @ Rule 1, Line 1"
29.1.1.1.37,Proto-Athabaskan to Tanacross,9,index_diachronica_original.html:10325,False,unknown_character,asca-unrepresentable,̆,,"Syntax Error: Unknown character '̆' | ɑ ə ʊ > {æ̆,ă} æ̆ ŏ | ^ @ Rule 1, Line 1"
29.1.1.1.38,Proto-Athabaskan to Lower Tanana,1,index_diachronica_original.html:10331,False,unknown_character,asca-unrepresentable,ᵚ,,"Syntax Error: Unknown character 'ᵚ' | P:[-voice]P P:[-voice]ʃ P:[-voice]ʃᵚ {C:[-front,+back,-hi,-lo],[+click]} > P:[-voice][-place] P:[-voice]P P:[-voice]ʂ C:[-front,+back,+hi,-lo] | ^ @ Rule 1, Line 1"
29.1.1.1.38,Proto-Athabaskan to Lower Tanana,3,index_diachronica_original.html:10333,False,unknown_feature,asca-unrepresentable,lowtone,contin,"Syntax Error: Unknown feature 'lowtone'. Did you mean contin? | Vˀ > V[+low tone] | ^^^^^^^^^ @ Rule 1, Line 1"
29.1.1.1.39,Proto-Athabaskan to Upper Tanana,6,index_diachronica_original.html:10346,False,expected_underscore,asca-unrepresentable,,,"Syntax Error: Expected '_', but received '' | ʃ > h / in the | ^ @ Rule 1, Line 1"
29.1.1.1.39,Proto-Athabaskan to Upper Tanana,7,index_diachronica_original.html:10347,False,expected_underscore,asca-unrepresentable,,,"Syntax Error: Expected '_', but received '' | ɬ > h / in the grammatical classifier | ^ @ Rule 1, Line 1"
29.1.1.1.39,Proto-Athabaskan to Upper Tanana,9,index_diachronica_original.html:10349,False,prose_or_expected_arrow,asca-unrepresentable,,,"Syntax Error: Expected '>', '->' or '=>', but received '' | {a,ɨ} | ^ @ Rule 1, Line 2"
29.1.1.1.39,Proto-Athabaskan to Upper Tanana,10,index_diachronica_original.html:10350,False,unknown_feature,asca-unrepresentable,lowtone,contin,"Syntax Error: Unknown feature 'lowtone'. Did you mean contin? | V[+low tone] | ^^^^^^^^^ @ Rule 1, Line 2"
29.1.1.1.41,Proto-Athabaskan to Northern Tutchone,4,index_diachronica_original.html:10370,False,unknown_feature,asca-unrepresentable,hightone,high,"Syntax Error: Unknown feature 'hightone'. Did you mean high? | Vˀ > V[+high tone] | ^^^^^^^^^^ @ Rule 1, Line 1"
29.1.1.1.42,Proto-Athabaskan to Southern Tutchone,5,index_diachronica_original.html:10383,False,unknown_feature,asca-unrepresentable,lowtone,contin,"Syntax Error: Unknown feature 'lowtone'. Did you mean contin? | Vˀ > V[+low tone] | ^^^^^^^^^ @ Rule 1, Line 1"
29.1.2,Proto-Athabaskan-Eyak to Eyak,5,index_diachronica_original.html:10396,False,panic_other,broken-syntax,,,thread panicked
29.2,Proto-Na-Dene to Tlingit,0,index_diachronica_original.html:10402,False,syntax_other,broken-syntax,,,"Syntax Error: Expected '[', but received 'ɬ' | s > s : ɬ | ^ @ Rule 1, Line 1"
29.2,Proto-Na-Dene to Tlingit,1,index_diachronica_original.html:10403,False,syntax_other,broken-syntax,,,"Syntax Error: Expected '[', but received 't' | ts > ts : tɬ | ^ @ Rule 1, Line 1"
29.2,Proto-Na-Dene to Tlingit,2,index_diachronica_original.html:10404,False,syntax_other,broken-syntax,,,"Syntax Error: Expected '[', but received '{' | ts:[+cg] > {s:[+cg],ts:[+cg]} : {ɬ,tɬ:[+cg]} | ^ @ Rule 1, Line 1"
29.2,Proto-Na-Dene to Tlingit,3,index_diachronica_original.html:10405,False,syntax_other,broken-syntax,,,"Syntax Error: Expected '[', but received 'ɬ' | ʃ > {ʃ,s} : ɬ | ^ @ Rule 1, Line 1"
29.2,Proto-Na-Dene to Tlingit,4,index_diachronica_original.html:10406,False,syntax_other,broken-syntax,,,"Syntax Error: Expected '[', but received 't' | tʃ > {tʃ,ts} : tɬ | ^ @ Rule 1, Line 1"
29.2,Proto-Na-Dene to Tlingit,5,index_diachronica_original.html:10407,False,syntax_other,broken-syntax,,,"Syntax Error: Expected '[', but received 't' | tʃ:[+cg] > {s:[+cg],tʃ:[+cg]} : tɬ:[+cg] | ^ @ Rule 1, Line 1"
29.2,Proto-Na-Dene to Tlingit,8,index_diachronica_original.html:10411,False,syntax_other,broken-syntax,,,"Syntax Error: Expected end of line, received 'ʼ'. Did you forget a '/' between the output and environment? | {kʼ,kʷʼ} > {x,xʷ,k,kʷ}ʼ | ^ @ Rule 1, Line 1"
30.1,Proto-Potou-Akanic-Bantu to Proto-Bantu,1,index_diachronica_original.html:10445,False,unknown_character,asca-unrepresentable,ı,,"Syntax Error: Unknown character 'ı' | u ũ > i ı̃ / #[+son,-syll][-labial]_ | ^ @ Rule 1, Line 1"
30.1,Proto-Potou-Akanic-Bantu to Proto-Bantu,2,index_diachronica_original.html:10446,False,unknown_character,asca-unrepresentable,ı,,"Syntax Error: Unknown character 'ı' | ʋ̃ ɪ̃ > ũ ı̃ / #N[-labial]_ | ^ @ Rule 1, Line 1"
30.1,Proto-Potou-Akanic-Bantu to Proto-Bantu,3,index_diachronica_original.html:10447,False,unknown_character,asca-unrepresentable,ı,,"Syntax Error: Unknown character 'ı' | i ı̃ V[-round] > uɪ uɪ̃ V[+round] / C:[+round]_ | ^ @ Rule 1, Line 1"
30.1,Proto-Potou-Akanic-Bantu to Proto-Bantu,11,index_diachronica_original.html:10455,False,unknown_character,asca-unrepresentable,ı,,"Syntax Error: Unknown character 'ı' | ɪ ɪ̃ > i ı̃ / #(C)V[-high]C_ | ^ @ Rule 1, Line 1"
30.1.1,Pre-Proto-Bantu to Proto-Bantu,0,index_diachronica_original.html:10462,False,unknown_feature,asca-unrepresentable,lenis,tens,"Syntax Error: Unknown feature 'lenis'. Did you mean tens? | P[+ lenis]N[+ lenis] > P[- lenis]N[- lenis] / _ in C=1 position | ^^^^^^^ @ Rule 1, Line 1"
30.1.1,Pre-Proto-Bantu to Proto-Bantu,1,index_diachronica_original.html:10463,False,unknown_feature,asca-unrepresentable,lenis,tens,"Syntax Error: Unknown feature 'lenis'. Did you mean tens? | N[+ lenis]N[-lenis] > N[- lenis]ⁿS / _ in C=2 position | ^^^^^^^ @ Rule 1, Line 1"
30.1.1.1,Proto-Bantu to Sebirwa,1,index_diachronica_original.html:10470,False,runtime_other,broken-syntax,,,"Runtime Error: An incomplete matrix cannot be inserted | P > C:[+labial][+spread] | ^^^^^^^^^ @ Rule 1, Line 1"
30.1.1.1,Proto-Bantu to Sebirwa,2,index_diachronica_original.html:10471,False,unknown_feature,asca-unrepresentable,TR,rt,"Syntax Error: Unknown feature 'TR'. Did you mean rt? | V[+high +ATR] > V[+high -ATR] | ^^^^ @ Rule 1, Line 1"
30.1.1.1,Proto-Bantu to Sebirwa,4,index_diachronica_original.html:10473,False,unknown_feature,asca-unrepresentable,samePOA,lateral,"Syntax Error: Unknown feature 'samePOA'. Did you mean lateral? | NC > N[+same POA]C / #_ | ^^^^^^^^^ @ Rule 1, Line 1"
30.1.1.1,Proto-Bantu to Sebirwa,6,index_diachronica_original.html:10475,False,syntax_other,broken-syntax,,,"Syntax Error: Expected an IPA character, Primative or Matrix, but received '∅' | p t d c ɟ k ɡ > ɸ ɹ {d,l} tʰ h {∅,ɡ} | ^ @ Rule 1, Line 1"
30.1.2,Pre-Proto-Bantu to Proto-Manenguba,0,index_diachronica_original.html:10541,False,prose_or_expected_arrow,asca-unrepresentable,,,"Syntax Error: Expected '>', '->' or '=>', but received '/' | p:[+cg] t:[+cg] d:[+cg]/d2 c {ɟ:[+cg]} k:[+cg] ɡ > f l ɟ s {w,∅} {k,w} / _ in C=1 position | ^ @ Rule 1, Line 1"
30.1.2,Pre-Proto-Bantu to Proto-Manenguba,1,index_diachronica_original.html:10542,False,unknown_feature,asca-unrepresentable,lenis,tens,"Syntax Error: Unknown feature 'lenis'. Did you mean tens? | N[+ lenis] > N[- lenis] / _ in C=1 position | ^^^^^^^ @ Rule 1, Line 1"
30.1.2,Pre-Proto-Bantu to Proto-Manenguba,2,index_diachronica_original.html:10543,False,syntax_other,broken-syntax,,,"Syntax Error: Expected an IPA character, Primative or Matrix, but received '∅' | p t t:[+cg] {d:[+cg],d2} c k k:[+cg] > b d l {l,∅} ɟ ɡ / _ in C=2 position | ^ @ Rule 1, Line 1"
30.2,Proto-Potou-Akanic-Bantu to Proto-Potou-Akanic,2,index_diachronica_original.html:10555,False,panic_other,broken-syntax,,,thread panicked
30.2,Proto-Potou-Akanic-Bantu to Proto-Potou-Akanic,5,index_diachronica_original.html:10558,False,unknown_feature,asca-unrepresentable,mid,man,"Syntax Error: Unknown feature 'mid'. Did you mean man? | {NV=1[+mid +nas](l̃),V=1[+mid +nas](l̃)} > CV[-nas]n | ^^^^^ @ Rule 1, Line 1"
30.2,Proto-Potou-Akanic-Bantu to Proto-Potou-Akanic,6,index_diachronica_original.html:10559,False,syntax_other,broken-syntax,,,"Syntax Error: Expected ':', but received 'l' | V[+nas](ʋ̃,l̃) > V[-nas](m,n) / #{L,G}[+voice]_ | ^ @ Rule 1, Line 1"
30.2.1,Proto-Potou-Akanic to Proto-Akanic,0,index_diachronica_original.html:10564,False,nested_brackets,asca-unrepresentable,,,"Syntax Error: Cannot have nested brackets of the same type | V[+high +ATR](C(V[+high -ATR])) > #(C)V[-high +ATR] / #{L,G}[+dorsal -voice]_ | ^ @ Rule 1, Line 1"
30.2.1,Proto-Potou-Akanic to Proto-Akanic,5,index_diachronica_original.html:10569,False,unknown_character,asca-unrepresentable,ı,,"Syntax Error: Unknown character 'ı' | h > ɲı̃ / #_ã | ^ @ Rule 1, Line 1"
30.2.1.1,Proto-Akanic to Akan,6,index_diachronica_original.html:10582,False,unknown_character,asca-unrepresentable,͜,,"Syntax Error: Unknown character '͜' | {p,ʋ̃} c k͜p > f s p / #_ | ^ @ Rule 1, Line 1"
30.2.1.1,Proto-Akanic to Akan,13,index_diachronica_original.html:10589,False,unknown_character,asca-unrepresentable,ı,,"Syntax Error: Unknown character 'ı' | ı̃ > ∅ / #_ã | ^ @ Rule 1, Line 1"
30.3.1.1.8,Proto-Vhe to Adángbe,0,index_diachronica_original.html:10664,False,runtime_other,broken-syntax,,,"Runtime Error: An incomplete matrix cannot be inserted | V > V[+ nas] / N_ | ^^^^^^^ @ Rule 1, Line 1"
30.3.1.1.8,Proto-Vhe to Adángbe,1,index_diachronica_original.html:10665,False,expected_number,asca-unrepresentable,,,"Syntax Error: Expected number, but received N | V[+ nas] > V[- nas] / C_ // C = N | ^ @ Rule 1, Line 1"
31.1,Proto-Nyulnyulan to Bardi,15,index_diachronica_original.html:10752,False,syntax_other,broken-syntax,,,"Syntax Error: Expected an IPA character, Primative or Matrix, but received '(' | V=0 > ∅ / {V(C)0,VC(C)0} {C(C)_#,(C)_#} | ^ @ Rule 1, Line 1"
32.1.1,Proto-Chatino to Papabuco Chatino,6,index_diachronica_original.html:10787,False,expected_underscore,asca-unrepresentable,,,"Syntax Error: Expected '_', but received '' | tʲ > tʃ / else | ^ @ Rule 1, Line 1"
32.1.1,Proto-Chatino to Papabuco Chatino,9,index_diachronica_original.html:10790,False,expected_underscore,asca-unrepresentable,,,"Syntax Error: Expected '_', but received '' | kʷ > b / else | ^ @ Rule 1, Line 1"
32.1.1,Proto-Chatino to Papabuco Chatino,10,index_diachronica_original.html:10791,False,syntax_other,broken-syntax,,,"Syntax Error: Output cannot be empty. Use `*` or '∅' to indicate deletion | ʔ > | ^ @ Rule 1, Line 1"
32.1.1,Proto-Chatino to Papabuco Chatino,16,index_diachronica_original.html:10797,False,syntax_other,broken-syntax,,,"Syntax Error: Expected an IPA character, Primative or Matrix, but received '…' | h > d / _a (…lolwut) | ^ @ Rule 1, Line 1"
32.1.1,Proto-Chatino to Papabuco Chatino,17,index_diachronica_original.html:10798,False,expected_underscore,asca-unrepresentable,,,"Syntax Error: Expected '_', but received '' | h > t / else | ^ @ Rule 1, Line 1"
32.1.1,Proto-Chatino to Papabuco Chatino,20,index_diachronica_original.html:10801,False,unknown_character,asca-unrepresentable,ı,,"Syntax Error: Unknown character 'ı' | ı̃ > i | ^ @ Rule 1, Line 1"
32.1.1,Proto-Chatino to Papabuco Chatino,23,index_diachronica_original.html:10804,False,expected_underscore,asca-unrepresentable,,,"Syntax Error: Expected '_', but received '' | e > i / in a few data sets | ^ @ Rule 1, Line 1"
32.1.1,Proto-Chatino to Papabuco Chatino,26,index_diachronica_original.html:10807,False,expected_underscore,asca-unrepresentable,,,"Syntax Error: Expected '_', but received '' | ẽ > i / in %[+long -stress] | ^ @ Rule 1, Line 1"
32.1.1,Proto-Chatino to Papabuco Chatino,27,index_diachronica_original.html:10808,False,expected_underscore,asca-unrepresentable,,,"Syntax Error: Expected '_', but received '' | ẽ > e / else | ^ @ Rule 1, Line 1"
32.1.1,Proto-Chatino to Papabuco Chatino,28,index_diachronica_original.html:10809,False,panic_other,broken-syntax,,,thread panicked
32.1.2,Proto-Chatino to Tataltepec Chatino,0,index_diachronica_original.html:10814,False,syntax_other,broken-syntax,,,"Syntax Error: Expected an IPA character, Primative or Matrix, but received '…' | t > tʲ / _õ (…again…lolwut) | ^ @ Rule 1, Line 1"
32.1.2,Proto-Chatino to Tataltepec Chatino,10,index_diachronica_original.html:10824,False,nested_brackets,asca-unrepresentable,,,"Syntax Error: Cannot have nested brackets of the same type | ç > ʔ (? Not sure if I:[+cg]m reading the phone(me)s right on this one) | ^ @ Rule 1, Line 1"
32.1.2,Proto-Chatino to Tataltepec Chatino,14,index_diachronica_original.html:10828,False,unknown_character,asca-unrepresentable,ı,,"Syntax Error: Unknown character 'ı' | ɛ > ı̃ / P_# | ^ @ Rule 1, Line 1"
32.1.2,Proto-Chatino to Tataltepec Chatino,16,index_diachronica_original.html:10830,False,expected_underscore,asca-unrepresentable,,,"Syntax Error: Expected '_', but received '' | ɛ > e / _ʔ#, in monosyllables | ^ @ Rule 1, Line 1"
32.1.3,Proto-Chatino to Yaitepec Chatino,1,index_diachronica_original.html:10837,False,unknown_grouping,asca-unrepresentable,E,,"Syntax Error: Unknown grouping 'E'. Known groupings are (C)onsonant, (O)bstruent, (S)onorant, (P)losive, (F)ricative, (L)iquid, (N)asal, (G)lide, and (V)owel | k > tʃ / _Ek(ʷ) | ^ @ Rule 1, Line 1"
32.1.3,Proto-Chatino to Yaitepec Chatino,3,index_diachronica_original.html:10839,False,expected_underscore,asca-unrepresentable,,,"Syntax Error: Expected '_', but received '' | kʲ > kj / else | ^ @ Rule 1, Line 1"
32.1.3,Proto-Chatino to Yaitepec Chatino,7,index_diachronica_original.html:10843,False,expected_underscore,asca-unrepresentable,,,"Syntax Error: Expected '_', but received '' | kʷ > kw / else | ^ @ Rule 1, Line 1"
32.1.3,Proto-Chatino to Yaitepec Chatino,14,index_diachronica_original.html:10850,False,expected_underscore,asca-unrepresentable,,,"Syntax Error: Expected '_', but received '/' | s > ʃ / if /l/ is present in the same syllable | ^ @ Rule 1, Line 1"
32.1.3,Proto-Chatino to Yaitepec Chatino,16,index_diachronica_original.html:10852,False,unknown_character,asca-unrepresentable,ı,,"Syntax Error: Unknown character 'ı' | ʃ > s / _{ik,e,ı̃,ẽ} | ^ @ Rule 1, Line 1"
32.1.3,Proto-Chatino to Yaitepec Chatino,17,index_diachronica_original.html:10853,False,expected_underscore,asca-unrepresentable,,,"Syntax Error: Expected '_', but received '' | ʃ > ts / _i, in monosyllables | ^ @ Rule 1, Line 1"
32.1.3,Proto-Chatino to Yaitepec Chatino,19,index_diachronica_original.html:10855,False,expected_underscore,asca-unrepresentable,,,"Syntax Error: Expected '_', but received '' | lʲ > lj / else | ^ @ Rule 1, Line 1"
32.1.3,Proto-Chatino to Yaitepec Chatino,21,index_diachronica_original.html:10857,False,expected_underscore,asca-unrepresentable,,,"Syntax Error: Expected '_', but received '' | nʲ > nj / else | ^ @ Rule 1, Line 1"
32.1.3,Proto-Chatino to Yaitepec Chatino,25,index_diachronica_original.html:10861,False,unknown_character,asca-unrepresentable,ı,,"Syntax Error: Unknown character 'ı' | ẽ > ı̃ / {t,h}_# | ^ @ Rule 1, Line 1"
32.1.3,Proto-Chatino to Yaitepec Chatino,26,index_diachronica_original.html:10862,False,unknown_character,asca-unrepresentable,ı,,"Syntax Error: Unknown character 'ı' | ẽ > ı̃ / _ʔ# | ^ @ Rule 1, Line 1"
32.1.3,Proto-Chatino to Yaitepec Chatino,27,index_diachronica_original.html:10863,False,unknown_character,asca-unrepresentable,ı,,"Syntax Error: Unknown character 'ı' | ẽ > ı̃ / ʔ_# | ^ @ Rule 1, Line 1"
32.2,Proto-Oto-Manguean to Tlapanec,1,index_diachronica_original.html:10878,False,panic_other,broken-syntax,,,thread panicked
32.2,Proto-Oto-Manguean to Tlapanec,3,index_diachronica_original.html:10880,False,unknown_grouping,asca-unrepresentable,Y,,"Syntax Error: Unknown grouping 'Y'. Known groupings are (C)onsonant, (O)bstruent, (S)onorant, (P)losive, (F)ricative, (L)iquid, (N)asal, (G)lide, and (V)owel | Yt Ynt Ys > tʃ dʒ ʃ | ^ @ Rule 1, Line 1"
32.2,Proto-Oto-Manguean to Tlapanec,7,index_diachronica_original.html:10884,False,unknown_grouping,asca-unrepresentable,H,,"Syntax Error: Unknown grouping 'H'. Known groupings are (C)onsonant, (O)bstruent, (S)onorant, (P)losive, (F)ricative, (L)iquid, (N)asal, (G)lide, and (V)owel | {iHn,eHn,aHn} uHn > ã ũ | ^ @ Rule 1, Line 1"
33.1.1,Proto-Utian to Proto-Costanoan (Ohlone),8,index_diachronica_original.html:10923,False,syntax_other,broken-syntax,,,"Syntax Error: Cannot have multiple underlines in an environment | l > ɾ // _$ or o_ | ^ @ Rule 1, Line 1"
33.1.1,Proto-Utian to Proto-Costanoan (Ohlone),10,index_diachronica_original.html:10925,False,syntax_other,broken-syntax,,,"Syntax Error: Cannot have multiple underlines in an environment | o > a // o(C,0)_ or _(C,0){o,i} | ^ @ Rule 1, Line 1"
33.1.1.1,Proto-Costanoan to Chochenyo,2,index_diachronica_original.html:10935,False,expected_underscore,asca-unrepresentable,,,"Syntax Error: Expected '_', but received '' | kʷ > w / else | ^ @ Rule 1, Line 1"
33.1.1.3,Proto-Costanoan to Mutsun,3,index_diachronica_original.html:10960,False,expected_underscore,asca-unrepresentable,,,"Syntax Error: Expected '_', but received '' | kʷ > {k,w} / else | ^ @ Rule 1, Line 1"
33.1.1.4,Proto-Costanoan to Rumsen,6,index_diachronica_original.html:10974,False,expected_underscore,asca-unrepresentable,,,"Syntax Error: Expected '_', but received '' | kʷ > {k,w} / else | ^ @ Rule 1, Line 1"
33.2.1,Proto-Wintuan to Nomlaki,0,index_diachronica_original.html:11003,False,unknown_grouping,asca-unrepresentable,M,,"Syntax Error: Unknown grouping 'M'. Known groupings are (C)onsonant, (O)bstruent, (S)onorant, (P)losive, (F)ricative, (L)iquid, (N)asal, (G)lide, and (V)owel | VrV > {V:[+long],M} | ^ @ Rule 1, Line 1"
33.2.3,Proto-Wintuan to South Patwin,4,index_diachronica_original.html:11021,False,syntax_other,broken-syntax,,,"Syntax Error: Output cannot be empty. Use `*` or '∅' to indicate deletion | χ > | ^ @ Rule 1, Line 1"
33.3.1.3,Buena Vista Yokuts to Tulamni,1,index_diachronica_original.html:11077,False,expected_underscore,asca-unrepresentable,,,"Syntax Error: Expected '_', but received '' | Vʔ > V:[+long] / stressed | ^ @ Rule 1, Line 1"
33.3.3,Proto-Yokuts to Palewyami,5,index_diachronica_original.html:11148,False,expected_underscore,asca-unrepresentable,,,"Syntax Error: Expected '_', but received ')' | i > e / _CVC# // _[-place], short only) | ^ @ Rule 1, Line 1"
34.1,Proto-Quechumaran to Ayachuco,8,index_diachronica_original.html:11184,False,syntax_other,broken-syntax,,,"Syntax Error: Expected an IPA character, Primative or Matrix, but received 'ʼ' | ɸ(ʼ,ʰ) > p | ^ @ Rule 1, Line 1"
34.4,Proto-Quechumaran to Huarás,8,index_diachronica_original.html:11244,False,syntax_other,broken-syntax,,,"Syntax Error: Expected an IPA character, Primative or Matrix, but received 'ʼ' | ɸ(ʼ,ʰ) > p | ^ @ Rule 1, Line 1"
34.5,Proto-Quechumaran to Putamayo,9,index_diachronica_original.html:11262,False,syntax_other,broken-syntax,,,"Syntax Error: Expected an IPA character, Primative or Matrix, but received 'ʼ' | ɸ(ʼ,ʰ) > p | ^ @ Rule 1, Line 1"
34.6,Proto-Quechumaran to Quito,20,index_diachronica_original.html:11289,False,syntax_other,broken-syntax,,,"Syntax Error: Expected end of line, received '#'. Did you forget a '/' between the output and environment? | χ > h #_ | ^ @ Rule 1, Line 1"
34.7,Proto-Quechumaran to Riobamba,20,index_diachronica_original.html:11314,False,unknown_feature,asca-unrepresentable,alveolar,delay,"Syntax Error: Unknown feature 'alveolar'. Did you mean delay? | s > ʃ / _C[+alveolar] | ^^^^^^^^^ @ Rule 1, Line 1"
34.7,Proto-Quechumaran to Riobamba,22,index_diachronica_original.html:11316,False,syntax_other,broken-syntax,,,"Syntax Error: Expected end of line, received '#'. Did you forget a '/' between the output and environment? | χ > kʰ #_ | ^ @ Rule 1, Line 1"
34.8,Proto-Quechumaran to Santiago,8,index_diachronica_original.html:11331,False,syntax_other,broken-syntax,,,"Syntax Error: Expected an IPA character, Primative or Matrix, but received 'ʼ' | ɸ(ʼ,ʰ) > p | ^ @ Rule 1, Line 1"
34.8,Proto-Quechumaran to Santiago,9,index_diachronica_original.html:11332,False,syntax_other,broken-syntax,,,"Syntax Error: Cannot have multiple underlines in an environment | ʃ > s // i_i or _P | ^ @ Rule 1, Line 1"
34.9,Proto-Quechumaran to Tena,14,index_diachronica_original.html:11359,False,syntax_other,broken-syntax,,,"Syntax Error: Expected an IPA character, Primative or Matrix, but received 'ʼ' | ɸ(ʼ,ʰ) > p | ^ @ Rule 1, Line 1"
35.1.1,Proto-Central Salish to Comox,3,index_diachronica_original.html:11395,False,expected_underscore,asca-unrepresentable,,,"Syntax Error: Expected '_', but received '' | {l,lʲ} > j / else | ^ @ Rule 1, Line 1"
35.1.1,Proto-Central Salish to Comox,7,index_diachronica_original.html:11399,False,unknown_character,asca-unrepresentable,ː,,"Syntax Error: Unknown character 'ː' | V3ʔ > V3(ː)ʔ / _# | ^ @ Rule 1, Line 1"
35.1.1,Proto-Central Salish to Comox,8,index_diachronica_original.html:11400,False,syntax_other,broken-syntax,,,"Syntax Error: Expected end of line, received '_'. Did you forget a '/' between the output and environment? | ʔ > V3_[+son,-syll]V | ^ @ Rule 1, Line 1"
35.1.1,Proto-Central Salish to Comox,9,index_diachronica_original.html:11401,False,unknown_grouping,asca-unrepresentable,R,,"Syntax Error: Unknown grouping 'R'. Known groupings are (C)onsonant, (O)bstruent, (S)onorant, (P)losive, (F)ricative, (L)iquid, (N)asal, (G)lide, and (V)owel | ʔ > V3R_V | ^ @ Rule 1, Line 1"
35.1.1,Proto-Central Salish to Comox,10,index_diachronica_original.html:11402,False,runtime_other,broken-syntax,,,"Runtime Error: Unknown reference '3' | {a3,ə3} > {ə3,a3} | ^ @ Rule 1, Line 1"
35.1.1,Proto-Central Salish to Comox,11,index_diachronica_original.html:11403,False,runtime_other,broken-syntax,,,"Runtime Error: Unknown reference '3' | {a3,i3} > i3 | ^ @ Rule 1, Line 1"
35.1.1,Proto-Central Salish to Comox,12,index_diachronica_original.html:11404,False,runtime_other,broken-syntax,,,"Runtime Error: Unknown reference '1' | {a1,i1} > {a1,ə1} | ^ @ Rule 1, Line 1"
35.1.1,Proto-Central Salish to Comox,13,index_diachronica_original.html:11405,False,runtime_other,broken-syntax,,,"Runtime Error: Unknown reference '3' | {i3,ə3} > ə3 | ^ @ Rule 1, Line 1"
35.1.1,Proto-Central Salish to Comox,14,index_diachronica_original.html:11406,False,runtime_other,broken-syntax,,,"Runtime Error: Unknown reference '3' | {i3,ə1} > {ə1,i1,i3} | ^ @ Rule 1, Line 1"
35.1.1,Proto-Central Salish to Comox,15,index_diachronica_original.html:11407,False,runtime_other,broken-syntax,,,"Runtime Error: Unknown reference '1' | {i1,ə1} > i1 | ^ @ Rule 1, Line 1"
35.1.2,Proto-Central Salish to Chilliwack Halkomelem,4,index_diachronica_original.html:11416,False,unknown_character,asca-unrepresentable,ː,,"Syntax Error: Unknown character 'ː' | V3h > V3ː / _C | ^ @ Rule 1, Line 1"
35.1.2,Proto-Central Salish to Chilliwack Halkomelem,5,index_diachronica_original.html:11417,False,unknown_character,asca-unrepresentable,ː,,"Syntax Error: Unknown character 'ː' | V3ʔ > V3(ː) / _# | ^ @ Rule 1, Line 1"
35.1.2,Proto-Central Salish to Chilliwack Halkomelem,7,index_diachronica_original.html:11419,False,unknown_character,asca-unrepresentable,ː,,"Syntax Error: Unknown character 'ː' | V3ʔ > V3ː / _O | ^ @ Rule 1, Line 1"
35.1.2,Proto-Central Salish to Chilliwack Halkomelem,8,index_diachronica_original.html:11420,False,unknown_character,asca-unrepresentable,₀,,"Syntax Error: Unknown character '₀' | ∅ > V=0 / V:[+stress]₀3_ | ^ @ Rule 1, Line 1"
35.1.2,Proto-Central Salish to Chilliwack Halkomelem,9,index_diachronica_original.html:11421,False,unknown_character,asca-unrepresentable,ː,,"Syntax Error: Unknown character 'ː' | V3ʔR > V3ːR | ^ @ Rule 1, Line 1"
35.1.2,Proto-Central Salish to Chilliwack Halkomelem,14,index_diachronica_original.html:11426,False,runtime_other,broken-syntax,,,"Runtime Error: Unknown reference '3' | {u3,ə3} > {o3,ə3,a3} | ^ @ Rule 1, Line 1"
35.1.2,Proto-Central Salish to Chilliwack Halkomelem,15,index_diachronica_original.html:11427,False,runtime_other,broken-syntax,,,"Runtime Error: Unknown reference '3' | {a3,ə3} > {ɛ3,ə3} | ^ @ Rule 1, Line 1"
35.1.2,Proto-Central Salish to Chilliwack Halkomelem,16,index_diachronica_original.html:11428,False,runtime_other,broken-syntax,,,"Runtime Error: Unknown reference '3' | {a3,i3} > ɛ3 | ^ @ Rule 1, Line 1"
35.1.2,Proto-Central Salish to Chilliwack Halkomelem,17,index_diachronica_original.html:11429,False,runtime_other,broken-syntax,,,"Runtime Error: Unknown reference '3' | {i3,e3} > {ə3,i3} | ^ @ Rule 1, Line 1"
35.1.2,Proto-Central Salish to Chilliwack Halkomelem,18,index_diachronica_original.html:11430,False,runtime_other,broken-syntax,,,"Runtime Error: Unknown reference '3' | {i3,ə1} > ə1 | ^ @ Rule 1, Line 1"
35.1.2,Proto-Central Salish to Chilliwack Halkomelem,19,index_diachronica_original.html:11431,False,runtime_other,broken-syntax,,,"Runtime Error: Unknown reference '1' | {i1,ə1} > ə1 | ^ @ Rule 1, Line 1"
35.1.3,Proto-Central Salish to Cowichan Halkomelem,3,index_diachronica_original.html:11439,False,unknown_character,asca-unrepresentable,ː,,"Syntax Error: Unknown character 'ː' | V3h > V3ː / _C | ^ @ Rule 1, Line 1"
35.1.3,Proto-Central Salish to Cowichan Halkomelem,4,index_diachronica_original.html:11440,False,unknown_character,asca-unrepresentable,ː,,"Syntax Error: Unknown character 'ː' | V=0 3ʔ{0} > {0 3ː,0 3ʔ0} | ^ @ Rule 1, Line 1"
35.1.3,Proto-Central Salish to Cowichan Halkomelem,5,index_diachronica_original.html:11441,False,unknown_character,asca-unrepresentable,ː,,"Syntax Error: Unknown character 'ː' | V3ʔR > {V3ʔR,V3ːRʔ} / _V | ^ @ Rule 1, Line 1"
35.1.3,Proto-Central Salish to Cowichan Halkomelem,6,index_diachronica_original.html:11442,False,runtime_other,broken-syntax,,,"Runtime Error: Unknown reference '3' | a3 u3 {a1,u1} i1 > ɛ3 a3 ə1 {i1,ə1} | ^ @ Rule 1, Line 1"
35.1.3,Proto-Central Salish to Cowichan Halkomelem,7,index_diachronica_original.html:11443,False,runtime_other,broken-syntax,,,"Runtime Error: Unknown reference '3' | {a3,ə3} > ə3 | ^ @ Rule 1, Line 1"
35.1.3,Proto-Central Salish to Cowichan Halkomelem,8,index_diachronica_original.html:11444,False,runtime_other,broken-syntax,,,"Runtime Error: Unknown reference '3' | {a3,i3} > a3 | ^ @ Rule 1, Line 1"
35.1.3,Proto-Central Salish to Cowichan Halkomelem,9,index_diachronica_original.html:11445,False,runtime_other,broken-syntax,,,"Runtime Error: Unknown reference '1' | {a1,i1} > ə1 | ^ @ Rule 1, Line 1"
35.1.3,Proto-Central Salish to Cowichan Halkomelem,10,index_diachronica_original.html:11446,False,runtime_other,broken-syntax,,,"Runtime Error: Unknown reference '3' | {i3,e3} > {ə3,i3} | ^ @ Rule 1, Line 1"
35.1.3,Proto-Central Salish to Cowichan Halkomelem,11,index_diachronica_original.html:11447,False,runtime_other,broken-syntax,,,"Runtime Error: Unknown reference '3' | {i3,ə1} > ə1 | ^ @ Rule 1, Line 1"
35.1.3,Proto-Central Salish to Cowichan Halkomelem,12,index_diachronica_original.html:11448,False,runtime_other,broken-syntax,,,"Runtime Error: Unknown reference '1' | {i1,ə1} > ə1 | ^ @ Rule 1, Line 1"
35.1.4,Proto-Central Salish to Musqueam Halkomelem,3,index_diachronica_original.html:11456,False,unknown_character,asca-unrepresentable,ː,,"Syntax Error: Unknown character 'ː' | V3h > V3ː / _C | ^ @ Rule 1, Line 1"
35.1.4,Proto-Central Salish to Musqueam Halkomelem,4,index_diachronica_original.html:11457,False,runtime_other,broken-syntax,,,"Runtime Error: Unknown reference '3' | V3ʔ > V3{V:[+long],ʔ} / _O | ^ @ Rule 1, Line 1"
35.1.4,Proto-Central Salish to Musqueam Halkomelem,5,index_diachronica_original.html:11458,False,unknown_character,asca-unrepresentable,ː,,"Syntax Error: Unknown character 'ː' | V=0 3ʔ0 > {V3ː,0 3ʔ0 } | ^ @ Rule 1, Line 1"
35.1.4,Proto-Central Salish to Musqueam Halkomelem,6,index_diachronica_original.html:11459,False,unknown_character,asca-unrepresentable,ː,,"Syntax Error: Unknown character 'ː' | V3ʔR > {V3ʔR,V3ːRʔ} / _V | ^ @ Rule 1, Line 1"
35.1.4,Proto-Central Salish to Musqueam Halkomelem,8,index_diachronica_original.html:11461,False,runtime_other,broken-syntax,,,"Runtime Error: Unknown reference '3' | {u3,ə3} > ə3 | ^ @ Rule 1, Line 1"
35.1.4,Proto-Central Salish to Musqueam Halkomelem,9,index_diachronica_original.html:11462,False,runtime_other,broken-syntax,,,"Runtime Error: Unknown reference '3' | {a3,ə3} > {ɛ3,ə3} | ^ @ Rule 1, Line 1"
35.1.4,Proto-Central Salish to Musqueam Halkomelem,10,index_diachronica_original.html:11463,False,runtime_other,broken-syntax,,,"Runtime Error: Unknown reference '3' | {a3,i3} > {a3,ɛ3} | ^ @ Rule 1, Line 1"
35.1.4,Proto-Central Salish to Musqueam Halkomelem,11,index_diachronica_original.html:11464,False,runtime_other,broken-syntax,,,"Runtime Error: Unknown reference '1' | {a1,i1} > {ə1,ɛ1} | ^ @ Rule 1, Line 1"
35.1.4,Proto-Central Salish to Musqueam Halkomelem,12,index_diachronica_original.html:11465,False,runtime_other,broken-syntax,,,"Runtime Error: Unknown reference '3' | {i3,e3} > {ə3,i3} | ^ @ Rule 1, Line 1"
35.1.4,Proto-Central Salish to Musqueam Halkomelem,13,index_diachronica_original.html:11466,False,runtime_other,broken-syntax,,,"Runtime Error: Unknown reference '3' | {i3,ə1} > ə1 | ^ @ Rule 1, Line 1"
35.1.4,Proto-Central Salish to Musqueam Halkomelem,14,index_diachronica_original.html:11467,False,runtime_other,broken-syntax,,,"Runtime Error: Unknown reference '1' | {i1,ə1} > ə1 | ^ @ Rule 1, Line 1"
35.1.5,Proto-Central Salish to Klallam,5,index_diachronica_original.html:11477,False,expected_underscore,asca-unrepresentable,,,"Syntax Error: Expected '_', but received '' | tʃ:[+cg] > ts:[+cg] / medially | ^ @ Rule 1, Line 1"
35.1.5,Proto-Central Salish to Klallam,7,index_diachronica_original.html:11479,False,runtime_other,broken-syntax,,,"Runtime Error: Unknown reference '3' | V=0 3ʔ{0} > 0 3ʔ0 | ^ @ Rule 1, Line 1"
35.1.5,Proto-Central Salish to Klallam,9,index_diachronica_original.html:11481,False,unknown_feature,asca-unrepresentable,uvular,lar,"Syntax Error: Unknown feature 'uvular'. Did you mean lar? | a3 > u3 / {C:[+round][+uvular],C:[-front,+back,+hi,-lo,+round],w} | ^^^^^^^ @ Rule 1, Line 1"
35.1.5,Proto-Central Salish to Klallam,10,index_diachronica_original.html:11482,False,unknown_feature,asca-unrepresentable,uvular,lar,"Syntax Error: Unknown feature 'uvular'. Did you mean lar? | a3 > u3 / _{Cu,C:[+round][+uvular],w} | ^^^^^^^ @ Rule 1, Line 1"
35.1.5,Proto-Central Salish to Klallam,11,index_diachronica_original.html:11483,False,runtime_other,broken-syntax,,,"Runtime Error: Unknown reference '1' | a1 > ə1 | ^ @ Rule 1, Line 1"
35.1.5,Proto-Central Salish to Klallam,12,index_diachronica_original.html:11484,False,runtime_other,broken-syntax,,,"Runtime Error: Unknown reference '3' | {u3,ə3} > ə3 | ^ @ Rule 1, Line 1"
35.1.5,Proto-Central Salish to Klallam,13,index_diachronica_original.html:11485,False,runtime_other,broken-syntax,,,"Runtime Error: Unknown reference '3' | {a3,ə3} > ə3 | ^ @ Rule 1, Line 1"
35.1.5,Proto-Central Salish to Klallam,14,index_diachronica_original.html:11486,False,runtime_other,broken-syntax,,,"Runtime Error: Unknown reference '3' | {a3,i3} > ə3 | ^ @ Rule 1, Line 1"
35.1.5,Proto-Central Salish to Klallam,15,index_diachronica_original.html:11487,False,runtime_other,broken-syntax,,,"Runtime Error: Unknown reference '1' | {a1,i1} > ə1 | ^ @ Rule 1, Line 1"
35.1.5,Proto-Central Salish to Klallam,16,index_diachronica_original.html:11488,False,runtime_other,broken-syntax,,,"Runtime Error: Unknown reference '3' | {i3,ə3} > ə3 | ^ @ Rule 1, Line 1"
35.1.5,Proto-Central Salish to Klallam,17,index_diachronica_original.html:11489,False,runtime_other,broken-syntax,,,"Runtime Error: Unknown reference '3' | {i3,ə1} > ə1 | ^ @ Rule 1, Line 1"
35.1.5,Proto-Central Salish to Klallam,18,index_diachronica_original.html:11490,False,runtime_other,broken-syntax,,,"Runtime Error: Unknown reference '1' | {i1,ə1} > ə1 | ^ @ Rule 1, Line 1"
35.1.6,Proto-Central Salish to Lushootseed,6,index_diachronica_original.html:11501,False,runtime_other,broken-syntax,,,"Runtime Error: Unknown reference '3' | V3h > V3{V:[+long],ʔ} / _C | ^ @ Rule 1, Line 1"
35.1.6,Proto-Central Salish to Lushootseed,7,index_diachronica_original.html:11502,False,syntax_other,broken-syntax,,,"Syntax Error: Expected end of line, received '('. Did you forget a '/' between the output and environment? | V3ʔ > V3(ʔ) / _O | ^ @ Rule 1, Line 1"
35.1.6,Proto-Central Salish to Lushootseed,8,index_diachronica_original.html:11503,False,unknown_grouping,asca-unrepresentable,R,,"Syntax Error: Unknown grouping 'R'. Known groupings are (C)onsonant, (O)bstruent, (S)onorant, (P)losive, (F)ricative, (L)iquid, (N)asal, (G)lide, and (V)owel | [+son,-syll]ʔ > ʔR / V3C | ^ @ Rule 1, Line 1"
35.1.6,Proto-Central Salish to Lushootseed,10,index_diachronica_original.html:11505,False,runtime_other,broken-syntax,,,"Runtime Error: Unknown reference '3' | {u3,ə3} > a3 | ^ @ Rule 1, Line 1"
35.1.6,Proto-Central Salish to Lushootseed,11,index_diachronica_original.html:11506,False,runtime_other,broken-syntax,,,"Runtime Error: Unknown reference '3' | {a3,ə3} > {ə3,a3} | ^ @ Rule 1, Line 1"
35.1.6,Proto-Central Salish to Lushootseed,12,index_diachronica_original.html:11507,False,runtime_other,broken-syntax,,,"Runtime Error: Unknown reference '1' | {a1,i1} > i1 | ^ @ Rule 1, Line 1"
35.1.6,Proto-Central Salish to Lushootseed,13,index_diachronica_original.html:11508,False,runtime_other,broken-syntax,,,"Runtime Error: Unknown reference '3' | {i3,ə3} > {i1,ə1} | ^ @ Rule 1, Line 1"
35.1.6,Proto-Central Salish to Lushootseed,14,index_diachronica_original.html:11509,False,runtime_other,broken-syntax,,,"Runtime Error: Unknown reference '3' | {i3,ə1} > {i3,i1} | ^ @ Rule 1, Line 1"
35.1.6,Proto-Central Salish to Lushootseed,15,index_diachronica_original.html:11510,False,runtime_other,broken-syntax,,,"Runtime Error: Unknown reference '1' | {i1,ə1} > {ə1,i1} | ^ @ Rule 1, Line 1"
35.1.7,Proto-Central Salish to Nooksack,3,index_diachronica_original.html:11518,False,nested_brackets,asca-unrepresentable,,,"Syntax Error: Cannot have nested brackets of the same type | s > ʃ / #_{xʲ,w{i,a},qʷa} | ^ @ Rule 1, Line 1"
35.1.7,Proto-Central Salish to Nooksack,5,index_diachronica_original.html:11520,False,unknown_character,asca-unrepresentable,₀,,"Syntax Error: Unknown character '₀' | ∅ > V=0 / V:[+stress]₀3ʔ_ | ^ @ Rule 1, Line 1"
35.1.7,Proto-Central Salish to Nooksack,6,index_diachronica_original.html:11521,False,unknown_grouping,asca-unrepresentable,R,,"Syntax Error: Unknown grouping 'R'. Known groupings are (C)onsonant, (O)bstruent, (S)onorant, (P)losive, (F)ricative, (L)iquid, (N)asal, (G)lide, and (V)owel | ʔR > {ʔS,[+son,-syll]} / V3_V | ^ @ Rule 1, Line 1"
35.1.7,Proto-Central Salish to Nooksack,8,index_diachronica_original.html:11523,False,unknown_grouping,asca-unrepresentable,R,,"Syntax Error: Unknown grouping 'R'. Known groupings are (C)onsonant, (O)bstruent, (S)onorant, (P)losive, (F)ricative, (L)iquid, (N)asal, (G)lide, and (V)owel | ʔ > ∅ / V3R_{C,#} | ^ @ Rule 1, Line 1"
35.1.7,Proto-Central Salish to Nooksack,9,index_diachronica_original.html:11524,False,unknown_grouping,asca-unrepresentable,R,,"Syntax Error: Unknown grouping 'R'. Known groupings are (C)onsonant, (O)bstruent, (S)onorant, (P)losive, (F)ricative, (L)iquid, (N)asal, (G)lide, and (V)owel | ʔ > ∅ / V1R_# | ^ @ Rule 1, Line 1"
35.1.7,Proto-Central Salish to Nooksack,11,index_diachronica_original.html:11526,False,runtime_other,broken-syntax,,,"Runtime Error: Unknown reference '1' | a1 u3 u1 i1 > æ2 o3 o1 i2 | ^ @ Rule 1, Line 1"
35.1.7,Proto-Central Salish to Nooksack,14,index_diachronica_original.html:11529,False,expected_underscore,asca-unrepresentable,,,"Syntax Error: Expected '_', but received '' | ə1 > æ2 / in some other unspecified circumstances | ^ @ Rule 1, Line 1"
35.1.7,Proto-Central Salish to Nooksack,15,index_diachronica_original.html:11530,False,runtime_other,broken-syntax,,,"Runtime Error: Unknown reference '3' | {u3,ə3} > o3 | ^ @ Rule 1, Line 1"
35.1.7,Proto-Central Salish to Nooksack,16,index_diachronica_original.html:11531,False,runtime_other,broken-syntax,,,"Runtime Error: Unknown reference '3' | {a3,ə3} > æ3 | ^ @ Rule 1, Line 1"
35.1.7,Proto-Central Salish to Nooksack,17,index_diachronica_original.html:11532,False,runtime_other,broken-syntax,,,"Runtime Error: Unknown reference '3' | {a3,i3} > æ3 | ^ @ Rule 1, Line 1"
35.1.7,Proto-Central Salish to Nooksack,18,index_diachronica_original.html:11533,False,runtime_other,broken-syntax,,,"Runtime Error: Unknown reference '1' | {a1,i1} > æ2 | ^ @ Rule 1, Line 1"
35.1.7,Proto-Central Salish to Nooksack,19,index_diachronica_original.html:11534,False,syntax_other,broken-syntax,,,"Syntax Error: Expected '..', but received .'ə' | {i3,e3} > {i3.ə3} | ^ @ Rule 1, Line 1"
35.1.7,Proto-Central Salish to Nooksack,20,index_diachronica_original.html:11535,False,runtime_other,broken-syntax,,,"Runtime Error: Unknown reference '3' | {i3,ə1} > i3 | ^ @ Rule 1, Line 1"
35.1.7,Proto-Central Salish to Nooksack,21,index_diachronica_original.html:11536,False,runtime_other,broken-syntax,,,"Runtime Error: Unknown reference '1' | {i1,ə1} > {i2,ə1} | ^ @ Rule 1, Line 1"
35.1.8,Proto-Central Salish to Lummi Northern Straits,6,index_diachronica_original.html:11547,False,expected_underscore,asca-unrepresentable,,,"Syntax Error: Expected '_', but received '' | tʃ:[+cg] > ts:[+cg] / medially | ^ @ Rule 1, Line 1"
35.1.8,Proto-Central Salish to Lummi Northern Straits,9,index_diachronica_original.html:11550,False,syntax_other,broken-syntax,,,"Syntax Error: Expected an IPA character, Primative or Matrix, but received '∅' | ʔ > {∅,ʔ} / V3R_{C,#} | ^ @ Rule 1, Line 1"
35.1.8,Proto-Central Salish to Lummi Northern Straits,11,index_diachronica_original.html:11552,False,nested_brackets,asca-unrepresentable,,,"Syntax Error: Cannot have nested brackets of the same type | a3 > o3 / {{C[+ uvular],C:[-front,+back,+hi,-lo]}ʷ,w}_ | ^ @ Rule 1, Line 1"
35.1.8,Proto-Central Salish to Lummi Northern Straits,12,index_diachronica_original.html:11553,False,unknown_feature,asca-unrepresentable,uvular,lar,"Syntax Error: Unknown feature 'uvular'. Did you mean lar? | a3 > o3 / _{Cu,C[+ uvular]ʷ,w} | ^^^^^^^^ @ Rule 1, Line 1"
35.1.8,Proto-Central Salish to Lummi Northern Straits,13,index_diachronica_original.html:11554,False,expected_underscore,asca-unrepresentable,,,"Syntax Error: Expected '_', but received '' | a3 > e3 / else | ^ @ Rule 1, Line 1"
35.1.8,Proto-Central Salish to Lummi Northern Straits,14,index_diachronica_original.html:11555,False,runtime_other,broken-syntax,,,"Runtime Error: Unknown reference '1' | a1 > ə1 | ^ @ Rule 1, Line 1"
35.1.8,Proto-Central Salish to Lummi Northern Straits,15,index_diachronica_original.html:11556,False,runtime_other,broken-syntax,,,"Runtime Error: Unknown reference '3' | {u3,ə3} > ə1 | ^ @ Rule 1, Line 1"
35.1.8,Proto-Central Salish to Lummi Northern Straits,16,index_diachronica_original.html:11557,False,runtime_other,broken-syntax,,,"Runtime Error: Unknown reference '3' | {a3,ə3} > ə3 | ^ @ Rule 1, Line 1"
35.1.8,Proto-Central Salish to Lummi Northern Straits,17,index_diachronica_original.html:11558,False,runtime_other,broken-syntax,,,"Runtime Error: Unknown reference '3' | {a3,i3} > ə3 | ^ @ Rule 1, Line 1"
35.1.8,Proto-Central Salish to Lummi Northern Straits,18,index_diachronica_original.html:11559,False,runtime_other,broken-syntax,,,"Runtime Error: Unknown reference '1' | {a1,i1} > ə1 | ^ @ Rule 1, Line 1"
35.1.8,Proto-Central Salish to Lummi Northern Straits,19,index_diachronica_original.html:11560,False,runtime_other,broken-syntax,,,"Runtime Error: Unknown reference '3' | {i3,e3} > ə3 | ^ @ Rule 1, Line 1"
35.1.8,Proto-Central Salish to Lummi Northern Straits,20,index_diachronica_original.html:11561,False,runtime_other,broken-syntax,,,"Runtime Error: Unknown reference '3' | {i3,ə1} > ə1 | ^ @ Rule 1, Line 1"
35.1.8,Proto-Central Salish to Lummi Northern Straits,21,index_diachronica_original.html:11562,False,runtime_other,broken-syntax,,,"Runtime Error: Unknown reference '1' | {i1,ə1} > ə1 | ^ @ Rule 1, Line 1"
35.1.9,Proto-Central Salish to Saanich Northern Straits,7,index_diachronica_original.html:11574,False,expected_underscore,asca-unrepresentable,,,"Syntax Error: Expected '_', but received '' | tʃ:[+cg] > θ:[+cg] / medially | ^ @ Rule 1, Line 1"
35.1.9,Proto-Central Salish to Saanich Northern Straits,9,index_diachronica_original.html:11576,False,unknown_character,asca-unrepresentable,ː,,"Syntax Error: Unknown character 'ː' | V3h > V3(ː) / _C | ^ @ Rule 1, Line 1"
35.1.9,Proto-Central Salish to Saanich Northern Straits,10,index_diachronica_original.html:11577,False,unknown_grouping,asca-unrepresentable,R,,"Syntax Error: Unknown grouping 'R'. Known groupings are (C)onsonant, (O)bstruent, (S)onorant, (P)losive, (F)ricative, (L)iquid, (N)asal, (G)lide, and (V)owel | ʔR > [+son,-syll]ʔ / V3_V | ^ @ Rule 1, Line 1"
35.1.9,Proto-Central Salish to Saanich Northern Straits,12,index_diachronica_original.html:11579,False,nested_brackets,asca-unrepresentable,,,"Syntax Error: Cannot have nested brackets of the same type | a3 > e3 // {{C[+ uvular],C:[-front,+back,+hi,-lo]}ʷ,w}_ or when _{Cu,C[+ uvular]ʷ,w} | ^ @ Rule 1, Line 1"
35.1.9,Proto-Central Salish to Saanich Northern Straits,13,index_diachronica_original.html:11580,False,runtime_other,broken-syntax,,,"Runtime Error: Unknown reference '1' | a1 > ə1 | ^ @ Rule 1, Line 1"
35.1.9,Proto-Central Salish to Saanich Northern Straits,14,index_diachronica_original.html:11581,False,runtime_other,broken-syntax,,,"Runtime Error: Unknown reference '3' | {a3,ə3} > {ə3,e3} | ^ @ Rule 1, Line 1"
35.1.9,Proto-Central Salish to Saanich Northern Straits,15,index_diachronica_original.html:11582,False,runtime_other,broken-syntax,,,"Runtime Error: Unknown reference '3' | {a3,i3} > ə3 | ^ @ Rule 1, Line 1"
35.1.9,Proto-Central Salish to Saanich Northern Straits,16,index_diachronica_original.html:11583,False,runtime_other,broken-syntax,,,"Runtime Error: Unknown reference '1' | {a1,i1} > ə1 | ^ @ Rule 1, Line 1"
35.1.9,Proto-Central Salish to Saanich Northern Straits,17,index_diachronica_original.html:11584,False,runtime_other,broken-syntax,,,"Runtime Error: Unknown reference '3' | {i3,e3} > {ə3,i3} | ^ @ Rule 1, Line 1"
35.1.9,Proto-Central Salish to Saanich Northern Straits,18,index_diachronica_original.html:11585,False,runtime_other,broken-syntax,,,"Runtime Error: Unknown reference '3' | {i3,ə1} > ə1 | ^ @ Rule 1, Line 1"
35.1.9,Proto-Central Salish to Saanich Northern Straits,19,index_diachronica_original.html:11586,False,runtime_other,broken-syntax,,,"Runtime Error: Unknown reference '1' | {i1,ə1} > {ə1,i1} | ^ @ Rule 1, Line 1"
35.1.10,Proto-Central Salish to Songish Northern Straits,6,index_diachronica_original.html:11597,False,expected_underscore,asca-unrepresentable,,,"Syntax Error: Expected '_', but received '' | tʃ:[+cg] > ts:[+cg] / medially | ^ @ Rule 1, Line 1"
35.1.10,Proto-Central Salish to Songish Northern Straits,8,index_diachronica_original.html:11599,False,unknown_character,asca-unrepresentable,ː,,"Syntax Error: Unknown character 'ː' | V3h > V3ː / _C | ^ @ Rule 1, Line 1"
35.1.10,Proto-Central Salish to Songish Northern Straits,10,index_diachronica_original.html:11601,False,nested_brackets,asca-unrepresentable,,,"Syntax Error: Cannot have nested brackets of the same type | a3 > a3 / {{C[+ uvular],C:[-front,+back,+hi,-lo]}ʷ,w}_ | ^ @ Rule 1, Line 1"
35.1.10,Proto-Central Salish to Songish Northern Straits,11,index_diachronica_original.html:11602,False,unknown_feature,asca-unrepresentable,uvular,lar,"Syntax Error: Unknown feature 'uvular'. Did you mean lar? | a3 > a3 / _{Cu,C[+ uvular]ʷ,w} | ^^^^^^^^ @ Rule 1, Line 1"
35.1.10,Proto-Central Salish to Songish Northern Straits,12,index_diachronica_original.html:11603,False,runtime_other,broken-syntax,,,"Runtime Error: Unknown reference '1' | a1 > ə1 | ^ @ Rule 1, Line 1"
35.1.10,Proto-Central Salish to Songish Northern Straits,13,index_diachronica_original.html:11604,False,runtime_other,broken-syntax,,,"Runtime Error: Unknown reference '3' | {u3,ə3} > ə3 | ^ @ Rule 1, Line 1"
35.1.10,Proto-Central Salish to Songish Northern Straits,14,index_diachronica_original.html:11605,False,runtime_other,broken-syntax,,,"Runtime Error: Unknown reference '3' | {a3,ə3} > ə3 | ^ @ Rule 1, Line 1"
35.1.10,Proto-Central Salish to Songish Northern Straits,15,index_diachronica_original.html:11606,False,runtime_other,broken-syntax,,,"Runtime Error: Unknown reference '3' | {a3,i3} > ə3 | ^ @ Rule 1, Line 1"
35.1.10,Proto-Central Salish to Songish Northern Straits,16,index_diachronica_original.html:11607,False,runtime_other,broken-syntax,,,"Runtime Error: Unknown reference '1' | {a1,i1} > {ə1,e1} | ^ @ Rule 1, Line 1"
35.1.10,Proto-Central Salish to Songish Northern Straits,17,index_diachronica_original.html:11608,False,runtime_other,broken-syntax,,,"Runtime Error: Unknown reference '3' | {i3,e3} > ə3 | ^ @ Rule 1, Line 1"
35.1.10,Proto-Central Salish to Songish Northern Straits,18,index_diachronica_original.html:11609,False,runtime_other,broken-syntax,,,"Runtime Error: Unknown reference '3' | {i3,ə1} > ə1 | ^ @ Rule 1, Line 1"
35.1.10,Proto-Central Salish to Songish Northern Straits,19,index_diachronica_original.html:11610,False,runtime_other,broken-syntax,,,"Runtime Error: Unknown reference '1' | {i1,ə1} > ə1 | ^ @ Rule 1, Line 1"
35.1.11,Proto-Central Salish to Sooke Northern Straits,6,index_diachronica_original.html:11621,False,expected_underscore,asca-unrepresentable,,,"Syntax Error: Expected '_', but received '' | tʃ:[+cg] > ts:[+cg] / medially | ^ @ Rule 1, Line 1"
35.1.11,Proto-Central Salish to Sooke Northern Straits,9,index_diachronica_original.html:11624,False,nested_brackets,asca-unrepresentable,,,"Syntax Error: Cannot have nested brackets of the same type | a3 > {a3,o3} / {{C[+ uvular],C:[-front,+back,+hi,-lo]}ʷ,w}_ | ^ @ Rule 1, Line 1"
35.1.11,Proto-Central Salish to Sooke Northern Straits,10,index_diachronica_original.html:11625,False,runtime_other,broken-syntax,,,"Runtime Error: Unknown reference '3' | a3 > e3 | ^ @ Rule 1, Line 1"
35.1.11,Proto-Central Salish to Sooke Northern Straits,11,index_diachronica_original.html:11626,False,runtime_other,broken-syntax,,,"Runtime Error: Unknown reference '1' | a1 > ə1 | ^ @ Rule 1, Line 1"
35.1.11,Proto-Central Salish to Sooke Northern Straits,12,index_diachronica_original.html:11627,False,runtime_other,broken-syntax,,,"Runtime Error: Unknown reference '3' | {u3,ə3} > ə3 | ^ @ Rule 1, Line 1"
35.1.11,Proto-Central Salish to Sooke Northern Straits,13,index_diachronica_original.html:11628,False,runtime_other,broken-syntax,,,"Runtime Error: Unknown reference '3' | {a3,ə3} > ə3 | ^ @ Rule 1, Line 1"
35.1.11,Proto-Central Salish to Sooke Northern Straits,14,index_diachronica_original.html:11629,False,runtime_other,broken-syntax,,,"Runtime Error: Unknown reference '3' | {a3,i3} > ə3 | ^ @ Rule 1, Line 1"
35.1.11,Proto-Central Salish to Sooke Northern Straits,15,index_diachronica_original.html:11630,False,runtime_other,broken-syntax,,,"Runtime Error: Unknown reference '1' | {a1,i1} > ə1 | ^ @ Rule 1, Line 1"
35.1.11,Proto-Central Salish to Sooke Northern Straits,16,index_diachronica_original.html:11631,False,runtime_other,broken-syntax,,,"Runtime Error: Unknown reference '3' | {i3,e3} > ə3 | ^ @ Rule 1, Line 1"
35.1.11,Proto-Central Salish to Sooke Northern Straits,17,index_diachronica_original.html:11632,False,runtime_other,broken-syntax,,,"Runtime Error: Unknown reference '3' | {i3,ə1} > ə1 | ^ @ Rule 1, Line 1"
35.1.11,Proto-Central Salish to Sooke Northern Straits,18,index_diachronica_original.html:11633,False,runtime_other,broken-syntax,,,"Runtime Error: Unknown reference '1' | {i1,ə1} > ə1 | ^ @ Rule 1, Line 1"
35.1.12,Proto-Central Salish to Pentlatch,4,index_diachronica_original.html:11642,False,unknown_grouping,asca-unrepresentable,R,,"Syntax Error: Unknown grouping 'R'. Known groupings are (C)onsonant, (O)bstruent, (S)onorant, (P)losive, (F)ricative, (L)iquid, (N)asal, (G)lide, and (V)owel | ʔ > ∅ / V3R_{V,#} | ^ @ Rule 1, Line 1"
35.1.12,Proto-Central Salish to Pentlatch,6,index_diachronica_original.html:11644,False,runtime_other,broken-syntax,,,"Runtime Error: Unknown reference '3' | {a3,ə3} > ə3 | ^ @ Rule 1, Line 1"
35.1.12,Proto-Central Salish to Pentlatch,7,index_diachronica_original.html:11645,False,runtime_other,broken-syntax,,,"Runtime Error: Unknown reference '1' | {a1,i1} > {i1,ə1} | ^ @ Rule 1, Line 1"
35.1.12,Proto-Central Salish to Pentlatch,8,index_diachronica_original.html:11646,False,runtime_other,broken-syntax,,,"Runtime Error: Unknown reference '3' | {i3,e3} > {ə3,i3} | ^ @ Rule 1, Line 1"
35.1.12,Proto-Central Salish to Pentlatch,9,index_diachronica_original.html:11647,False,runtime_other,broken-syntax,,,"Runtime Error: Unknown reference '3' | {i3,ə1} > i3 | ^ @ Rule 1, Line 1"
35.1.12,Proto-Central Salish to Pentlatch,10,index_diachronica_original.html:11648,False,syntax_other,broken-syntax,,,"Syntax Error: Expected an IPA character, Primative or Matrix, but received '∅' | {i1,ə1} > {i1,∅} | ^ @ Rule 1, Line 1"
35.1.13,Proto-Central Salish to Sechelt,6,index_diachronica_original.html:11659,False,runtime_other,broken-syntax,,,"Runtime Error: Unknown reference '3' | {u3,ə3} > u3 | ^ @ Rule 1, Line 1"
35.1.13,Proto-Central Salish to Sechelt,7,index_diachronica_original.html:11660,False,runtime_other,broken-syntax,,,"Runtime Error: Unknown reference '3' | {a3,ə3} > ə3 | ^ @ Rule 1, Line 1"
35.1.13,Proto-Central Salish to Sechelt,8,index_diachronica_original.html:11661,False,runtime_other,broken-syntax,,,"Runtime Error: Unknown reference '3' | {a3,i3} > i3 | ^ @ Rule 1, Line 1"
35.1.13,Proto-Central Salish to Sechelt,9,index_diachronica_original.html:11662,False,runtime_other,broken-syntax,,,"Runtime Error: Unknown reference '1' | {a1,i1} > {i1,ə1} | ^ @ Rule 1, Line 1"
35.1.13,Proto-Central Salish to Sechelt,10,index_diachronica_original.html:11663,False,runtime_other,broken-syntax,,,"Runtime Error: Unknown reference '3' | {i3,e3} > {ə3,i3} | ^ @ Rule 1, Line 1"
35.1.13,Proto-Central Salish to Sechelt,11,index_diachronica_original.html:11664,False,runtime_other,broken-syntax,,,"Runtime Error: Unknown reference '3' | {i3,ə1} > i3 | ^ @ Rule 1, Line 1"
35.1.13,Proto-Central Salish to Sechelt,12,index_diachronica_original.html:11665,False,syntax_other,broken-syntax,,,"Syntax Error: Expected an IPA character, Primative or Matrix, but received '∅' | {i1,ə1} > {i1,∅} | ^ @ Rule 1, Line 1"
35.1.14,Proto-Central Salish to Sqamish,3,index_diachronica_original.html:11673,False,unknown_grouping,asca-unrepresentable,R,,"Syntax Error: Unknown grouping 'R'. Known groupings are (C)onsonant, (O)bstruent, (S)onorant, (P)losive, (F)ricative, (L)iquid, (N)asal, (G)lide, and (V)owel | ʔR > [+son,-syll]ʔ / V3_V | ^ @ Rule 1, Line 1"
35.1.14,Proto-Central Salish to Sqamish,5,index_diachronica_original.html:11675,False,runtime_other,broken-syntax,,,"Runtime Error: Unknown reference '3' | {u3,ə3} > ə3 | ^ @ Rule 1, Line 1"
35.1.14,Proto-Central Salish to Sqamish,6,index_diachronica_original.html:11676,False,runtime_other,broken-syntax,,,"Runtime Error: Unknown reference '3' | {a3,ə3} > {a3,ə3} | ^ @ Rule 1, Line 1"
35.1.14,Proto-Central Salish to Sqamish,7,index_diachronica_original.html:11677,False,runtime_other,broken-syntax,,,"Runtime Error: Unknown reference '3' | {a3,i3} > i3 | ^ @ Rule 1, Line 1"
35.1.14,Proto-Central Salish to Sqamish,8,index_diachronica_original.html:11678,False,runtime_other,broken-syntax,,,"Runtime Error: Unknown reference '1' | {a1,i1} > i1 | ^ @ Rule 1, Line 1"
35.1.14,Proto-Central Salish to Sqamish,9,index_diachronica_original.html:11679,False,runtime_other,broken-syntax,,,"Runtime Error: Unknown reference '3' | {i3,e3} > {ə3,i3} | ^ @ Rule 1, Line 1"
35.1.14,Proto-Central Salish to Sqamish,10,index_diachronica_original.html:11680,False,runtime_other,broken-syntax,,,"Runtime Error: Unknown reference '3' | {i3,ə1} > i3 | ^ @ Rule 1, Line 1"
35.1.14,Proto-Central Salish to Sqamish,11,index_diachronica_original.html:11681,False,syntax_other,broken-syntax,,,"Syntax Error: Expected an IPA character, Primative or Matrix, but received '∅' | {i1,ə1} > {i1,∅} | ^ @ Rule 1, Line 1"
35.1.15,Proto-Central Salish to Twana,4,index_diachronica_original.html:11690,False,unknown_grouping,asca-unrepresentable,R,,"Syntax Error: Unknown grouping 'R'. Known groupings are (C)onsonant, (O)bstruent, (S)onorant, (P)losive, (F)ricative, (L)iquid, (N)asal, (G)lide, and (V)owel | ʔR > ʔ{[+son,-syll],b} / V3_V | ^ @ Rule 1, Line 1"
35.1.15,Proto-Central Salish to Twana,5,index_diachronica_original.html:11691,False,unknown_grouping,asca-unrepresentable,R,,"Syntax Error: Unknown grouping 'R'. Known groupings are (C)onsonant, (O)bstruent, (S)onorant, (P)losive, (F)ricative, (L)iquid, (N)asal, (G)lide, and (V)owel | [+son,-syll]ʔ > ʔR / V3_# | ^ @ Rule 1, Line 1"
35.1.15,Proto-Central Salish to Twana,6,index_diachronica_original.html:11692,False,unknown_grouping,asca-unrepresentable,R,,"Syntax Error: Unknown grouping 'R'. Known groupings are (C)onsonant, (O)bstruent, (S)onorant, (P)losive, (F)ricative, (L)iquid, (N)asal, (G)lide, and (V)owel | ʔ > ∅ / V1R_# | ^ @ Rule 1, Line 1"
35.1.15,Proto-Central Salish to Twana,7,index_diachronica_original.html:11693,False,unknown_grouping,asca-unrepresentable,R,,"Syntax Error: Unknown grouping 'R'. Known groupings are (C)onsonant, (O)bstruent, (S)onorant, (P)losive, (F)ricative, (L)iquid, (N)asal, (G)lide, and (V)owel | ʔ > ∅ / V3R_C | ^ @ Rule 1, Line 1"
35.1.15,Proto-Central Salish to Twana,9,index_diachronica_original.html:11695,False,runtime_other,broken-syntax,,,"Runtime Error: Unknown reference '3' | {a3,ə3} > {ə3,a3} | ^ @ Rule 1, Line 1"
35.1.15,Proto-Central Salish to Twana,10,index_diachronica_original.html:11696,False,runtime_other,broken-syntax,,,"Runtime Error: Unknown reference '3' | {a3,i3} > a3 | ^ @ Rule 1, Line 1"
35.1.15,Proto-Central Salish to Twana,11,index_diachronica_original.html:11697,False,runtime_other,broken-syntax,,,"Runtime Error: Unknown reference '1' | {a1,i1} > {i1,ə1} | ^ @ Rule 1, Line 1"
35.1.15,Proto-Central Salish to Twana,12,index_diachronica_original.html:11698,False,runtime_other,broken-syntax,,,"Runtime Error: Unknown reference '3' | {i3,e3} > {i3,ə3} | ^ @ Rule 1, Line 1"
35.1.15,Proto-Central Salish to Twana,13,index_diachronica_original.html:11699,False,runtime_other,broken-syntax,,,"Runtime Error: Unknown reference '3' | {i3,ə1} > {i3,i1} | ^ @ Rule 1, Line 1"
35.1.15,Proto-Central Salish to Twana,14,index_diachronica_original.html:11700,False,runtime_other,broken-syntax,,,"Runtime Error: Unknown reference '1' | {i1,ə1} > i1 | ^ @ Rule 1, Line 1"
35.2.2,Proto-Interior Salish to Thompson Nasal-to-Vowel Shifts,0,index_diachronica_original.html:11713,False,unknown_feature,asca-unrepresentable,samePOA,lateral,"Syntax Error: Unknown feature 'samePOA'. Did you mean lateral? | N[+place] > e / _O[+ same POA] | ^^^^^^^^^^ @ Rule 1, Line 1"
35.2.2,Proto-Interior Salish to Thompson Nasal-to-Vowel Shifts,1,index_diachronica_original.html:11714,False,syntax_other,broken-syntax,,,"Syntax Error: Expected an IPA character, Primative or Matrix, but received '' | n̩ > e / n_ (this is admittedly a bit conjectural | ^ @ Rule 1, Line 1"
35.3,Shuswap to Eastern Shuswap Nasal-to-Vowel Shifts,1,index_diachronica_original.html:11720,False,expected_underscore,asca-unrepresentable,,,"Syntax Error: Expected '_', but received '//' | em emˀ > a aʔ / in %[-stress] // {p:[+cg],p,m(ˀ)}_ | ^^ @ Rule 1, Line 1"
35.3,Shuswap to Eastern Shuswap Nasal-to-Vowel Shifts,2,index_diachronica_original.html:11721,False,syntax_other,broken-syntax,,,"Syntax Error: Expected an IPA character, Primative or Matrix, but received '(' | en enˀ > i iʔ / {ts:[+cg],ts,s,j(ˀ)}_ in %[-stress] | ^ @ Rule 1, Line 1"
35.3,Shuswap to Eastern Shuswap Nasal-to-Vowel Shifts,3,index_diachronica_original.html:11722,False,nested_brackets,asca-unrepresentable,,,"Syntax Error: Cannot have nested brackets of the same type | en enˀ > a ʔ / in %[-stress] // {t(ʼ),lʲ,{n,l}(ˀ)}_ | ^ @ Rule 1, Line 1"
36.1,Proto-Sino-Tibetan to Middle Chinese,0,index_diachronica_original.html:11737,False,syntax_other,broken-syntax,,,"Syntax Error: Only a segment, matrix, group, or reference can be negated | (C-)r- > l- | ^^ @ Rule 1, Line 1"
36.1,Proto-Sino-Tibetan to Middle Chinese,1,index_diachronica_original.html:11738,False,syntax_other,broken-syntax,,,"Syntax Error: Only a segment, matrix, group, or reference can be negated | s(-)r > ʂ- | ^^ @ Rule 1, Line 1"
36.1,Proto-Sino-Tibetan to Middle Chinese,2,index_diachronica_original.html:11739,False,syntax_other,broken-syntax,,,"Syntax Error: Only a segment, matrix, group, or reference can be negated | r > ∅ / C_- | ^^ @ Rule 1, Line 1"
36.1,Proto-Sino-Tibetan to Middle Chinese,3,index_diachronica_original.html:11740,False,syntax_other,broken-syntax,,,"Syntax Error: Only a segment, matrix, group, or reference can be negated | r-P:[-voice]- > ʈ | ^ ^ @ Rule 1, Line 1"
36.1,Proto-Sino-Tibetan to Middle Chinese,4,index_diachronica_original.html:11741,False,syntax_other,broken-syntax,,,"Syntax Error: Only a segment, matrix, group, or reference can be negated | (C-)l- > {d,ji}- | ^^ @ Rule 1, Line 1"
36.1,Proto-Sino-Tibetan to Middle Chinese,5,index_diachronica_original.html:11742,False,syntax_other,broken-syntax,,,"Syntax Error: Only a segment, matrix, group, or reference can be negated | s-l- > {tʰ,z}- | ^ ^ @ Rule 1, Line 1"
36.1,Proto-Sino-Tibetan to Middle Chinese,6,index_diachronica_original.html:11743,False,syntax_other,broken-syntax,,,"Syntax Error: Only a segment, matrix, group, or reference can be negated | l > ∅ / s_- | ^^ @ Rule 1, Line 1"
36.1,Proto-Sino-Tibetan to Middle Chinese,7,index_diachronica_original.html:11744,False,syntax_other,broken-syntax,,,"Syntax Error: Only a segment, matrix, group, or reference can be negated | {m,ŋ}l- > dʑ- | ^ ^ @ Rule 1, Line 1"
36.1,Proto-Sino-Tibetan to Middle Chinese,8,index_diachronica_original.html:11745,False,syntax_other,broken-syntax,,,"Syntax Error: Only a segment, matrix, group, or reference can be negated | Cl- > {T-,Tʑ-} | ^ ^ @ Rule 1, Line 1"
36.1,Proto-Sino-Tibetan to Middle Chinese,9,index_diachronica_original.html:11746,False,unknown_grouping,asca-unrepresentable,K,,"Syntax Error: Unknown grouping 'K'. Known groupings are (C)onsonant, (O)bstruent, (S)onorant, (P)losive, (F)ricative, (L)iquid, (N)asal, (G)lide, and (V)owel | Kw > C:[-front,+back,+hi,-lo,+round]- / _a- | ^ @ Rule 1, Line 1"
36.1,Proto-Sino-Tibetan to Middle Chinese,10,index_diachronica_original.html:11747,False,unknown_grouping,asca-unrepresentable,K,,"Syntax Error: Unknown grouping 'K'. Known groupings are (C)onsonant, (O)bstruent, (S)onorant, (P)losive, (F)ricative, (L)iquid, (N)asal, (G)lide, and (V)owel | Kwə- > C:[-front,+back,+hi,-lo,+round]ɨ- | ^ @ Rule 1, Line 1"
36.1,Proto-Sino-Tibetan to Middle Chinese,11,index_diachronica_original.html:11748,False,syntax_other,broken-syntax,,,"Syntax Error: Only a segment, matrix, group, or reference can be negated | r > ∅ / C:[+labial]_- | ^^ @ Rule 1, Line 2"
36.1.1,Late Middle Chinese to Old Mandarin,2,index_diachronica_original.html:11756,False,unknown_character,asca-unrepresentable,Ạ,,"Syntax Error: Unknown character 'Ạ' | C:[+cor,+dist] > C {Ạ,F̣}_ | ^ @ Rule 1, Line 1"
36.1.1,Late Middle Chinese to Old Mandarin,3,index_diachronica_original.html:11757,False,unknown_character,asca-unrepresentable,̣,,"Syntax Error: Unknown character '̣' | C:[+cor,+dist] > C̣ | ^ @ Rule 1, Line 1"
36.1.1,Late Middle Chinese to Old Mandarin,5,index_diachronica_original.html:11759,False,expected_underscore,asca-unrepresentable,,,"Syntax Error: Expected '_', but received '/' | V1 > V2 / in syllables with /ɦ/, a nasal, or a liquid | ^ @ Rule 1, Line 1"
36.1.1,Late Middle Chinese to Old Mandarin,6,index_diachronica_original.html:11760,False,expected_underscore,asca-unrepresentable,,,"Syntax Error: Expected '_', but received '/' | V3 > V4 / in syllables with /ɦ/ | ^ @ Rule 1, Line 1"
36.1.1,Late Middle Chinese to Old Mandarin,8,index_diachronica_original.html:11762,False,expected_underscore,asca-unrepresentable,,,"Syntax Error: Expected '_', but received '/' | V5 > V2 / in syllables with /ɦ/ | ^ @ Rule 1, Line 1"
36.1.1,Late Middle Chinese to Old Mandarin,9,index_diachronica_original.html:11763,False,expected_underscore,asca-unrepresentable,,,"Syntax Error: Expected '_', but received '' | V5 > V4 / in syllables with a nasal or liquid | ^ @ Rule 1, Line 1"
36.1.1,Late Middle Chinese to Old Mandarin,10,index_diachronica_original.html:11764,False,expected_underscore,asca-unrepresentable,,,"Syntax Error: Expected '_', but received '' | V5 > V3 / else | ^ @ Rule 1, Line 1"
36.1.1,Late Middle Chinese to Old Mandarin,12,index_diachronica_original.html:11766,False,expected_underscore,asca-unrepresentable,,,"Syntax Error: Expected '_', but received '' | ɦ > ∅ / else | ^ @ Rule 1, Line 1"
36.1.1,Late Middle Chinese to Old Mandarin,15,index_diachronica_original.html:11769,False,syntax_other,broken-syntax,,,"Syntax Error: Expected an IPA character, Primative or Matrix, but received '_' | i > ∅ / {C_a,Cʷ_a} | ^ @ Rule 1, Line 1"
36.1.1,Late Middle Chinese to Old Mandarin,16,index_diachronica_original.html:11770,False,expected_underscore,asca-unrepresentable,,,"Syntax Error: Expected '_', but received '' | ia > e / else | ^ @ Rule 1, Line 1"
36.1.1,Late Middle Chinese to Old Mandarin,18,index_diachronica_original.html:11772,False,expected_number,asca-unrepresentable,,,"Syntax Error: Expected number, but received { | o > a / C_w // C = {C:[-front,+back,+hi,-lo],C[+pharyngeal]} | ^ @ Rule 1, Line 1"
36.1.1,Late Middle Chinese to Old Mandarin,24,index_diachronica_original.html:11778,False,expected_underscore,asca-unrepresentable,,,"Syntax Error: Expected '_', but received '' | {a,ata,a,ach} > o / else | ^ @ Rule 1, Line 1"
36.1.1,Late Middle Chinese to Old Mandarin,26,index_diachronica_original.html:11780,False,unknown_feature,asca-unrepresentable,alveolar,delay,"Syntax Error: Unknown feature 'alveolar'. Did you mean delay? | {O:[+delrel,+cor,+dist],F:[+cor,+dist]}[+alveolar] > {O:[+delrel],F} / _?ʲ | ^^^^^^^^^ @ Rule 1, Line 1"
36.1.1,Late Middle Chinese to Old Mandarin,31,index_diachronica_original.html:11785,False,expected_number,asca-unrepresentable,,,"Syntax Error: Expected number, but received { | ∅ > w / C_o# // C = {C:[-front,+back,+hi,-lo],C[+pharyngeal]} | ^ @ Rule 1, Line 1"
36.1.1,Late Middle Chinese to Old Mandarin,32,index_diachronica_original.html:11786,False,unknown_character,asca-unrepresentable,̣,,"Syntax Error: Unknown character '̣' | w > ∅ / C̣Cʲ_?w | ^ @ Rule 1, Line 1"
36.1.1,Late Middle Chinese to Old Mandarin,36,index_diachronica_original.html:11790,False,syntax_other,broken-syntax,,,"Syntax Error: Expected end of line, received 'ʲ'. Did you forget a '/' between the output and environment? | wʲ > w / _?Cʲ | ^ @ Rule 1, Line 1"
36.1.1,Late Middle Chinese to Old Mandarin,37,index_diachronica_original.html:11791,False,unknown_character,asca-unrepresentable,̣,,"Syntax Error: Unknown character '̣' | ∅ > w / C̣_aŋ | ^ @ Rule 1, Line 1"
36.1.1,Late Middle Chinese to Old Mandarin,40,index_diachronica_original.html:11794,False,unknown_character,asca-unrepresentable,̣,,"Syntax Error: Unknown character '̣' | wʲ > w / C̣_oŋ | ^ @ Rule 1, Line 1"
36.1.1.1,Old Mandarin to Modern Pekingese,7,index_diachronica_original.html:11806,False,other,broken-syntax,,,SoundChangeRuleSet has no active RuleChange lines to validate
36.1.1.1,Old Mandarin to Modern Pekingese,9,index_diachronica_original.html:11808,False,unknown_character,asca-unrepresentable,̣,,"Syntax Error: Unknown character '̣' | j > ∅ / C̣_ | ^ @ Rule 1, Line 1"
36.1.1.1,Old Mandarin to Modern Pekingese,11,index_diachronica_original.html:11810,False,expected_number,asca-unrepresentable,,,"Syntax Error: Expected number, but received r | i > e / _C# // C = r | ^ @ Rule 1, Line 1"
36.1.1.1,Old Mandarin to Modern Pekingese,13,index_diachronica_original.html:11812,False,unknown_character,asca-unrepresentable,͡,,"Syntax Error: Unknown character '͡' | {k,kʰ} h > {ɕ͡,ɕ͡ʰ} ɕ / _j | ^ @ Rule 1, Line 1"
36.2,Sin Sukchu to Guānhuà,15,index_diachronica_original.html:11833,False,unknown_character,asca-unrepresentable,ŋ,,"Syntax Error: Unknown character 'ŋ' | There seems to ahve been some stuff going on with palatalized [ŋ] > {ɲ,n} but it seems highly dialectal and I:[+cg]m not entirely sure just what exactly was going on here | ^ @ Rule 1, Line 1"
36.2,Sin Sukchu to Guānhuà,21,index_diachronica_original.html:11840,False,syntax_other,broken-syntax,,,"Syntax Error: Feature 'long' has no modifier | i > [long-tail vowel thing] / C̣_ | ^^^^ @ Rule 1, Line 1"
36.2,Sin Sukchu to Guānhuà,22,index_diachronica_original.html:11841,False,unknown_character,asca-unrepresentable,̣,,"Syntax Error: Unknown character '̣' | iʔ iw > eʔ ew / C̣_ | ^ @ Rule 1, Line 1"
36.2,Sin Sukchu to Guānhuà,23,index_diachronica_original.html:11842,False,prose_or_expected_arrow,asca-unrepresentable,,,"Syntax Error: Expected '>', '->' or '=>', but received '' | ieʔ | ^ @ Rule 1, Line 2"
36.2,Sin Sukchu to Guānhuà,24,index_diachronica_original.html:11843,False,syntax_other,broken-syntax,,,"Syntax Error: Expected end of line, received ')'. Did you forget a '/' between the output and environment? | oʔ > uɛʔ?) | ^ @ Rule 1, Line 2"
36.2,Sin Sukchu to Guānhuà,26,index_diachronica_original.html:11845,False,unknown_feature,asca-unrepresentable,guttural,lateral,"Syntax Error: Unknown feature 'guttural'. Did you mean lateral? | uj > uɛi / {C:[+labial],C[+guttural],∅}_ | ^^^^^^^^^ @ Rule 1, Line 1"
36.2,Sin Sukchu to Guānhuà,27,index_diachronica_original.html:11846,False,unknown_feature,asca-unrepresentable,dental,ldental,"Syntax Error: Unknown feature 'dental'. Did you mean ldental? | uj > ui / {C[+dental],C[+strident]}_ | ^^^^^^^ @ Rule 1, Line 1"
36.2,Sin Sukchu to Guānhuà,28,index_diachronica_original.html:11847,False,prose_or_expected_arrow,asca-unrepresentable,,,"Syntax Error: Expected '>', '->' or '=>', but received '' | uɛʔ | ^ @ Rule 1, Line 2"
36.2,Sin Sukchu to Guānhuà,29,index_diachronica_original.html:11848,False,unknown_feature,asca-unrepresentable,dental,ldental,"Syntax Error: Unknown feature 'dental'. Did you mean ldental? | un > uɛn // {C[+dental],C[+strident]}_ | ^^^^^^^ @ Rule 1, Line 1"
36.2,Sin Sukchu to Guānhuà,32,index_diachronica_original.html:11851,False,syntax_other,broken-syntax,,,"Syntax Error: Expected an IPA character, Primative or Matrix, but received '∅' | juŋ > iuŋ / _{∅,x,ʋ,ʔ} | ^ @ Rule 1, Line 1"
36.2,Sin Sukchu to Guānhuà,33,index_diachronica_original.html:11852,False,syntax_other,broken-syntax,,,"Syntax Error: Expected ASCII character, but received 'í' | juŋ > iuŋ / _ɡ[+píng tone] | ^ @ Rule 1, Line 1"
36.2,Sin Sukchu to Guānhuà,34,index_diachronica_original.html:11853,False,prose_or_expected_arrow,asca-unrepresentable,,,"Syntax Error: Expected '>', '->' or '=>', but received '' | uŋ | ^ @ Rule 1, Line 2"
36.2,Sin Sukchu to Guānhuà,36,index_diachronica_original.html:11855,False,unknown_character,asca-unrepresentable,̣,,"Syntax Error: Unknown character '̣' | y > ɥ ( / C̣_ | ^ @ Rule 1, Line 1"
36.2,Sin Sukchu to Guānhuà,37,index_diachronica_original.html:11856,False,unknown_feature,asca-unrepresentable,dental,ldental,"Syntax Error: Unknown feature 'dental'. Did you mean ldental? | yʔ > yɛʔ / {l,C[+dental +strident]}_ infinals, dialectally? | ^^^^^^^^ @ Rule 1, Line 1"
36.2,Sin Sukchu to Guānhuà,38,index_diachronica_original.html:11857,False,nested_brackets,asca-unrepresentable,,,"Syntax Error: Cannot have nested brackets of the same type | oʔ (eventually > {ʊʔ,(i)uʔ?) / {l,C[+dental +strident]}_, in | ^ @ Rule 1, Line 2"
36.2,Sin Sukchu to Guānhuà,39,index_diachronica_original.html:11858,False,unknown_feature,asca-unrepresentable,guttural,lateral,"Syntax Error: Unknown feature 'guttural'. Did you mean lateral? | yʔ > {yʔ,yɛʔ?} / {∅,C[+guttural]}, in -juət-types | ^^^^^^^^^ @ Rule 1, Line 1"
36.2,Sin Sukchu to Guānhuà,40,index_diachronica_original.html:11859,False,unknown_feature,asca-unrepresentable,guttural,lateral,"Syntax Error: Unknown feature 'guttural'. Did you mean lateral? | yʔ > ioʔ ( / {∅,C[+guttural]}_, in -k-types | ^^^^^^^^^ @ Rule 1, Line 1"
36.2,Sin Sukchu to Guānhuà,41,index_diachronica_original.html:11860,False,unknown_character,asca-unrepresentable,̣,,"Syntax Error: Unknown character '̣' | yʔ > {ɥʔ,yʔ,uʔ} / C̣, in -juət-types | ^ @ Rule 1, Line 1"
36.2,Sin Sukchu to Guānhuà,42,index_diachronica_original.html:11861,False,unknown_character,asca-unrepresentable,̣,,"Syntax Error: Unknown character '̣' | oʔ ( > ʊʔ?) / C̣_, in -k-types | ^ @ Rule 1, Line 2"
36.2,Sin Sukchu to Guānhuà,44,index_diachronica_original.html:11863,False,unknown_character,asca-unrepresentable,̣,,"Syntax Error: Unknown character '̣' | yn > un / C̣_ | ^ @ Rule 1, Line 1"
36.2,Sin Sukchu to Guānhuà,45,index_diachronica_original.html:11864,False,unknown_character,asca-unrepresentable,̣,,"Syntax Error: Unknown character '̣' | je jeʔ yeʔ > ɛ ɛʔ uɛʔ / C̣_ | ^ @ Rule 1, Line 1"
36.2,Sin Sukchu to Guānhuà,47,index_diachronica_original.html:11866,False,prose_or_expected_arrow,asca-unrepresentable,,,"Syntax Error: Expected '>', '->' or '=>', but received '' | yɛʔ | ^ @ Rule 1, Line 2"
36.2,Sin Sukchu to Guānhuà,49,index_diachronica_original.html:11868,False,unknown_character,asca-unrepresentable,̣,,"Syntax Error: Unknown character '̣' | jew > au / {C̣_,C̣C_} | ^ @ Rule 1, Line 1"
36.2,Sin Sukchu to Guānhuà,50,index_diachronica_original.html:11869,False,expected_underscore,asca-unrepresentable,,,"Syntax Error: Expected '_', but received '' | jew > iau / else | ^ @ Rule 1, Line 1"
36.2,Sin Sukchu to Guānhuà,51,index_diachronica_original.html:11870,False,unknown_character,asca-unrepresentable,̣,,"Syntax Error: Unknown character '̣' | {jem,jen} > iɛn / sometimes after C̣_ | ^ @ Rule 1, Line 1"
36.2,Sin Sukchu to Guānhuà,52,index_diachronica_original.html:11871,False,unknown_character,asca-unrepresentable,̣,,"Syntax Error: Unknown character '̣' | yen > uɛn / C̣_ | ^ @ Rule 1, Line 1"
36.2,Sin Sukchu to Guānhuà,54,index_diachronica_original.html:11873,False,expected_underscore,asca-unrepresentable,,,"Syntax Error: Expected '_', but received '' | ɔ > a / in two cases cited | ^ @ Rule 1, Line 1"
36.2,Sin Sukchu to Guānhuà,55,index_diachronica_original.html:11874,False,syntax_other,broken-syntax,,,"Syntax Error: Expected end of line, received ')'. Did you forget a '/' between the output and environment? | ɔ > uɔ after a guttural?) | ^ @ Rule 1, Line 2"
36.2,Sin Sukchu to Guānhuà,56,index_diachronica_original.html:11875,False,unknown_feature,asca-unrepresentable,guttural,lateral,"Syntax Error: Unknown feature 'guttural'. Did you mean lateral? | wɔʔ > uɔʔ / C[+guttural]_ | ^^^^^^^^^ @ Rule 1, Line 1"
36.2,Sin Sukchu to Guānhuà,57,index_diachronica_original.html:11876,False,expected_underscore,asca-unrepresentable,,,"Syntax Error: Expected '_', but received '' | wɔʔ > ɔʔ / else | ^ @ Rule 1, Line 1"
36.2,Sin Sukchu to Guānhuà,58,index_diachronica_original.html:11877,False,malformed_comment,trailing-comment,,,"Syntax Error: Malformed Comment: Expected ';;', but received '; ' | ɔn > an; | ^ @ Rule 1, Line 1"
36.2,Sin Sukchu to Guānhuà,60,index_diachronica_original.html:11879,False,unknown_feature,asca-unrepresentable,guttural,lateral,"Syntax Error: Unknown feature 'guttural'. Did you mean lateral? | aʔ > ɔʔ / C[+guttural]_ | ^^^^^^^^^ @ Rule 1, Line 1"
36.2,Sin Sukchu to Guānhuà,66,index_diachronica_original.html:11885,False,unknown_character,asca-unrepresentable,̣,,"Syntax Error: Unknown character '̣' | {jawʔ,wawʔ} > ɔʔ / C̣_ | ^ @ Rule 1, Line 1"
36.2,Sin Sukchu to Guānhuà,71,index_diachronica_original.html:11890,False,expected_underscore,asca-unrepresentable,,,"Syntax Error: Expected '_', but received '' | wan > uan / else | ^ @ Rule 1, Line 1"
36.2,Sin Sukchu to Guānhuà,72,index_diachronica_original.html:11891,False,unknown_character,asca-unrepresentable,̣,,"Syntax Error: Unknown character '̣' | aŋ jaŋ > uaŋ aŋ / C̣_ | ^ @ Rule 1, Line 1"
36.3.1.1,Proto-Naish to Laze,12,index_diachronica_original.html:11923,False,syntax_other,broken-syntax,,,"Syntax Error: Expected an IPA character, Primative or Matrix, but received 'ʰ' | {r,s}p(ʰ) {r,s}{Np,mb,b} > f v / _V | ^ @ Rule 1, Line 1"
36.3.1.1,Proto-Naish to Laze,15,index_diachronica_original.html:11926,False,syntax_other,broken-syntax,,,"Syntax Error: Expected end of line, received '̥'. Did you forget a '/' between the output and environment? | {r,s}l {r,s}n > l̥ N̥ / $_V | ^ @ Rule 1, Line 1"
36.3.1.1,Proto-Naish to Laze,17,index_diachronica_original.html:11928,False,unknown_character,asca-unrepresentable,ṽ,,"Syntax Error: Unknown character 'ṽ' | N̥V > hṽ | ^ @ Rule 1, Line 1"
36.3.1.2,Proto-Naish to Mosuo (Na),5,index_diachronica_original.html:11939,False,unknown_grouping,asca-unrepresentable,K,,"Syntax Error: Unknown grouping 'K'. Known groupings are (C)onsonant, (O)bstruent, (S)onorant, (P)losive, (F)ricative, (L)iquid, (N)asal, (G)lide, and (V)owel | i > ɯ / {[+son,-syll],Kr}_ | ^ @ Rule 1, Line 1"
36.3.1.2,Proto-Naish to Mosuo (Na),15,index_diachronica_original.html:11949,False,unknown_character,asca-unrepresentable,ṽ,,"Syntax Error: Unknown character 'ṽ' | N̥V > hṽ | ^ @ Rule 1, Line 1"
36.3.1.3,Proto-Naish to Naxi,10,index_diachronica_original.html:11965,False,syntax_other,broken-syntax,,,"Syntax Error: Expected an IPA character, Primative or Matrix, but received '(' | V:[+back] > v̩ / {qʰ,(ŋ)q}_ | ^ @ Rule 1, Line 1"
36.3.1.3,Proto-Naish to Naxi,12,index_diachronica_original.html:11967,False,expected_underscore,asca-unrepresentable,,,"Syntax Error: Expected '_', but received '' | V$ > high tone / else | ^ @ Rule 1, Line 1"
36.3.1.3,Proto-Naish to Naxi,19,index_diachronica_original.html:11974,False,unknown_character,asca-unrepresentable,ṽ,,"Syntax Error: Unknown character 'ṽ' | N̥ > hṽ | ^ @ Rule 1, Line 2"
36.3.2.1,Proto-rGyalrongic to bTshan La,2,index_diachronica_original.html:11985,False,unknown_grouping,asca-unrepresentable,T,,"Syntax Error: Unknown grouping 'T'. Known groupings are (C)onsonant, (O)bstruent, (S)onorant, (P)losive, (F)ricative, (L)iquid, (N)asal, (G)lide, and (V)owel | t d Nt Nd st sd çT tr (ç)dr C:[-front,+back,+hi,-lo]P:[-voice] > tʰ t Ntʰ md zd st çtj trh (ç)tr kt | ^ @ Rule 1, Line 1"
36.3.2.1,Proto-rGyalrongic to bTshan La,3,index_diachronica_original.html:11986,False,unknown_grouping,asca-unrepresentable,K,,"Syntax Error: Unknown grouping 'K'. Known groupings are (C)onsonant, (O)bstruent, (S)onorant, (P)losive, (F)ricative, (L)iquid, (N)asal, (G)lide, and (V)owel | k sk kr ɡ C:[+labial]ɡ sɡ Nɡ {sɡr,ɡr} çK rK Kç > kʰ zɡw dr Nɡ pk sk mk {skr,kr} çk rɡj ɡçkr | ^ @ Rule 1, Line 1"
36.3.2.1,Proto-rGyalrongic to bTshan La,11,index_diachronica_original.html:11994,False,unknown_grouping,asca-unrepresentable,T,,"Syntax Error: Unknown grouping 'T'. Known groupings are (C)onsonant, (O)bstruent, (S)onorant, (P)losive, (F)ricative, (L)iquid, (N)asal, (G)lide, and (V)owel | NP:[-voice]P C:[+labial]P:[-voice]P C:[-front,+back,+hi,-lo]P:[-voice]P sTP çTP > {Ndz,mts} {kts,ktsʰ} ptsʰ sts {sts,rj} | ^ @ Rule 1, Line 1"
36.3.2.1,Proto-rGyalrongic to bTshan La,14,index_diachronica_original.html:11997,False,syntax_other,broken-syntax,,,"Syntax Error: Expected '..', but received .'n' | N > m / _{ŋ.nj} | ^ @ Rule 1, Line 1"
36.3.2.1,Proto-rGyalrongic to bTshan La,16,index_diachronica_original.html:11999,False,expected_underscore,asca-unrepresentable,,,"Syntax Error: Expected '_', but received '' | w > ʔ / something to do with either back vowels or prefixes | ^ @ Rule 1, Line 1"
36.3.2.1.1,Proto-rGyalrongic to Chos Kia,1,index_diachronica_original.html:12016,False,syntax_other,broken-syntax,,,"Syntax Error: Expected '..', but received .' ' | p çp (ç)b rP Np Nb pr {br,pj} > p. ç.w (ç)p rp. kj m.p n.br p.j | ^ @ Rule 1, Line 1"
36.3.2.1.1,Proto-rGyalrongic to Chos Kia,3,index_diachronica_original.html:12018,False,syntax_other,broken-syntax,,,"Syntax Error: Expected '..', but received .' ' | t st tr d sd (ç)dr Nt çT C:[-front,+back,+hi,-lo]P:[-voice] > t. s.d tr. t s.t (ç.)tr m.t. n.dr ɡ.t | ^ @ Rule 1, Line 1"
36.3.2.1.1,Proto-rGyalrongic to Chos Kia,5,index_diachronica_original.html:12020,False,syntax_other,broken-syntax,,,"Syntax Error: Expected '..', but received .'k' | çK > ç.k | ^ @ Rule 1, Line 1"
36.3.2.1.1,Proto-rGyalrongic to Chos Kia,7,index_diachronica_original.html:12022,False,unknown_grouping,asca-unrepresentable,K,,"Syntax Error: Unknown grouping 'K'. Known groupings are (C)onsonant, (O)bstruent, (S)onorant, (P)losive, (F)ricative, (L)iquid, (N)asal, (G)lide, and (V)owel | sk rK > j sɡ | ^ @ Rule 1, Line 1"
36.3.2.1.1,Proto-rGyalrongic to Chos Kia,8,index_diachronica_original.html:12023,False,syntax_other,broken-syntax,,,"Syntax Error: Expected '..', but received .' ' | kj Nkj ʔkj ɡj sɡj > kj. nj ɡ.tsʰ kj skj. | ^ @ Rule 1, Line 1"
36.3.2.1.1,Proto-rGyalrongic to Chos Kia,9,index_diachronica_original.html:12024,False,syntax_other,broken-syntax,,,"Syntax Error: Expected '..', but received .'b' | kr {sɡr,ɡr} > n.br {skr,kr} | ^ @ Rule 1, Line 1"
36.3.2.1.1,Proto-rGyalrongic to Chos Kia,11,index_diachronica_original.html:12026,False,syntax_other,broken-syntax,,,"Syntax Error: Expected '..', but received .' ' | C:[-front,+back,+hi,-lo] > ɡ. / _ç | ^ @ Rule 1, Line 1"
36.3.2.1.1,Proto-rGyalrongic to Chos Kia,12,index_diachronica_original.html:12027,False,syntax_other,broken-syntax,,,"Syntax Error: Expected '..', but received .'p' | Nç > n.pj. | ^ @ Rule 1, Line 1"
36.3.2.1.1,Proto-rGyalrongic to Chos Kia,14,index_diachronica_original.html:12029,False,syntax_other,broken-syntax,,,"Syntax Error: Expected '..', but received .'t' | Kts > ɡ.tsʰ. | ^ @ Rule 1, Line 1"
36.3.2.1.1,Proto-rGyalrongic to Chos Kia,15,index_diachronica_original.html:12030,False,syntax_other,broken-syntax,,,"Syntax Error: Expected '..', but received .'d' | lTP > l.dz | ^ @ Rule 1, Line 1"
36.3.2.1.1,Proto-rGyalrongic to Chos Kia,16,index_diachronica_original.html:12031,False,syntax_other,broken-syntax,,,"Syntax Error: Expected '..', but received .'t' | ts {rdz,dz} dʒ C:[+labial]P:[-voice]P C:[-front,+back,+hi,-lo]P:[-voice]P sTP çTP > {tsʰ,s} {rts,ts} tsʰ ɡ.ts s.{ts,pj} {s.ts,br} | ^ @ Rule 1, Line 1"
36.3.2.1.1,Proto-rGyalrongic to Chos Kia,18,index_diachronica_original.html:12033,False,syntax_other,broken-syntax,,,"Syntax Error: Expected '..', but received .'n' | çm çnj > ç.n | ^ @ Rule 1, Line 1"
36.3.2.1.1,Proto-rGyalrongic to Chos Kia,19,index_diachronica_original.html:12034,False,syntax_other,broken-syntax,,,"Syntax Error: Expected '..', but received .' ' | N > m. / _ŋ | ^ @ Rule 1, Line 1"
36.3.2.1.1,Proto-rGyalrongic to Chos Kia,22,index_diachronica_original.html:12037,False,syntax_other,broken-syntax,,,"Syntax Error: Expected '..', but received .'m' | rnj > r.mj | ^ @ Rule 1, Line 1"
36.3.2.1.1,Proto-rGyalrongic to Chos Kia,30,index_diachronica_original.html:12046,False,syntax_other,broken-syntax,,,"Syntax Error: Expected '..', but received .'i' | a ap at ar am aj > e eb {e,ed} er om e.i | ^ @ Rule 1, Line 1"
36.3.2.1.1,Proto-rGyalrongic to Chos Kia,33,index_diachronica_original.html:12049,False,syntax_other,broken-syntax,,,"Syntax Error: Expected '..', but received .'i' | et ej > o e.i | ^ @ Rule 1, Line 1"
36.3.2.1.2,Proto-rGyalrongic to Hanniu,0,index_diachronica_original.html:12059,False,syntax_other,broken-syntax,,,"Syntax Error: Expected '..', but received .' ' | p k ts > p. k. tʃ. | ^ @ Rule 1, Line 1"
36.3.2.1.2,Proto-rGyalrongic to Hanniu,2,index_diachronica_original.html:12061,False,syntax_other,broken-syntax,,,"Syntax Error: Expected '..', but received .' ' | m > mt. | ^ @ Rule 1, Line 1"
36.3.2.1.2,Proto-rGyalrongic to Hanniu,7,index_diachronica_original.html:12067,False,syntax_other,broken-syntax,,,"Syntax Error: Expected '..', but received .'i' | an {at.is} > o ie | ^ @ Rule 1, Line 1"
36.3.2.2.1,Proto-rGyalrongic to Kham To,0,index_diachronica_original.html:12087,False,syntax_other,broken-syntax,,,"Syntax Error: Expected '..', but received .'j' | p b pr br çp > p.j p br pj ʃb | ^ @ Rule 1, Line 1"
36.3.2.2.1,Proto-rGyalrongic to Kham To,2,index_diachronica_original.html:12089,False,unknown_grouping,asca-unrepresentable,T,,"Syntax Error: Unknown grouping 'T'. Known groupings are (C)onsonant, (O)bstruent, (S)onorant, (P)losive, (F)ricative, (L)iquid, (N)asal, (G)lide, and (V)owel | çT > ʃt | ^ @ Rule 1, Line 1"
36.3.2.2.1,Proto-rGyalrongic to Kham To,4,index_diachronica_original.html:12091,False,syntax_other,broken-syntax,,,"Syntax Error: Expected '..', but received .' ' | k {Nɡ,ɡ} > k. {mk,k} | ^ @ Rule 1, Line 1"
36.3.2.2.1,Proto-rGyalrongic to Kham To,8,index_diachronica_original.html:12095,False,syntax_other,broken-syntax,,,"Syntax Error: Expected '..', but received .'}' | ts {dz,C:[-front,+back,+hi,-lo]P:[-voice]P} NP:[-voice]P rdz dzl dʒ > s ts {dz,mtʃ.} rts tsl tʃ. | ^ @ Rule 1, Line 1"
36.3.2.2.1,Proto-rGyalrongic to Kham To,15,index_diachronica_original.html:12103,False,panic_other,broken-syntax,,,thread panicked
36.3.2.2.2,Proto-rGyalrongic to lCog Rtse,1,index_diachronica_original.html:12118,False,unknown_grouping,asca-unrepresentable,T,,"Syntax Error: Unknown grouping 'T'. Known groupings are (C)onsonant, (O)bstruent, (S)onorant, (P)losive, (F)ricative, (L)iquid, (N)asal, (G)lide, and (V)owel | {Nt,t} {Nd,d} st sd C:[-front,+back,+hi,-lo]P:[-voice] çT tr dr çtr > {Ntʰ,tʰ} mt zd st kt {çt,çtj} trh tr çtr | ^ @ Rule 1, Line 1"
36.3.2.2.2,Proto-rGyalrongic to lCog Rtse,2,index_diachronica_original.html:12119,False,unknown_grouping,asca-unrepresentable,K,,"Syntax Error: Unknown grouping 'K'. Known groupings are (C)onsonant, (O)bstruent, (S)onorant, (P)losive, (F)ricative, (L)iquid, (N)asal, (G)lide, and (V)owel | {C:[+labial]}ɡ sɡ çK Nɡ k sk rk {sɡj,ɡj} {ʔkj,kj} > {pk,k} sk çk mk kʰ zɡ Nɡ {skj,kj} {ʔkʰj,kʰj} | ^ @ Rule 1, Line 1"
36.3.2.2.2,Proto-rGyalrongic to lCog Rtse,3,index_diachronica_original.html:12120,False,unknown_grouping,asca-unrepresentable,K,,"Syntax Error: Unknown grouping 'K'. Known groupings are (C)onsonant, (O)bstruent, (S)onorant, (P)losive, (F)ricative, (L)iquid, (N)asal, (G)lide, and (V)owel | Nkj {sɡr,ɡr} Kç kr skr ɡr > mɡj {skr,kr} ɡçkr kʰr zɡr Nɡr | ^ @ Rule 1, Line 1"
36.3.2.2.2,Proto-rGyalrongic to lCog Rtse,8,index_diachronica_original.html:12125,False,unknown_grouping,asca-unrepresentable,K,,"Syntax Error: Unknown grouping 'K'. Known groupings are (C)onsonant, (O)bstruent, (S)onorant, (P)losive, (F)ricative, (L)iquid, (N)asal, (G)lide, and (V)owel | ts {rdz,dz} dzl dʒ NP:[-voice]P C:[+labial]P:[-voice]P Kts C:[-front,+back,+hi,-lo]P:[-voice]P sTP çTP > tsʰ {rts,ts} Ndz tsl ts ptç ktç kts sts {s,ç}ts | ^ @ Rule 1, Line 1"
36.3.2.2.2,Proto-rGyalrongic to lCog Rtse,11,index_diachronica_original.html:12128,False,syntax_other,broken-syntax,,,"Syntax Error: The input of an insertion rule must only contain `*` or `∅` | *w > ʔ / something to do either with back vowels or prefixes | ^ @ Rule 1, Line 1"
36.3.2.2.3,Proto-rGyalrongic to Pati,1,index_diachronica_original.html:12140,False,syntax_other,broken-syntax,,,"Syntax Error: Expected '..', but received .'}' | ts dʒ NP:[-voice]P > {s,tʃ.} tʃ. m | ^ @ Rule 1, Line 1"
36.3.2.2.4,Proto-rGyalrongic to Suo Mo,0,index_diachronica_original.html:12151,False,syntax_other,broken-syntax,,,"Syntax Error: Expected '..', but received .'s' | {p,b} Np pr {s,r}P çb Nb > p mp mbr sp ʃp p.s | ^ @ Rule 1, Line 1"
36.3.2.2.4,Proto-rGyalrongic to Suo Mo,1,index_diachronica_original.html:12152,False,syntax_other,broken-syntax,,,"Syntax Error: Expected '..', but received .' ' | Nt tr d C:[-front,+back,+hi,-lo]P:[-voice] çT > mt. tʂ t kt ʃt | ^ @ Rule 1, Line 1"
36.3.2.2.4,Proto-rGyalrongic to Suo Mo,2,index_diachronica_original.html:12153,False,syntax_other,broken-syntax,,,"Syntax Error: Expected '..', but received .'r' | kr rk {rK,C:[+labial]ɡ} ɡ C:[+labial]ɡ sɡ > k.r rk. pk k sk | ^ @ Rule 1, Line 1"
36.3.2.2.4,Proto-rGyalrongic to Suo Mo,3,index_diachronica_original.html:12154,False,prose_or_expected_arrow,asca-unrepresentable,,,"Syntax Error: Expected '>', '->' or '=>', but received '' | cç ? | ^ @ Rule 1, Line 2"
36.3.2.2.4,Proto-rGyalrongic to Suo Mo,4,index_diachronica_original.html:12155,False,syntax_other,broken-syntax,,,"Syntax Error: Expected '..', but received .' ' | ʔkj > ktʃ. | ^ @ Rule 1, Line 1"
36.3.2.2.4,Proto-rGyalrongic to Suo Mo,9,index_diachronica_original.html:12160,False,syntax_other,broken-syntax,,,"Syntax Error: Expected '..', but received .' ' | lts rts NP:[-voice]P C:[+labial]P:[-voice]P PP:[-voice]P > lɖʐ rts. {mdzr,mtʃ} nt. sts | ^ @ Rule 1, Line 1"
36.3.2.2.4,Proto-rGyalrongic to Suo Mo,10,index_diachronica_original.html:12161,False,syntax_other,broken-syntax,,,"Syntax Error: Expected '..', but received .' ' | ts dʒ > tʃ. tʃ | ^ @ Rule 1, Line 1"
36.3.2.2.6,Proto-rGyalrongic to Tsa Ku Nao,3,index_diachronica_original.html:12197,False,syntax_other,broken-syntax,,,"Syntax Error: Expected '..', but received .' ' | Nb > p. | ^ @ Rule 1, Line 1"
36.3.2.2.6,Proto-rGyalrongic to Tsa Ku Nao,4,index_diachronica_original.html:12198,False,unknown_grouping,asca-unrepresentable,T,,"Syntax Error: Unknown grouping 'T'. Known groupings are (C)onsonant, (O)bstruent, (S)onorant, (P)losive, (F)ricative, (L)iquid, (N)asal, (G)lide, and (V)owel | {d,dr} çT > t ʃt | ^ @ Rule 1, Line 1"
36.3.2.2.6,Proto-rGyalrongic to Tsa Ku Nao,5,index_diachronica_original.html:12199,False,syntax_other,broken-syntax,,,"Syntax Error: Expected '..', but received .' ' | k {sɡ,çK} Nɡ rK > k. sk mɡ nk | ^ @ Rule 1, Line 1"
36.3.2.2.6,Proto-rGyalrongic to Tsa Ku Nao,6,index_diachronica_original.html:12200,False,syntax_other,broken-syntax,,,"Syntax Error: Expected '..', but received .' ' | kj > tʃ. | ^ @ Rule 1, Line 1"
36.3.2.2.6,Proto-rGyalrongic to Tsa Ku Nao,9,index_diachronica_original.html:12203,False,syntax_other,broken-syntax,,,"Syntax Error: Expected '..', but received .'j' | {C:[+labial]}ç Nç çl > {bɕ,ɕ} np.j ʂl | ^ @ Rule 1, Line 1"
36.3.2.2.6,Proto-rGyalrongic to Tsa Ku Nao,10,index_diachronica_original.html:12204,False,unknown_grouping,asca-unrepresentable,T,,"Syntax Error: Unknown grouping 'T'. Known groupings are (C)onsonant, (O)bstruent, (S)onorant, (P)losive, (F)ricative, (L)iquid, (N)asal, (G)lide, and (V)owel | ts dz NP:[-voice]P C:[-front,+back,+hi,-lo]P:[-voice]P sTP > tʃ ts {ts,m} ɡts sp | ^ @ Rule 1, Line 1"
36.3.2.2.6,Proto-rGyalrongic to Tsa Ku Nao,20,index_diachronica_original.html:12215,False,unknown_character,asca-unrepresentable,ɿ,,"Syntax Error: Unknown character 'ɿ' | an > ɿɛ | ^ @ Rule 1, Line 1"
36.3.2.2.6,Proto-rGyalrongic to Tsa Ku Nao,24,index_diachronica_original.html:12219,False,unknown_character,asca-unrepresentable,ʅ,,"Syntax Error: Unknown character 'ʅ' | iŋ > ʅ | ^ @ Rule 1, Line 1"
36.3.2.2.7,Proto-rGyalrongic to Tzu Ta,6,index_diachronica_original.html:12232,False,unknown_grouping,asca-unrepresentable,K,,"Syntax Error: Unknown grouping 'K'. Known groupings are (C)onsonant, (O)bstruent, (S)onorant, (P)losive, (F)ricative, (L)iquid, (N)asal, (G)lide, and (V)owel | çK > ʂk | ^ @ Rule 1, Line 1"
36.3.2.2.7,Proto-rGyalrongic to Tzu Ta,9,index_diachronica_original.html:12235,False,syntax_other,broken-syntax,,,"Syntax Error: Expected '..', but received .'ç' | Pç > b.ç | ^ @ Rule 1, Line 1"
36.3.2.2.7,Proto-rGyalrongic to Tzu Ta,12,index_diachronica_original.html:12238,False,unknown_grouping,asca-unrepresentable,T,,"Syntax Error: Unknown grouping 'T'. Known groupings are (C)onsonant, (O)bstruent, (S)onorant, (P)losive, (F)ricative, (L)iquid, (N)asal, (G)lide, and (V)owel | NP:[-voice]P C:[-front,+back,+hi,-lo]P:[-voice]P lTP > mʈʂ {kts,ʈʂʰ} bɖʐ | ^ @ Rule 1, Line 1"
36.3.2.2.8,Proto-rGyalrongic to Wassu,2,index_diachronica_original.html:12262,False,syntax_other,broken-syntax,,,"Syntax Error: Expected '..', but received .' ' | k kr kj ɡ > k. k.r ts. ɡ | ^ @ Rule 1, Line 1"
36.3.2.2.8,Proto-rGyalrongic to Wassu,5,index_diachronica_original.html:12265,False,syntax_other,broken-syntax,,,"Syntax Error: Expected '..', but received .',' | ts dzl NP:[-voice]P > {tʃ.,j} tsl m | ^ @ Rule 1, Line 1"
36.3.3.1,Old Tibetan to Amdo dialects,0,index_diachronica_original.html:12288,False,runtime_other,broken-syntax,,,"Runtime Error: Two matched sets must have the same number of elements | {d,ɡ,s,l,r} > {h,r} / #_ | ^^^^^^^^^^^ ^^^^^ @ Rule 1, Line 1"
36.3.3.1,Old Tibetan to Amdo dialects,2,index_diachronica_original.html:12290,False,nested_brackets,asca-unrepresentable,,,"Syntax Error: Cannot have nested brackets of the same type | {k{r,j},kʰ{r,j}} ɡ{r,j} > {tɕ,tɕʰ} dʑ | ^ @ Rule 1, Line 1"
37.1,Proto-Siouan-Iroquoian to Proto-Iroquoian,0,index_diachronica_original.html:12322,False,unknown_character,asca-unrepresentable,ı,,"Syntax Error: Unknown character 'ı' | w > ∅ / _{o,õ,ı̃} | ^ @ Rule 1, Line 1"
37.1,Proto-Siouan-Iroquoian to Proto-Iroquoian,2,index_diachronica_original.html:12324,False,unknown_character,asca-unrepresentable,ı,,"Syntax Error: Unknown character 'ı' | t > ts / _{i,ı̃} | ^ @ Rule 1, Line 1"
37.1,Proto-Siouan-Iroquoian to Proto-Iroquoian,4,index_diachronica_original.html:12326,False,expected_underscore,asca-unrepresentable,,,"Syntax Error: Expected '_', but received '' | tʰ > n / else | ^ @ Rule 1, Line 1"
37.1,Proto-Siouan-Iroquoian to Proto-Iroquoian,8,index_diachronica_original.html:12330,False,unknown_character,asca-unrepresentable,ı,,"Syntax Error: Unknown character 'ı' | ı̃ > i | ^ @ Rule 1, Line 1"
37.1,Proto-Siouan-Iroquoian to Proto-Iroquoian,13,index_diachronica_original.html:12335,False,expected_underscore,asca-unrepresentable,,,"Syntax Error: Expected '_', but received '' | p > kʷ / else | ^ @ Rule 1, Line 1"
37.1.1,Proto-Iroquoian to Cherokee,2,index_diachronica_original.html:12349,False,syntax_other,broken-syntax,,,"Syntax Error: Expected an IPA character, Primative or Matrix, but received '_' | w > ∅ / {t_,th_} | ^ @ Rule 1, Line 1"
37.1.1,Proto-Iroquoian to Cherokee,3,index_diachronica_original.html:12350,False,unknown_feature,asca-unrepresentable,lowfallingtone,continuant,"Syntax Error: Unknown feature 'lowfallingtone'. Did you mean continuant? | {wV,jV} > V:[+long][+low falling tone] | ^^^^^^^^^^^^^^^^^ @ Rule 1, Line 1"
37.1.1,Proto-Iroquoian to Cherokee,5,index_diachronica_original.html:12352,False,unknown_feature,asca-unrepresentable,lowfallingtone,continuant,"Syntax Error: Unknown feature 'lowfallingtone'. Did you mean continuant? | Vʔ > V:[+long][+low falling tone] / _C | ^^^^^^^^^^^^^^^^^ @ Rule 1, Line 1"
37.1.1,Proto-Iroquoian to Cherokee,8,index_diachronica_original.html:12355,False,unknown_feature,asca-unrepresentable,highrisingtone,strident,"Syntax Error: Unknown feature 'highrisingtone'. Did you mean strident? | V[+nas] > a:[+long][+high rising tone] | ^^^^^^^^^^^^^^^^^ @ Rule 1, Line 1"
37.1.1,Proto-Iroquoian to Cherokee,9,index_diachronica_original.html:12356,False,unknown_feature,asca-unrepresentable,highrisingtone,strident,"Syntax Error: Unknown feature 'highrisingtone'. Did you mean strident? | ∅ > V:[+long][+high rising tone] / C_# | ^^^^^^^^^^^^^^^^^ @ Rule 1, Line 1"
37.1.2,Proto-Iroquoian to Proto-Northern Iroquoian,6,index_diachronica_original.html:12384,False,syntax_other,broken-syntax,,,"Syntax Error: Cannot have segments before the beginning of a word | V:[+long] > V[-long] // in %# | ^ @ Rule 1, Line 1"
37.1.2,Proto-Iroquoian to Proto-Northern Iroquoian,7,index_diachronica_original.html:12385,False,unknown_character,asca-unrepresentable,ː,,"Syntax Error: Unknown character 'ː' | V:[+stress] > V:[+stress]ː | ^ @ Rule 1, Line 1"
37.1.2.1,Proto-Northern Iroquoian to Cayuga,1,index_diachronica_original.html:12394,False,nested_brackets,asca-unrepresentable,,,"Syntax Error: Cannot have nested brackets of the same type | {V:[+stress](C)CaCV,VC:[+stress](C)CaCV} > {V:[+stress]((C)CaCV / _#,VC:[+stress]((C)CaCV / _#} | ^ @ Rule 1, Line 1"
37.1.2.1,Proto-Northern Iroquoian to Cayuga,3,index_diachronica_original.html:12396,False,syntax_other,broken-syntax,,,"Syntax Error: Expected an IPA character, Primative or Matrix, but received 'ʷ' | ʔ > ∅ / _nk(ʷ) | ^ @ Rule 1, Line 1"
37.1.2.1,Proto-Northern Iroquoian to Cayuga,4,index_diachronica_original.html:12397,False,syntax_other,broken-syntax,,,"Syntax Error: Expected an IPA character, Primative or Matrix, but received 'ʷ' | n > t / _k(ʷ) | ^ @ Rule 1, Line 1"
37.1.2.1,Proto-Northern Iroquoian to Cayuga,7,index_diachronica_original.html:12400,False,syntax_other,broken-syntax,,,"Syntax Error: Expected an IPA character, Primative or Matrix, but received 'ʷ' | ns > ts / _k(ʷ) | ^ @ Rule 1, Line 1"
37.1.2.1,Proto-Northern Iroquoian to Cayuga,19,index_diachronica_original.html:12414,False,unknown_character,asca-unrepresentable,₂,,"Syntax Error: Unknown character '₂' | V=1 V:[+stress]₂ V:[+stress]₁ːV=2 > V:[+stress]₁2 V:[+stress]₁[-long]2 | ^ @ Rule 1, Line 1"
37.1.2.1,Proto-Northern Iroquoian to Cayuga,22,index_diachronica_original.html:12417,False,unknown_character,asca-unrepresentable,₀,,"Syntax Error: Unknown character '₀' | V:[+stress]₀V=0 > 0 ː[-accent] | ^ @ Rule 1, Line 1"
37.1.2.2,Proto-Northern Iroquoian to Huron,3,index_diachronica_original.html:12452,False,syntax_other,broken-syntax,,,"Syntax Error: Expected an IPA character, Primative or Matrix, but received '_' | n > ∅ / {t_,th_} | ^ @ Rule 1, Line 1"
37.1.2.2,Proto-Northern Iroquoian to Huron,13,index_diachronica_original.html:12462,False,syntax_other,broken-syntax,,,"Syntax Error: Expected an IPA character, Primative or Matrix, but received 'ʷ' | t > ∅ / _k(ʷ) | ^ @ Rule 1, Line 1"
37.1.2.2.1,Huron to Wyandot,0,index_diachronica_original.html:12479,False,syntax_other,broken-syntax,,,"Syntax Error: Cannot have segments before the beginning of a word | V:[+long] > V:[+stress] / in %# | ^ @ Rule 1, Line 1"
37.1.2.2.1,Huron to Wyandot,11,index_diachronica_original.html:12490,False,expected_underscore,asca-unrepresentable,,,"Syntax Error: Expected '_', but received '' | w j > m ɲ / between two vowels of unlike nasality | ^ @ Rule 1, Line 1"
37.1.2.3,Proto-Northern Iroquoian to Onondaga,3,index_diachronica_original.html:12506,False,syntax_other,broken-syntax,,,"Syntax Error: Expected an IPA character, Primative or Matrix, but received 'ʷ' | ns > ts / _k(ʷ) | ^ @ Rule 1, Line 1"
37.1.2.3,Proto-Northern Iroquoian to Onondaga,5,index_diachronica_original.html:12508,False,unknown_character,asca-unrepresentable,ː,,"Syntax Error: Unknown character 'ː' | {V:[+stress](C)(C)V:[+long],Vː:[+stress](C)(C)V:[+long]} > V[-long](C):[+stress]((C)CV[-long] / _# | ^ @ Rule 1, Line 1"
37.1.2.3,Proto-Northern Iroquoian to Onondaga,8,index_diachronica_original.html:12511,False,syntax_other,broken-syntax,,,"Syntax Error: Expected an IPA character, Primative or Matrix, but received 'ʷ' | n > t / _k(ʷ) | ^ @ Rule 1, Line 1"
37.1.2.3,Proto-Northern Iroquoian to Onondaga,9,index_diachronica_original.html:12512,False,nested_brackets,asca-unrepresentable,,,"Syntax Error: Cannot have nested brackets of the same type | {V:[+stress](C)CaCV,VC:[+stress](C)CaCV} > {V:[+stress]((C)CaCV / _#,VC:[+stress]((C)CaCV / _#} | ^ @ Rule 1, Line 1"
37.1.2.3,Proto-Northern Iroquoian to Onondaga,14,index_diachronica_original.html:12517,False,unknown_character,asca-unrepresentable,ː,,"Syntax Error: Unknown character 'ː' | V:[+stress] > V:[+stress]ː / _C([+son,-syll])V | ^ @ Rule 1, Line 1"
37.1.2.3,Proto-Northern Iroquoian to Onondaga,19,index_diachronica_original.html:12522,False,unknown_feature,asca-unrepresentable,hightone,high,"Syntax Error: Unknown feature 'hightone'. Did you mean high? | V > V[+high tone] / _$V:[+stress] | ^^^^^^^^^^ @ Rule 1, Line 1"
37.1.2.4,Proto-Northern Iroquoian to Proto-Mohawk-Oneida,5,index_diachronica_original.html:12546,False,unknown_character,asca-unrepresentable,ː,,"Syntax Error: Unknown character 'ː' | V:[+stress] > V:[+stress]ː[+falling tone] / _{ʔ,hR} | ^ @ Rule 1, Line 1"
37.1.2.4,Proto-Northern Iroquoian to Proto-Mohawk-Oneida,6,index_diachronica_original.html:12547,False,unknown_character,asca-unrepresentable,ː,,"Syntax Error: Unknown character 'ː' | ʔ > ∅ / V:[+stress]ː[+falling tone]_C | ^ @ Rule 1, Line 1"
37.1.2.4,Proto-Northern Iroquoian to Proto-Mohawk-Oneida,7,index_diachronica_original.html:12548,False,unknown_character,asca-unrepresentable,ː,,"Syntax Error: Unknown character 'ː' | h > ∅ / V:[+stress]ː[+falling tone]_[+son,-syll] | ^ @ Rule 1, Line 1"
37.1.2.4.1,Proto-Mohawk-Oneida to Mohawk,6,index_diachronica_original.html:12564,False,syntax_other,broken-syntax,,,"Syntax Error: Expected an IPA character, Primative or Matrix, but received 'ʷ' | ∅ > e / n_k(ʷ) | ^ @ Rule 1, Line 1"
37.1.2.4.1,Proto-Mohawk-Oneida to Mohawk,21,index_diachronica_original.html:12581,False,expected_number,asca-unrepresentable,,,"Syntax Error: Expected number, but received j | s > z / {#,V}_{V,[+son,-syll]} // [+son,-syll] = j | ^ @ Rule 1, Line 1"
37.1.2.4.2,Proto-Mohawk-Oneida to Oneida,0,index_diachronica_original.html:12586,False,unknown_character,asca-unrepresentable,ː,,"Syntax Error: Unknown character 'ː' | V:[+stress]ː[-falling tone]CV > V:[+long]C:[+stress]V | ^ @ Rule 1, Line 1"
37.1.2.4.2,Proto-Mohawk-Oneida to Oneida,1,index_diachronica_original.html:12587,False,unknown_character,asca-unrepresentable,ː,,"Syntax Error: Unknown character 'ː' | V:[+stress] > V:[+stress]ː / _ʔ | ^ @ Rule 1, Line 1"
37.1.2.4.2,Proto-Mohawk-Oneida to Oneida,2,index_diachronica_original.html:12588,False,unknown_character,asca-unrepresentable,ː,,"Syntax Error: Unknown character 'ː' | ʔ > ∅ / V:[+stress]ː_ | ^ @ Rule 1, Line 1"
37.1.2.4.2,Proto-Mohawk-Oneida to Oneida,3,index_diachronica_original.html:12589,False,syntax_other,broken-syntax,,,"Syntax Error: Expected an IPA character, Primative or Matrix, but received 'ʷ' | ∅ > i / {V,t}n_k(ʷ)V | ^ @ Rule 1, Line 1"
37.1.2.4.2,Proto-Mohawk-Oneida to Oneida,14,index_diachronica_original.html:12600,False,unknown_character,asca-unrepresentable,ː,,"Syntax Error: Unknown character 'ː' | V:[+stress]ː[+falling tone] > V:[+stress][-long -falling tone] | ^ @ Rule 1, Line 1"
37.1.2.4.2,Proto-Mohawk-Oneida to Oneida,15,index_diachronica_original.html:12601,False,syntax_other,broken-syntax,,,"Syntax Error: Expected end of line, received '_'. Did you forget a '/' between the output and environment? | V:[+long] > V[-long] _C:[+stress](C)(C)V | ^ @ Rule 1, Line 1"
37.1.2.4.2,Proto-Mohawk-Oneida to Oneida,19,index_diachronica_original.html:12606,False,unknown_feature,asca-unrepresentable,fallingtone,length,"Syntax Error: Unknown feature 'fallingtone'. Did you mean length? | V:[+long][+falling tone]C(C)V > V̊:[+long][+falling tone]C̊(C̊)V̊(H̊) / _# | ^^^^^^^^^^^^^ @ Rule 1, Line 1"
37.1.2.4.2,Proto-Mohawk-Oneida to Oneida,20,index_diachronica_original.html:12607,False,unknown_feature,asca-unrepresentable,fallingtone,length,"Syntax Error: Unknown feature 'fallingtone'. Did you mean length? | CV:[+long][+falling tone] > C̊V̊:[+long][+falling tone] / _# | ^^^^^^^^^^^^^ @ Rule 1, Line 1"
37.1.2.4.2,Proto-Mohawk-Oneida to Oneida,21,index_diachronica_original.html:12608,False,unknown_character,asca-unrepresentable,̊,,"Syntax Error: Unknown character '̊' | CVʔ > C̊V̊ʔ̊ / _# | ^ @ Rule 1, Line 1"
37.1.2.4.2,Proto-Mohawk-Oneida to Oneida,22,index_diachronica_original.html:12609,False,unknown_character,asca-unrepresentable,̊,,"Syntax Error: Unknown character '̊' | V[-long] > V̊ / [+son,-syll]_# | ^ @ Rule 1, Line 1"
37.1.2.4.2,Proto-Mohawk-Oneida to Oneida,23,index_diachronica_original.html:12610,False,unknown_character,asca-unrepresentable,̊,,"Syntax Error: Unknown character '̊' | OV[-long] > O̊V̊ / _# | ^ @ Rule 1, Line 1"
37.1.2.4.2,Proto-Mohawk-Oneida to Oneida,26,index_diachronica_original.html:12613,False,unknown_character,asca-unrepresentable,̊,,"Syntax Error: Unknown character '̊' | [+son,-syll] > R̊ / _# | ^ @ Rule 1, Line 1"
37.1.2.5,Proto-Northern Iroquoian to Seneca,17,index_diachronica_original.html:12648,False,syntax_other,broken-syntax,,,"Syntax Error: Expected an IPA character, Primative or Matrix, but received '' | r > j / C[+place](h)_{o:[+long],õ:[+long] | ^ @ Rule 1, Line 1"
37.1.2.5,Proto-Northern Iroquoian to Seneca,24,index_diachronica_original.html:12655,False,unknown_character,asca-unrepresentable,₂,,"Syntax Error: Unknown character '₂' | V=1 V:[+stress]₂ > V:[+stress]₁V=2 | ^ @ Rule 1, Line 1"
37.1.2.5,Proto-Northern Iroquoian to Seneca,25,index_diachronica_original.html:12656,False,expected_underscore,asca-unrepresentable,,,"Syntax Error: Expected '_', but received '' | a:[+long] > ẽ:[+long] / adjacent to a nasal vowel | ^ @ Rule 1, Line 1"
37.1.2.5,Proto-Northern Iroquoian to Seneca,26,index_diachronica_original.html:12657,False,syntax_other,broken-syntax,,,"Syntax Error: Expected an IPA character, Primative or Matrix, but received '' | ẽ:[+long] > e:[+long] / _{e:[+long],o:[+long] | ^ @ Rule 1, Line 1"
37.1.2.5,Proto-Northern Iroquoian to Seneca,27,index_diachronica_original.html:12658,False,syntax_other,broken-syntax,,,"Syntax Error: Expected an IPA character, Primative or Matrix, but received 'ʷ' | ʔ > ∅ / _nk(ʷ) | ^ @ Rule 1, Line 1"
37.1.2.5,Proto-Northern Iroquoian to Seneca,28,index_diachronica_original.html:12659,False,syntax_other,broken-syntax,,,"Syntax Error: Expected an IPA character, Primative or Matrix, but received 'ʷ' | n > t / _k(ʷ) | ^ @ Rule 1, Line 1"
37.1.2.6,Proto-Northern Iroquoian to Tuscarora,3,index_diachronica_original.html:12684,False,syntax_other,broken-syntax,,,"Syntax Error: Floating diacritic. Diacritics can only be used to modify IPA Segments | t > ˀt | ^ @ Rule 1, Line 1"
37.1.2.6,Proto-Northern Iroquoian to Tuscarora,4,index_diachronica_original.html:12685,False,unknown_character,asca-unrepresentable,ː,,"Syntax Error: Unknown character 'ː' | V:[+stress] > V:[+stress]ː / _n in | ^ @ Rule 1, Line 1"
37.1.2.6,Proto-Northern Iroquoian to Tuscarora,6,index_diachronica_original.html:12687,False,unknown_character,asca-unrepresentable,ː,,"Syntax Error: Unknown character 'ː' | V:[+stress] > V:[+stress]ː / _{k,kʷ,(ˀ)t}{s,[+son,-syll],[-place]} | ^ @ Rule 1, Line 1"
37.1.2.6,Proto-Northern Iroquoian to Tuscarora,7,index_diachronica_original.html:12688,False,unknown_character,asca-unrepresentable,ː,,"Syntax Error: Unknown character 'ː' | V:[+stress] > V:[+stress]ː / _[+son,-syll][+son,-syll] | ^ @ Rule 1, Line 1"
37.1.2.6,Proto-Northern Iroquoian to Tuscarora,10,index_diachronica_original.html:12691,False,syntax_other,broken-syntax,,,"Syntax Error: Floating diacritic. Diacritics can only be used to modify IPA Segments | ˀt > tʔ / _ˀt | ^ @ Rule 1, Line 1"
37.1.2.6,Proto-Northern Iroquoian to Tuscarora,11,index_diachronica_original.html:12692,False,syntax_other,broken-syntax,,,"Syntax Error: Floating diacritic. Diacritics can only be used to modify IPA Segments | ˀt > ∅ / _t | ^ @ Rule 1, Line 1"
37.1.2.6,Proto-Northern Iroquoian to Tuscarora,12,index_diachronica_original.html:12693,False,syntax_other,broken-syntax,,,"Syntax Error: Floating diacritic. Diacritics can only be used to modify IPA Segments | ˀt > ʔ / _r | ^ @ Rule 1, Line 1"
37.1.2.6,Proto-Northern Iroquoian to Tuscarora,13,index_diachronica_original.html:12694,False,syntax_other,broken-syntax,,,"Syntax Error: Floating diacritic. Diacritics can only be used to modify IPA Segments | ˀt > ʔn / V_{V,w,j} | ^ @ Rule 1, Line 1"
37.1.2.6,Proto-Northern Iroquoian to Tuscarora,14,index_diachronica_original.html:12695,False,syntax_other,broken-syntax,,,"Syntax Error: Floating diacritic. Diacritics can only be used to modify IPA Segments | ˀt > n / {#,C}_{V,w,j} | ^ @ Rule 1, Line 1"
37.1.2.6,Proto-Northern Iroquoian to Tuscarora,15,index_diachronica_original.html:12696,False,syntax_other,broken-syntax,,,"Syntax Error: Floating diacritic. Diacritics can only be used to modify IPA Segments | ˀt > t | ^ @ Rule 1, Line 1"
37.1.2.6,Proto-Northern Iroquoian to Tuscarora,28,index_diachronica_original.html:12710,False,unknown_character,asca-unrepresentable,̊,,"Syntax Error: Unknown character '̊' | n r w j > n̥ r̥ w̥ j̊ / _{#,O} | ^ @ Rule 1, Line 1"
37.1.2.6.1,Tuscarora to Western Tuscarora,3,index_diachronica_original.html:12718,False,unknown_character,asca-unrepresentable,̊,,"Syntax Error: Unknown character '̊' | r̥ w̥ j̊ > s f ʃ | ^ @ Rule 1, Line 1"
37.2,Proto-Siouan-Iroquoian to Proto-Siouan,0,index_diachronica_original.html:12729,False,unknown_character,asca-unrepresentable,ı,,"Syntax Error: Unknown character 'ı' | ẽ õ > ı̃ ũ | ^ @ Rule 1, Line 1"
37.2.1,Proto-Siouan to Catawba,2,index_diachronica_original.html:12744,False,syntax_other,broken-syntax,,,"Syntax Error: Expected an IPA character, Primative or Matrix, but received '*' | p > b / V_V (*) | ^ @ Rule 1, Line 1"
37.2.1,Proto-Siouan to Catawba,3,index_diachronica_original.html:12745,False,expected_underscore,asca-unrepresentable,,,"Syntax Error: Expected '_', but received '' | tʲ > ʃ / in %:[+stress] | ^ @ Rule 1, Line 1"
37.2.1,Proto-Siouan to Catawba,4,index_diachronica_original.html:12746,False,expected_underscore,asca-unrepresentable,,,"Syntax Error: Expected '_', but received '' | tʲ > ʒ / else | ^ @ Rule 1, Line 1"
37.2.1,Proto-Siouan to Catawba,5,index_diachronica_original.html:12747,False,expected_underscore,asca-unrepresentable,,,"Syntax Error: Expected '_', but received '' | t > ∅ / _k, when medial | ^ @ Rule 1, Line 1"
37.2.1,Proto-Siouan to Catawba,6,index_diachronica_original.html:12748,False,syntax_other,broken-syntax,,,"Syntax Error: Expected end of line, received '('. Did you forget a '/' between the output and environment? | V:[+stress][+nas] > Vn (*) | ^ @ Rule 1, Line 1"
37.2.1,Proto-Siouan to Catawba,7,index_diachronica_original.html:12749,False,syntax_other,broken-syntax,,,"Syntax Error: Expected an IPA character, Primative or Matrix, but received '*' | ∅ > ʔ / C_# (only sometimes?) (*) | ^ @ Rule 1, Line 1"
37.2.2,Proto-Siouan to Dakota,2,index_diachronica_original.html:12757,False,expected_underscore,asca-unrepresentable,,,"Syntax Error: Expected '_', but received '' | tʲ > ʃ / in %:[+stress] | ^ @ Rule 1, Line 1"
37.2.2,Proto-Siouan to Dakota,3,index_diachronica_original.html:12758,False,expected_underscore,asca-unrepresentable,,,"Syntax Error: Expected '_', but received '' | tʲ > ʒ / else | ^ @ Rule 1, Line 1"
37.2.2,Proto-Siouan to Dakota,4,index_diachronica_original.html:12759,False,expected_underscore,asca-unrepresentable,,,"Syntax Error: Expected '_', but received '' | s > z / in %[-stress] | ^ @ Rule 1, Line 1"
37.2.2,Proto-Siouan to Dakota,12,index_diachronica_original.html:12767,False,expected_underscore,asca-unrepresentable,,,"Syntax Error: Expected '_', but received '' | t > ∅ / _k, when medial | ^ @ Rule 1, Line 1"
37.2.2.1,Dakota to Santee Dakota,2,index_diachronica_original.html:12778,False,expected_underscore,asca-unrepresentable,,,"Syntax Error: Expected '_', but received '' | kr > ɡj / medial | ^ @ Rule 1, Line 1"
37.2.3,Proto-Siouan to Mandan,6,index_diachronica_original.html:12802,False,expected_underscore,asca-unrepresentable,,,"Syntax Error: Expected '_', but received '' | ã > a / in %:[+stress] | ^ @ Rule 1, Line 1"
37.2.3,Proto-Siouan to Mandan,15,index_diachronica_original.html:12812,False,expected_underscore,asca-unrepresentable,,,"Syntax Error: Expected '_', but received '' | t > ∅ / _k, when medial | ^ @ Rule 1, Line 1"
37.2.4,Proto-Siouan to Proto-Čiwere-Winnebago,3,index_diachronica_original.html:12822,False,syntax_other,broken-syntax,,,"Syntax Error: Expected end of line, received ':'. Did you forget a '/' between the output and environment? | t > tʃ / _V:[+front]:[+stress] | ^ @ Rule 1, Line 1"
37.2.4,Proto-Siouan to Proto-Čiwere-Winnebago,5,index_diachronica_original.html:12824,False,expected_underscore,asca-unrepresentable,,,"Syntax Error: Expected '_', but received '' | tʲ > ʃ / in %:[+stress] | ^ @ Rule 1, Line 1"
37.2.4,Proto-Siouan to Proto-Čiwere-Winnebago,6,index_diachronica_original.html:12825,False,expected_underscore,asca-unrepresentable,,,"Syntax Error: Expected '_', but received '' | tʲ s > ʒ z / in %[-stress] | ^ @ Rule 1, Line 1"
37.2.4.1,Proto-Čiwere-Winnebago to Čiwere,16,index_diachronica_original.html:12851,False,expected_underscore,asca-unrepresentable,,,"Syntax Error: Expected '_', but received '' | tk > ɡ / when medial | ^ @ Rule 1, Line 1"
37.2.4.2,Proto-Čiwere-Winnebago to Winnebago,1,index_diachronica_original.html:12860,False,runtime_delete_only_segment,broken-syntax,,,Runtime Error: Can't delete a word's only segment
37.2.4.2,Proto-Čiwere-Winnebago to Winnebago,3,index_diachronica_original.html:12862,False,panic_other,broken-syntax,,,thread panicked
37.2.4.2,Proto-Čiwere-Winnebago to Winnebago,11,index_diachronica_original.html:12871,False,expected_underscore,asca-unrepresentable,,,"Syntax Error: Expected '_', but received '' | t > ∅ / _k, when medial | ^ @ Rule 1, Line 1"
37.2.5,Proto-Siouan to Proto-Crow-Hidatsa,2,index_diachronica_original.html:12880,False,syntax_other,broken-syntax,,,"Syntax Error: Expected an IPA character, Primative or Matrix, but received 'ʲ' | {L,Lʲ} > r | ^ @ Rule 1, Line 1"
37.2.5,Proto-Siouan to Proto-Crow-Hidatsa,3,index_diachronica_original.html:12881,False,unknown_character,asca-unrepresentable,ı,,"Syntax Error: Unknown character 'ı' | ã ı̃ ũ > a i u | ^ @ Rule 1, Line 1"
37.2.5,Proto-Siouan to Proto-Crow-Hidatsa,5,index_diachronica_original.html:12884,False,expected_underscore,asca-unrepresentable,,,"Syntax Error: Expected '_', but received '' | t > ∅ / _k, when medial | ^ @ Rule 1, Line 1"
37.2.5.1,Proto-Crow-Hidatsa to Crow,3,index_diachronica_original.html:12893,False,expected_underscore,asca-unrepresentable,,,"Syntax Error: Expected '_', but received '' | n > r // at word boundaries | ^ @ Rule 1, Line 1"
37.2.6,Proto-Siouan to Proto-Dhegiha,2,index_diachronica_original.html:12921,False,expected_underscore,asca-unrepresentable,,,"Syntax Error: Expected '_', but received '' | t tʲ s > d ʒ z / in %[-stress] | ^ @ Rule 1, Line 1"
37.2.6,Proto-Siouan to Proto-Dhegiha,3,index_diachronica_original.html:12922,False,expected_underscore,asca-unrepresentable,,,"Syntax Error: Expected '_', but received '' | tʲ > ʃ / in %:[+stress] | ^ @ Rule 1, Line 1"
37.2.6,Proto-Siouan to Proto-Dhegiha,9,index_diachronica_original.html:12928,False,expected_underscore,asca-unrepresentable,,,"Syntax Error: Expected '_', but received '' | u > i / in %:[+stress] | ^ @ Rule 1, Line 1"
37.2.6,Proto-Siouan to Proto-Dhegiha,10,index_diachronica_original.html:12929,False,unknown_character,asca-unrepresentable,#,,"Syntax Error: Unknown character '#' | k > #t_ | ^ @ Rule 1, Line 1"
37.2.6,Proto-Siouan to Proto-Dhegiha,11,index_diachronica_original.html:12930,False,expected_underscore,asca-unrepresentable,,,"Syntax Error: Expected '_', but received '' | tk > ɡ / when medial | ^ @ Rule 1, Line 1"
37.2.6.1,Proto-Dhegiha to Kansa,3,index_diachronica_original.html:12939,False,syntax_other,broken-syntax,,,"Syntax Error: Expected an IPA character, Primative or Matrix, but received 'ʲ' | r {L,Lʲ} > d j / #_ (*) | ^ @ Rule 1, Line 1"
37.2.6.1,Proto-Dhegiha to Kansa,4,index_diachronica_original.html:12940,False,syntax_other,broken-syntax,,,"Syntax Error: Expected an IPA character, Primative or Matrix, but received '*' | L > bl / #_e (*) | ^ @ Rule 1, Line 1"
37.2.6.1,Proto-Dhegiha to Kansa,5,index_diachronica_original.html:12941,False,runtime_other,broken-syntax,,,"Runtime Error: An incomplete matrix cannot be inserted | V > V[+nas] / N_ | ^^^^^^ @ Rule 1, Line 1"
37.2.6.1,Proto-Dhegiha to Kansa,7,index_diachronica_original.html:12943,False,expected_underscore,asca-unrepresentable,,,"Syntax Error: Expected '_', but received '' | ũ > aN / stressed | ^ @ Rule 1, Line 1"
37.2.6.2,Proto-Dhegiha to Omaha-Ponca,6,index_diachronica_original.html:12959,False,expected_underscore,asca-unrepresentable,,,"Syntax Error: Expected '_', but received '' | ũ > ã / stressed | ^ @ Rule 1, Line 1"
37.2.6.4,Proto-Dhegiha to Quapaw,3,index_diachronica_original.html:12996,False,syntax_other,broken-syntax,,,"Syntax Error: Expected end of line, received '('. Did you forget a '/' between the output and environment? | x > ʒ (*) | ^ @ Rule 1, Line 1"
37.2.6.4,Proto-Dhegiha to Quapaw,4,index_diachronica_original.html:12997,False,syntax_other,broken-syntax,,,"Syntax Error: Expected an IPA character, Primative or Matrix, but received '*' | L:[+cor,+dist] > j / #_õ (*) | ^ @ Rule 1, Line 1"
37.2.6.4,Proto-Dhegiha to Quapaw,5,index_diachronica_original.html:12998,False,syntax_other,broken-syntax,,,"Syntax Error: Expected an IPA character, Primative or Matrix, but received '*' | L:[+cor,+dist] > t / #_ã (*) | ^ @ Rule 1, Line 1"
37.2.6.4,Proto-Dhegiha to Quapaw,6,index_diachronica_original.html:12999,False,syntax_other,broken-syntax,,,"Syntax Error: Expected end of line, received '('. Did you forget a '/' between the output and environment? | ã > õ (*) | ^ @ Rule 1, Line 1"
37.2.6.4,Proto-Dhegiha to Quapaw,7,index_diachronica_original.html:13000,False,syntax_other,broken-syntax,,,"Syntax Error: Expected an IPA character, Primative or Matrix, but received '*' | ũ > ã / stressed (*) | ^ @ Rule 1, Line 1"
37.2.6.4,Proto-Dhegiha to Quapaw,8,index_diachronica_original.html:13001,False,syntax_other,broken-syntax,,,"Syntax Error: Expected an IPA character, Primative or Matrix, but received '*' | m > ∅ / #_n (in morphemes) (*) | ^ @ Rule 1, Line 1"
37.2.7.1,Proto-Ohio-Valley to Biloxi,1,index_diachronica_original.html:13017,False,expected_underscore,asca-unrepresentable,,,"Syntax Error: Expected '_', but received ',' | p > w / V_V, apparently as a result of some dissimilation, as this appears to be an allophone of /p/ here, II%C | ^ @ Rule 1, Line 1"
38.1.1.1,Proto-Tai to Ahom,5,index_diachronica_original.html:13080,False,unknown_character,asca-unrepresentable,̊,,"Syntax Error: Unknown character '̊' | ŋ̊ > h | ^ @ Rule 1, Line 1"
38.1.1.2,Proto-Tai to Saek,0,index_diachronica_original.html:13094,False,unknown_character,asca-unrepresentable,̊,,"Syntax Error: Unknown character '̊' | ɲ̊ > j | ^ @ Rule 1, Line 1"
38.1.1.3,Proto-Tai to Central Tai,1,index_diachronica_original.html:13111,False,expected_underscore,asca-unrepresentable,,,"Syntax Error: Expected '_', but received ',' | {l,r} > ∅ / n,ɗ_ | ^ @ Rule 1, Line 1"
38.1.1.3,Proto-Tai to Central Tai,9,index_diachronica_original.html:13119,False,syntax_other,broken-syntax,,,"Syntax Error: Expected an IPA character, Primative or Matrix, but received '_' | tr > {tʰ_,tʰr_} | ^ @ Rule 1, Line 1"
38.1.1.3,Proto-Tai to Central Tai,18,index_diachronica_original.html:13128,False,unknown_character,asca-unrepresentable,ı,,"Syntax Error: Unknown character 'ı' | iə > ı̆ / _C$ | ^ @ Rule 1, Line 1"
38.1.1.3.1,Central Tai to Lungchow,7,index_diachronica_original.html:13142,False,unknown_character,asca-unrepresentable,̆,,"Syntax Error: Unknown character '̆' | ɨə > ɨ̆ / _C$ | ^ @ Rule 1, Line 1"
38.1.1.3.1,Central Tai to Lungchow,8,index_diachronica_original.html:13143,False,unknown_character,asca-unrepresentable,̆,,"Syntax Error: Unknown character '̆' | ɨ̆ i̯o > u ə | ^ @ Rule 1, Line 1"
38.1.1.3.1,Central Tai to Lungchow,23,index_diachronica_original.html:13158,False,expected_underscore,asca-unrepresentable,,,"Syntax Error: Expected '_', but received '' | a > a:[+long] / _u,i | ^ @ Rule 1, Line 1"
38.1.1.4,Proto-Tai to North Tai,2,index_diachronica_original.html:13215,False,syntax_other,broken-syntax,,,"Syntax Error: Expected an IPA character, Primative or Matrix, but received '_' | l > ∅ / {p,b_V:[+front],pʰ,b_V:[+front]} | ^ @ Rule 1, Line 1"
38.1.1.4,Proto-Tai to North Tai,3,index_diachronica_original.html:13216,False,syntax_other,broken-syntax,,,"Syntax Error: Expected an IPA character, Primative or Matrix, but received '_' | l > j / {p,b_V,pʰ,b_V} | ^ @ Rule 1, Line 1"
38.1.1.4,Proto-Tai to North Tai,13,index_diachronica_original.html:13226,False,prose_or_expected_arrow,asca-unrepresentable,,,"Syntax Error: Expected '>', '->' or '=>', but received 'ʷ' | xr x {x,ɣ}ʷ > r̥ h {w,v,h} | ^ @ Rule 1, Line 1"
38.1.1.4,Proto-Tai to North Tai,15,index_diachronica_original.html:13228,False,unknown_character,asca-unrepresentable,ı,,"Syntax Error: Unknown character 'ı' | iə > ı̆ / _C$ | ^ @ Rule 1, Line 1"
38.1.1.4,Proto-Tai to North Tai,16,index_diachronica_original.html:13229,False,unknown_character,asca-unrepresentable,̆,,"Syntax Error: Unknown character '̆' | ɨ̆ > a / _C:[-front,+back,+hi,-lo] | ^ @ Rule 1, Line 1"
38.1.1.4.2,North Tai to Po-Ai,5,index_diachronica_original.html:13258,False,unknown_character,asca-unrepresentable,̆,,"Syntax Error: Unknown character '̆' | ɨ̆ə > ɨ̆ / _C$ | ^ @ Rule 1, Line 1"
38.1.1.4.2,North Tai to Po-Ai,6,index_diachronica_original.html:13259,False,unknown_character,asca-unrepresentable,̆,,"Syntax Error: Unknown character '̆' | ɨ̆ > a / _C:[-front,+back,+hi,-lo] | ^ @ Rule 1, Line 1"
38.1.1.4.2,North Tai to Po-Ai,7,index_diachronica_original.html:13260,False,unknown_character,asca-unrepresentable,̆,,"Syntax Error: Unknown character '̆' | ɨ̆ > ə | ^ @ Rule 1, Line 1"
38.1.1.4.2,North Tai to Po-Ai,15,index_diachronica_original.html:13268,False,unknown_character,asca-unrepresentable,ı,,"Syntax Error: Unknown character 'ı' | ɛ iɛ > e:[+long] ı̆ | ^ @ Rule 1, Line 1"
38.1.1.4.2,North Tai to Po-Ai,26,index_diachronica_original.html:13279,False,syntax_other,broken-syntax,,,"Syntax Error: Expected an IPA character, Primative or Matrix, but received '@' | {ua,u@̯} > u:[+long] | ^ @ Rule 1, Line 1"
38.1.1.4.3,North Tai to Wu-Ming,2,index_diachronica_original.html:13301,False,panic_other,broken-syntax,,,thread panicked
38.1.1.5,Proto-Tai to Southwest Tai,7,index_diachronica_original.html:13315,False,expected_underscore,asca-unrepresentable,,,"Syntax Error: Expected '_', but received ',' | {l,r} > ∅ / t,ɗ_ | ^ @ Rule 1, Line 1"
38.1.1.5,Proto-Tai to Southwest Tai,16,index_diachronica_original.html:13324,False,unknown_character,asca-unrepresentable,ı,,"Syntax Error: Unknown character 'ı' | iə > ı̆ / _C$ | ^ @ Rule 1, Line 1"
40.1,Proto-Totozoquean to Proto-Mixe-Zoquean,4,index_diachronica_original.html:13503,False,unknown_feature,asca-unrepresentable,creakyvoice,voice,"Syntax Error: Unknown feature 'creakyvoice'. Did you mean voice? | V[+ creaky voice] > V[- creaky voice] | ^^^^^^^^^^^^^^ @ Rule 1, Line 1"
40.2,Proto-Totozoquean to Proto-Totonacan,4,index_diachronica_original.html:13513,False,unknown_character,asca-unrepresentable,ṵ,,"Syntax Error: Unknown character 'ṵ' | o o̰ > u ṵ | ^ @ Rule 1, Line 1"
40.2,Proto-Totozoquean to Proto-Totonacan,6,index_diachronica_original.html:13515,False,unknown_character,asca-unrepresentable,ḛ,,"Syntax Error: Unknown character 'ḛ' | {e,ɨ} {ḛ ɨ̰} > i ḭ | ^ @ Rule 1, Line 1"
41.3,Proto-Trans New Guinea to Binandere,5,index_diachronica_original.html:13560,False,panic_other,broken-syntax,,,thread panicked
41.5.1.1,Proto-Gorokan to Asaro,1,index_diachronica_original.html:13580,False,unknown_feature,asca-unrepresentable,samePOA,lateral,"Syntax Error: Unknown feature 'samePOA'. Did you mean lateral? | N > N[+ same POA] / _P | ^^^^^^^^^^ @ Rule 1, Line 1"
41.5.1.2,Proto-Gorokan to North Fore,2,index_diachronica_original.html:13588,False,expected_underscore,asca-unrepresentable,,,"Syntax Error: Expected '_', but received '' | ʔ > n / before modal suffixes | ^ @ Rule 1, Line 1"
41.5.1.3,Proto-Gorokan to South Fore,1,index_diachronica_original.html:13595,False,expected_underscore,asca-unrepresentable,,,"Syntax Error: Expected '_', but received '' | ʔ > n / before modal suffixes | ^ @ Rule 1, Line 1"
41.5.1.8,Proto-Gorokan to Move,2,index_diachronica_original.html:13626,False,unknown_feature,asca-unrepresentable,lowtone,contin,"Syntax Error: Unknown feature 'lowtone'. Did you mean contin? | V[+ low tone] > ∅ / C_hV[+ high tone] | ^^^^^^^^^^ @ Rule 1, Line 1"
41.5.1.8,Proto-Gorokan to Move,3,index_diachronica_original.html:13627,False,unknown_feature,asca-unrepresentable,lowtone,contin,"Syntax Error: Unknown feature 'lowtone'. Did you mean contin? | V[+ low tone] > ∅ / C_CV[+ high tone] if both vowels are the same | ^^^^^^^^^^ @ Rule 1, Line 1"
41.5.2.1,Proto-Kainantu to Auyana,0,index_diachronica_original.html:13647,False,unknown_feature,asca-unrepresentable,samePOA,lateral,"Syntax Error: Unknown feature 'samePOA'. Did you mean lateral? | N > [+ same POA] / _C | ^^^^^^^^^^ @ Rule 1, Line 1"
41.5.2.3,Proto-Kainantu to Gadsup,1,index_diachronica_original.html:13666,False,unknown_feature,asca-unrepresentable,samePOA,lateral,"Syntax Error: Unknown feature 'samePOA'. Did you mean lateral? | N > [+ same POA] / _C | ^^^^^^^^^^ @ Rule 1, Line 1"
41.5.2.3,Proto-Kainantu to Gadsup,3,index_diachronica_original.html:13668,False,unknown_grouping,asca-unrepresentable,Y,,"Syntax Error: Unknown grouping 'Y'. Known groupings are (C)onsonant, (O)bstruent, (S)onorant, (P)losive, (F)ricative, (L)iquid, (N)asal, (G)lide, and (V)owel | {P:[+voice],Y} > ∅ / _n | ^ @ Rule 1, Line 1"
41.5.2.3,Proto-Kainantu to Gadsup,4,index_diachronica_original.html:13669,False,unknown_grouping,asca-unrepresentable,Y,,"Syntax Error: Unknown grouping 'Y'. Known groupings are (C)onsonant, (O)bstruent, (S)onorant, (P)losive, (F)ricative, (L)iquid, (N)asal, (G)lide, and (V)owel | YO[+ voice] YO[- voice] > Y t | ^ @ Rule 1, Line 1"
41.5.2.4,Proto-Kainantu to Usarufa,0,index_diachronica_original.html:13675,False,unknown_character,asca-unrepresentable,ː,,"Syntax Error: Unknown character 'ː' | N=1 N=2 > 2 ː ? | ^ @ Rule 1, Line 1"
41.6,Proto-Trans New Guinea to Kalam,0,index_diachronica_original.html:13684,False,syntax_other,broken-syntax,,,"Syntax Error: Expected an IPA character, Primative or Matrix, but received '∅' | t > {t,∅} / _# | ^ @ Rule 1, Line 1"
41.8,Proto-Trans New Guinea to Kiwai,0,index_diachronica_original.html:13700,False,syntax_other,broken-syntax,,,"Syntax Error: Expected an IPA character, Primative or Matrix, but received '∅' | t k ᵐb > {s,t} {ɡ,∅} {b,p} / #_ | ^ @ Rule 1, Line 1"
41.8,Proto-Trans New Guinea to Kiwai,2,index_diachronica_original.html:13702,False,panic_other,broken-syntax,,,thread panicked
41.11,Proto-Trans New Guinea to Middle Wahgi,2,index_diachronica_original.html:13727,False,panic_other,broken-syntax,,,thread panicked
42.1,Proto-Uralic to Pre-Finnic,0,index_diachronica_original.html:13762,False,expected_underscore,asca-unrepresentable,,,"Syntax Error: Expected '_', but received '' | ŋ > k / _#, in latives | ^ @ Rule 1, Line 1"
42.1,Proto-Uralic to Pre-Finnic,1,index_diachronica_original.html:13763,False,stuff_after_word_bound,asca-unrepresentable,,,"Syntax Error: Cannot have segments after the end of a word | ŋ > n / _# else | ^ @ Rule 1, Line 1"
42.1,Proto-Uralic to Pre-Finnic,2,index_diachronica_original.html:13764,False,syntax_other,broken-syntax,,,"Syntax Error: Expected an IPA character, Primative or Matrix, but received '*' | iw ow > y u:[+long] / _(C) (*) | ^ @ Rule 1, Line 1"
42.1,Proto-Uralic to Pre-Finnic,5,index_diachronica_original.html:13767,False,unknown_character,asca-unrepresentable,ː,,"Syntax Error: Unknown character 'ː' | {ɤ,ɤː} ɑ:[+long] æ:[+long] > {ɑ,ɑː} o:[+long] e:[+long] / stressed | ^ @ Rule 1, Line 1"
42.1,Proto-Uralic to Pre-Finnic,6,index_diachronica_original.html:13768,False,unknown_grouping,asca-unrepresentable,X,,"Syntax Error: Unknown grouping 'X'. Known groupings are (C)onsonant, (O)bstruent, (S)onorant, (P)losive, (F)ricative, (L)iquid, (N)asal, (G)lide, and (V)owel | a > æ / {a,aX,e,eX,e,eX,i,iX,y,yX}(C)(C)_ when unstressed | ^ @ Rule 1, Line 1"
42.1,Proto-Uralic to Pre-Finnic,7,index_diachronica_original.html:13769,False,unknown_grouping,asca-unrepresentable,A,,"Syntax Error: Unknown grouping 'A'. Known groupings are (C)onsonant, (O)bstruent, (S)onorant, (P)losive, (F)ricative, (L)iquid, (N)asal, (G)lide, and (V)owel | Aw > o / unstressed | ^ @ Rule 1, Line 1"
42.1,Proto-Uralic to Pre-Finnic,9,index_diachronica_original.html:13771,False,expected_underscore,asca-unrepresentable,,,"Syntax Error: Expected '_', but received '' | iw > u / unstressed | ^ @ Rule 1, Line 1"
42.1.1,Pre-Finnic to Proto-Finnic,1,index_diachronica_original.html:13777,False,unknown_grouping,asca-unrepresentable,X,,"Syntax Error: Unknown grouping 'X'. Known groupings are (C)onsonant, (O)bstruent, (S)onorant, (P)losive, (F)ricative, (L)iquid, (N)asal, (G)lide, and (V)owel | e o > e o / _(X)Ci | ^ @ Rule 1, Line 1"
42.1.1,Pre-Finnic to Proto-Finnic,2,index_diachronica_original.html:13778,False,unknown_grouping,asca-unrepresentable,X,,"Syntax Error: Unknown grouping 'X'. Known groupings are (C)onsonant, (O)bstruent, (S)onorant, (P)losive, (F)ricative, (L)iquid, (N)asal, (G)lide, and (V)owel | e > y / _(X)CO:[+delrel] | ^ @ Rule 1, Line 1"
42.1.1,Pre-Finnic to Proto-Finnic,3,index_diachronica_original.html:13779,False,unknown_grouping,asca-unrepresentable,X,,"Syntax Error: Unknown grouping 'X'. Known groupings are (C)onsonant, (O)bstruent, (S)onorant, (P)losive, (F)ricative, (L)iquid, (N)asal, (G)lide, and (V)owel | ɯ > i / _(X)CO:[+delrel] | ^ @ Rule 1, Line 2"
42.1.1,Pre-Finnic to Proto-Finnic,4,index_diachronica_original.html:13780,False,expected_underscore,asca-unrepresentable,,,"Syntax Error: Expected '_', but received '' | ej > i / unstressed | ^ @ Rule 1, Line 1"
42.1.1,Pre-Finnic to Proto-Finnic,5,index_diachronica_original.html:13781,False,expected_underscore,asca-unrepresentable,,,"Syntax Error: Expected '_', but received '' | æ > e / _j, unstressed | ^ @ Rule 1, Line 1"
42.1.1,Pre-Finnic to Proto-Finnic,6,index_diachronica_original.html:13782,False,syntax_other,broken-syntax,,,"Syntax Error: Expected an IPA character, Primative or Matrix, but received '_' | ɑ > e / {o:[+stress]C_j,o:[+stress]XC_j,u:[+stress]C_j,u:[+stress]XC_j} | ^ @ Rule 1, Line 1"
42.1.1,Pre-Finnic to Proto-Finnic,7,index_diachronica_original.html:13783,False,syntax_other,broken-syntax,,,"Syntax Error: Expected an IPA character, Primative or Matrix, but received '_' | ɑ > o / {a:[+stress]C_j,a:[+stress]XC_j,e:[+stress]C_j,e:[+stress]XC_j,i:[+stress]C_j,i:[+stress]XC_j} | ^ @ Rule 1, Line 1"
42.1.1,Pre-Finnic to Proto-Finnic,9,index_diachronica_original.html:13785,False,expected_underscore,asca-unrepresentable,,,"Syntax Error: Expected '_', but received '' | xi > @ / else | ^ @ Rule 1, Line 1"
42.1.1,Pre-Finnic to Proto-Finnic,11,index_diachronica_original.html:13787,False,unknown_grouping,asca-unrepresentable,I,,"Syntax Error: Unknown grouping 'I'. Known groupings are (C)onsonant, (O)bstruent, (S)onorant, (P)losive, (F)ricative, (L)iquid, (N)asal, (G)lide, and (V)owel | x > j / {I,V:[+front]}_C | ^ @ Rule 1, Line 1"
42.1.1,Pre-Finnic to Proto-Finnic,12,index_diachronica_original.html:13788,False,unknown_grouping,asca-unrepresentable,U,,"Syntax Error: Unknown grouping 'U'. Known groupings are (C)onsonant, (O)bstruent, (S)onorant, (P)losive, (F)ricative, (L)iquid, (N)asal, (G)lide, and (V)owel | UŋA eŋi > O:[+long] ø:[+long] | ^ @ Rule 1, Line 1"
42.1.1,Pre-Finnic to Proto-Finnic,20,index_diachronica_original.html:13796,False,syntax_other,broken-syntax,,,"Syntax Error: Expected end of line, received '('. Did you forget a '/' between the output and environment? | uwa > o:[+long] (*) | ^ @ Rule 1, Line 1"
42.1.1,Pre-Finnic to Proto-Finnic,21,index_diachronica_original.html:13797,False,unknown_grouping,asca-unrepresentable,U,,"Syntax Error: Unknown grouping 'U'. Known groupings are (C)onsonant, (O)bstruent, (S)onorant, (P)losive, (F)ricative, (L)iquid, (N)asal, (G)lide, and (V)owel | Uwi ewi > o:[+long] ø:[+long] | ^ @ Rule 1, Line 1"
42.1.1,Pre-Finnic to Proto-Finnic,23,index_diachronica_original.html:13799,False,unknown_grouping,asca-unrepresentable,I,,"Syntax Error: Unknown grouping 'I'. Known groupings are (C)onsonant, (O)bstruent, (S)onorant, (P)losive, (F)ricative, (L)iquid, (N)asal, (G)lide, and (V)owel | wI > i | ^ @ Rule 1, Line 1"
42.1.1,Pre-Finnic to Proto-Finnic,24,index_diachronica_original.html:13800,False,expected_underscore,asca-unrepresentable,,,"Syntax Error: Expected '_', but received '' | ji > O / {i,e,y} | ^ @ Rule 1, Line 1"
42.1.1,Pre-Finnic to Proto-Finnic,25,index_diachronica_original.html:13801,False,unknown_grouping,asca-unrepresentable,A,,"Syntax Error: Unknown grouping 'A'. Known groupings are (C)onsonant, (O)bstruent, (S)onorant, (P)losive, (F)ricative, (L)iquid, (N)asal, (G)lide, and (V)owel | i > ∅ / Aj_# | ^ @ Rule 1, Line 1"
42.1.1,Pre-Finnic to Proto-Finnic,34,index_diachronica_original.html:13810,False,expected_underscore,asca-unrepresentable,,,"Syntax Error: Expected '_', but received '' | nʲ > n / else | ^ @ Rule 1, Line 1"
42.1.1,Pre-Finnic to Proto-Finnic,36,index_diachronica_original.html:13812,False,syntax_other,broken-syntax,,,"Syntax Error: Expected an IPA character, Primative or Matrix, but received '*' | w > ∅ / o_st (*) | ^ @ Rule 1, Line 1"
42.1.1,Pre-Finnic to Proto-Finnic,38,index_diachronica_original.html:13814,False,unknown_grouping,asca-unrepresentable,E,,"Syntax Error: Unknown grouping 'E'. Known groupings are (C)onsonant, (O)bstruent, (S)onorant, (P)losive, (F)ricative, (L)iquid, (N)asal, (G)lide, and (V)owel | tʃ > ts / _k, in South Estonian | ^ @ Rule 1, Line 1"
42.1.1,Pre-Finnic to Proto-Finnic,39,index_diachronica_original.html:13815,False,expected_underscore,asca-unrepresentable,,,"Syntax Error: Expected '_', but received '' | tk > k / in Pre-Livonian | ^ @ Rule 1, Line 1"
42.1.1,Pre-Finnic to Proto-Finnic,41,index_diachronica_original.html:13817,False,expected_underscore,asca-unrepresentable,,,"Syntax Error: Expected '_', but received '' | t > ts / _i // following a coronal obstruent or | ^ @ Rule 1, Line 1"
42.1.1,Pre-Finnic to Proto-Finnic,42,index_diachronica_original.html:13818,False,expected_underscore,asca-unrepresentable,,,"Syntax Error: Expected '_', but received '' | tj > ts // following a coronal obstruent or | ^ @ Rule 1, Line 1"
42.1.1.1,Proto-Finnic to Proto-Finnish,3,index_diachronica_original.html:13830,False,unknown_character,asca-unrepresentable,ˑ,,"Syntax Error: Unknown character 'ˑ' | p:[+long] t:[+long] ts:[+long] k:[+long] > pˑ tˑ tsˑ kˑ | ^ @ Rule 1, Line 1"
42.1.1.1,Proto-Finnic to Proto-Finnish,10,index_diachronica_original.html:13837,False,syntax_other,broken-syntax,,,"Syntax Error: Expected an IPA character, Primative or Matrix, but received '*' | j > ∅ / _i (*) | ^ @ Rule 1, Line 1"
42.1.1.1,Proto-Finnic to Proto-Finnish,12,index_diachronica_original.html:13839,False,expected_underscore,asca-unrepresentable,,,"Syntax Error: Expected '_', but received '' | oi > o / unstressed | ^ @ Rule 1, Line 1"
42.1.1.1,Proto-Finnic to Proto-Finnish,20,index_diachronica_original.html:13847,False,unknown_character,asca-unrepresentable,ˑ,,"Syntax Error: Unknown character 'ˑ' | ts tsˑ ts:[+long] > s θˑ θ:[+long] | ^ @ Rule 1, Line 1"
42.1.1.1.1,Proto-Finnish to Standard Finnish,2,index_diachronica_original.html:13857,False,unknown_character,asca-unrepresentable,ˑ,,"Syntax Error: Unknown character 'ˑ' | pˑ tˑ θˑ kˑ > p t θ k | ^ @ Rule 1, Line 1"
42.1.1.1.1,Proto-Finnish to Standard Finnish,3,index_diachronica_original.html:13858,False,expected_underscore,asca-unrepresentable,,,"Syntax Error: Expected '_', but received '' | j > i / C_, when initial in a suffix | ^ @ Rule 1, Line 1"
42.1.1.1.1,Proto-Finnish to Standard Finnish,8,index_diachronica_original.html:13863,False,unknown_character,asca-unrepresentable,˟,,"Syntax Error: Unknown character '˟' | {k,x} > ˟ / _# | ^ @ Rule 1, Line 1"
42.1.1.1.1,Proto-Finnish to Standard Finnish,15,index_diachronica_original.html:13870,False,expected_number,asca-unrepresentable,,,"Syntax Error: Expected number, but received j | ɣ > % / {O:[+delrel],O,%}_[+son,-syll] // [+son,-syll] = j | ^ @ Rule 1, Line 2"
42.1.1.1.1,Proto-Finnish to Standard Finnish,20,index_diachronica_original.html:13875,False,syntax_other,broken-syntax,,,"Syntax Error: Expected an IPA character, Primative or Matrix, but received '_' | ð > ∅ // {V:[+stress]_,VX:[+stress]_} | ^ @ Rule 1, Line 1"
42.1.1.1.1,Proto-Finnish to Standard Finnish,23,index_diachronica_original.html:13878,False,expected_underscore,asca-unrepresentable,,,"Syntax Error: Expected '_', but received '=' | ɣ > ʔ / VV=0 _0 // 0 = % | ^ @ Rule 1, Line 1"
42.1.1.1.1,Proto-Finnish to Standard Finnish,24,index_diachronica_original.html:13879,False,expected_underscore,asca-unrepresentable,,,"Syntax Error: Expected '_', but received '' | ɣ > ∅ / else | ^ @ Rule 1, Line 1"
42.1.1.1.1,Proto-Finnish to Standard Finnish,25,index_diachronica_original.html:13880,False,unknown_grouping,asca-unrepresentable,X,,"Syntax Error: Unknown grouping 'X'. Known groupings are (C)onsonant, (O)bstruent, (S)onorant, (P)losive, (F)ricative, (L)iquid, (N)asal, (G)lide, and (V)owel | h > ∅ / V[-stress](X)_V | ^ @ Rule 1, Line 1"
42.1.1.1.1,Proto-Finnish to Standard Finnish,26,index_diachronica_original.html:13881,False,syntax_other,broken-syntax,,,"Syntax Error: Syllables cannot be modified with 'length' | O:[+delrel]O > {O:[+delrel],O,%}:[+long] / unstressed | ^ ^^^^^^^ @ Rule 1, Line 1"
42.1.1.1.1,Proto-Finnish to Standard Finnish,28,index_diachronica_original.html:13883,False,unknown_grouping,asca-unrepresentable,U,,"Syntax Error: Unknown grouping 'U'. Known groupings are (C)onsonant, (O)bstruent, (S)onorant, (P)losive, (F)ricative, (L)iquid, (N)asal, (G)lide, and (V)owel | Ue > e:[+long] / unstressed | ^ @ Rule 1, Line 1"
42.1.1.1.1,Proto-Finnish to Standard Finnish,30,index_diachronica_original.html:13885,False,unknown_grouping,asca-unrepresentable,U,,"Syntax Error: Unknown grouping 'U'. Known groupings are (C)onsonant, (O)bstruent, (S)onorant, (P)losive, (F)ricative, (L)iquid, (N)asal, (G)lide, and (V)owel | iU O% > U:[+long] O:[+long] | ^ @ Rule 1, Line 1"
42.1.1.1.1,Proto-Finnish to Standard Finnish,35,index_diachronica_original.html:13890,False,syntax_other,broken-syntax,,,"Syntax Error: Expected end of line, received '('. Did you forget a '/' between the output and environment? | θ:[+long] ð > ts d (this latter does have some highly sporadic exceptions | ^ @ Rule 1, Line 1"
42.1.1.1.2,Standard Finnish to Modern Standard Finnish,2,index_diachronica_original.html:13897,False,expected_underscore,asca-unrepresentable,,,"Syntax Error: Expected '_', but received '' | Va > V:[+long] / unstressed | ^ @ Rule 1, Line 1"
42.1.2,Proto-Finnic to Livonian,3,index_diachronica_original.html:13906,False,expected_underscore,asca-unrepresentable,,,"Syntax Error: Expected '_', but received '' | æ > ɑ / unstressed | ^ @ Rule 1, Line 1"
42.1.2,Proto-Finnic to Livonian,7,index_diachronica_original.html:13910,False,expected_underscore,asca-unrepresentable,,,"Syntax Error: Expected '_', but received '//' | V > ə / unstressed // V = ɑ | ^^ @ Rule 1, Line 1"
42.1.2,Proto-Finnic to Livonian,8,index_diachronica_original.html:13911,False,syntax_other,broken-syntax,,,"Syntax Error: Expected an IPA character, Primative or Matrix, but received '(' | ɑ > ə / {VCɑC(C)_#,VCCɑC(C)_#} | ^ @ Rule 1, Line 1"
42.1.2,Proto-Finnic to Livonian,9,index_diachronica_original.html:13912,False,expected_underscore,asca-unrepresentable,,,"Syntax Error: Expected '_', but received '//' | Vh > V:[+long]ɦ / _C, except maybe // _j and/or _ʋ | ^^ @ Rule 1, Line 1"
42.1.2,Proto-Finnic to Livonian,12,index_diachronica_original.html:13915,False,syntax_other,broken-syntax,,,"Syntax Error: Expected an IPA character, Primative or Matrix, but received '_' | ∅ > ʔ / {CV_CV,V_CV} | ^ @ Rule 1, Line 1"
42.1.2,Proto-Finnic to Livonian,16,index_diachronica_original.html:13919,False,syntax_other,broken-syntax,,,"Syntax Error: Expected end of line, received 'ʲ'. Did you forget a '/' between the output and environment? | dj lj rj ɡj > dʲ l:[+long]ʲ r:[+long]ʲ jɡ | ^ @ Rule 1, Line 1"
42.1.2,Proto-Finnic to Livonian,27,index_diachronica_original.html:13930,False,expected_underscore,asca-unrepresentable,,,"Syntax Error: Expected '_', but received '' | y ø > i e / else | ^ @ Rule 1, Line 1"
43.1,Proto-Uto-Aztecan to Comanche,1,index_diachronica_original.html:13966,False,unknown_character,asca-unrepresentable,ᵤ,,"Syntax Error: Unknown character 'ᵤ' | ∅ > h / Vᵤ_k | ^ @ Rule 1, Line 1"
43.1,Proto-Uto-Aztecan to Comanche,2,index_diachronica_original.html:13967,False,unknown_character,asca-unrepresentable,ₙ,,"Syntax Error: Unknown character 'ₙ' | s > ∅ / Vₙ_ | ^ @ Rule 1, Line 1"
43.1,Proto-Uto-Aztecan to Comanche,4,index_diachronica_original.html:13969,False,expected_underscore,asca-unrepresentable,,,"Syntax Error: Expected '_', but received '' | {w,j} > ∅ / medial | ^ @ Rule 1, Line 1"
43.2,Proto-Uto-Aztecan to Hopi,0,index_diachronica_original.html:13974,False,unknown_character,asca-unrepresentable,ₙ,,"Syntax Error: Unknown character 'ₙ' | p > v / Vₙ_ | ^ @ Rule 1, Line 1"
43.2,Proto-Uto-Aztecan to Hopi,3,index_diachronica_original.html:13977,False,expected_underscore,asca-unrepresentable,,,"Syntax Error: Expected '_', but received '' | l h > n / medially | ^ @ Rule 1, Line 1"
43.2,Proto-Uto-Aztecan to Hopi,5,index_diachronica_original.html:13979,False,unknown_character,asca-unrepresentable,ₙ,,"Syntax Error: Unknown character 'ₙ' | w > ŋʷ / ɨₙ_ | ^ @ Rule 1, Line 1"
43.3,Proto-Uto-Aztecan to Luiseño,0,index_diachronica_original.html:13985,False,unknown_character,asca-unrepresentable,ₙ,,"Syntax Error: Unknown character 'ₙ' | p > v / {Vₙ,ɨ}_ | ^ @ Rule 1, Line 1"
43.3,Proto-Uto-Aztecan to Luiseño,2,index_diachronica_original.html:13987,False,expected_underscore,asca-unrepresentable,,,"Syntax Error: Expected '_', but received '' | t > l / medially | ^ @ Rule 1, Line 1"
43.3,Proto-Uto-Aztecan to Luiseño,5,index_diachronica_original.html:13990,False,unknown_character,asca-unrepresentable,ₙ,,"Syntax Error: Unknown character 'ₙ' | k > q / aₙ_ | ^ @ Rule 1, Line 1"
43.3,Proto-Uto-Aztecan to Luiseño,9,index_diachronica_original.html:13995,False,expected_underscore,asca-unrepresentable,,,"Syntax Error: Expected '_', but received '' | l > n / medially | ^ @ Rule 1, Line 1"
43.3,Proto-Uto-Aztecan to Luiseño,11,index_diachronica_original.html:13997,False,runtime_delete_only_segment,broken-syntax,,,Runtime Error: Can't delete a word's only segment
43.4,Proto-Uto-Aztecan to Nahuatl,1,index_diachronica_original.html:14003,False,unknown_character,asca-unrepresentable,ₛ,,"Syntax Error: Unknown character 'ₛ' | p > ∅ / {#,Vₛ}_ | ^ @ Rule 1, Line 1"
43.6,Proto-Uto-Aztecan to Tohono O’odham,0,index_diachronica_original.html:14049,False,unknown_character,asca-unrepresentable,ₛ,,"Syntax Error: Unknown character 'ₛ' | p > w / {#,Vₛ}_ | ^ @ Rule 1, Line 1"
43.6,Proto-Uto-Aztecan to Tohono O’odham,13,index_diachronica_original.html:14062,False,runtime_delete_only_segment,broken-syntax,,,Runtime Error: Can't delete a word's only segment
44.1,Proto-Vasconic to Aquitanian,3,index_diachronica_original.html:14094,False,unknown_feature,asca-unrepresentable,fortis,contin,"Syntax Error: Unknown feature 'fortis'. Did you mean contin? | P[+ fortis] > P[- voice]ː (specifically, the source lists t[+ fortis] k[+ fortis] | ^^^^^^^^ @ Rule 1, Line 1"
44.1,Proto-Vasconic to Aquitanian,4,index_diachronica_original.html:14095,False,unknown_feature,asca-unrepresentable,fortis,contin,"Syntax Error: Unknown feature 'fortis'. Did you mean contin? | n[+ fortis] > n:[+long] / V_V | ^^^^^^^^ @ Rule 1, Line 1"
44.1,Proto-Vasconic to Aquitanian,5,index_diachronica_original.html:14096,False,unknown_feature,asca-unrepresentable,fortis,contin,"Syntax Error: Unknown feature 'fortis'. Did you mean contin? | n[- fortis] n[+ fortis] > {n,r} n | ^^^^^^^^ @ Rule 1, Line 1"
44.1,Proto-Vasconic to Aquitanian,6,index_diachronica_original.html:14097,False,unknown_feature,asca-unrepresentable,samePOA,lateral,"Syntax Error: Unknown feature 'samePOA'. Did you mean lateral? | N > [+ same POA] / _P | ^^^^^^^^^^ @ Rule 1, Line 1"
44.1,Proto-Vasconic to Aquitanian,7,index_diachronica_original.html:14098,False,unknown_feature,asca-unrepresentable,fortis,contin,"Syntax Error: Unknown feature 'fortis'. Did you mean contin? | r[+ fortis] > ɾ / _# | ^^^^^^^^ @ Rule 1, Line 1"
44.1,Proto-Vasconic to Aquitanian,8,index_diachronica_original.html:14099,False,unknown_feature,asca-unrepresentable,fortis,contin,"Syntax Error: Unknown feature 'fortis'. Did you mean contin? | r[+ fortis] > r | ^^^^^^^^ @ Rule 1, Line 1"
44.2,Proto-Basque to Basque,0,index_diachronica_original.html:14114,False,syntax_other,broken-syntax,,,"Syntax Error: Expected an IPA character, Primative or Matrix, but received '>' | h ( > ∅) / #_ | ^ @ Rule 1, Line 3"
44.2,Proto-Basque to Basque,1,index_diachronica_original.html:14115,False,runtime_other,broken-syntax,,,"Runtime Error: An incomplete matrix cannot be inserted | P > P[+voice] / #_ | ^^^^^^^^ @ Rule 1, Line 1"
44.2,Proto-Basque to Basque,2,index_diachronica_original.html:14117,False,unknown_character,asca-unrepresentable,ṽ,,"Syntax Error: Unknown character 'ṽ' | Vn > ṽ / _# | ^ @ Rule 1, Line 1"
44.2,Proto-Basque to Basque,3,index_diachronica_original.html:14118,False,unknown_character,asca-unrepresentable,ṽ,,"Syntax Error: Unknown character 'ṽ' | Vn > ṽ / _V | ^ @ Rule 1, Line 1"
44.2,Proto-Basque to Basque,4,index_diachronica_original.html:14119,False,unknown_character,asca-unrepresentable,ṽ,,"Syntax Error: Unknown character 'ṽ' | V > ṽ / _N | ^ @ Rule 1, Line 1"
44.2,Proto-Basque to Basque,10,index_diachronica_original.html:14125,False,unknown_feature,asca-unrepresentable,samePOA,lateral,"Syntax Error: Unknown feature 'samePOA'. Did you mean lateral? | N > [+ same POA] / _C | ^^^^^^^^^^ @ Rule 1, Line 1"
44.2,Proto-Basque to Basque,19,index_diachronica_original.html:14134,False,syntax_other,broken-syntax,,,"Syntax Error: The input of an insertion rule must only contain `*` or `∅` | *L > l (or *lh | ^ @ Rule 1, Line 1"
44.2,Proto-Basque to Basque,24,index_diachronica_original.html:14139,False,unknown_character,asca-unrepresentable,ṽ,,"Syntax Error: Unknown character 'ṽ' | ṽ > Vɲ / _V | ^ @ Rule 1, Line 1"
44.2,Proto-Basque to Basque,25,index_diachronica_original.html:14140,False,unknown_character,asca-unrepresentable,ṽ,,"Syntax Error: Unknown character 'ṽ' | ṽ > Vn or a diphthong | ^ @ Rule 1, Line 1"
44.2,Proto-Basque to Basque,27,index_diachronica_original.html:14142,False,nested_brackets,asca-unrepresentable,,,"Syntax Error: Cannot have nested brackets of the same type | u ũ > y ỹ / _r(p(ʰ),β,k(ʰ),ɣ,l,s̺,s̻,ʃ,h) | ^ @ Rule 1, Line 1"
44.2,Proto-Basque to Basque,28,index_diachronica_original.html:14143,False,unknown_character,asca-unrepresentable,̻,,"Syntax Error: Unknown character '̻' | u ũ > y ỹ / _{s̻,ts̺,ts̻} | ^ @ Rule 1, Line 1"
44.2,Proto-Basque to Basque,32,index_diachronica_original.html:14147,False,unknown_character,asca-unrepresentable,̺,,"Syntax Error: Unknown character '̺' | ∅ > e / #_{s̺,s̻}C | ^ @ Rule 1, Line 1"
44.2,Proto-Basque to Basque,37,index_diachronica_original.html:14152,False,unknown_character,asca-unrepresentable,ɛ,,"Syntax Error: Unknown character 'ɛ' | a o e > ɛ u i / {i,iC,0,u,uC,0}_ (this [ɛ] is tentatively marked as such | ^ @ Rule 1, Line 1"
44.2,Proto-Basque to Basque,38,index_diachronica_original.html:14153,False,syntax_other,broken-syntax,,,"Syntax Error: Expected an IPA character, Primative or Matrix, but received '' | o > u / _n{C,#} (Souletin | ^ @ Rule 1, Line 1"
44.2,Proto-Basque to Basque,44,index_diachronica_original.html:14160,False,unknown_character,asca-unrepresentable,̺,,"Syntax Error: Unknown character '̺' | ∅ > j / V_{N,s̺,s̻}S | ^ @ Rule 1, Line 1"
44.2,Proto-Basque to Basque,55,index_diachronica_original.html:14172,False,syntax_other,broken-syntax,,,"Syntax Error: The output of a deletion rule must only contain `*` or `∅` | h…h > ∅…h | ^ @ Rule 1, Line 1"
44.2,Proto-Basque to Basque,56,index_diachronica_original.html:14173,False,syntax_other,broken-syntax,,,"Syntax Error: The input of an insertion rule must only contain `*` or `∅` | *-ɾ > -h stuff in compounds | ^ @ Rule 1, Line 1"
44.2,Proto-Basque to Basque,59,index_diachronica_original.html:14176,False,unknown_character,asca-unrepresentable,̻,,"Syntax Error: Unknown character '̻' | s̻ ts̻ > ʃ tʃ / {V:[+front],j}_ | ^ @ Rule 1, Line 1"
44.2,Proto-Basque to Basque,78,index_diachronica_original.html:14196,False,unknown_feature,asca-unrepresentable,fortis,contin,"Syntax Error: Unknown feature 'fortis'. Did you mean contin? | n[+ fortis] > n | ^^^^^^^^ @ Rule 1, Line 1"
44.2,Proto-Basque to Basque,79,index_diachronica_original.html:14198,False,unknown_grouping,asca-unrepresentable,U,,"Syntax Error: Unknown grouping 'U'. Known groupings are (C)onsonant, (O)bstruent, (S)onorant, (P)losive, (F)ricative, (L)iquid, (N)asal, (G)lide, and (V)owel | e > ∅ / #Ur_ | ^ @ Rule 1, Line 1"
44.2,Proto-Basque to Basque,80,index_diachronica_original.html:14199,False,syntax_other,broken-syntax,,,"Syntax Error: Expected an IPA character, Primative or Matrix, but received '' | a > ∅ / V_# (Guipuscoan | ^ @ Rule 1, Line 1"
44.2,Proto-Basque to Basque,81,index_diachronica_original.html:14200,False,expected_underscore,asca-unrepresentable,,,"Syntax Error: Expected '_', but received '' | V > ∅ / _#, in trisyllables | ^ @ Rule 1, Line 1"
44.2,Proto-Basque to Basque,82,index_diachronica_original.html:14201,False,expected_underscore,asca-unrepresentable,,,"Syntax Error: Expected '_', but received '' | i > ∅ / _#, in disyllables | ^ @ Rule 1, Line 1"
44.2,Proto-Basque to Basque,83,index_diachronica_original.html:14202,False,expected_underscore,asca-unrepresentable,,,"Syntax Error: Expected '_', but received '' | u {o,e} > a / _#, in disyllables | ^ @ Rule 1, Line 1"
44.2,Proto-Basque to Basque,87,index_diachronica_original.html:14210,False,unknown_character,asca-unrepresentable,̺,,"Syntax Error: Unknown character '̺' | aʊ > aɪ // _{ɾ,r,s̺,s̻} | ^ @ Rule 1, Line 1"
44.2,Proto-Basque to Basque,91,index_diachronica_original.html:14214,False,prose_or_expected_arrow,asca-unrepresentable,,,"Syntax Error: Expected '>', '->' or '=>', but received ')' | e ?) > j / #_V | ^ @ Rule 1, Line 2"
44.2,Proto-Basque to Basque,97,index_diachronica_original.html:14224,False,unknown_feature,asca-unrepresentable,affricate,stridnt,"Syntax Error: Unknown feature 'affricate'. Did you mean stridnt? | C[+strident] > C[+ affricate] / _# | ^^^^^^^^^^^ @ Rule 1, Line 1"
44.2,Proto-Basque to Basque,98,index_diachronica_original.html:14225,False,unknown_character,asca-unrepresentable,̻,,"Syntax Error: Unknown character '̻' | s̻ ts̺ > s̺ ts̻ | ^ @ Rule 1, Line 1"
44.2,Proto-Basque to Basque,99,index_diachronica_original.html:14226,False,unknown_character,asca-unrepresentable,̻,,"Syntax Error: Unknown character '̻' | s̻ > s̺ / _{C,#} | ^ @ Rule 1, Line 1"
44.2,Proto-Basque to Basque,100,index_diachronica_original.html:14228,False,unknown_character,asca-unrepresentable,̺,,"Syntax Error: Unknown character '̺' | its̺ > tʃ / _# | ^ @ Rule 1, Line 1"
44.2,Proto-Basque to Basque,102,index_diachronica_original.html:14231,False,unknown_character,asca-unrepresentable,̺,,"Syntax Error: Unknown character '̺' | s̺ > tʃ / #_ | ^ @ Rule 1, Line 1"
44.2,Proto-Basque to Basque,103,index_diachronica_original.html:14232,False,unknown_character,asca-unrepresentable,̺,,"Syntax Error: Unknown character '̺' | s̺ > ʃ̺according to Campbell | ^ @ Rule 1, Line 1"
45.1.2,Proto-Pai to Paipai,4,index_diachronica_original.html:14268,False,expected_underscore,asca-unrepresentable,,,"Syntax Error: Expected '_', but received '' | i > ə / unstressed | ^ @ Rule 1, Line 1"
45.1.3,Proto-Pai to Tipai,2,index_diachronica_original.html:14278,False,expected_underscore,asca-unrepresentable,,,"Syntax Error: Expected '_', but received '' | i > ə / unstressed | ^ @ Rule 1, Line 1"
46.1,7-to-5 Vowel Merger (Bantu),0,index_diachronica_original.html:14293,False,unknown_grouping,asca-unrepresentable,D,,"Syntax Error: Unknown grouping 'D'. Known groupings are (C)onsonant, (O)bstruent, (S)onorant, (P)losive, (F)ricative, (L)iquid, (N)asal, (G)lide, and (V)owel | P > F / _{i,u} (Do not necessarily have to be fricatives at the same C:[+labial]OO:[+delrel] | ^ @ Rule 1, Line 1"
46.2,California Vowel Shift (English),6,index_diachronica_original.html:14306,False,panic_other,broken-syntax,,,thread panicked
46.5,Old English-to-Scots Vowel Shifts,0,index_diachronica_original.html:14323,False,expected_underscore,asca-unrepresentable,,,"Syntax Error: Expected '_', but received '' | ɛi > əi / when stem-final | ^ @ Rule 1, Line 2"
46.5,Old English-to-Scots Vowel Shifts,1,index_diachronica_original.html:14324,False,expected_underscore,asca-unrepresentable,,,"Syntax Error: Expected '_', but received ',' | u:[+long] > ʌu / when-stem final, in northern varieties | ^ @ Rule 1, Line 1"
46.5,Old English-to-Scots Vowel Shifts,4,index_diachronica_original.html:14327,False,nested_brackets,asca-unrepresentable,,,"Syntax Error: Cannot have nested brackets of the same type | ø:[+long] > {j{u,ʌ},{u,ʌ}} / _{k,x} | ^ @ Rule 1, Line 1"
46.5,Old English-to-Scots Vowel Shifts,9,index_diachronica_original.html:14332,False,syntax_other,broken-syntax,,,"Syntax Error: Expected an IPA character, Primative or Matrix, but received '>' | ɛi ( > əi?) / in some northern varieties | ^ @ Rule 1, Line 2"
46.5,Old English-to-Scots Vowel Shifts,11,index_diachronica_original.html:14334,False,unknown_feature,asca-unrepresentable,alveolar,delay,"Syntax Error: Unknown feature 'alveolar'. Did you mean delay? | æ > ɛ / _C[+alveolar] | ^^^^^^^^^ @ Rule 1, Line 1"
46.7,Great Vowel Shift (English),3,index_diachronica_original.html:14351,False,syntax_other,broken-syntax,,,"Syntax Error: Expected end of line, received '('. Did you forget a '/' between the output and environment? | e:[+long] ow > ej (əw) | ^ @ Rule 1, Line 3"
46.11,Middle Chinese to Cantonese Vowel Shift (“The Inner-Outer Flip”),3,index_diachronica_original.html:14390,False,unknown_feature,asca-unrepresentable,labiovelar,labiodental,"Syntax Error: Unknown feature 'labiovelar'. Did you mean labiodental? | ∅ > ə / C[+ labiovelar]_i | ^^^^^^^^^^^^ @ Rule 1, Line 1"
46.11,Middle Chinese to Cantonese Vowel Shift (“The Inner-Outer Flip”),7,index_diachronica_original.html:14395,False,panic_other,broken-syntax,,,thread panicked
46.13,Old Norse to Faroese Vowel Shift,0,index_diachronica_original.html:14418,False,expected_underscore,asca-unrepresentable,,,"Syntax Error: Expected '_', but received '' | {a,æ:[+long]} > ɛa / a | ^ @ Rule 1, Line 1"
46.13,Old Norse to Faroese Vowel Shift,1,index_diachronica_original.html:14419,False,syntax_other,broken-syntax,,,"Syntax Error: Expected end of line, received ')'. Did you forget a '/' between the output and environment? | ɔa > a:[+long]):[+stress] / ɔ | ^ @ Rule 1, Line 2"
46.13,Old Norse to Faroese Vowel Shift,2,index_diachronica_original.html:14420,False,expected_underscore,asca-unrepresentable,,,"Syntax Error: Expected '_', but received '' | e > e:[+long] / ɛ | ^ @ Rule 1, Line 1"
46.13,Old Norse to Faroese Vowel Shift,3,index_diachronica_original.html:14421,False,expected_underscore,asca-unrepresentable,,,"Syntax Error: Expected '_', but received '' | e:[+long] > ɛa / a | ^ @ Rule 1, Line 1"
46.13,Old Norse to Faroese Vowel Shift,4,index_diachronica_original.html:14422,False,expected_underscore,asca-unrepresentable,,,"Syntax Error: Expected '_', but received '' | {i,y} > i:[+long] / ɪ | ^ @ Rule 1, Line 1"
46.13,Old Norse to Faroese Vowel Shift,5,index_diachronica_original.html:14423,False,expected_underscore,asca-unrepresentable,,,"Syntax Error: Expected '_', but received '' | {i:[+long],y:[+long]} > ʊi / ʊ | ^ @ Rule 1, Line 1"
46.13,Old Norse to Faroese Vowel Shift,6,index_diachronica_original.html:14424,False,expected_underscore,asca-unrepresentable,,,"Syntax Error: Expected '_', but received '' | o > o:[+long] / ɔ | ^ @ Rule 1, Line 1"
46.13,Old Norse to Faroese Vowel Shift,7,index_diachronica_original.html:14425,False,expected_underscore,asca-unrepresentable,,,"Syntax Error: Expected '_', but received '' | o:[+long] > {ɔu,ɛu,œu} / œ | ^ @ Rule 1, Line 1"
46.13,Old Norse to Faroese Vowel Shift,8,index_diachronica_original.html:14426,False,syntax_other,broken-syntax,,,"Syntax Error: Expected '[', but received 'ʊ' | u > u:[+long] / short: ʊ // unstressed: {o,ɔ} | ^ @ Rule 1, Line 1"
46.13,Old Norse to Faroese Vowel Shift,9,index_diachronica_original.html:14427,False,expected_underscore,asca-unrepresentable,,,"Syntax Error: Expected '_', but received '' | u:[+long] > ʉu / ʏ | ^ @ Rule 1, Line 1"
46.13,Old Norse to Faroese Vowel Shift,10,index_diachronica_original.html:14428,False,prose_or_expected_arrow,asca-unrepresentable,,,"Syntax Error: Expected '>', '->' or '=>', but received '/' | ø:[+long]/œ > ʏ) | ^ @ Rule 1, Line 2"
46.14,Pre-Slavic Vowel Changes,4,index_diachronica_original.html:14438,False,unknown_character,asca-unrepresentable,ı,,"Syntax Error: Unknown character 'ı' | ı̆ [ə?] > {e,a} (strong)/∅ | ^ @ Rule 1, Line 2"
46.14,Pre-Slavic Vowel Changes,7,index_diachronica_original.html:14441,False,unknown_character,asca-unrepresentable,₂,,"Syntax Error: Unknown character '₂' | aj > {æ₂,i₂} | ^ @ Rule 1, Line 1"
46.14,Pre-Slavic Vowel Changes,9,index_diachronica_original.html:14443,False,unknown_character,asca-unrepresentable,ɤ,,"Syntax Error: Unknown character 'ɤ' | u [ɤ?] > {e,o,ɤ,a} (strong)/∅ | ^ @ Rule 1, Line 2"
46.15,Proto-Japanese to Old Japanese Vowel Shift,1,index_diachronica_original.html:14450,False,expected_underscore,asca-unrepresentable,,,"Syntax Error: Expected '_', but received '' | e o > i u / else | ^ @ Rule 1, Line 1"
46.15,Proto-Japanese to Old Japanese Vowel Shift,3,index_diachronica_original.html:14452,False,nested_brackets,asca-unrepresentable,,,"Syntax Error: Cannot have nested brackets of the same type | {u,ɨ}i {,a,i {ɨi,i{a,ə}} u{ɨ,a,ə} > wi e je wo | ^ @ Rule 1, Line 1"
46.16,Development of Proto-Lolo-Burmese -i(C)# and -u(C)# to Lahu,0,index_diachronica_original.html:14457,False,syntax_other,broken-syntax,,,"Syntax Error: Negation cannot be used in the output | -i -i{p,k} -it -i{m,ŋ} -in > -i -ɨʔ -iʔ -ɛ -ɨ | ^ @ Rule 1, Line 1"
46.16,Development of Proto-Lolo-Burmese -i(C)# and -u(C)# to Lahu,1,index_diachronica_original.html:14458,False,syntax_other,broken-syntax,,,"Syntax Error: Negation cannot be used in the output | -u -up -ut -uk -um -un -uŋ > -u -ɔʔ -əʔ -uʔ -ɔ -ə -ɛ | ^ @ Rule 1, Line 1"
46.19,Southern [United States] Shift (English),3,index_diachronica_original.html:14478,False,expected_underscore,asca-unrepresentable,,,"Syntax Error: Expected '_', but received '' | aɪ > ɑe:[+long] / else | ^ @ Rule 1, Line 1"
46.19,Southern [United States] Shift (English),4,index_diachronica_original.html:14479,False,expected_underscore,asca-unrepresentable,,,"Syntax Error: Expected '_', but received '' | aɪ > a:[+long] / else | ^ @ Rule 1, Line 1"
46.19,Southern [United States] Shift (English),7,index_diachronica_original.html:14482,False,nested_brackets,asca-unrepresentable,,,"Syntax Error: Cannot have nested brackets of the same type | uʊ oʊ > ʉʊ̈ əʊ̈ (a bit of a guesstimate based upon the prose description in the article and the mean-formant-value chart cited from Labov, Ash & Bobert (2006)) | ^ @ Rule 1, Line 1"
46.19,Southern [United States] Shift (English),11,index_diachronica_original.html:14490,False,prose_or_expected_arrow,asca-unrepresentable,,,"Syntax Error: Expected '>', '->' or '=>', but received '/' | æ/ɑ:[+long] > æɪ | ^ @ Rule 1, Line 1"
47.1,List 1: Simple Consonant Changes,8,index_diachronica_original.html:14516,False,unknown_character,asca-unrepresentable,#,,"Syntax Error: Unknown character '#' | b > #c, -nc- | ^ @ Rule 1, Line 1"
47.1,List 1: Simple Consonant Changes,12,index_diachronica_original.html:14520,False,syntax_other,broken-syntax,,,"Syntax Error: Expected end of line, received '('. Did you forget a '/' between the output and environment? | f > p (? claimed to have occurred independently in Proto-Semitic and Proto-Omotic, and to a limited extent in Egyptian | ^ @ Rule 1, Line 1"
47.2,List 2: Conditional or complex consonant changes,2,index_diachronica_original.html:14530,False,unknown_grouping,asca-unrepresentable,M,,"Syntax Error: Unknown grouping 'M'. Known groupings are (C)onsonant, (O)bstruent, (S)onorant, (P)losive, (F)ricative, (L)iquid, (N)asal, (G)lide, and (V)owel | {t,k} > ∅ / V_V (Marathi) probably with voiced stops as intermediates, since they also became silent | ^ @ Rule 1, Line 1"
47.2,List 2: Conditional or complex consonant changes,4,index_diachronica_original.html:14532,False,unknown_grouping,asca-unrepresentable,I,,"Syntax Error: Unknown grouping 'I'. Known groupings are (C)onsonant, (O)bstruent, (S)onorant, (P)losive, (F)ricative, (L)iquid, (N)asal, (G)lide, and (V)owel | b d ɡ > b:[+long] d:[+long] ɡ:[+long] / V_V (some dialects of Italian | ^ @ Rule 1, Line 1"
