section_index,section_name,rule_id,alt_idx,source,whole_ok,failure_class,input_ok,output_ok,env_ok,exception_ok,input_class,output_class,env_class,exception_class,input_description,output_description,env_description,exception_description,blame
6.1.1,Proto-Omotic to North Omotic,North-Omotic-Vː_2,,index_diachronica_original.html:987,False,unknown_character,False,True,False,,unknown_character,,unknown_character,,"Syntax Error: Unknown character 'ː' | Vː | ^ @ Rule 1, Line 1",,"Syntax Error: Unknown character '+' | #C_C$ + $(V)C$ suffix | ^ @ Rule 1, Line 1",,input|env
6.1.2.1,South Omotic to Aari,"Aari-x1,x2",,index_diachronica_original.html:1149,False,nested_brackets,False,True,,,unknown_character,,,,"Syntax Error: Unknown character '₁' | {x₁,x₂} | ^ @ Rule 1, Line 1",,,,input
6.2.1.1.4,Proto-Agaw to Xamtanga,Xamtanga-k,0,index_diachronica_original.html:1221,False,panic_other,True,False,,,,syntax_other,,,,"Syntax Error: Expected end of line, received '('. Did you forget a '/' between the output and environment? | k(ʼ) | ^ @ Rule 1, Line 1",,,output
6.2.2.1.1,Proto-North Erythrean to Proto-Boreafrasian,Proto-Boreafrasian-z,,index_diachronica_original.html:1248,False,expected_underscore,True,True,False,,,,expected_underscore,,,,"Syntax Error: Expected '_', but received '' | and (word-finally?) when | ^ @ Rule 1, Line 1",,env
6.2.2.1.1,Proto-North Erythrean to Proto-Boreafrasian,Proto-Boreafrasian-V,,index_diachronica_original.html:1250,False,runtime_delete_only_segment,True,True,True,,,,,,,,,,multi
6.2.2.1.2,Proto-Boreafrasian to Egypto-Berber,Egypto-Berber-CVʕ,,index_diachronica_original.html:1266,False,expected_number,True,True,,False,,,,expected_number,,,,"Syntax Error: Expected number, but received ɡ | C = ɡw | ^ @ Rule 1, Line 1",exception
6.2.2.1.2,Proto-Boreafrasian to Egypto-Berber,Egypto-Berber-r_2,,index_diachronica_original.html:1286,False,expected_number,True,True,True,False,,,,expected_number,,,,"Syntax Error: Expected number, but received { | C = {ɡ,m,n,r,w,ʃ,x} | ^ @ Rule 1, Line 1",exception
6.2.2.1.3,Ancient Egyptian to Coptic,Coptic-r,,index_diachronica_original.html:1300,False,stuff_after_word_bound,True,True,False,,,,stuff_after_word_bound,,,,"Syntax Error: Cannot have segments after the end of a word | #(C)_c(C)# ? | ^ @ Rule 1, Line 1",,env
6.2.2.1.6,Classical Arabic to Cypriot Arabic,Cypriot-Arabic-j,,index_diachronica_original.html:1342,False,expected_underscore,True,True,False,,,,expected_underscore,,,,"Syntax Error: Expected '_', but received '' | {O,r} | ^ @ Rule 1, Line 1",,env
6.2.2.1.6,Classical Arabic to Cypriot Arabic,Cypriot-Arabic-∅,,index_diachronica_original.html:1345,False,runtime_other,False,True,True,True,syntax_other,,,,"Syntax Error: The input of an insertion rule must only contain `*` or `∅` | ∅ | ^ @ Rule 1, Line 1",,,,input
6.2.2.1.6,Classical Arabic to Cypriot Arabic,Cypriot-Arabic-i,,index_diachronica_original.html:1357,False,expected_underscore,True,True,False,,,,expected_underscore,,,,"Syntax Error: Expected '_', but received 'ˤ' | Cˤ_{q,ɣ,ʕ} | ^ @ Rule 1, Line 1",,env
6.2.2.1.6,Classical Arabic to Cypriot Arabic,Cypriot-Arabic-i_2,,index_diachronica_original.html:1358,False,syntax_other,True,True,False,,,,syntax_other,,,,"Syntax Error: Expected end of line, received 'ˤ'. Did you forget a '/' between the output and environment? | {q,ɣ,ʕ}_Cˤ | ^ @ Rule 1, Line 1",,env
6.2.2.1.6,Classical Arabic to Cypriot Arabic,Cypriot-Arabic-aːʔ,,index_diachronica_original.html:1371,False,unknown_grouping,False,True,False,,unknown_character,,unknown_grouping,,"Syntax Error: Unknown character 'ː' | aːʔ | ^ @ Rule 1, Line 1",,"Syntax Error: Unknown grouping 'E'. Known groupings are (C)onsonant, (O)bstruent, (S)onorant, (P)losive, (F)ricative, (L)iquid, (N)asal, (G)lide, and (V)owel | E(C)(C)_# | ^ @ Rule 1, Line 1",,input|env
6.2.2.1.6,Classical Arabic to Cypriot Arabic,Cypriot-Arabic-aː_2,,index_diachronica_original.html:1372,False,syntax_other,False,True,False,,unknown_character,,syntax_other,,"Syntax Error: Unknown character 'ː' | aː | ^ @ Rule 1, Line 1",,"Syntax Error: Expected an IPA character, Primative or Matrix, but received 'ˤ' | {Cˤ,w}_# | ^ @ Rule 1, Line 1",,input|env
6.2.2.1.7,Classical Arabic to Egyptian Arabic,Egyptian-Arabic-dˤ,,index_diachronica_original.html:1380,False,unknown_character,,,,,,,,,,,,,multi
6.2.2.1.7,Classical Arabic to Egyptian Arabic,Egyptian-Arabic-i-u,,index_diachronica_original.html:1382,False,expected_underscore,True,True,False,True,,,expected_underscore,,,,"Syntax Error: Expected '_', but received ',' | only when short, | ^ @ Rule 1, Line 1",,env
6.2.2.1.7,Classical Arabic to Egyptian Arabic,Egyptian-Arabic-u,0,index_diachronica_original.html:1383,False,expected_underscore,True,True,False,,,,expected_underscore,,,,"Syntax Error: Expected '_', but received ',' | short only, _# | ^ @ Rule 1, Line 1",,env
6.2.2.1.7,Classical Arabic to Egyptian Arabic,Egyptian-Arabic-u,1,index_diachronica_original.html:1383,False,expected_underscore,True,True,False,,,,expected_underscore,,,,"Syntax Error: Expected '_', but received ',' | short only, _# | ^ @ Rule 1, Line 1",,env
6.2.2.1.7,Classical Arabic to Egyptian Arabic,Egyptian-Arabic-aj-aw,,index_diachronica_original.html:1384,False,unknown_feature,True,False,False,,,unknown_character,unknown_feature,,,"Syntax Error: Unknown character 'ː' | eː oː | ^ @ Rule 1, Line 1","Syntax Error: Unknown feature 'closed'. Did you mean cons? | U[+closed] | ^^^^^^^ @ Rule 1, Line 1",,output|env
6.2.2.1.7,Classical Arabic to Egyptian Arabic,Egyptian-Arabic-V_2,,index_diachronica_original.html:1387,False,unknown_character,True,False,False,,,unknown_character,unknown_character,,,"Syntax Error: Unknown character 'ː' | Vː | ^ @ Rule 1, Line 1","Syntax Error: Unknown character '+' | _# + suffix | ^ @ Rule 1, Line 1",,output|env
6.2.2.1.7,Classical Arabic to Egyptian Arabic,Egyptian-Arabic-aː_2,,index_diachronica_original.html:1394,False,expected_underscore,False,False,False,,unknown_character,unknown_character,unknown_character,,"Syntax Error: Unknown character 'ː' | a(ː) | ^ @ Rule 1, Line 1","Syntax Error: Unknown character 'ː' | ɑ(ː) | ^ @ Rule 1, Line 1","Syntax Error: Unknown character 'ː' | if ɑ(ː) is elsewhere in the word | ^ @ Rule 1, Line 1",,input|output|env
6.2.2.1.7,Classical Arabic to Egyptian Arabic,Egyptian-Arabic-aː_3,,index_diachronica_original.html:1395,False,expected_underscore,False,False,False,,unknown_character,unknown_character,nested_brackets,,"Syntax Error: Unknown character 'ː' | a(ː) | ^ @ Rule 1, Line 1","Syntax Error: Unknown character 'ː' | æ(ː) | ^ @ Rule 1, Line 1","Syntax Error: Cannot have nested brackets of the same type | else (sometimes it seems more like ɛ(ː) to me) | ^ @ Rule 1, Line 1",,input|output|env
6.2.2.1.7,Classical Arabic to Egyptian Arabic,Egyptian-Arabic-q,,index_diachronica_original.html:1396,False,expected_underscore,True,True,,False,,,,expected_underscore,,,,"Syntax Error: Expected '_', but received ',' | in several words, two of which are al-Qɑhira and musiqɑ | ^ @ Rule 1, Line 1",exception
6.2.2.1.7,Classical Arabic to Egyptian Arabic,"Egyptian-Arabic-s,zˤ,ʒʃ",,index_diachronica_original.html:1398,False,nested_brackets,False,False,,,nested_brackets,unknown_character,,,"Syntax Error: Cannot have nested brackets of the same type | {{s,z}(ˤ),ʒ}ʃ | ^ @ Rule 1, Line 1","Syntax Error: Unknown character 'ː' | ʃː | ^ @ Rule 1, Line 1",,,input|output
6.2.2.1.7,Classical Arabic to Egyptian Arabic,Egyptian-Arabic-h,,index_diachronica_original.html:1401,False,expected_underscore,True,True,False,,,,expected_underscore,,,,"Syntax Error: Expected '_', but received '' | coda | ^ @ Rule 1, Line 1",,env
6.2.2.1.8,Classical Arabic to Coastal Hadhrami Arabic,Coastal-Hadhrami-Arabic-aː,,index_diachronica_original.html:1409,False,unknown_character,False,False,False,,unknown_character,unknown_character,unknown_character,,"Syntax Error: Unknown character 'ː' | aː | ^ @ Rule 1, Line 1","Syntax Error: Unknown character 'ː' | eː | ^ @ Rule 1, Line 1","Syntax Error: Unknown character 'ː' | Form VI (tafaː‘ala) verbs, though these apparently coexist with forms having the original vowel as well, with semantic distinctions | ^ @ Rule 1, Line 1",,input|output|env
6.2.2.1.8,Classical Arabic to Coastal Hadhrami Arabic,Coastal-Hadhrami-Arabic-V-long,,index_diachronica_original.html:1412,False,expected_underscore,True,True,False,,,,expected_underscore,,,,"Syntax Error: Expected '_', but received '' | #C_C, in some words | ^ @ Rule 1, Line 1",,env
6.2.2.1.9,Classical Arabic to Wādı̄ Hadhrami Arabic,Wādı̄-Hadhrami-Arabic-aː,,index_diachronica_original.html:1420,False,unknown_character,False,False,False,,unknown_character,unknown_character,unknown_character,,"Syntax Error: Unknown character 'ː' | aː | ^ @ Rule 1, Line 1","Syntax Error: Unknown character 'ː' | eː | ^ @ Rule 1, Line 1","Syntax Error: Unknown character 'ː' | Form VI (tafaː‘ala) verbs, though these apparently coexist with forms having the original vowel as well, with semantic distinctions | ^ @ Rule 1, Line 1",,input|output|env
6.2.2.1.14,Classical Arabic to Moroccan Arabic,Moroccan-Arabic-t,,index_diachronica_original.html:1467,False,unknown_character,True,False,False,,,unknown_character,expected_underscore,,,"Syntax Error: Unknown character '͜' | t͜s | ^ @ Rule 1, Line 1","Syntax Error: Expected '_', but received ',' | plain t only, distinguishable from the sequence ts | ^ @ Rule 1, Line 1",,output|env
6.2.2.1.14,Classical Arabic to Moroccan Arabic,"Moroccan-Arabic-a,i",,index_diachronica_original.html:1468,False,expected_underscore,True,True,False,,,,expected_underscore,,,,"Syntax Error: Expected '_', but received '' | short only | ^ @ Rule 1, Line 1",,env
6.2.2.1.14,Classical Arabic to Moroccan Arabic,Moroccan-Arabic-u,,index_diachronica_original.html:1469,False,expected_underscore,True,True,False,False,,,expected_underscore,expected_underscore,,,"Syntax Error: Expected '_', but received '' | short only | ^ @ Rule 1, Line 1","Syntax Error: Expected '_', but received '' | near | ^ @ Rule 1, Line 1",env|exception
6.2.2.1.14,Classical Arabic to Moroccan Arabic,"Moroccan-Arabic-C+labial,+velar",,index_diachronica_original.html:1470,False,syntax_other,False,False,True,,syntax_other,syntax_other,,,"Syntax Error: / cannot be placed inside a matrix. An element inside `[]` must a distinctive feature | C[+labial/-fr,+bk,+hi,-lo] | ^ @ Rule 1, Line 1","Syntax Error: Floating diacritic. Diacritics can only be used to modify IPA Segments | ʷ | ^ @ Rule 1, Line 1",,,input|output
6.2.2.1.14,Classical Arabic to Moroccan Arabic,Moroccan-Arabic-ə,,index_diachronica_original.html:1472,False,expected_underscore,True,True,False,,,,expected_underscore,,,,"Syntax Error: Expected '_', but received '' | near ħ ʕ | ^ @ Rule 1, Line 1",,env
6.2.2.1.14,Classical Arabic to Moroccan Arabic,Moroccan-Arabic-u_2,,index_diachronica_original.html:1475,False,expected_underscore,True,True,False,,,,expected_underscore,,,,"Syntax Error: Expected '_', but received '' | short only | ^ @ Rule 1, Line 1",,env
6.2.2.1.14,Classical Arabic to Moroccan Arabic,Moroccan-Arabic-Cˤ,,index_diachronica_original.html:1479,False,prose_or_expected_arrow,False,True,True,,syntax_other,,,,"Syntax Error: Expected end of line, received 'ˤ'. Did you forget a '/' between the output and environment? | Cˤ | ^ @ Rule 1, Line 1",,,,input
6.2.2.1.14,Classical Arabic to Moroccan Arabic,Moroccan-Arabic-dʒ,0,index_diachronica_original.html:1481,False,expected_underscore,True,True,False,,,,expected_underscore,,,,"Syntax Error: Expected '_', but received '' | if s or z occur somewhere else in the word | ^ @ Rule 1, Line 1",,env
6.2.2.1.14,Classical Arabic to Moroccan Arabic,Moroccan-Arabic-dʒ,1,index_diachronica_original.html:1481,False,expected_underscore,True,True,False,,,,expected_underscore,,,,"Syntax Error: Expected '_', but received '' | if s or z occur somewhere else in the word | ^ @ Rule 1, Line 1",,env
6.2.2.1.14,Classical Arabic to Moroccan Arabic,Moroccan-Arabic-dʒ_2,,index_diachronica_original.html:1482,False,expected_underscore,True,True,,False,,,,expected_underscore,,,,"Syntax Error: Expected '_', but received '' | if s or z occur somewhere else in the word | ^ @ Rule 1, Line 1",exception
6.2.2.1.14,Classical Arabic to Moroccan Arabic,Moroccan-Arabic-s,,index_diachronica_original.html:1483,False,expected_underscore,True,True,False,,,,expected_underscore,,,,"Syntax Error: Expected '_', but received '' | if ʃ is somewhere in the stem after it | ^ @ Rule 1, Line 1",,env
6.2.2.1.14,Classical Arabic to Moroccan Arabic,Moroccan-Arabic-z,,index_diachronica_original.html:1484,False,expected_underscore,True,True,False,,,,expected_underscore,,,,"Syntax Error: Expected '_', but received '' | if ʒ is somewhere in the stem after it | ^ @ Rule 1, Line 1",,env
6.2.2.1.17,Classical Arabic to Tunisian Arabic,Tunisian-Arabic-Vː_2,,index_diachronica_original.html:1507,False,expected_underscore,False,False,False,,unknown_character,unknown_character,expected_underscore,,"Syntax Error: Unknown character 'ː' | V(ː) | ^ @ Rule 1, Line 1","Syntax Error: Unknown character 'ː' | Vː | ^ @ Rule 1, Line 1","Syntax Error: Expected '_', but received '' | accented or stressed monosyllables | ^ @ Rule 1, Line 1",,input|output|env
6.2.2.1.18,Proto-Semitic to Biblical Hebrew,Biblical-Hebrew-—-a_3,,index_diachronica_original.html:1532,False,runtime_delete_only_segment,True,True,True,,,,,,,,,,multi
6.2.2.1.18,Proto-Semitic to Biblical Hebrew,Biblical-Hebrew-—-a_4,,index_diachronica_original.html:1533,False,unknown_character,True,False,,,,unknown_character,,,,"Syntax Error: Unknown character '_' | _$$$(…) | ^ @ Rule 1, Line 1",,,output
6.2.2.1.18,Proto-Semitic to Biblical Hebrew,Biblical-Hebrew-p-b-t-d-k-ɡ,,index_diachronica_original.html:1546,False,expected_underscore,True,True,False,,,,expected_underscore,,,,"Syntax Error: Expected '_', but received '' | non-intial singletons | ^ @ Rule 1, Line 1",,env
6.2.2.1.19,Biblical Hebrew to Modern Israeli Hebrew,Modern-Israeli-Hebrew-ə,,index_diachronica_original.html:1557,False,expected_underscore,True,True,False,,,,expected_underscore,,,,"Syntax Error: Expected '_', but received '' | near gutturals | ^ @ Rule 1, Line 1",,env
6.2.2.1.19,Biblical Hebrew to Modern Israeli Hebrew,Modern-Israeli-Hebrew-ʔ,,index_diachronica_original.html:1564,False,expected_underscore,True,True,,False,,,,unknown_grouping,,,,"Syntax Error: Unknown grouping 'U'. Known groupings are (C)onsonant, (O)bstruent, (S)onorant, (P)losive, (F)ricative, (L)iquid, (N)asal, (G)lide, and (V)owel | onset of U[+stress] | ^ @ Rule 1, Line 1",exception
7.1,Proto-Algonquian to Kennebec River Abenaki,Kennebec-River-Abenaki-V,,index_diachronica_original.html:1602,False,runtime_delete_only_segment,True,True,True,,,,,,,,,,multi
7.1,Proto-Algonquian to Kennebec River Abenaki,Kennebec-River-Abenaki-w_2,,index_diachronica_original.html:1606,False,expected_number,True,True,True,False,,,,expected_number,,,,"Syntax Error: Expected number, but received K | C = K | ^ @ Rule 1, Line 1",exception
7.2,Proto-Algonquian to St. Francis Abenaki,St.-Francis-Abenaki-V,,index_diachronica_original.html:1628,False,runtime_delete_only_segment,True,True,True,,,,,,,,,,multi
7.2,Proto-Algonquian to St. Francis Abenaki,St.-Francis-Abenaki-w_2,,index_diachronica_original.html:1632,False,expected_number,True,True,True,False,,,,expected_number,,,,"Syntax Error: Expected number, but received K | C = K | ^ @ Rule 1, Line 1",exception
7.3,Proto-Algonquian to Proto-Arapaho-Atsina,Proto-Arapaho-Atsina-WV,,index_diachronica_original.html:1651,False,runtime_delete_only_segment,False,True,True,,unknown_grouping,,,,"Syntax Error: Unknown grouping 'W'. Known groupings are (C)onsonant, (O)bstruent, (S)onorant, (P)losive, (F)ricative, (L)iquid, (N)asal, (G)lide, and (V)owel | (W)V | ^ @ Rule 1, Line 1",,,,input
7.3.1,Proto-Arapaho-Atsina to Arapaho,"Arapaho-C,#Vʔ",,index_diachronica_original.html:1676,False,runtime_other,False,False,True,,syntax_other,unknown_character,,,"Syntax Error: Options can only be used in Environments or Structures | ({C,#}V)ʔ | ^^^^^^^^ @ Rule 1, Line 1","Syntax Error: Unknown character 'ː' | ({C,#}Vː)∅ | ^ @ Rule 1, Line 1",,,input|output
7.3.2,Proto-Arapaho-Atsina to Gros Ventre,"Gros-Ventre-C,#V-longʔ",,index_diachronica_original.html:1698,False,runtime_other,False,False,True,,syntax_other,unknown_character,,,"Syntax Error: Options can only be used in Environments or Structures | ({C,#}V[-long])ʔ | ^^^^^^^^^^^^^^^ @ Rule 1, Line 1","Syntax Error: Unknown character 'ː' | ({C,#}Vː[tone: 51])∅ | ^ @ Rule 1, Line 1",,,input|output
7.3.2,Proto-Arapaho-Atsina to Gros Ventre,Gros-Ventre-j,,index_diachronica_original.html:1699,False,expected_underscore,True,True,False,,,,expected_underscore,,,,"Syntax Error: Expected '_', but received '' | {ʃ,θ} | ^ @ Rule 1, Line 1",,env
7.4,Proto-Algonquian to Blackfoot,Blackfoot-ket,,index_diachronica_original.html:1755,False,syntax_other,,,,,,,,,,,,,multi
7.4,Proto-Algonquian to Blackfoot,Blackfoot-e_2,,index_diachronica_original.html:1758,False,stuff_after_word_bound,True,True,False,,,,unknown_grouping,,,,"Syntax Error: Unknown grouping 'U'. Known groupings are (C)onsonant, (O)bstruent, (S)onorant, (P)losive, (F)ricative, (L)iquid, (N)asal, (G)lide, and (V)owel | O_ in #U | ^ @ Rule 1, Line 1",,env
7.4,Proto-Algonquian to Blackfoot,Blackfoot-aː,,index_diachronica_original.html:1762,False,nested_brackets,False,True,False,False,unknown_character,,unknown_grouping,nested_brackets,"Syntax Error: Unknown character 'ː' | aː | ^ @ Rule 1, Line 1",,"Syntax Error: Unknown grouping 'W'. Known groupings are (C)onsonant, (O)bstruent, (S)onorant, (P)losive, (F)ricative, (L)iquid, (N)asal, (G)lide, and (V)owel | W_ | ^ @ Rule 1, Line 1","Syntax Error: Cannot have nested brackets of the same type | when _{C{C,ː},#} | ^ @ Rule 1, Line 1",input|env|exception
7.4,Proto-Algonquian to Blackfoot,Blackfoot-aː_2,,index_diachronica_original.html:1763,False,expected_underscore,False,True,False,,unknown_character,,expected_underscore,,"Syntax Error: Unknown character 'ː' | aː | ^ @ Rule 1, Line 1",,"Syntax Error: Expected '_', but received '' | else | ^ @ Rule 1, Line 1",,input|env
7.5,Proto-Algonquian to Cheyenne,Cheyenne-C-nasal,,index_diachronica_original.html:1780,False,expected_underscore,True,True,False,,,,expected_underscore,,,,"Syntax Error: Expected '_', but received '' | near nasals | ^ @ Rule 1, Line 1",,env
7.5,Proto-Algonquian to Cheyenne,Cheyenne-m,,index_diachronica_original.html:1781,False,expected_underscore,True,True,False,,,,expected_underscore,,,,"Syntax Error: Expected '_', but received '' | near nasals | ^ @ Rule 1, Line 1",,env
7.5,Proto-Algonquian to Cheyenne,Cheyenne-p,0,index_diachronica_original.html:1782,False,expected_underscore,True,True,False,,,,expected_underscore,,,,"Syntax Error: Expected '_', but received '' | near consonants | ^ @ Rule 1, Line 1",,env
7.5,Proto-Algonquian to Cheyenne,Cheyenne-p,1,index_diachronica_original.html:1782,False,expected_underscore,True,True,False,,,,expected_underscore,,,,"Syntax Error: Expected '_', but received '' | near consonants | ^ @ Rule 1, Line 1",,env
7.5,Proto-Algonquian to Cheyenne,Cheyenne-W,,index_diachronica_original.html:1783,False,expected_underscore,False,True,False,,unknown_grouping,,expected_underscore,,"Syntax Error: Unknown grouping 'W'. Known groupings are (C)onsonant, (O)bstruent, (S)onorant, (P)losive, (F)ricative, (L)iquid, (N)asal, (G)lide, and (V)owel | W | ^ @ Rule 1, Line 1",,"Syntax Error: Expected '_', but received '' | near nasals or t | ^ @ Rule 1, Line 1",,input|env
7.6,Proto-Algonquian to Northern East Cree,Northern-East-Cree-a,,index_diachronica_original.html:1803,False,expected_underscore,True,True,False,,,,expected_underscore,,,,"Syntax Error: Expected '_', but received '' | some unaccented syllables | ^ @ Rule 1, Line 1",,env
7.7,Proto-Algonquian to Southern East Cree,Southern-East-Cree-ʃ,0,index_diachronica_original.html:1824,False,expected_underscore,True,True,False,,,,expected_underscore,,,,"Syntax Error: Expected '_', but received '' | inland varieties | ^ @ Rule 1, Line 1",,env
7.7,Proto-Algonquian to Southern East Cree,Southern-East-Cree-ʃ,1,index_diachronica_original.html:1824,False,expected_underscore,True,True,False,,,,expected_underscore,,,,"Syntax Error: Expected '_', but received '' | inland varieties | ^ @ Rule 1, Line 1",,env
7.9,Proto-Algonquian to Swampy Cree,Swampy-Cree-ʃ,,index_diachronica_original.html:1868,False,unknown_grouping,True,True,False,,,,unknown_grouping,,,,"Syntax Error: Unknown grouping 'W'. Known groupings are (C)onsonant, (O)bstruent, (S)onorant, (P)losive, (F)ricative, (L)iquid, (N)asal, (G)lide, and (V)owel | West Swampy Cree | ^ @ Rule 1, Line 1",,env
7.11,Proto-Algonquian to Munsee Delaware,Munsee-Delaware-tʃ,,index_diachronica_original.html:1896,False,expected_underscore,True,True,False,,,,expected_underscore,,,,"Syntax Error: Expected '_', but received '' | nouns | ^ @ Rule 1, Line 1",,env
7.11,Proto-Algonquian to Munsee Delaware,Munsee-Delaware-t-s,,index_diachronica_original.html:1897,False,expected_underscore,True,True,False,,,,expected_underscore,,,,"Syntax Error: Expected '_', but received '' | diminutives | ^ @ Rule 1, Line 1",,env
7.11,Proto-Algonquian to Munsee Delaware,Munsee-Delaware-Cʷ,,index_diachronica_original.html:1903,False,nested_brackets,False,True,False,,syntax_other,,nested_brackets,,"Syntax Error: Expected end of line, received 'ʷ'. Did you forget a '/' between the output and environment? | Cʷ | ^ @ Rule 1, Line 1",,"Syntax Error: Cannot have nested brackets of the same type | _ə{(C){p,kʷ},m,w} | ^ @ Rule 1, Line 1",,input|env
7.11,Proto-Algonquian to Munsee Delaware,Munsee-Delaware-ʔ,,index_diachronica_original.html:1907,False,expected_number,True,True,True,False,,,,expected_number,,,,"Syntax Error: Expected number, but received l | C = l, or when reduplicated | ^ @ Rule 1, Line 1",exception
7.11,Proto-Algonquian to Munsee Delaware,Munsee-Delaware-V,,index_diachronica_original.html:1915,False,expected_underscore,True,True,True,False,,,,expected_underscore,,,,"Syntax Error: Expected '_', but received ',' | some monosyllables and analogical developments, in the latter of which long vowels were shortened | ^ @ Rule 1, Line 1",exception
7.11,Proto-Algonquian to Munsee Delaware,Munsee-Delaware-ə+weak,,index_diachronica_original.html:1917,False,unknown_feature,False,True,True,,unknown_feature,,,,"Syntax Error: Unknown feature 'weak'. Did you mean man? | ə[+weak] | ^^^^^ @ Rule 1, Line 1",,,,input
7.11,Proto-Algonquian to Munsee Delaware,Munsee-Delaware-ə+weak_2,,index_diachronica_original.html:1918,False,unknown_feature,False,True,True,,unknown_feature,,,,"Syntax Error: Unknown feature 'weak'. Did you mean man? | ə[+weak] | ^^^^^ @ Rule 1, Line 1",,,,input
7.11,Proto-Algonquian to Munsee Delaware,Munsee-Delaware-a+weak-ə+weak,,index_diachronica_original.html:1919,False,unknown_feature,False,False,False,,unknown_feature,syntax_other,unknown_grouping,,"Syntax Error: Unknown feature 'weak'. Did you mean man? | a[+weak] ə[+weak] | ^^^^^ @ Rule 1, Line 1","Syntax Error: Expected end of line, received '∅'. Did you forget a '/' between the output and environment? | ə ∅ | ^ @ Rule 1, Line 1","Syntax Error: Unknown grouping 'Z'. Known groupings are (C)onsonant, (O)bstruent, (S)onorant, (P)losive, (F)ricative, (L)iquid, (N)asal, (G)lide, and (V)owel | a_Z[+voice] | ^ @ Rule 1, Line 1",,input|output|env
7.12,Proto-Algonquian to Menominee,Menominee-æ,,index_diachronica_original.html:1960,False,expected_underscore,True,True,False,False,,,expected_underscore,unknown_grouping,,,"Syntax Error: Expected '_', but received '' | odd syllables | ^ @ Rule 1, Line 1","Syntax Error: Unknown grouping 'H'. Known groupings are (C)onsonant, (O)bstruent, (S)onorant, (P)losive, (F)ricative, (L)iquid, (N)asal, (G)lide, and (V)owel | _{w,j,H} | ^ @ Rule 1, Line 1",env|exception
7.13,Proto-Algonquian to Miami-Illinois,Miami-Illinois-tʃ,,index_diachronica_original.html:1967,False,expected_underscore,True,True,False,,,,expected_underscore,,,,"Syntax Error: Expected '_', but received '' | nominal suffixes | ^ @ Rule 1, Line 1",,env
7.13,Proto-Algonquian to Miami-Illinois,Miami-Illinois-t,,index_diachronica_original.html:1968,False,expected_underscore,True,True,False,,,,expected_underscore,,,,"Syntax Error: Expected '_', but received '' | diminutives | ^ @ Rule 1, Line 1",,env
7.13,Proto-Algonquian to Miami-Illinois,Miami-Illinois-VNs-VNʃ,,index_diachronica_original.html:1982,False,expected_underscore,True,True,False,,,,expected_underscore,,,,"Syntax Error: Expected '_', but received '' | not universal? | ^ @ Rule 1, Line 1",,env
7.13,Proto-Algonquian to Miami-Illinois,Miami-Illinois-S,,index_diachronica_original.html:1983,False,syntax_other,True,False,True,,,syntax_other,,,,"Syntax Error: Could not get value of IPA 'ⁿ'. | ⁿS | ^ @ Rule 1, Line 1",,,output
7.13,Proto-Algonquian to Miami-Illinois,Miami-Illinois-s-ʃ,,index_diachronica_original.html:1984,False,syntax_other,True,False,False,,,syntax_other,unknown_grouping,,,"Syntax Error: Could not get value of IPA 'ⁿ'. | ⁿs ⁿʃ | ^ @ Rule 1, Line 1","Syntax Error: Unknown grouping 'U'. Known groupings are (C)onsonant, (O)bstruent, (S)onorant, (P)losive, (F)ricative, (L)iquid, (N)asal, (G)lide, and (V)owel | U[-nas] | ^ @ Rule 1, Line 1",,output|env
7.15,Proto-Algonquian to Ojibwe,"Ojibwe-j,wV-long",,index_diachronica_original.html:2021,False,syntax_other,True,True,False,,,,unknown_character,,,,"Syntax Error: Unknown character 'ː' | C_# in disyllables with Vː or in tri(-plus-)syllables | ^ @ Rule 1, Line 1",,env
7.16,Proto-Algonquian to Piscataway,Piscataway-e,,index_diachronica_original.html:2036,False,expected_underscore,True,True,False,,,,expected_underscore,,,,"Syntax Error: Expected '_', but received '' | unclear conditioning | ^ @ Rule 1, Line 1",,env
8.1,Proto-Altaic to Proto-Japonic,Proto-Japonic-tʃ,,index_diachronica_original.html:2112,False,expected_underscore,True,True,False,False,,,expected_underscore,stuff_after_word_bound,,,"Syntax Error: Expected '_', but received '' | maybe | ^ @ Rule 1, Line 1","Syntax Error: Cannot have segments after the end of a word | _#? | ^ @ Rule 1, Line 1",env|exception
8.1,Proto-Altaic to Proto-Japonic,Proto-Japonic-ŋ_2,,index_diachronica_original.html:2119,False,syntax_other,True,False,,,,syntax_other,,,,"Syntax Error: Expected an IPA character, Primative or Matrix, but received '∅' | {∅,n} #_ else | ^ @ Rule 1, Line 1",,,output
8.3,Proto-Altaic to Proto-Mongolic,Proto-Mongolic-e-o-u-æ-ø-y,,index_diachronica_original.html:2173,False,nested_brackets,True,False,True,,,nested_brackets,,,,"Syntax Error: Cannot have nested brackets of the same type | {a,e} {o,u} {a,o,u a {a,o,u} {o,u,i} | ^ @ Rule 1, Line 1",,,output
8.3,Proto-Altaic to Proto-Mongolic,Proto-Mongolic-b,,index_diachronica_original.html:2183,False,expected_underscore,True,True,False,False,,,expected_underscore,syntax_other,,,"Syntax Error: Expected '_', but received ',' | medially, | ^ @ Rule 1, Line 1","Syntax Error: Expected an IPA character, Primative or Matrix, but received '(' | {r(ʲ),l(ʲ)}_ or _ɡ | ^ @ Rule 1, Line 1",env|exception
8.3,Proto-Altaic to Proto-Mongolic,Proto-Mongolic-pʰ_3,,index_diachronica_original.html:2186,False,unknown_feature,True,True,False,,,,unknown_feature,,,,"Syntax Error: Unknown feature 'highpitch'. Did you mean high? | #_U[+high pitch] | ^^^^^^^^^^^ @ Rule 1, Line 1",,env
8.4,Proto-Altaic to Proto-Tungusic,Proto-Tungusic-U-long-+low-pitch-U+long-low-pitch,,index_diachronica_original.html:2241,False,unknown_feature,False,False,,,unknown_feature,unknown_grouping,,,"Syntax Error: Unknown feature 'lowpitch'. Did you mean voice? | U[-long +low pitch] U[+long -low pitch] | ^^^^^^^^^^ @ Rule 1, Line 1","Syntax Error: Unknown grouping 'U'. Known groupings are (C)onsonant, (O)bstruent, (S)onorant, (P)losive, (F)ricative, (L)iquid, (N)asal, (G)lide, and (V)owel | U[+long] U[-long] | ^ @ Rule 1, Line 1",,,input|output
8.5.1,Proto-Turkic to Proto-Kypchak,Proto-Kypchak-ɡm-rɡ,,index_diachronica_original.html:2291,False,syntax_other,,,,,,,,,,,,,multi
8.5.1,Proto-Turkic to Proto-Kypchak,Proto-Kypchak-ŋ,,index_diachronica_original.html:2305,False,expected_underscore,True,True,False,,,,expected_underscore,,,,"Syntax Error: Expected '_', but received '' | syllable-final | ^ @ Rule 1, Line 1",,env
8.5.2,Proto-Turkic to Sakha,"Sakha-aɡ̌ɯ,b-oɡ̌,b,aɡ̌u-uɡ̌,b",,index_diachronica_original.html:2336,False,unknown_character,False,False,,,unknown_character,unknown_character,,,"Syntax Error: Unknown character '̌' | a{ɡ̌(ɯ),b} {o{ɡ̌,b},aɡ̌u} u{ɡ̌,b} | ^ @ Rule 1, Line 1","Syntax Error: Unknown character 'ː' | ɰa wo uː | ^ @ Rule 1, Line 1",,,input|output
8.5.2,Proto-Turkic to Sakha,Sakha-iɡ̌,,index_diachronica_original.html:2337,False,unknown_character,,,,,,,,,,,,,multi
9.1.1,Proto-Vietic to Muong Khen,"Muong-Khen-n̥j,nj,ɲ̊j,ɲj",,index_diachronica_original.html:2396,False,unknown_character,False,True,,,unknown_character,,,,"Syntax Error: Unknown character '̊' | {n̥j,nj,ɲ̊j,ɲj} | ^ @ Rule 1, Line 1",,,,input
9.1.1,Proto-Vietic to Muong Khen,"Muong-Khen-həp,b",,index_diachronica_original.html:2398,False,nested_brackets,False,True,True,,syntax_other,,,,"Syntax Error: Options can only be used in Environments or Structures | (h)ə{p,b} | ^^^ @ Rule 1, Line 1",,,,input
9.1.2,Proto-Vietic to Middle Vietnamese,"Middle-Vietnamese-bʱ-tʰ,dʱ-t*ʰ,d*ʱ-kʰ,ɡʱ",,index_diachronica_original.html:2408,False,syntax_other,False,True,,,syntax_other,,,,"Syntax Error: Expected an IPA character, Primative or Matrix, but received '*' | bʱ {tʰ,dʱ} {t*ʰ,d*ʱ} {kʰ,ɡʱ} | ^ @ Rule 1, Line 1",,,,input
9.1.2,Proto-Vietic to Middle Vietnamese,"Middle-Vietnamese-həp,b-hət,d-həc,ɟ-hək,ɡ",,index_diachronica_original.html:2409,False,nested_brackets,False,True,,,syntax_other,,,,"Syntax Error: Options can only be used in Environments or Structures | (h)ə{p,b} (h)ə{t,d} (h)ə{c,ɟ} (h)ə{k,ɡ} | ^^^ @ Rule 1, Line 1",,,,input
9.1.2,Proto-Vietic to Middle Vietnamese,"Middle-Vietnamese-n̥j,nj,ɲ̊j,ɲj",,index_diachronica_original.html:2412,False,unknown_character,False,True,,,unknown_character,,,,"Syntax Error: Unknown character '̊' | {n̥j,nj,ɲ̊j,ɲj} | ^ @ Rule 1, Line 1",,,,input
9.1.2,Proto-Vietic to Middle Vietnamese,Middle-Vietnamese-həp-d,,index_diachronica_original.html:2415,False,nested_brackets,False,True,True,,nested_brackets,,,,"Syntax Error: Cannot have nested brackets of the same type | ((h)ə)p d | ^ @ Rule 1, Line 1",,,,input
9.1.2,Proto-Vietic to Middle Vietnamese,Middle-Vietnamese-t*ʰ-d-ɡ,,index_diachronica_original.html:2417,False,prose_or_expected_arrow,False,True,True,,syntax_other,,,,"Syntax Error: Expected end of line, received '*'. Did you forget a '/' between the output and environment? | t*ʰ d ɡ | ^ @ Rule 1, Line 1",,,,input
9.1.2,Proto-Vietic to Middle Vietnamese,Middle-Vietnamese-s,,index_diachronica_original.html:2418,False,panic_other,True,False,,,,syntax_other,,,,"Syntax Error: Expected end of line, received '('. Did you forget a '/' between the output and environment? | t(ʰ?) | ^ @ Rule 1, Line 1",,,output
9.1.2.2,Middle Vietnamese to Saigon Vietnamese,Saigon-Vietnamese-ə,,index_diachronica_original.html:2480,False,syntax_other,True,True,False,,,,syntax_other,,,,"Syntax Error: Expected '..', but received .'w' | {i,ɨ}_{p,m.w} | ^ @ Rule 1, Line 1",,env
10.1.1,Proto-Malayo-Polynesian to Proto-Bali-Sasak-Sumbawan,Proto-Bali-Sasak-Sumbawan-HəS,,index_diachronica_original.html:2540,False,syntax_other,False,False,True,,unknown_grouping,unknown_character,,,"Syntax Error: Unknown grouping 'H'. Known groupings are (C)onsonant, (O)bstruent, (S)onorant, (P)losive, (F)ricative, (L)iquid, (N)asal, (G)lide, and (V)owel | HəS | ^ @ Rule 1, Line 1","Syntax Error: Unknown character '(' | (h)ə(N)S | ^ @ Rule 1, Line 1",,,input|output
10.1.2,Proto-Austronesian to Proto-Philippine,Proto-Philippine-*T,,index_diachronica_original.html:2595,False,syntax_other,False,True,,,syntax_other,,,,"Syntax Error: The input of an insertion rule must only contain `*` or `∅` | *T | ^ @ Rule 1, Line 1",,,,input
10.1.2,Proto-Austronesian to Proto-Philippine,"Proto-Philippine-*D,*Z,z",,index_diachronica_original.html:2596,False,syntax_other,False,True,True,,syntax_other,,,,"Syntax Error: Expected an IPA character, Primative or Matrix, but received '*' | {*D,*Z,z} | ^ @ Rule 1, Line 1",,,,input
10.1.2,Proto-Austronesian to Proto-Philippine,Proto-Philippine-*D,,index_diachronica_original.html:2597,False,syntax_other,False,True,True,,syntax_other,,,,"Syntax Error: The input of an insertion rule must only contain `*` or `∅` | *D | ^ @ Rule 1, Line 1",,,,input
10.1.2,Proto-Austronesian to Proto-Philippine,Proto-Philippine-*R,,index_diachronica_original.html:2598,False,syntax_other,False,True,True,,syntax_other,,,,"Syntax Error: The input of an insertion rule must only contain `*` or `∅` | *R | ^ @ Rule 1, Line 1",,,,input
10.1.2,Proto-Austronesian to Proto-Philippine,Proto-Philippine-*R_2,0,index_diachronica_original.html:2599,False,syntax_other,False,True,True,,syntax_other,,,,"Syntax Error: The input of an insertion rule must only contain `*` or `∅` | *R | ^ @ Rule 1, Line 1",,,,input
10.1.2,Proto-Austronesian to Proto-Philippine,Proto-Philippine-*R_2,1,index_diachronica_original.html:2599,False,syntax_other,False,True,True,,syntax_other,,,,"Syntax Error: The input of an insertion rule must only contain `*` or `∅` | *R | ^ @ Rule 1, Line 1",,,,input
10.1.2.1,Proto-Philippine to Bicol,"Bicol-*j-*D,z",,index_diachronica_original.html:2608,False,syntax_other,False,True,True,,syntax_other,,,,"Syntax Error: Expected an IPA character, Primative or Matrix, but received '*' | j {*D,z} | ^ @ Rule 1, Line 1",,,,input
10.1.2.1,Proto-Philippine to Bicol,Bicol-*R,,index_diachronica_original.html:2611,False,syntax_other,False,True,,,syntax_other,,,,"Syntax Error: The input of an insertion rule must only contain `*` or `∅` | *R | ^ @ Rule 1, Line 1",,,,input
10.1.2.2,Proto-Philippine to Cebuano,Cebuano-*D-d,,index_diachronica_original.html:2619,False,syntax_other,False,True,True,,syntax_other,,,,"Syntax Error: The input of an insertion rule must only contain `*` or `∅` | *D d | ^ @ Rule 1, Line 1",,,,input
10.1.2.2,Proto-Philippine to Cebuano,"Cebuano-*j,*Z-z",,index_diachronica_original.html:2621,False,syntax_other,False,True,True,,syntax_other,,,,"Syntax Error: Expected an IPA character, Primative or Matrix, but received '*' | {j,*Z} z | ^ @ Rule 1, Line 1",,,,input
10.1.2.2,Proto-Philippine to Cebuano,Cebuano-*R,,index_diachronica_original.html:2623,False,syntax_other,False,True,,,syntax_other,,,,"Syntax Error: The input of an insertion rule must only contain `*` or `∅` | *R | ^ @ Rule 1, Line 1",,,,input
10.1.2.3,Proto-Philippine to Hiligaynon,Hiligaynon-*D,,index_diachronica_original.html:2632,False,syntax_other,False,True,,,syntax_other,,,,"Syntax Error: The input of an insertion rule must only contain `*` or `∅` | *D | ^ @ Rule 1, Line 1",,,,input
10.1.2.3,Proto-Philippine to Hiligaynon,"Hiligaynon-*Z,*j-z",,index_diachronica_original.html:2634,False,syntax_other,False,True,True,,syntax_other,,,,"Syntax Error: Expected an IPA character, Primative or Matrix, but received '*' | {*Z,j} z | ^ @ Rule 1, Line 1",,,,input
10.1.2.4,Proto-Philippine to Ibanag,Ibanag-*D,,index_diachronica_original.html:2645,False,syntax_other,False,True,,,syntax_other,,,,"Syntax Error: The input of an insertion rule must only contain `*` or `∅` | *D | ^ @ Rule 1, Line 1",,,,input
10.1.2.4,Proto-Philippine to Ibanag,Ibanag-*j,,index_diachronica_original.html:2646,False,expected_underscore,True,True,False,,,,expected_underscore,,,,"Syntax Error: Expected '_', but received '' | possible exception in word-initial position? | ^ @ Rule 1, Line 1",,env
10.1.2.4,Proto-Philippine to Ibanag,Ibanag-*Z,,index_diachronica_original.html:2647,False,syntax_other,False,True,,,syntax_other,,,,"Syntax Error: The input of an insertion rule must only contain `*` or `∅` | *Z | ^ @ Rule 1, Line 1",,,,input
10.1.2.4,Proto-Philippine to Ibanag,Ibanag-*R,,index_diachronica_original.html:2649,False,syntax_other,False,True,,,syntax_other,,,,"Syntax Error: The input of an insertion rule must only contain `*` or `∅` | *R | ^ @ Rule 1, Line 1",,,,input
10.1.2.5,Proto-Philippine to Ifugao,"Ifugao-z,*Z,*D,*j",,index_diachronica_original.html:2661,False,syntax_other,False,True,,,syntax_other,,,,"Syntax Error: Expected an IPA character, Primative or Matrix, but received '*' | {z,*Z,*D,j} | ^ @ Rule 1, Line 1",,,,input
10.1.2.6,Proto-Philippine to Ilocano,Ilocano-*D,,index_diachronica_original.html:2671,False,syntax_other,False,True,,,syntax_other,,,,"Syntax Error: The input of an insertion rule must only contain `*` or `∅` | *D | ^ @ Rule 1, Line 1",,,,input
10.1.2.6,Proto-Philippine to Ilocano,"Ilocano-z,*Z,*j",,index_diachronica_original.html:2672,False,syntax_other,False,True,True,,syntax_other,,,,"Syntax Error: Expected an IPA character, Primative or Matrix, but received '*' | {z,*Z,j} | ^ @ Rule 1, Line 1",,,,input
10.1.2.7,Proto-Philippine to Proto-Kalamian,Proto-Kalamian-*R-ɲ,,index_diachronica_original.html:2684,False,syntax_other,False,True,,,syntax_other,,,,"Syntax Error: The input of an insertion rule must only contain `*` or `∅` | *R ɲ | ^ @ Rule 1, Line 1",,,,input
10.1.2.7.2,Proto-Kalamian to Karamiananen,Karamiananen-s_4,,index_diachronica_original.html:2716,False,syntax_other,True,False,,,,syntax_other,,,,"Syntax Error: Expected end of line, received '&'. Did you forget a '/' between the output and environment? | c& _ | ^ @ Rule 1, Line 1",,,output
10.1.2.8,Proto-Philippine to Kankanay,"Kankanay-*D,*Z",,index_diachronica_original.html:2737,False,syntax_other,False,True,,,syntax_other,,,,"Syntax Error: Expected an IPA character, Primative or Matrix, but received '*' | {*D,*Z} | ^ @ Rule 1, Line 1",,,,input
10.1.2.9,Proto-Philippine to Tagalog,"Tagalog-*D,*j-d,z",,index_diachronica_original.html:2751,False,syntax_other,False,True,True,,syntax_other,,,,"Syntax Error: Expected an IPA character, Primative or Matrix, but received '*' | {*D,j} {d,z} | ^ @ Rule 1, Line 1",,,,input
10.1.2.9,Proto-Philippine to Tagalog,Tagalog-*R,,index_diachronica_original.html:2754,False,syntax_other,False,True,,,syntax_other,,,,"Syntax Error: The input of an insertion rule must only contain `*` or `∅` | *R | ^ @ Rule 1, Line 1",,,,input
10.1.2.10,Proto-Philippine to Waray,Waray-*T,,index_diachronica_original.html:2763,False,syntax_other,False,True,,,syntax_other,,,,"Syntax Error: The input of an insertion rule must only contain `*` or `∅` | *T | ^ @ Rule 1, Line 1",,,,input
10.1.2.10,Proto-Philippine to Waray,"Waray-*D,*Z",,index_diachronica_original.html:2764,False,syntax_other,False,True,True,,syntax_other,,,,"Syntax Error: Expected an IPA character, Primative or Matrix, but received '*' | {*D,*Z} | ^ @ Rule 1, Line 1",,,,input
10.1.2.10,Proto-Philippine to Waray,"Waray-*D,*Z,z",,index_diachronica_original.html:2765,False,syntax_other,False,True,,,syntax_other,,,,"Syntax Error: Expected an IPA character, Primative or Matrix, but received '*' | {*D,*Z,z} | ^ @ Rule 1, Line 1",,,,input
10.1.2.10,Proto-Philippine to Waray,Waray-*R,,index_diachronica_original.html:2768,False,syntax_other,False,True,,,syntax_other,,,,"Syntax Error: The input of an insertion rule must only contain `*` or `∅` | *R | ^ @ Rule 1, Line 1",,,,input
10.1.2.10,Proto-Philippine to Waray,Waray-*c,,index_diachronica_original.html:2770,False,syntax_other,False,True,,,syntax_other,,,,"Syntax Error: The input of an insertion rule must only contain `*` or `∅` | *c | ^ @ Rule 1, Line 1",,,,input
10.2.2,Proto-Malayo-Polynesian to Chamorro,Chamorro-i-u_2,,index_diachronica_original.html:2808,False,syntax_other,True,True,False,,,,syntax_other,,,,"Syntax Error: Cannot have segments before the beginning of a word | CC# | ^ @ Rule 1, Line 1",,env
10.2.3,Proto-Malayo-Polynesian to Proto-Malayic,Proto-Malayic-C+-A-POAC+-B-POA,,index_diachronica_original.html:2846,False,unknown_feature,False,False,,,unknown_feature,unknown_feature,,,"Syntax Error: Unknown feature 'APOA'. Did you mean root? | C[+ A POA]C[+ B POA] | ^^^^^^^ @ Rule 1, Line 1","Syntax Error: Unknown feature 'BPOA'. Did you mean root? | C[+ B POA]C[+ B POA] | ^^^^^^^ @ Rule 1, Line 1",,,input|output
10.2.3.1,Proto-Malayic to (Standard) Malay,Standard-Malay-V,,index_diachronica_original.html:2853,False,unknown_grouping,True,True,False,,,,syntax_other,,,,"Syntax Error: Expected an IPA character, Primative or Matrix, but received '…' | _(C…)UU# | ^ @ Rule 1, Line 1",,env
10.2.4.1,Proto-Malayo-Javanic to Javanese,Javanese-b,,index_diachronica_original.html:2872,False,expected_underscore,True,True,,False,,,,expected_underscore,,,,"Syntax Error: Expected '_', but received '' | adjacent to another consonant | ^ @ Rule 1, Line 1",exception
10.2.4.2,Proto-Malayo-Polynesian to Madurese,Madurese-z,,index_diachronica_original.html:2891,False,diacritic_prereq,True,False,,,,diacritic_prereq,,,,"Syntax Error: Segment does not have prerequisite properties to have this diacritic. Must be [-voice] | jʰ | ^^ @ Rule 1, Line 1",,,output
10.2.5,Proto-Malayo-Polynesian to Palauan,Palauan-t,,index_diachronica_original.html:2937,False,expected_underscore,True,True,,False,,,,expected_underscore,,,,"Syntax Error: Expected '_', but received '' | adjacent to S | ^ @ Rule 1, Line 1",exception
10.2.6,Proto-Malayo-Polynesian to Proto-North Sarawak,Proto-North-Sarawak-a,,index_diachronica_original.html:2963,False,unknown_grouping,True,True,False,,,,unknown_grouping,,,,"Syntax Error: Unknown grouping 'U'. Known groupings are (C)onsonant, (O)bstruent, (S)onorant, (P)losive, (F)ricative, (L)iquid, (N)asal, (G)lide, and (V)owel | _UU(U…)# | ^ @ Rule 1, Line 1",,env
10.2.6,Proto-Malayo-Polynesian to Proto-North Sarawak,Proto-North-Sarawak-ə_4,,index_diachronica_original.html:2971,False,unknown_grouping,True,True,False,,,,unknown_grouping,,,,"Syntax Error: Unknown grouping 'U'. Known groupings are (C)onsonant, (O)bstruent, (S)onorant, (P)losive, (F)ricative, (L)iquid, (N)asal, (G)lide, and (V)owel | #_UU(U…)# | ^ @ Rule 1, Line 1",,env
10.2.6.1,Proto-North Sarawak to Kiput,Kiput-V+stress,,index_diachronica_original.html:2989,False,expected_number,True,False,True,False,,unknown_character,,expected_number,,"Syntax Error: Unknown character 'ː' | Vː | ^ @ Rule 1, Line 1",,"Syntax Error: Expected number, but received ə | V = ə and/or C = h | ^ @ Rule 1, Line 1",output|exception
10.2.6.1,Proto-North Sarawak to Kiput,Kiput-əi̯-əu̯,,index_diachronica_original.html:3002,False,expected_underscore,True,True,,False,,,,expected_underscore,,,,"Syntax Error: Expected '_', but received '' | O[+voice] earlier in the word | ^ @ Rule 1, Line 1",exception
10.2.6.2.1,Proto-Kenyah to Òma Lóngh,"Òma-Lóngh-p,t-n",,index_diachronica_original.html:3050,False,unknown_character,True,False,True,,,unknown_character,,,,"Syntax Error: Unknown character '̚' | c̚ ɲ | ^ @ Rule 1, Line 1",,,output
10.2.6.2.1,Proto-Kenyah to Òma Lóngh,Òma-Lóngh-ŋ,,index_diachronica_original.html:3057,False,unknown_character,True,False,True,,,unknown_character,,,,"Syntax Error: Unknown character '̊' | ŋ̊ | ^ @ Rule 1, Line 1",,,output
10.3.2,Proto-Oceanic to Hiw,Hiw-β-b-m,,index_diachronica_original.html:3109,False,expected_underscore,True,True,False,,,,expected_underscore,,,,"Syntax Error: Expected '_', but received '*' | typically near *u | ^ @ Rule 1, Line 1",,env
10.3.2,Proto-Oceanic to Hiw,Hiw-”V+-higher,,index_diachronica_original.html:3118,False,syntax_other,False,True,True,,syntax_other,,,,"Syntax Error: Feature 'er' has no modifier | V:[+stress][+ high(er)] | ^^ @ Rule 1, Line 1",,,,input
10.3.2,Proto-Oceanic to Hiw,Hiw-a,,index_diachronica_original.html:3121,False,unknown_feature,True,True,False,,,,unknown_feature,,,,"Syntax Error: Unknown feature 'mid'. Did you mean man? | _CV[+ mid] | ^^^^^ @ Rule 1, Line 1",,env
10.3.2,Proto-Oceanic to Hiw,Hiw-aCV+-high-aCV+-mid-aCa,,index_diachronica_original.html:3123,False,unknown_feature,False,False,,,unknown_feature,syntax_other,,,"Syntax Error: Unknown feature 'mid'. Did you mean man? | a(C)V[+ high] a(C)V[+ mid] aCa | ^^^^^ @ Rule 1, Line 1","Syntax Error: Expected end of line, received '('. Did you forget a '/' between the output and environment? | ɔ(C) a(C) {ɔ,a}(C)ə | ^ @ Rule 1, Line 1",,,input|output
10.3.2,Proto-Oceanic to Hiw,Hiw-eCV-low-eCa,,index_diachronica_original.html:3124,False,nested_brackets,False,False,,,syntax_other,syntax_other,,,"Syntax Error: Options can only be used in Environments or Structures | e(C){V[- low]} e(C)a | ^^^ @ Rule 1, Line 1","Syntax Error: Expected end of line, received '('. Did you forget a '/' between the output and environment? | e(C) e(C)ə | ^ @ Rule 1, Line 1",,,input|output
10.3.2,Proto-Oceanic to Hiw,Hiw-iCV+-high-iCV+-mid-iCa,,index_diachronica_original.html:3125,False,unknown_feature,False,False,,,unknown_feature,syntax_other,,,"Syntax Error: Unknown feature 'mid'. Did you mean man? | i(C)V[+ high] i(C)V[+ mid] i(C)a | ^^^^^ @ Rule 1, Line 1","Syntax Error: Expected end of line, received '('. Did you forget a '/' between the output and environment? | i(C) i(C)ə {e,i}(C)ə | ^ @ Rule 1, Line 1",,,input|output
10.3.2,Proto-Oceanic to Hiw,Hiw-oCV+-high-oCV+-mid-oCa,,index_diachronica_original.html:3126,False,unknown_feature,False,False,,,unknown_feature,syntax_other,,,"Syntax Error: Unknown feature 'mid'. Did you mean man? | o(C)V[+ high] o(C)V[+ mid] o(C)a | ^^^^^ @ Rule 1, Line 1","Syntax Error: Expected end of line, received '('. Did you forget a '/' between the output and environment? | ɵ(C) o(C) ɔ(C)ə | ^ @ Rule 1, Line 1",,,input|output
10.3.3,Proto-Oceanic to Lemerig,Lemerig-ndr-*R,,index_diachronica_original.html:3138,False,prose_or_expected_arrow,False,True,,,syntax_other,,,,"Syntax Error: Expected end of line, received '*'. Did you forget a '/' between the output and environment? | ndr *R | ^ @ Rule 1, Line 1",,,,input
10.3.3,Proto-Oceanic to Lemerig,Lemerig-—-eCV+-mid,,index_diachronica_original.html:3145,False,unknown_feature,False,True,,,unknown_feature,,,,"Syntax Error: Unknown feature 'mid'. Did you mean man? | eCV[+ mid] | ^^^^^ @ Rule 1, Line 1",,,,input
10.3.3,Proto-Oceanic to Lemerig,Lemerig-—-aCa,,index_diachronica_original.html:3148,False,panic_other,True,True,,,,,,,,,,,multi
10.3.5,Proto-Oceanic to Proto-New Caledonia,Proto-New-Caledonia-*R,,index_diachronica_original.html:3192,False,syntax_other,False,True,,,syntax_other,,,,"Syntax Error: The input of an insertion rule must only contain `*` or `∅` | *R | ^ @ Rule 1, Line 1",,,,input
10.3.5,Proto-Oceanic to Proto-New Caledonia,Proto-New-Caledonia-NS,,index_diachronica_original.html:3195,False,syntax_other,True,False,,,,syntax_other,,,,"Syntax Error: Could not get value of IPA 'ⁿ'. | ⁿS | ^ @ Rule 1, Line 1",,,output
10.3.5.1,Proto-New Caledonia to Caaàc,Caaàc-pː-pwː-tː-ʈː-qː-kː,,index_diachronica_original.html:3201,False,diacritic_prereq,False,False,,,unknown_character,diacritic_prereq,,,"Syntax Error: Unknown character 'ː' | pː pwː tː ʈː qː kː | ^ @ Rule 1, Line 1","Syntax Error: Segment does not have prerequisite properties to have this diacritic. Must be [-voice] | pʰ pwʰ cʰ tʰ h jʰ | ^^ @ Rule 1, Line 1",,,input|output
10.3.5.1,Proto-New Caledonia to Caaàc,Caaàc-jʰ,,index_diachronica_original.html:3206,False,diacritic_prereq,False,True,True,,diacritic_prereq,,,,"Syntax Error: Segment does not have prerequisite properties to have this diacritic. Must be [-voice] | jʰ | ^^ @ Rule 1, Line 1",,,,input
10.3.5.1,Proto-New Caledonia to Caaàc,Caaàc-ⁿS,,index_diachronica_original.html:3210,False,syntax_other,False,True,True,,syntax_other,,,,"Syntax Error: Could not get value of IPA 'ⁿ'. | ⁿS | ^ @ Rule 1, Line 1",,,,input
10.3.5.2,Proto-New Caledonia to Jawé,Jawé-pː-pwː-t̪ː-tː-kː-cː,,index_diachronica_original.html:3218,False,diacritic_prereq,False,False,,,unknown_character,diacritic_prereq,,,"Syntax Error: Unknown character 'ː' | pː pwː t̪ː tː kː cː | ^ @ Rule 1, Line 1","Syntax Error: Segment does not have prerequisite properties to have this diacritic. Must be [-voice] | pʰ hʷ t̪ʰ tʰ h jʰ | ^^ @ Rule 1, Line 1",,,input|output
10.3.5.2,Proto-New Caledonia to Jawé,Jawé-jʰ,,index_diachronica_original.html:3222,False,diacritic_prereq,False,True,True,,diacritic_prereq,,,,"Syntax Error: Segment does not have prerequisite properties to have this diacritic. Must be [-voice] | jʰ | ^^ @ Rule 1, Line 1",,,,input
10.3.5.3,Proto-New Caledonia to Nemi-Pije-Fwai,Nemi-Pije-Fwai-pː-pwː-tː-t̪ː-kː-cː,,index_diachronica_original.html:3228,False,diacritic_prereq,False,False,,,unknown_character,diacritic_prereq,,,"Syntax Error: Unknown character 'ː' | pː pwː tː t̪ː kː cː | ^ @ Rule 1, Line 1","Syntax Error: Segment does not have prerequisite properties to have this diacritic. Must be [-voice] | f hʷ t̪ʰ tʰ h jʰ | ^^ @ Rule 1, Line 1",,,input|output
10.3.5.3,Proto-New Caledonia to Nemi-Pije-Fwai,Nemi-Pije-Fwai-jʰ,,index_diachronica_original.html:3233,False,diacritic_prereq,False,True,True,,diacritic_prereq,,,,"Syntax Error: Segment does not have prerequisite properties to have this diacritic. Must be [-voice] | jʰ | ^^ @ Rule 1, Line 1",,,,input
10.3.5.3,Proto-New Caledonia to Nemi-Pije-Fwai,Nemi-Pije-Fwai-n-n̥,,index_diachronica_original.html:3235,False,unknown_character,True,False,False,,,unknown_character,unknown_grouping,,,"Syntax Error: Unknown character '̊' | ɲ ɲ̊ | ^ @ Rule 1, Line 1","Syntax Error: Unknown grouping 'E'. Known groupings are (C)onsonant, (O)bstruent, (S)onorant, (P)losive, (F)ricative, (L)iquid, (N)asal, (G)lide, and (V)owel | _E | ^ @ Rule 1, Line 1",,output|env
10.3.5.3,Proto-New Caledonia to Nemi-Pije-Fwai,Nemi-Pije-Fwai-ONV,,index_diachronica_original.html:3236,False,expected_underscore,True,False,False,,,syntax_other,expected_underscore,,,"Syntax Error: Expected end of line, received 'ʰ'. Did you forget a '/' between the output and environment? | Sʰṽ | ^ @ Rule 1, Line 1","Syntax Error: Expected '_', but received '' | Pije and Fwai | ^ @ Rule 1, Line 1",,output|env
10.3.5.3,Proto-New Caledonia to Nemi-Pije-Fwai,Nemi-Pije-Fwai-f,,index_diachronica_original.html:3237,False,expected_underscore,True,True,False,,,,expected_underscore,,,,"Syntax Error: Expected '_', but received '' | Pije and Fwai | ^ @ Rule 1, Line 1",,env
10.3.5.4.1,Proto-Northern to Nixumwak-Nêlêmwa,Nixumwak-Nêlêmwa-V,,index_diachronica_original.html:3251,False,expected_underscore,True,True,False,,,,expected_underscore,,,,"Syntax Error: Expected '_', but received '' | _#, often | ^ @ Rule 1, Line 1",,env
10.3.5.4.1,Proto-Northern to Nixumwak-Nêlêmwa,Nixumwak-Nêlêmwa-cʰ,1,index_diachronica_original.html:3257,False,diacritic_prereq,True,False,,,,diacritic_prereq,,,,"Syntax Error: Segment does not have prerequisite properties to have this diacritic. Must be [-voice] | jʰ | ^^ @ Rule 1, Line 1",,,output
10.3.5.4.1,Proto-Northern to Nixumwak-Nêlêmwa,Nixumwak-Nêlêmwa-ⁿS,,index_diachronica_original.html:3263,False,syntax_other,False,True,True,,syntax_other,,,,"Syntax Error: Could not get value of IPA 'ⁿ'. | ⁿS | ^ @ Rule 1, Line 1",,,,input
10.3.5.4.1,Proto-Northern to Nixumwak-Nêlêmwa,Nixumwak-Nêlêmwa-pwʰ-pʰ-tʰ-kʰ,,index_diachronica_original.html:3265,False,diacritic_prereq,False,False,False,,diacritic_prereq,diacritic_prereq,expected_underscore,,"Syntax Error: Segment does not have prerequisite properties to have this diacritic. Must be [-voice] | pwʰ pʰ tʰ kʰ | ^^ @ Rule 1, Line 1","Syntax Error: Segment does not have prerequisite properties to have this diacritic. Must be [-voice] | fw f rʰ x | ^^ @ Rule 1, Line 1","Syntax Error: Expected '_', but received '' | Nelemwa | ^ @ Rule 1, Line 1",,input|output|env
10.3.5.4.1,Proto-Northern to Nixumwak-Nêlêmwa,Nixumwak-Nêlêmwa-V+-mid,,index_diachronica_original.html:3267,False,unknown_feature,False,True,False,,unknown_feature,,expected_underscore,,"Syntax Error: Unknown feature 'mid'. Did you mean man? | V[+ mid] | ^^^^^ @ Rule 1, Line 1",,"Syntax Error: Expected '_', but received '' | near nasals? | ^ @ Rule 1, Line 1",,input|env
10.3.5.5,Proto-New Caledonia to Nyelâyu,Nyelâyu-pː-pwː-tː-qː-cː,,index_diachronica_original.html:3285,False,diacritic_prereq,False,False,,,unknown_character,diacritic_prereq,,,"Syntax Error: Unknown character 'ː' | pː pwː tː qː cː | ^ @ Rule 1, Line 1","Syntax Error: Segment does not have prerequisite properties to have this diacritic. Must be [-voice] | pʰ pwʰ tʰ h cʰ | ^^ @ Rule 1, Line 1",,,input|output
10.3.5.5,Proto-New Caledonia to Nyelâyu,Nyelâyu-jʰ-j,,index_diachronica_original.html:3287,False,diacritic_prereq,False,False,True,,diacritic_prereq,syntax_other,,,"Syntax Error: Segment does not have prerequisite properties to have this diacritic. Must be [-voice] | jʰ j | ^^ @ Rule 1, Line 1","Syntax Error: Expected end of line, received '∅'. Did you forget a '/' between the output and environment? | h ∅ | ^ @ Rule 1, Line 1",,,input|output
10.3.5.5,Proto-New Caledonia to Nyelâyu,Nyelâyu-ⁿS,,index_diachronica_original.html:3289,False,syntax_other,False,True,True,,syntax_other,,,,"Syntax Error: Could not get value of IPA 'ⁿ'. | ⁿS | ^ @ Rule 1, Line 1",,,,input
10.3.5.5,Proto-New Caledonia to Nyelâyu,Nyelâyu-ⁿS_2,,index_diachronica_original.html:3293,False,syntax_other,False,True,True,,syntax_other,,,,"Syntax Error: Could not get value of IPA 'ⁿ'. | ⁿS | ^ @ Rule 1, Line 1",,,,input
10.3.5.6,Proto-New Caledonia to Pwaamei,Pwaamei-V,,index_diachronica_original.html:3301,False,runtime_delete_only_segment,True,True,True,,,,,,,,,,multi
10.3.5.6,Proto-New Caledonia to Pwaamei,Pwaamei-pː-pwː-tː-ʈ-kː-cː,,index_diachronica_original.html:3303,False,diacritic_prereq,False,False,,,unknown_character,diacritic_prereq,,,"Syntax Error: Unknown character 'ː' | pː pwː tː ʈ kː cː | ^ @ Rule 1, Line 1","Syntax Error: Segment does not have prerequisite properties to have this diacritic. Must be [-voice] | f hʷ tʰ lʰ h s | ^^ @ Rule 1, Line 1",,,input|output
10.3.5.6,Proto-New Caledonia to Pwaamei,Pwaamei-jʰ-j,,index_diachronica_original.html:3307,False,diacritic_prereq,False,True,,,diacritic_prereq,,,,"Syntax Error: Segment does not have prerequisite properties to have this diacritic. Must be [-voice] | jʰ j | ^^ @ Rule 1, Line 1",,,,input
10.3.5.7,Proto-New Caledonia to Pwapwâ,Pwapwâ-V,,index_diachronica_original.html:3314,False,runtime_delete_only_segment,True,True,True,,,,,,,,,,multi
10.3.5.8,Proto-New Caledonia to Proto-Yunaga,Proto-Yunaga-pː-pwː-t̪ː-tː-ʈː-cː-kː,,index_diachronica_original.html:3327,False,diacritic_prereq,False,False,,,unknown_character,diacritic_prereq,,,"Syntax Error: Unknown character 'ː' | pː pwː t̪ː tː ʈː cː kː | ^ @ Rule 1, Line 1","Syntax Error: Segment does not have prerequisite properties to have this diacritic. Must be [-voice] | pʰ pwʰ t̪ʰ tʰ ʈʰ jʰ h | ^^ @ Rule 1, Line 1",,,input|output
10.3.5.8,Proto-New Caledonia to Proto-Yunaga,Proto-Yunaga-jʰ,,index_diachronica_original.html:3331,False,diacritic_prereq,False,True,True,,diacritic_prereq,,,,"Syntax Error: Segment does not have prerequisite properties to have this diacritic. Must be [-voice] | jʰ | ^^ @ Rule 1, Line 1",,,,input
10.3.5.8,Proto-New Caledonia to Proto-Yunaga,Proto-Yunaga-V,,index_diachronica_original.html:3333,False,runtime_delete_only_segment,True,True,True,,,,,,,,,,multi
10.3.5.8,Proto-New Caledonia to Proto-Yunaga,Proto-Yunaga-ⁿS,,index_diachronica_original.html:3335,False,syntax_other,False,True,True,,syntax_other,,,,"Syntax Error: Could not get value of IPA 'ⁿ'. | ⁿS | ^ @ Rule 1, Line 1",,,,input
10.3.5.8,Proto-New Caledonia to Proto-Yunaga,Proto-Yunaga-u-i,,index_diachronica_original.html:3336,False,expected_underscore,True,True,False,,,,expected_underscore,,,,"Syntax Error: Expected '_', but received '' | monosyllables | ^ @ Rule 1, Line 1",,env
10.3.5.8.1,Proto-Yunaga to Yunaga 1,Yunaga-1-jʰ,,index_diachronica_original.html:3347,False,diacritic_prereq,False,True,,,diacritic_prereq,,,,"Syntax Error: Segment does not have prerequisite properties to have this diacritic. Must be [-voice] | jʰ | ^^ @ Rule 1, Line 1",,,,input
10.3.6.1,Proto-Reefs/Santa Cruz to Äiwoo,Äiwoo-*R,,index_diachronica_original.html:3371,False,syntax_other,False,True,,,syntax_other,,,,"Syntax Error: The input of an insertion rule must only contain `*` or `∅` | *R | ^ @ Rule 1, Line 1",,,,input
10.3.6.2,Proto-Reefs/Santa Cruz to Nagu,Nagu-q-*R,0,index_diachronica_original.html:3380,False,prose_or_expected_arrow,False,True,,,syntax_other,,,,"Syntax Error: Expected end of line, received '*'. Did you forget a '/' between the output and environment? | q *R | ^ @ Rule 1, Line 1",,,,input
10.3.6.2,Proto-Reefs/Santa Cruz to Nagu,Nagu-q-*R,1,index_diachronica_original.html:3380,False,prose_or_expected_arrow,False,True,,,syntax_other,,,,"Syntax Error: Expected end of line, received '*'. Did you forget a '/' between the output and environment? | q *R | ^ @ Rule 1, Line 1",,,,input
10.3.6.3,Proto-Reefs/Santa Cruz to Natügu,Natügu-q-*R,0,index_diachronica_original.html:3391,False,prose_or_expected_arrow,False,True,,,syntax_other,,,,"Syntax Error: Expected end of line, received '*'. Did you forget a '/' between the output and environment? | q *R | ^ @ Rule 1, Line 1",,,,input
10.3.6.3,Proto-Reefs/Santa Cruz to Natügu,Natügu-q-*R,1,index_diachronica_original.html:3391,False,prose_or_expected_arrow,False,True,,,syntax_other,,,,"Syntax Error: Expected end of line, received '*'. Did you forget a '/' between the output and environment? | q *R | ^ @ Rule 1, Line 1",,,,input
10.3.7,Proto-Oceanic to Shark Bay,Shark-Bay-*R,0,index_diachronica_original.html:3398,False,syntax_other,False,True,,,syntax_other,,,,"Syntax Error: The input of an insertion rule must only contain `*` or `∅` | *R | ^ @ Rule 1, Line 1",,,,input
10.3.7,Proto-Oceanic to Shark Bay,Shark-Bay-*R,1,index_diachronica_original.html:3398,False,syntax_other,False,True,,,syntax_other,,,,"Syntax Error: The input of an insertion rule must only contain `*` or `∅` | *R | ^ @ Rule 1, Line 1",,,,input
10.3.7,Proto-Oceanic to Shark Bay,Shark-Bay-V,,index_diachronica_original.html:3410,False,expected_number,True,True,True,False,,,,expected_number,,,,"Syntax Error: Expected number, but received j | C = j | ^ @ Rule 1, Line 1",exception
10.3.8,Proto-Oceanic to Tolomako,Tolomako-*R,0,index_diachronica_original.html:3422,False,syntax_other,False,True,,,syntax_other,,,,"Syntax Error: The input of an insertion rule must only contain `*` or `∅` | *R | ^ @ Rule 1, Line 1",,,,input
10.3.8,Proto-Oceanic to Tolomako,Tolomako-*R,1,index_diachronica_original.html:3422,False,syntax_other,False,True,,,syntax_other,,,,"Syntax Error: The input of an insertion rule must only contain `*` or `∅` | *R | ^ @ Rule 1, Line 1",,,,input
10.3.8,Proto-Oceanic to Tolomako,Tolomako-m-b,,index_diachronica_original.html:3424,False,unknown_character,,,,,,,,,,,,,multi
10.3.9.1,Proto-Utupua to Asuboa,Asuboa-*R,0,index_diachronica_original.html:3452,False,syntax_other,False,True,,,syntax_other,,,,"Syntax Error: The input of an insertion rule must only contain `*` or `∅` | *R | ^ @ Rule 1, Line 1",,,,input
10.3.9.1,Proto-Utupua to Asuboa,Asuboa-*R,1,index_diachronica_original.html:3452,False,syntax_other,False,True,,,syntax_other,,,,"Syntax Error: The input of an insertion rule must only contain `*` or `∅` | *R | ^ @ Rule 1, Line 1",,,,input
10.3.9.2,Proto-Utupua to Nebao,Nebao-r-*R,,index_diachronica_original.html:3463,False,prose_or_expected_arrow,False,False,,,syntax_other,syntax_other,,,"Syntax Error: Expected end of line, received '*'. Did you forget a '/' between the output and environment? | r *R | ^ @ Rule 1, Line 1","Syntax Error: Expected end of line, received '∅'. Did you forget a '/' between the output and environment? | l ∅ | ^ @ Rule 1, Line 1",,,input|output
10.3.9.3,Proto-Utupua to Tanibili,"Tanibili-s,*R",,index_diachronica_original.html:3472,False,syntax_other,False,True,,,syntax_other,,,,"Syntax Error: Expected an IPA character, Primative or Matrix, but received '*' | {s,*R} | ^ @ Rule 1, Line 1",,,,input
10.3.9.3,Proto-Utupua to Tanibili,"Tanibili-r,l",,index_diachronica_original.html:3481,False,syntax_other,,,,,,,,,,,,,multi
10.3.10,Proto-Oceanic to Proto-Vanikoro,"Proto-Vanikoro-s,*R",,index_diachronica_original.html:3490,False,syntax_other,False,True,True,,syntax_other,,,,"Syntax Error: Expected an IPA character, Primative or Matrix, but received '*' | {s,*R} | ^ @ Rule 1, Line 1",,,,input
10.3.10.1,Proto-Vanikoro to Buma,Buma-c-*R,0,index_diachronica_original.html:3500,False,prose_or_expected_arrow,False,True,,,syntax_other,,,,"Syntax Error: Expected end of line, received '*'. Did you forget a '/' between the output and environment? | c *R | ^ @ Rule 1, Line 1",,,,input
10.3.10.1,Proto-Vanikoro to Buma,Buma-c-*R,1,index_diachronica_original.html:3500,False,prose_or_expected_arrow,False,True,,,syntax_other,,,,"Syntax Error: Expected end of line, received '*'. Did you forget a '/' between the output and environment? | c *R | ^ @ Rule 1, Line 1",,,,input
10.3.10.2,Proto-Vanikoro to Tanema,Tanema-c-*R,0,index_diachronica_original.html:3511,False,prose_or_expected_arrow,False,True,,,syntax_other,,,,"Syntax Error: Expected end of line, received '*'. Did you forget a '/' between the output and environment? | c *R | ^ @ Rule 1, Line 1",,,,input
10.3.10.2,Proto-Vanikoro to Tanema,Tanema-c-*R,1,index_diachronica_original.html:3511,False,prose_or_expected_arrow,False,True,,,syntax_other,,,,"Syntax Error: Expected end of line, received '*'. Did you forget a '/' between the output and environment? | c *R | ^ @ Rule 1, Line 1",,,,input
10.3.10.3,Proto-Vanikoro to Vano,Vano-t,,index_diachronica_original.html:3519,False,expected_underscore,True,True,False,,,,expected_underscore,,,,"Syntax Error: Expected '_', but received '' | #_, in nouns | ^ @ Rule 1, Line 1",,env
10.3.10.3,Proto-Vanikoro to Vano,Vano-c-*R,0,index_diachronica_original.html:3524,False,prose_or_expected_arrow,False,True,,,syntax_other,,,,"Syntax Error: Expected end of line, received '*'. Did you forget a '/' between the output and environment? | c *R | ^ @ Rule 1, Line 1",,,,input
10.3.10.3,Proto-Vanikoro to Vano,Vano-c-*R,1,index_diachronica_original.html:3524,False,prose_or_expected_arrow,False,True,,,syntax_other,,,,"Syntax Error: Expected end of line, received '*'. Did you forget a '/' between the output and environment? | c *R | ^ @ Rule 1, Line 1",,,,input
10.3.11,Proto-Oceanic to Proto-Southern Vanuatu,Proto-Southern-Vanuatu-k-*R,,index_diachronica_original.html:3533,False,prose_or_expected_arrow,False,True,,,syntax_other,,,,"Syntax Error: Expected end of line, received '*'. Did you forget a '/' between the output and environment? | k *R | ^ @ Rule 1, Line 1",,,,input
10.3.11,Proto-Oceanic to Proto-Southern Vanuatu,Proto-Southern-Vanuatu-*R,,index_diachronica_original.html:3534,False,syntax_other,False,True,,,syntax_other,,,,"Syntax Error: The input of an insertion rule must only contain `*` or `∅` | *R | ^ @ Rule 1, Line 1",,,,input
10.3.11.1,Proto-Southern Vanuatu to Anejom,Anejom-C,,index_diachronica_original.html:3548,False,expected_number,True,True,True,False,,,,expected_number,,,,"Syntax Error: Expected number, but received t | C = t | ^ @ Rule 1, Line 1",exception
10.3.11.1,Proto-Southern Vanuatu to Anejom,Anejom-V,,index_diachronica_original.html:3560,False,runtime_delete_only_segment,True,True,True,,,,,,,,,,multi
10.3.11.3,Proto-Southern Vanuatu to Proto-Tanna,Proto-Tanna-s-c-*J,,index_diachronica_original.html:3632,False,prose_or_expected_arrow,False,True,,,syntax_other,,,,"Syntax Error: Expected end of line, received '*'. Did you forget a '/' between the output and environment? | s c *J | ^ @ Rule 1, Line 1",,,,input
10.3.11.3.1,Proto-Tanna to Kwamera,Kwamera-ə,,index_diachronica_original.html:3652,False,syntax_other,True,True,False,,,,unknown_grouping,,,,"Syntax Error: Unknown grouping 'U'. Known groupings are (C)onsonant, (O)bstruent, (S)onorant, (P)losive, (F)ricative, (L)iquid, (N)asal, (G)lide, and (V)owel | U# | ^ @ Rule 1, Line 1",,env
10.3.11.3.1,Proto-Tanna to Kwamera,Kwamera-ə_2,,index_diachronica_original.html:3653,False,syntax_other,True,True,,False,,,,unknown_grouping,,,,"Syntax Error: Unknown grouping 'U'. Known groupings are (C)onsonant, (O)bstruent, (S)onorant, (P)losive, (F)ricative, (L)iquid, (N)asal, (G)lide, and (V)owel | U# | ^ @ Rule 1, Line 1",exception
10.3.11.3.4,Proto-Tanna to Southwest Tanna,Southwest-Tanna-ə,,index_diachronica_original.html:3702,False,syntax_other,True,True,False,,,,unknown_grouping,,,,"Syntax Error: Unknown grouping 'U'. Known groupings are (C)onsonant, (O)bstruent, (S)onorant, (P)losive, (F)ricative, (L)iquid, (N)asal, (G)lide, and (V)owel | U# | ^ @ Rule 1, Line 1",,env
10.3.12,Proto-Oceanic to Vera’a,Vera’a-ndr-*R,,index_diachronica_original.html:3725,False,prose_or_expected_arrow,False,True,,,syntax_other,,,,"Syntax Error: Expected end of line, received '*'. Did you forget a '/' between the output and environment? | ndr *R | ^ @ Rule 1, Line 1",,,,input
10.3.12,Proto-Oceanic to Vera’a,"Vera’a-aCo,e",,index_diachronica_original.html:3737,False,nested_brackets,False,True,,,syntax_other,,,,"Syntax Error: Options can only be used in Environments or Structures | a(C){o,e} | ^^^ @ Rule 1, Line 1",,,,input
10.4.1,Proto-Micronesian to Marshallese,Marshallese-V,,index_diachronica_original.html:3757,False,runtime_delete_only_segment,True,True,True,,,,,,,,,,multi
10.4.1,Proto-Micronesian to Marshallese,Marshallese-V+mid,,index_diachronica_original.html:3758,False,unknown_feature,False,True,True,,unknown_feature,,,,"Syntax Error: Unknown feature 'mid'. Did you mean man? | V[+mid] | ^^^^ @ Rule 1, Line 1",,,,input
10.4.1,Proto-Micronesian to Marshallese,Marshallese-V_3,,index_diachronica_original.html:3760,False,runtime_delete_only_segment,True,True,,,,,,,,,,,multi
10.4.1,Proto-Micronesian to Marshallese,"Marshallese-ç,s-x",,index_diachronica_original.html:3770,False,unknown_character,True,False,,,,unknown_character,,,,"Syntax Error: Unknown character 'ᵚ' | tᵚ ∅ | ^ @ Rule 1, Line 1",,,output
10.5,Proto-Austronesian to Proto-Ongan,"Proto-Ongan-c,*C,s,*S",,index_diachronica_original.html:3782,False,syntax_other,False,True,,,syntax_other,,,,"Syntax Error: Expected an IPA character, Primative or Matrix, but received '*' | {c,*C,s,*S} | ^ @ Rule 1, Line 1",,,,input
10.5,Proto-Austronesian to Proto-Ongan,Proto-Ongan-ɟ-ɡ-*N-*R,,index_diachronica_original.html:3785,False,prose_or_expected_arrow,False,True,,,syntax_other,,,,"Syntax Error: Expected end of line, received '*'. Did you forget a '/' between the output and environment? | ɟ ɡ *N *R | ^ @ Rule 1, Line 1",,,,input
10.5.1,Proto-Ongan to Jarawa,Jarawa-∅,,index_diachronica_original.html:3798,False,syntax_other,False,True,False,,syntax_other,,unknown_character,,"Syntax Error: The input of an insertion rule must only contain `*` or `∅` | ∅ | ^ @ Rule 1, Line 1",,"Syntax Error: Unknown character '’' | h#_ (that’s not a typo | ^ @ Rule 1, Line 1",,input|env
10.6,Proto-Austronesian to Proto-Paiwan,Proto-Paiwan-t1-d1-d3-Z,,index_diachronica_original.html:3822,False,unknown_character,False,True,,,unknown_character,,,,"Syntax Error: Unknown character '₁' | t₁ d₁ d₃ Z | ^ @ Rule 1, Line 1",,,,input
10.6,Proto-Austronesian to Proto-Paiwan,Proto-Paiwan-b-d2,,index_diachronica_original.html:3824,False,unknown_character,False,True,,,unknown_character,,,,"Syntax Error: Unknown character '₂' | b d₂ | ^ @ Rule 1, Line 1",,,,input
10.7,Proto-Austronesian to Proto-Rukai,"Proto-Rukai-t1,c-d1,z-d3",,index_diachronica_original.html:3849,False,unknown_character,False,True,,,unknown_character,,,,"Syntax Error: Unknown character '₁' | {t₁,c} {d₁,z} d₃ | ^ @ Rule 1, Line 1",,,,input
10.7,Proto-Austronesian to Proto-Rukai,Proto-Rukai-S1-s-d2-*C,,index_diachronica_original.html:3851,False,unknown_character,False,True,,,unknown_character,,,,"Syntax Error: Unknown character '₁' | S₁ s d₂ *C | ^ @ Rule 1, Line 1",,,,input
10.8,Proto-Austronesian to Proto-Tsouic,"Proto-Tsouic-*C,d-j-*R",,index_diachronica_original.html:3863,False,syntax_other,False,True,,,syntax_other,,,,"Syntax Error: Expected an IPA character, Primative or Matrix, but received '*' | {*C,d} j *R | ^ @ Rule 1, Line 1",,,,input
11.5.1,Proto-Lezgic to Agul,Agul-tɬ-tɬː-tɬʼ-tɬːʼ-dɮ,,index_diachronica_original.html:3967,False,syntax_other,False,False,,,unknown_character,unknown_character,,,"Syntax Error: Unknown character 'ː' | tɬ tɬː tɬʼ tɬːʼ dɮ | ^ @ Rule 1, Line 1","Syntax Error: Unknown character 'ː' | xʲ x kʼ kː {,j,xʲ} | ^ @ Rule 1, Line 1",,,input|output
11.5.6,Proto-Lezgic to Udi,Udi-q-qʼ-qːʼ-ɢ,,index_diachronica_original.html:4027,False,syntax_other,False,False,,,unknown_character,syntax_other,,,"Syntax Error: Unknown character 'ː' | q qʼ qːʼ ɢ | ^ @ Rule 1, Line 1","Syntax Error: The output of a deletion rule must only contain `*` or `∅` | ∅(?) ∅ qʼ ɣ | ^ @ Rule 1, Line 1",,,input|output
12.1,Proto-Northwest Caucasian to Proto-Abazgi,"Proto-Abazgi-pʷ,pʲ-pʲː,bˤ-bʷ-pʷʲ-bʷʲ",,index_diachronica_original.html:4110,False,unknown_character,False,True,,,unknown_character,,,,"Syntax Error: Unknown character 'ː' | {pʷ,pʲ} {p(ʲ)ː,bˤ} bʷ pʷʲ bʷʲ | ^ @ Rule 1, Line 1",,,,input
12.1,Proto-Northwest Caucasian to Proto-Abazgi,Proto-Abazgi-qʷʲ-ɢʷʰ,,index_diachronica_original.html:4145,False,diacritic_prereq,False,False,,,diacritic_prereq,syntax_other,,,"Syntax Error: Segment does not have prerequisite properties to have this diacritic. Must be [-voice] | qʷʲ ɢʷʰ | ^ ^ @ Rule 1, Line 1","Syntax Error: Expected end of line, received '('. Did you forget a '/' between the output and environment? | ħ(ʷ) ɣ(ʷ) | ^ @ Rule 1, Line 1",,,input|output
12.1,Proto-Northwest Caucasian to Proto-Abazgi,Proto-Abazgi-qʷʲʼ,,index_diachronica_original.html:4146,False,syntax_other,True,False,,,,syntax_other,,,,"Syntax Error: Expected end of line, received '('. Did you forget a '/' between the output and environment? | ʕʷ (qʷʼ?) | ^ @ Rule 1, Line 1",,,output
12.1,Proto-Northwest Caucasian to Proto-Abazgi,Proto-Abazgi-qˤʷ-qˤʷː-qˤʷʼ-χˤʷ-ʁˤʷ,,index_diachronica_original.html:4152,False,syntax_other,False,False,,,unknown_character,syntax_other,,,"Syntax Error: Unknown character 'ː' | qˤʷ qˤʷː qˤʷʼ χˤʷ ʁˤʷ | ^ @ Rule 1, Line 1","Syntax Error: Expected end of line, received '('. Did you forget a '/' between the output and environment? | ħʷ ʕʷ qʷ(ʼ) ħʷ (ħʷ?) | ^ @ Rule 1, Line 1",,,input|output
12.1.2,Proto-Abazgi to Tapanta Abaza,Tapanta-Abaza-tɕʷʼ-dʑʷ,,index_diachronica_original.html:4168,False,syntax_other,False,False,,,syntax_other,syntax_other,,,"Syntax Error: Expected an IPA character, Primative or Matrix, but received 'ʼ' | tɕʷ(ʼ) dʑʷ | ^ @ Rule 1, Line 1","Syntax Error: Expected an IPA character, Primative or Matrix, but received '(' | {tɕ(ʷ)(ʼ),tʃʷ(ʼ)} {dʑ(ʷ),dʒʷ} | ^ @ Rule 1, Line 1",,,input|output
12.1.2,Proto-Abazgi to Tapanta Abaza,"Tapanta-Abaza-tʷʼ,dʷ",,index_diachronica_original.html:4171,False,syntax_other,False,False,,,syntax_other,syntax_other,,,"Syntax Error: Expected an IPA character, Primative or Matrix, but received '(' | {tʷ(ʼ),dʷ} | ^ @ Rule 1, Line 1","Syntax Error: Expected an IPA character, Primative or Matrix, but received '(' | {tɕ(ʷ)(ʼ),tʃ(ʷ)(ʼ)} {dʒ(ʷ),dʑ(ʷ)} | ^ @ Rule 1, Line 1",,,input|output
12.2,Proto-Northwest Caucasian to Proto-Circassian,"Proto-Circassian-qʲʷː-qʲʷ-ɢʲʷ,ʁʲʷ-χʲʷ",,index_diachronica_original.html:4265,False,prose_or_expected_arrow,False,False,,,unknown_character,unknown_character,,,"Syntax Error: Unknown character 'ː' | qʲʷː qʲʷ ɢʲʷ,ʁʲʷ} χʲʷ | ^ @ Rule 1, Line 1","Syntax Error: Unknown character 'ː' | qʷː ʔʷ ʁʷ χʷ | ^ @ Rule 1, Line 1",,,input|output
12.3,Proto-Northwest Caucasian to Ubykh,Ubykh-tʷː-tʷʲʼ,,index_diachronica_original.html:4379,False,unknown_character,False,False,,,unknown_character,syntax_other,,,"Syntax Error: Unknown character 'ː' | t(ʷ)ː tʷʲʼ | ^ @ Rule 1, Line 1","Syntax Error: Expected end of line, received '('. Did you forget a '/' between the output and environment? | t(ʷ) tʷʼ | ^ @ Rule 1, Line 1",,,input|output
12.3,Proto-Northwest Caucasian to Ubykh,Ubykh-tsʲː-tsʷː-dzʲ,,index_diachronica_original.html:4383,False,unknown_character,False,True,,,unknown_character,,,,"Syntax Error: Unknown character 'ː' | ts(ʲ)ː tsʷː dzʲ | ^ @ Rule 1, Line 1",,,,input
13.1,Proto-Chumash to Barbareño,Barbareño-R-glottalizedVˀR,,index_diachronica_original.html:4437,False,prose_or_expected_arrow,False,False,True,,unknown_grouping,syntax_other,,,"Syntax Error: Unknown grouping 'R'. Known groupings are (C)onsonant, (O)bstruent, (S)onorant, (P)losive, (F)ricative, (L)iquid, (N)asal, (G)lide, and (V)owel | R[+place]VˀR | ^ @ Rule 1, Line 1","Syntax Error: Floating diacritic. Diacritics can only be used to modify IPA Segments | ˀRVR[+place] | ^ @ Rule 1, Line 1",,,input|output
13.1,Proto-Chumash to Barbareño,Barbareño-R-glottalizedVOʼ,,index_diachronica_original.html:4438,False,unknown_feature,False,False,True,,unknown_grouping,unknown_feature,,,"Syntax Error: Unknown grouping 'R'. Known groupings are (C)onsonant, (O)bstruent, (S)onorant, (P)losive, (F)ricative, (L)iquid, (N)asal, (G)lide, and (V)owel | R[+place]VOʼ | ^ @ Rule 1, Line 1","Syntax Error: Unknown feature 'ejective'. Did you mean contin? | ˀRVO[- ejective] | ^^^^^^^^^^ @ Rule 1, Line 1",,,input|output
13.3,Proto-Chumash to Inseño,Inseño-ˀN-ˀw,,index_diachronica_original.html:4449,False,syntax_other,False,True,,,syntax_other,,,,"Syntax Error: Floating diacritic. Diacritics can only be used to modify IPA Segments | ˀN ˀw | ^ @ Rule 1, Line 1",,,,input
13.4,Proto-Chumash to Obispeño,"Obispeño-ˀm,ˀn",0,index_diachronica_original.html:4456,False,syntax_other,False,True,,,syntax_other,,,,"Syntax Error: Floating diacritic. Diacritics can only be used to modify IPA Segments | ˀm | ^ @ Rule 1, Line 1",,,,input
13.4,Proto-Chumash to Obispeño,"Obispeño-ˀm,ˀn",1,index_diachronica_original.html:4456,False,syntax_other,False,True,,,syntax_other,,,,"Syntax Error: Floating diacritic. Diacritics can only be used to modify IPA Segments | ˀn | ^ @ Rule 1, Line 1",,,,input
13.4,Proto-Chumash to Obispeño,Obispeño-ˀw,,index_diachronica_original.html:4457,False,syntax_other,False,True,,,syntax_other,,,,"Syntax Error: Floating diacritic. Diacritics can only be used to modify IPA Segments | ˀw | ^ @ Rule 1, Line 1",,,,input
13.4,Proto-Chumash to Obispeño,Obispeño-ˀj,,index_diachronica_original.html:4458,False,syntax_other,False,True,,,syntax_other,,,,"Syntax Error: Floating diacritic. Diacritics can only be used to modify IPA Segments | ˀj | ^ @ Rule 1, Line 1",,,,input
13.5,Proto-Chumash to Purisimeño,Purisimeño-ˀj,,index_diachronica_original.html:4463,False,syntax_other,False,True,,,syntax_other,,,,"Syntax Error: Floating diacritic. Diacritics can only be used to modify IPA Segments | ˀj | ^ @ Rule 1, Line 1",,,,input
13.6,Proto-Chumash to Ventureño,Ventureño-ˀm-ˀn-ˀl-ˀj,,index_diachronica_original.html:4471,False,syntax_other,False,True,,,syntax_other,,,,"Syntax Error: Floating diacritic. Diacritics can only be used to modify IPA Segments | ˀm ˀn ˀl ˀj | ^ @ Rule 1, Line 1",,,,input
14.2,Proto-Elamo-Dravidian to Achaemanid Elamite,Achaemanid-Elamite-r̀,,index_diachronica_original.html:4526,False,unknown_character,False,True,True,,unknown_character,,,,"Syntax Error: Unknown character '̀' | r̀ | ^ @ Rule 1, Line 1",,,,input
14.2,Proto-Elamo-Dravidian to Achaemanid Elamite,Achaemanid-Elamite-ŕ,,index_diachronica_original.html:4527,False,unknown_character,False,False,True,,unknown_character,unknown_character,,,"Syntax Error: Unknown character 'ŕ' | ŕ | ^ @ Rule 1, Line 1","Syntax Error: Unknown character 'ː' | rː | ^ @ Rule 1, Line 1",,,input|output
14.2,Proto-Elamo-Dravidian to Achaemanid Elamite,Achaemanid-Elamite-nr̀,,index_diachronica_original.html:4528,False,unknown_character,False,True,,,unknown_character,,,,"Syntax Error: Unknown character '̀' | nr̀ | ^ @ Rule 1, Line 1",,,,input
14.3.1,Standard Tamil to Colloquial Tamil,Colloquial-Tamil-l-ɭ,,index_diachronica_original.html:4548,False,stuff_after_word_bound,True,False,False,,,unknown_character,stuff_after_word_bound,,,"Syntax Error: Unknown character 'ː' | lːʉ ɭːʉ | ^ @ Rule 1, Line 1","Syntax Error: Cannot have segments after the end of a word | _#(C)V[-long] | ^ @ Rule 1, Line 1",,output|env
14.3.1,Standard Tamil to Colloquial Tamil,Colloquial-Tamil-∅_2,,index_diachronica_original.html:4549,False,unknown_grouping,False,True,False,,syntax_other,,unknown_character,,"Syntax Error: The input of an insertion rule must only contain `*` or `∅` | ∅ | ^ @ Rule 1, Line 1",,"Syntax Error: Unknown character 'ː' | {l,ɭ}_# if {M,Vː} previously in the lexeme | ^ @ Rule 1, Line 1",,input|env
14.3.1,Standard Tamil to Colloquial Tamil,Colloquial-Tamil-i-u_2,,index_diachronica_original.html:4553,False,expected_underscore,True,True,True,False,,,,unknown_grouping,,,,"Syntax Error: Unknown grouping 'U'. Known groupings are (C)onsonant, (O)bstruent, (S)onorant, (P)losive, (F)ricative, (L)iquid, (N)asal, (G)lide, and (V)owel | #U | ^ @ Rule 1, Line 1",exception
14.3.1,Standard Tamil to Colloquial Tamil,Colloquial-Tamil-∅_3,0,index_diachronica_original.html:4555,False,expected_underscore,False,True,False,,syntax_other,,expected_underscore,,"Syntax Error: The input of an insertion rule must only contain `*` or `∅` | ∅ | ^ @ Rule 1, Line 1",,"Syntax Error: Expected '_', but received '' | to break up clusters | ^ @ Rule 1, Line 1",,input|env
14.3.1,Standard Tamil to Colloquial Tamil,Colloquial-Tamil-∅_3,1,index_diachronica_original.html:4555,False,expected_underscore,False,True,False,,syntax_other,,expected_underscore,,"Syntax Error: The input of an insertion rule must only contain `*` or `∅` | ∅ | ^ @ Rule 1, Line 1",,"Syntax Error: Expected '_', but received '' | to break up clusters | ^ @ Rule 1, Line 1",,input|env
14.3.1,Standard Tamil to Colloquial Tamil,Colloquial-Tamil-iː-eː,,index_diachronica_original.html:4557,False,unknown_character,False,False,False,,unknown_character,unknown_character,unknown_character,,"Syntax Error: Unknown character 'ː' | i(ː) e(ː) | ^ @ Rule 1, Line 1","Syntax Error: Unknown character 'ː' | u(ː) o(ː) | ^ @ Rule 1, Line 1","Syntax Error: Unknown character '̣' | {m,v,p}_C̣ | ^ @ Rule 1, Line 1",,input|output|env
15.2.2,Proto-Eskimo to Greenlandic Iñupiaq,Greenlandic-Iñupiaq-Cː,,index_diachronica_original.html:4650,False,unknown_character,False,True,,False,unknown_character,,,unknown_character,"Syntax Error: Unknown character 'ː' | Cː | ^ @ Rule 1, Line 1",,,"Syntax Error: Unknown character '₁' | when CV_V in U₁U₂ | ^ @ Rule 1, Line 1",input|exception
15.2.2,Proto-Eskimo to Greenlandic Iñupiaq,"Greenlandic-Iñupiaq-m-n-ŋ-t-ɣ,ʁ«",,index_diachronica_original.html:4654,False,nested_brackets,,,,,,,,,,,,,multi
15.2.2,Proto-Eskimo to Greenlandic Iñupiaq,Greenlandic-Iñupiaq-lʁ,,index_diachronica_original.html:4661,False,syntax_other,True,False,,,,syntax_other,,,,"Syntax Error: Output cannot be empty. Use `*` or '∅' to indicate deletion | | ^ @ Rule 1, Line 1",,,output
15.2.5,Proto-Eskimo to Kuskokwim Yup’ik,Kuskokwim-Yup’ik-C,,index_diachronica_original.html:4717,False,syntax_other,True,False,False,False,,unknown_character,syntax_other,unknown_grouping,,"Syntax Error: Unknown character 'ː' | Cː | ^ @ Rule 1, Line 1","Syntax Error: Expected an IPA character, Primative or Matrix, but received '…' | _V(…V) | ^ @ Rule 1, Line 1","Syntax Error: Unknown grouping 'U'. Known groupings are (C)onsonant, (O)bstruent, (S)onorant, (P)losive, (F)ricative, (L)iquid, (N)asal, (G)lide, and (V)owel | in #U | ^ @ Rule 1, Line 1",output|env|exception
15.2.5,Proto-Eskimo to Kuskokwim Yup’ik,Kuskokwim-Yup’ik-F+voice_2,,index_diachronica_original.html:4726,False,unknown_feature,True,False,True,,,unknown_feature,,,,"Syntax Error: Unknown feature 'samePOA'. Did you mean lateral? | S[+same POA] | ^^^^^^^^^ @ Rule 1, Line 1",,,output
15.2.5,Proto-Eskimo to Kuskokwim Yup’ik,Kuskokwim-Yup’ik-i-a-u,,index_diachronica_original.html:4728,False,unknown_feature,True,True,False,,,,unknown_feature,,,,"Syntax Error: Unknown feature 'open'. Did you mean ten? | C_ in U[+open -initial -final] such that U[+open]_ | ^^^^^^ @ Rule 1, Line 1",,env
15.2.5,Proto-Eskimo to Kuskokwim Yup’ik,Kuskokwim-Yup’ik-ə_4,,index_diachronica_original.html:4736,False,syntax_other,True,True,True,False,,,,unknown_grouping,,,,"Syntax Error: Unknown grouping 'U'. Known groupings are (C)onsonant, (O)bstruent, (S)onorant, (P)losive, (F)ricative, (L)iquid, (N)asal, (G)lide, and (V)owel | in #U | ^ @ Rule 1, Line 1",exception
15.2.5,Proto-Eskimo to Kuskokwim Yup’ik,Kuskokwim-Yup’ik-a,,index_diachronica_original.html:4737,False,syntax_other,True,True,True,False,,,,unknown_grouping,,,,"Syntax Error: Unknown grouping 'U'. Known groupings are (C)onsonant, (O)bstruent, (S)onorant, (P)losive, (F)ricative, (L)iquid, (N)asal, (G)lide, and (V)owel | in #U | ^ @ Rule 1, Line 1",exception
15.2.6,Proto-Eskimo to Nunivak Yup’ik,Nunivak-Yup’ik-C,,index_diachronica_original.html:4744,False,syntax_other,True,False,False,False,,unknown_character,syntax_other,unknown_grouping,,"Syntax Error: Unknown character 'ː' | Cː | ^ @ Rule 1, Line 1","Syntax Error: Expected an IPA character, Primative or Matrix, but received '…' | _V(…V) | ^ @ Rule 1, Line 1","Syntax Error: Unknown grouping 'U'. Known groupings are (C)onsonant, (O)bstruent, (S)onorant, (P)losive, (F)ricative, (L)iquid, (N)asal, (G)lide, and (V)owel | in #U | ^ @ Rule 1, Line 1",output|env|exception
15.2.6,Proto-Eskimo to Nunivak Yup’ik,Nunivak-Yup’ik-i-a-u,,index_diachronica_original.html:4758,False,unknown_feature,True,True,False,,,,unknown_feature,,,,"Syntax Error: Unknown feature 'open'. Did you mean ten? | C_ in U[+open -initial -final] such that U[+open]_ | ^^^^^^ @ Rule 1, Line 1",,env
15.2.6,Proto-Eskimo to Nunivak Yup’ik,Nunivak-Yup’ik-ə_4,,index_diachronica_original.html:4766,False,syntax_other,True,True,True,False,,,,unknown_grouping,,,,"Syntax Error: Unknown grouping 'U'. Known groupings are (C)onsonant, (O)bstruent, (S)onorant, (P)losive, (F)ricative, (L)iquid, (N)asal, (G)lide, and (V)owel | in #U | ^ @ Rule 1, Line 1",exception
15.2.7,Proto-Eskimo to Siberian Yup’ik,Siberian-Yup’ik-C+voice,,index_diachronica_original.html:4776,False,expected_underscore,True,True,False,,,,expected_underscore,,,,"Syntax Error: Expected '_', but received '' | next to {S,s,l̥} | ^ @ Rule 1, Line 1",,env
15.2.7,Proto-Eskimo to Siberian Yup’ik,Siberian-Yup’ik-ə,,index_diachronica_original.html:4778,False,expected_underscore,True,False,,,,syntax_other,,,,"Syntax Error: Expected end of line, received '/'. Did you forget a '/' between the output and environment? | a / | ^ @ Rule 1, Line 1",,,output
15.2.7,Proto-Eskimo to Siberian Yup’ik,Siberian-Yup’ik-ə_4,,index_diachronica_original.html:4794,False,syntax_other,True,True,True,False,,,,unknown_grouping,,,,"Syntax Error: Unknown grouping 'U'. Known groupings are (C)onsonant, (O)bstruent, (S)onorant, (P)losive, (F)ricative, (L)iquid, (N)asal, (G)lide, and (V)owel | in #U | ^ @ Rule 1, Line 1",exception
15.2.8,Proto-Eskimo to Unaaliq Yup’ik,Unaaliq-Yup’ik-C,,index_diachronica_original.html:4802,False,syntax_other,True,False,False,,,unknown_character,syntax_other,,,"Syntax Error: Unknown character 'ː' | Cː | ^ @ Rule 1, Line 1","Syntax Error: Expected an IPA character, Primative or Matrix, but received '…' | _V(…V), after #U | ^ @ Rule 1, Line 1",,output|env
15.2.8,Proto-Eskimo to Unaaliq Yup’ik,Unaaliq-Yup’ik-C+voice,,index_diachronica_original.html:4805,False,expected_underscore,True,True,False,,,,expected_underscore,,,,"Syntax Error: Expected '_', but received '' | next to {S,s,l̥} | ^ @ Rule 1, Line 1",,env
15.2.8,Proto-Eskimo to Unaaliq Yup’ik,Unaaliq-Yup’ik-i-a-u,,index_diachronica_original.html:4815,False,unknown_feature,True,True,False,,,,unknown_feature,,,,"Syntax Error: Unknown feature 'open'. Did you mean ten? | C_ in U[+open -initial -final] such that U[+open]_ | ^^^^^^ @ Rule 1, Line 1",,env
15.2.8,Proto-Eskimo to Unaaliq Yup’ik,Unaaliq-Yup’ik-ə_4,,index_diachronica_original.html:4822,False,syntax_other,True,True,True,False,,,,unknown_grouping,,,,"Syntax Error: Unknown grouping 'U'. Known groupings are (C)onsonant, (O)bstruent, (S)onorant, (P)losive, (F)ricative, (L)iquid, (N)asal, (G)lide, and (V)owel | in #U | ^ @ Rule 1, Line 1",exception
17.1.1,Proto-Indo-European to Gheg Albanian,Gheg-Albanian-kʷ,,index_diachronica_original.html:4964,False,syntax_other,True,True,False,,,,unknown_grouping,,,,"Syntax Error: Unknown grouping 'E'. Known groupings are (C)onsonant, (O)bstruent, (S)onorant, (P)losive, (F)ricative, (L)iquid, (N)asal, (G)lide, and (V)owel | _E:[+stress]? | ^ @ Rule 1, Line 1",,env
17.1.1,Proto-Indo-European to Gheg Albanian,Gheg-Albanian-kʷ_2,,index_diachronica_original.html:4965,False,unknown_grouping,True,True,False,,,,unknown_grouping,,,,"Syntax Error: Unknown grouping 'B'. Known groupings are (C)onsonant, (O)bstruent, (S)onorant, (P)losive, (F)ricative, (L)iquid, (N)asal, (G)lide, and (V)owel | _B? | ^ @ Rule 1, Line 1",,env
17.1.1,Proto-Indo-European to Gheg Albanian,Gheg-Albanian-kʷ_3,,index_diachronica_original.html:4966,False,unknown_grouping,True,True,,False,,,,unknown_grouping,,,,"Syntax Error: Unknown grouping 'B'. Known groupings are (C)onsonant, (O)bstruent, (S)onorant, (P)losive, (F)ricative, (L)iquid, (N)asal, (G)lide, and (V)owel | _B? | ^ @ Rule 1, Line 1",exception
17.1.1,Proto-Indo-European to Gheg Albanian,Gheg-Albanian-ɡ́ʱ,,index_diachronica_original.html:4967,False,unknown_character,False,True,True,,unknown_character,,,,"Syntax Error: Unknown character '́' | ɡ́(ʱ) | ^ @ Rule 1, Line 1",,,,input
17.1.1,Proto-Indo-European to Gheg Albanian,Gheg-Albanian-bʱ-dʱ-ɡ́ʱ,,index_diachronica_original.html:4969,False,unknown_character,False,True,,,unknown_character,,,,"Syntax Error: Unknown character '́' | bʱ dʱ ɡ́(ʱ) | ^ @ Rule 1, Line 1",,,,input
17.1.1,Proto-Indo-European to Gheg Albanian,Gheg-Albanian-s_3,,index_diachronica_original.html:4976,False,expected_underscore,True,True,False,,,,expected_underscore,,,,"Syntax Error: Expected '_', but received ',' | sometimes, involving | ^ @ Rule 1, Line 1",,env
17.1.2,Proto-Indo-European to Tosk Albanian,Tosk-Albanian-kʷ,,index_diachronica_original.html:5003,False,syntax_other,True,True,False,,,,unknown_grouping,,,,"Syntax Error: Unknown grouping 'E'. Known groupings are (C)onsonant, (O)bstruent, (S)onorant, (P)losive, (F)ricative, (L)iquid, (N)asal, (G)lide, and (V)owel | _E:[+stress]? | ^ @ Rule 1, Line 1",,env
17.1.2,Proto-Indo-European to Tosk Albanian,Tosk-Albanian-kʷ_2,,index_diachronica_original.html:5004,False,unknown_grouping,True,True,False,,,,unknown_grouping,,,,"Syntax Error: Unknown grouping 'B'. Known groupings are (C)onsonant, (O)bstruent, (S)onorant, (P)losive, (F)ricative, (L)iquid, (N)asal, (G)lide, and (V)owel | _B? | ^ @ Rule 1, Line 1",,env
17.1.2,Proto-Indo-European to Tosk Albanian,Tosk-Albanian-kʷ_3,,index_diachronica_original.html:5005,False,unknown_grouping,True,True,,False,,,,unknown_grouping,,,,"Syntax Error: Unknown grouping 'B'. Known groupings are (C)onsonant, (O)bstruent, (S)onorant, (P)losive, (F)ricative, (L)iquid, (N)asal, (G)lide, and (V)owel | _B? | ^ @ Rule 1, Line 1",exception
17.1.2,Proto-Indo-European to Tosk Albanian,Tosk-Albanian-ɡ́ʱ,,index_diachronica_original.html:5006,False,unknown_character,False,True,True,,unknown_character,,,,"Syntax Error: Unknown character '́' | ɡ́(ʱ) | ^ @ Rule 1, Line 1",,,,input
17.1.2,Proto-Indo-European to Tosk Albanian,Tosk-Albanian-bʱ-dʱ-ɡ́ʱ,,index_diachronica_original.html:5008,False,unknown_character,False,True,,,unknown_character,,,,"Syntax Error: Unknown character '́' | bʱ dʱ ɡ́(ʱ) | ^ @ Rule 1, Line 1",,,,input
17.1.2,Proto-Indo-European to Tosk Albanian,Tosk-Albanian-s_3,,index_diachronica_original.html:5015,False,expected_underscore,True,True,False,,,,expected_underscore,,,,"Syntax Error: Expected '_', but received ',' | sometimes, involving | ^ @ Rule 1, Line 1",,env
17.2,Proto-Indo-European to Common Anatolian,Common-Anatolian-Dʱ,,index_diachronica_original.html:5037,False,prose_or_expected_arrow,False,False,,,unknown_grouping,unknown_grouping,,,"Syntax Error: Unknown grouping 'D'. Known groupings are (C)onsonant, (O)bstruent, (S)onorant, (P)losive, (F)ricative, (L)iquid, (N)asal, (G)lide, and (V)owel | Dʱ | ^ @ Rule 1, Line 1","Syntax Error: Unknown grouping 'D'. Known groupings are (C)onsonant, (O)bstruent, (S)onorant, (P)losive, (F)ricative, (L)iquid, (N)asal, (G)lide, and (V)owel | D | ^ @ Rule 1, Line 1",,,input|output
17.2,Proto-Indo-European to Common Anatolian,Common-Anatolian-T-h2_3,,index_diachronica_original.html:5043,False,unknown_character,False,False,False,,unknown_character,unknown_character,unknown_character,,"Syntax Error: Unknown character '₂' | T h₂ | ^ @ Rule 1, Line 1","Syntax Error: Unknown character '₃' | D h₃ | ^ @ Rule 1, Line 1","Syntax Error: Unknown character 'ː' | V:[+stress]ː | ^ @ Rule 1, Line 1",,input|output|env
17.2,Proto-Indo-European to Common Anatolian,Common-Anatolian-T-h2_4,,index_diachronica_original.html:5044,False,expected_underscore,False,False,False,,unknown_character,unknown_character,unknown_grouping,,"Syntax Error: Unknown character '₂' | T h₂ | ^ @ Rule 1, Line 1","Syntax Error: Unknown character '₃' | D h₃ | ^ @ Rule 1, Line 1","Syntax Error: Unknown grouping 'W'. Known groupings are (C)onsonant, (O)bstruent, (S)onorant, (P)losive, (F)ricative, (L)iquid, (N)asal, (G)lide, and (V)owel | W:[+stress] | ^ @ Rule 1, Line 1",,input|output|env
17.2,Proto-Indo-European to Common Anatolian,Common-Anatolian-t,,index_diachronica_original.html:5045,False,expected_underscore,True,True,False,,,,expected_underscore,,,,"Syntax Error: Expected '_', but received '' | j | ^ @ Rule 1, Line 1",,env
17.2,Proto-Indo-European to Common Anatolian,"Common-Anatolian-h1,h3s,sh1,h3",,index_diachronica_original.html:5048,False,nested_brackets,False,False,,,nested_brackets,unknown_character,,,"Syntax Error: Cannot have nested brackets of the same type | {{h₁,h₃}s,s{h₁,h₃}} | ^ @ Rule 1, Line 1","Syntax Error: Unknown character 'ː' | sː | ^ @ Rule 1, Line 1",,,input|output
17.2.1,Common Anatolian to Hittite,Hittite-D-T,,index_diachronica_original.html:5053,False,unknown_feature,False,False,True,,unknown_grouping,unknown_feature,,,"Syntax Error: Unknown grouping 'D'. Known groupings are (C)onsonant, (O)bstruent, (S)onorant, (P)losive, (F)ricative, (L)iquid, (N)asal, (G)lide, and (V)owel | D T | ^ @ Rule 1, Line 1","Syntax Error: Unknown feature 'lenis'. Did you mean tens? | T T[+lenis] | ^^^^^^ @ Rule 1, Line 1",,,input|output
17.2.1,Common Anatolian to Hittite,Hittite-T-D,,index_diachronica_original.html:5054,False,unknown_feature,False,False,,,unknown_grouping,unknown_feature,,,"Syntax Error: Unknown grouping 'T'. Known groupings are (C)onsonant, (O)bstruent, (S)onorant, (P)losive, (F)ricative, (L)iquid, (N)asal, (G)lide, and (V)owel | T D | ^ @ Rule 1, Line 1","Syntax Error: Unknown feature 'fortis'. Did you mean contin? | T[+fortis] T[+lenis] | ^^^^^^^ @ Rule 1, Line 1",,,input|output
17.2.1,Common Anatolian to Hittite,Hittite-V,,index_diachronica_original.html:5057,False,unknown_feature,True,False,False,,,unknown_character,unknown_feature,,,"Syntax Error: Unknown character 'ː' | Vː | ^ @ Rule 1, Line 1","Syntax Error: Unknown feature 'open'. Did you mean ten? | U:[+stress][+open] | ^^^^^ @ Rule 1, Line 1",,output|env
17.2.1,Common Anatolian to Hittite,Hittite-e-o,,index_diachronica_original.html:5058,False,expected_underscore,True,False,False,,,unknown_character,unknown_grouping,,,"Syntax Error: Unknown character 'ː' | eː oː | ^ @ Rule 1, Line 1","Syntax Error: Unknown grouping 'U'. Known groupings are (C)onsonant, (O)bstruent, (S)onorant, (P)losive, (F)ricative, (L)iquid, (N)asal, (G)lide, and (V)owel | U:[+stress][+stress] | ^ @ Rule 1, Line 1",,output|env
17.2.1,Common Anatolian to Hittite,Hittite-e,,index_diachronica_original.html:5060,False,unknown_feature,True,True,False,,,,unknown_feature,,,,"Syntax Error: Unknown feature 'closed'. Did you mean cons? | _{m,ŋ} when posttonic in U[+closed] or when pretonic | ^^^^^^^ @ Rule 1, Line 1",,env
17.2.1,Common Anatolian to Hittite,Hittite-e_2,,index_diachronica_original.html:5061,False,unknown_feature,True,True,False,,,,unknown_feature,,,,"Syntax Error: Unknown feature 'open'. Did you mean ten? | _n in U[+open +posttonic] | ^^^^^^ @ Rule 1, Line 1",,env
17.2.2,Common Anatolian to Luwian,Luwian-D-T,,index_diachronica_original.html:5073,False,unknown_feature,False,False,True,,unknown_grouping,unknown_feature,,,"Syntax Error: Unknown grouping 'D'. Known groupings are (C)onsonant, (O)bstruent, (S)onorant, (P)losive, (F)ricative, (L)iquid, (N)asal, (G)lide, and (V)owel | D T | ^ @ Rule 1, Line 1","Syntax Error: Unknown feature 'lenis'. Did you mean tens? | T T[+lenis] | ^^^^^^ @ Rule 1, Line 1",,,input|output
17.2.2,Common Anatolian to Luwian,Luwian-T-D,,index_diachronica_original.html:5074,False,unknown_feature,False,False,,,unknown_grouping,unknown_feature,,,"Syntax Error: Unknown grouping 'T'. Known groupings are (C)onsonant, (O)bstruent, (S)onorant, (P)losive, (F)ricative, (L)iquid, (N)asal, (G)lide, and (V)owel | T D | ^ @ Rule 1, Line 1","Syntax Error: Unknown feature 'fortis'. Did you mean contin? | T[+fortis] T[+lenis] | ^^^^^^^ @ Rule 1, Line 1",,,input|output
17.2.2,Common Anatolian to Luwian,Luwian-V,,index_diachronica_original.html:5085,False,unknown_feature,True,False,False,,,unknown_character,unknown_feature,,,"Syntax Error: Unknown character 'ː' | Vː | ^ @ Rule 1, Line 1","Syntax Error: Unknown feature 'open'. Did you mean ten? | U:[+stress][+open] | ^^^^^ @ Rule 1, Line 1",,output|env
17.2.2,Common Anatolian to Luwian,Luwian-V_2,,index_diachronica_original.html:5086,False,expected_underscore,True,False,False,,,unknown_character,unknown_grouping,,,"Syntax Error: Unknown character 'ː' | Vː | ^ @ Rule 1, Line 1","Syntax Error: Unknown grouping 'U'. Known groupings are (C)onsonant, (O)bstruent, (S)onorant, (P)losive, (F)ricative, (L)iquid, (N)asal, (G)lide, and (V)owel | #U:[+stress] | ^ @ Rule 1, Line 1",,output|env
17.2.2,Common Anatolian to Luwian,Luwian-hh-h,,index_diachronica_original.html:5090,False,unknown_character,True,False,False,,,syntax_other,unknown_character,,,"Syntax Error: Expected end of line, received '∅'. Did you forget a '/' between the output and environment? | h ∅ | ^ @ Rule 1, Line 1","Syntax Error: Unknown character 'ː' | V:[+stress]ː_u | ^ @ Rule 1, Line 1",,output|env
17.2.2,Common Anatolian to Luwian,Luwian-hh-h_2,,index_diachronica_original.html:5091,False,unknown_character,True,False,False,,,syntax_other,unknown_character,,,"Syntax Error: Expected end of line, received '∅'. Did you forget a '/' between the output and environment? | h ∅ | ^ @ Rule 1, Line 1","Syntax Error: Unknown character 'ː' | u_V:[+stress]ː | ^ @ Rule 1, Line 1",,output|env
17.2.2,Common Anatolian to Luwian,Luwian-D-R,,index_diachronica_original.html:5094,False,unknown_feature,False,False,False,,unknown_grouping,unknown_character,unknown_feature,,"Syntax Error: Unknown grouping 'D'. Known groupings are (C)onsonant, (O)bstruent, (S)onorant, (P)losive, (F)ricative, (L)iquid, (N)asal, (G)lide, and (V)owel | D R | ^ @ Rule 1, Line 1","Syntax Error: Unknown character 'ː' | Dː Rː | ^ @ Rule 1, Line 1","Syntax Error: Unknown feature 'open'. Did you mean ten? | e:[+stress]_ in U[+open] | ^^^^^ @ Rule 1, Line 1",,input|output|env
17.2.3,Common Anatolian to Lycian,Lycian-D_2,,index_diachronica_original.html:5101,False,runtime_other,False,True,,,unknown_grouping,,,,"Syntax Error: Unknown grouping 'D'. Known groupings are (C)onsonant, (O)bstruent, (S)onorant, (P)losive, (F)ricative, (L)iquid, (N)asal, (G)lide, and (V)owel | D | ^ @ Rule 1, Line 1",,,,input
17.2.3,Common Anatolian to Lycian,"Lycian-NF+voice,T",,index_diachronica_original.html:5102,False,unknown_grouping,False,False,,,unknown_grouping,unknown_grouping,,,"Syntax Error: Unknown grouping 'T'. Known groupings are (C)onsonant, (O)bstruent, (S)onorant, (P)losive, (F)ricative, (L)iquid, (N)asal, (G)lide, and (V)owel | N{F[+voice],T} | ^ @ Rule 1, Line 1","Syntax Error: Unknown grouping 'D'. Known groupings are (C)onsonant, (O)bstruent, (S)onorant, (P)losive, (F)ricative, (L)iquid, (N)asal, (G)lide, and (V)owel | nD | ^ @ Rule 1, Line 1",,,input|output
17.2.3,Common Anatolian to Lycian,Lycian-kʷ_2,,index_diachronica_original.html:5105,False,unknown_grouping,True,True,False,,,,unknown_grouping,,,,"Syntax Error: Unknown grouping 'E'. Known groupings are (C)onsonant, (O)bstruent, (S)onorant, (P)losive, (F)ricative, (L)iquid, (N)asal, (G)lide, and (V)owel | _E, in Milyan | ^ @ Rule 1, Line 1",,env
17.2.3,Common Anatolian to Lycian,"Lycian-ɡ́,ɡ",,index_diachronica_original.html:5106,False,unknown_character,False,True,False,,unknown_character,,unknown_character,,"Syntax Error: Unknown character '́' | {ɡ́,ɡ} | ^ @ Rule 1, Line 1",,"Syntax Error: Unknown character 'ː' | _e(ː) | ^ @ Rule 1, Line 1",,input|env
17.2.3,Common Anatolian to Lycian,"Lycian-ɡ́,ɡ_2",,index_diachronica_original.html:5107,False,unknown_character,False,True,False,,unknown_character,,unknown_character,,"Syntax Error: Unknown character '́' | {ɡ́,ɡ} | ^ @ Rule 1, Line 1",,"Syntax Error: Unknown character 'ː' | _i(ː) | ^ @ Rule 1, Line 1",,input|env
17.2.3,Common Anatolian to Lycian,Lycian-e_2,,index_diachronica_original.html:5122,False,syntax_other,True,True,False,,,,syntax_other,,,,"Syntax Error: Expected ASCII character, but received ',' | _U[+u,a] | ^ @ Rule 1, Line 1",,env
17.2.3,Common Anatolian to Lycian,Lycian-a,,index_diachronica_original.html:5123,False,syntax_other,True,True,False,,,,syntax_other,,,,"Syntax Error: Expected ASCII character, but received ',' | _U[+e,i] | ^ @ Rule 1, Line 1",,env
17.2.4,Common Anatolian to Lydian,"Lydian-e,a,o",,index_diachronica_original.html:5146,False,unknown_feature,True,False,False,,,unknown_character,unknown_feature,,,"Syntax Error: Unknown character 'ː' | eː | ^ @ Rule 1, Line 1","Syntax Error: Unknown feature 'closed'. Did you mean cons? | _N in U:[+stress][+closed] | ^^^^^^^ @ Rule 1, Line 1",,output|env
17.2.4,Common Anatolian to Lydian,"Lydian-e,a,o_2",,index_diachronica_original.html:5147,False,unknown_feature,True,False,False,,,unknown_character,unknown_feature,,,"Syntax Error: Unknown character 'ː' | aː | ^ @ Rule 1, Line 1","Syntax Error: Unknown feature 'open'. Did you mean ten? | _N in U:[+stress][+open] | ^^^^^ @ Rule 1, Line 1",,output|env
17.2.4,Common Anatolian to Lydian,"Lydian-e,o",,index_diachronica_original.html:5148,False,expected_underscore,True,True,False,,,,unknown_grouping,,,,"Syntax Error: Unknown grouping 'U'. Known groupings are (C)onsonant, (O)bstruent, (S)onorant, (P)losive, (F)ricative, (L)iquid, (N)asal, (G)lide, and (V)owel | U[-stress] | ^ @ Rule 1, Line 1",,env
17.2.5,Common Anatolian to Palaic,Palaic-D-T,,index_diachronica_original.html:5157,False,unknown_feature,False,False,True,,unknown_grouping,unknown_feature,,,"Syntax Error: Unknown grouping 'D'. Known groupings are (C)onsonant, (O)bstruent, (S)onorant, (P)losive, (F)ricative, (L)iquid, (N)asal, (G)lide, and (V)owel | D T | ^ @ Rule 1, Line 1","Syntax Error: Unknown feature 'lenis'. Did you mean tens? | T T[+lenis] | ^^^^^^ @ Rule 1, Line 1",,,input|output
17.2.5,Common Anatolian to Palaic,Palaic-T-D,,index_diachronica_original.html:5158,False,unknown_feature,False,False,,,unknown_grouping,unknown_feature,,,"Syntax Error: Unknown grouping 'T'. Known groupings are (C)onsonant, (O)bstruent, (S)onorant, (P)losive, (F)ricative, (L)iquid, (N)asal, (G)lide, and (V)owel | T D | ^ @ Rule 1, Line 1","Syntax Error: Unknown feature 'fortis'. Did you mean contin? | T[+fortis] T[+lenis] | ^^^^^^^ @ Rule 1, Line 1",,,input|output
17.2.5,Common Anatolian to Palaic,Palaic-V,,index_diachronica_original.html:5161,False,unknown_feature,True,False,False,,,unknown_character,unknown_feature,,,"Syntax Error: Unknown character 'ː' | Vː | ^ @ Rule 1, Line 1","Syntax Error: Unknown feature 'open'. Did you mean ten? | U:[+stress][+open] | ^^^^^ @ Rule 1, Line 1",,output|env
17.2.5,Common Anatolian to Palaic,Palaic-e,,index_diachronica_original.html:5162,False,expected_underscore,True,True,False,,,,expected_underscore,,,,"Syntax Error: Expected '_', but received '' | pretonic | ^ @ Rule 1, Line 1",,env
17.2.5,Common Anatolian to Palaic,Palaic-e_2,,index_diachronica_original.html:5163,False,unknown_feature,True,True,False,,,,unknown_feature,,,,"Syntax Error: Unknown feature 'open'. Did you mean ten? | posttonic in U[+open] | ^^^^^ @ Rule 1, Line 1",,env
17.2.5,Common Anatolian to Palaic,Palaic-a-e,,index_diachronica_original.html:5165,False,unknown_feature,True,False,False,,,unknown_character,unknown_feature,,,"Syntax Error: Unknown character 'ː' | aː eː | ^ @ Rule 1, Line 1","Syntax Error: Unknown feature 'closed'. Did you mean cons? | U:[+stress][+closed] | ^^^^^^^ @ Rule 1, Line 1",,output|env
17.2.5,Common Anatolian to Palaic,Palaic-hhy,,index_diachronica_original.html:5168,False,syntax_other,True,False,,,,syntax_other,,,,"Syntax Error: Output cannot be empty. Use `*` or '∅' to indicate deletion | | ^ @ Rule 1, Line 1",,,output
17.2.5,Common Anatolian to Palaic,Palaic-h,,index_diachronica_original.html:5169,False,unknown_character,True,True,False,,,,unknown_character,,,,"Syntax Error: Unknown character 'ː' | V:[+stress]ː_u | ^ @ Rule 1, Line 1",,env
17.2.5,Common Anatolian to Palaic,Palaic-h_2,,index_diachronica_original.html:5170,False,unknown_character,True,True,False,,,,unknown_character,,,,"Syntax Error: Unknown character 'ː' | u_V:[+stress]ː | ^ @ Rule 1, Line 1",,env
17.3.1,Proto-Indo-European to Artsakh Armenian,"Artsakh-Armenian-i,u",,index_diachronica_original.html:5188,False,expected_underscore,True,True,False,,,,expected_underscore,,,,"Syntax Error: Expected '_', but received '' | some unstressed syllables | ^ @ Rule 1, Line 1",,env
17.3.1,Proto-Indo-European to Artsakh Armenian,Artsakh-Armenian-ɡ́,,index_diachronica_original.html:5195,False,unknown_character,False,True,,,unknown_character,,,,"Syntax Error: Unknown character '́' | ɡ́ | ^ @ Rule 1, Line 1",,,,input
17.3.1,Proto-Indo-European to Artsakh Armenian,Artsakh-Armenian-bʱ-dʱ-ɡ́ʱ-ɡʷʱ,,index_diachronica_original.html:5197,False,unknown_character,False,True,True,,unknown_character,,,,"Syntax Error: Unknown character '́' | bʱ dʱ ɡ́ʱ ɡʷʱ | ^ @ Rule 1, Line 1",,,,input
17.3.1,Proto-Indo-European to Artsakh Armenian,Artsakh-Armenian-bʱ-dʱ-ɡ́ʱ-ɡʱ-ɡʷʱ,,index_diachronica_original.html:5198,False,unknown_character,False,True,,,unknown_character,,,,"Syntax Error: Unknown character '́' | bʱ dʱ ɡ́ʱ ɡʱ ɡʷʱ | ^ @ Rule 1, Line 1",,,,input
17.3.1,Proto-Indo-European to Artsakh Armenian,Artsakh-Armenian-VN,,index_diachronica_original.html:5208,False,expected_underscore,,,,,,,,,,,,,multi
17.3.1,Proto-Indo-European to Artsakh Armenian,Artsakh-Armenian-N_2,,index_diachronica_original.html:5209,False,expected_underscore,True,True,False,,,,expected_underscore,,,,"Syntax Error: Expected '_', but received '' | _#, in monosyllables | ^ @ Rule 1, Line 1",,env
17.3.1,Proto-Indo-European to Artsakh Armenian,Artsakh-Armenian-N̩,,index_diachronica_original.html:5210,False,prose_or_expected_arrow,False,True,True,,syntax_other,,,,"Syntax Error: Expected end of line, received '̩'. Did you forget a '/' between the output and environment? | N̩ | ^ @ Rule 1, Line 1",,,,input
17.3.1,Proto-Indo-European to Artsakh Armenian,Artsakh-Armenian-V,,index_diachronica_original.html:5212,False,syntax_other,True,False,True,,,syntax_other,,,,"Syntax Error: Output cannot be empty. Use `*` or '∅' to indicate deletion | | ^ @ Rule 1, Line 1",,,output
17.3.2,Proto-Indo-European to Erevan Armenian,"Erevan-Armenian-i,u",,index_diachronica_original.html:5225,False,expected_underscore,True,True,False,,,,expected_underscore,,,,"Syntax Error: Expected '_', but received '' | some unstressed syllables | ^ @ Rule 1, Line 1",,env
17.3.2,Proto-Indo-European to Erevan Armenian,Erevan-Armenian-ɡ́,,index_diachronica_original.html:5232,False,unknown_character,False,True,,,unknown_character,,,,"Syntax Error: Unknown character '́' | ɡ́ | ^ @ Rule 1, Line 1",,,,input
17.3.2,Proto-Indo-European to Erevan Armenian,Erevan-Armenian-bʱ-dʱ-ɡ́ʱ-ɡʱ-ɡʷʱ,,index_diachronica_original.html:5235,False,unknown_character,False,True,,,unknown_character,,,,"Syntax Error: Unknown character '́' | bʱ dʱ ɡ́ʱ ɡʱ ɡʷʱ | ^ @ Rule 1, Line 1",,,,input
17.3.2,Proto-Indo-European to Erevan Armenian,Erevan-Armenian-VN,,index_diachronica_original.html:5245,False,expected_underscore,,,,,,,,,,,,,multi
17.3.2,Proto-Indo-European to Erevan Armenian,Erevan-Armenian-N_2,,index_diachronica_original.html:5246,False,expected_underscore,True,True,False,,,,expected_underscore,,,,"Syntax Error: Expected '_', but received '' | _#, in monosyllables | ^ @ Rule 1, Line 1",,env
17.3.2,Proto-Indo-European to Erevan Armenian,Erevan-Armenian-N̩,,index_diachronica_original.html:5247,False,prose_or_expected_arrow,False,True,True,,syntax_other,,,,"Syntax Error: Expected end of line, received '̩'. Did you forget a '/' between the output and environment? | N̩ | ^ @ Rule 1, Line 1",,,,input
17.3.2,Proto-Indo-European to Erevan Armenian,Erevan-Armenian-V,,index_diachronica_original.html:5249,False,syntax_other,True,False,True,,,syntax_other,,,,"Syntax Error: Output cannot be empty. Use `*` or '∅' to indicate deletion | | ^ @ Rule 1, Line 1",,,output
17.3.3,Proto-Indo-European to Istanbul Armenian,"Istanbul-Armenian-i,u",,index_diachronica_original.html:5262,False,expected_underscore,True,True,False,,,,expected_underscore,,,,"Syntax Error: Expected '_', but received '' | some unstressed syllables | ^ @ Rule 1, Line 1",,env
17.3.3,Proto-Indo-European to Istanbul Armenian,Istanbul-Armenian-ɡ́,,index_diachronica_original.html:5268,False,unknown_character,False,True,,,unknown_character,,,,"Syntax Error: Unknown character '́' | ɡ́ | ^ @ Rule 1, Line 1",,,,input
17.3.3,Proto-Indo-European to Istanbul Armenian,Istanbul-Armenian-bʱ-ɡ́ʱ-ɡʷʱ,,index_diachronica_original.html:5271,False,unknown_character,False,True,True,,unknown_character,,,,"Syntax Error: Unknown character '́' | bʱ ɡ́ʱ ɡ(ʷ)ʱ | ^ @ Rule 1, Line 1",,,,input
17.3.3,Proto-Indo-European to Istanbul Armenian,Istanbul-Armenian-bʱ-dʱ-ɡ́ʱ-ɡʱ-ɡʷʱ,,index_diachronica_original.html:5272,False,unknown_character,False,True,,,unknown_character,,,,"Syntax Error: Unknown character '́' | bʱ dʱ ɡ́ʱ ɡʱ ɡʷʱ | ^ @ Rule 1, Line 1",,,,input
17.3.3,Proto-Indo-European to Istanbul Armenian,Istanbul-Armenian-VN,,index_diachronica_original.html:5282,False,expected_underscore,,,,,,,,,,,,,multi
17.3.3,Proto-Indo-European to Istanbul Armenian,Istanbul-Armenian-N_2,,index_diachronica_original.html:5283,False,expected_underscore,True,True,False,,,,expected_underscore,,,,"Syntax Error: Expected '_', but received '' | _#, in monosyllables | ^ @ Rule 1, Line 1",,env
17.3.3,Proto-Indo-European to Istanbul Armenian,Istanbul-Armenian-N̩,,index_diachronica_original.html:5284,False,prose_or_expected_arrow,False,True,True,,syntax_other,,,,"Syntax Error: Expected end of line, received '̩'. Did you forget a '/' between the output and environment? | N̩ | ^ @ Rule 1, Line 1",,,,input
17.3.3,Proto-Indo-European to Istanbul Armenian,Istanbul-Armenian-V,,index_diachronica_original.html:5286,False,syntax_other,True,False,True,,,syntax_other,,,,"Syntax Error: Output cannot be empty. Use `*` or '∅' to indicate deletion | | ^ @ Rule 1, Line 1",,,output
17.3.4,Proto-Indo-European to Kharpert Armenian,"Kharpert-Armenian-i,u",,index_diachronica_original.html:5299,False,expected_underscore,True,True,False,,,,expected_underscore,,,,"Syntax Error: Expected '_', but received '' | some unstressed syllables | ^ @ Rule 1, Line 1",,env
17.3.4,Proto-Indo-European to Kharpert Armenian,Kharpert-Armenian-ɡ́,,index_diachronica_original.html:5306,False,unknown_character,False,True,,,unknown_character,,,,"Syntax Error: Unknown character '́' | ɡ́ | ^ @ Rule 1, Line 1",,,,input
17.3.4,Proto-Indo-European to Kharpert Armenian,Kharpert-Armenian-bʱ-dʱ-ɡ́ʱ-ɡʷʱ,,index_diachronica_original.html:5308,False,unknown_character,False,True,True,,unknown_character,,,,"Syntax Error: Unknown character '́' | bʱ dʱ ɡ́ʱ ɡ(ʷ)ʱ | ^ @ Rule 1, Line 1",,,,input
17.3.4,Proto-Indo-European to Kharpert Armenian,Kharpert-Armenian-bʱ-dʱ-ɡ́ʱ-ɡʱ-ɡʷʱ,,index_diachronica_original.html:5309,False,unknown_character,False,True,,,unknown_character,,,,"Syntax Error: Unknown character '́' | bʱ dʱ ɡ́ʱ ɡʱ ɡʷʱ | ^ @ Rule 1, Line 1",,,,input
17.3.4,Proto-Indo-European to Kharpert Armenian,Kharpert-Armenian-VN,,index_diachronica_original.html:5319,False,expected_underscore,,,,,,,,,,,,,multi
17.3.4,Proto-Indo-European to Kharpert Armenian,Kharpert-Armenian-N_2,,index_diachronica_original.html:5320,False,expected_underscore,True,True,False,,,,expected_underscore,,,,"Syntax Error: Expected '_', but received '' | _#, in monosyllables | ^ @ Rule 1, Line 1",,env
17.3.4,Proto-Indo-European to Kharpert Armenian,Kharpert-Armenian-N̩,,index_diachronica_original.html:5321,False,prose_or_expected_arrow,False,True,True,,syntax_other,,,,"Syntax Error: Expected end of line, received '̩'. Did you forget a '/' between the output and environment? | N̩ | ^ @ Rule 1, Line 1",,,,input
17.3.4,Proto-Indo-European to Kharpert Armenian,Kharpert-Armenian-V,,index_diachronica_original.html:5323,False,syntax_other,True,False,True,,,syntax_other,,,,"Syntax Error: Output cannot be empty. Use `*` or '∅' to indicate deletion | | ^ @ Rule 1, Line 1",,,output
17.3.5,Proto-Indo-European to Sebastia Armenian,"Sebastia-Armenian-i,u",,index_diachronica_original.html:5336,False,expected_underscore,True,True,False,,,,expected_underscore,,,,"Syntax Error: Expected '_', but received '' | some unstressed syllables | ^ @ Rule 1, Line 1",,env
17.3.5,Proto-Indo-European to Sebastia Armenian,Sebastia-Armenian-ɡ́,,index_diachronica_original.html:5343,False,unknown_character,False,True,,,unknown_character,,,,"Syntax Error: Unknown character '́' | ɡ́ | ^ @ Rule 1, Line 1",,,,input
17.3.5,Proto-Indo-European to Sebastia Armenian,Sebastia-Armenian-bʱ-dʱ-ɡ́ʱ-ɡʱ-ɡʷʱ,,index_diachronica_original.html:5345,False,unknown_character,False,True,,True,unknown_character,,,,"Syntax Error: Unknown character '́' | bʱ dʱ ɡ́ʱ ɡʱ ɡʷʱ | ^ @ Rule 1, Line 1",,,,input
17.3.5,Proto-Indo-European to Sebastia Armenian,Sebastia-Armenian-VN,,index_diachronica_original.html:5355,False,expected_underscore,,,,,,,,,,,,,multi
17.3.5,Proto-Indo-European to Sebastia Armenian,Sebastia-Armenian-N_2,,index_diachronica_original.html:5356,False,expected_underscore,True,True,False,,,,expected_underscore,,,,"Syntax Error: Expected '_', but received '' | _#, in monosyllables | ^ @ Rule 1, Line 1",,env
17.3.5,Proto-Indo-European to Sebastia Armenian,Sebastia-Armenian-N̩,,index_diachronica_original.html:5357,False,prose_or_expected_arrow,False,True,True,,syntax_other,,,,"Syntax Error: Expected end of line, received '̩'. Did you forget a '/' between the output and environment? | N̩ | ^ @ Rule 1, Line 1",,,,input
17.3.5,Proto-Indo-European to Sebastia Armenian,Sebastia-Armenian-V,,index_diachronica_original.html:5359,False,syntax_other,True,False,True,,,syntax_other,,,,"Syntax Error: Output cannot be empty. Use `*` or '∅' to indicate deletion | | ^ @ Rule 1, Line 1",,,output
17.3.6,Proto-Indo-European to Southeast Armenian,"Southeast-Armenian-i,u",,index_diachronica_original.html:5372,False,expected_underscore,True,True,False,,,,expected_underscore,,,,"Syntax Error: Expected '_', but received '' | some unstressed syllables | ^ @ Rule 1, Line 1",,env
17.3.6,Proto-Indo-European to Southeast Armenian,Southeast-Armenian-ɡ́,,index_diachronica_original.html:5379,False,unknown_character,False,True,,,unknown_character,,,,"Syntax Error: Unknown character '́' | ɡ́ | ^ @ Rule 1, Line 1",,,,input
17.3.6,Proto-Indo-European to Southeast Armenian,Southeast-Armenian-bʱ-ɡ́ʱ-ɡʷʱ,,index_diachronica_original.html:5382,False,unknown_character,False,True,True,,unknown_character,,,,"Syntax Error: Unknown character '́' | bʱ ɡ́ʱ ɡʷʱ | ^ @ Rule 1, Line 1",,,,input
17.3.6,Proto-Indo-European to Southeast Armenian,Southeast-Armenian-bʱ-dʱ-ɡ́ʱ-ɡʱ-ɡʷʱ,,index_diachronica_original.html:5383,False,unknown_character,False,True,True,,unknown_character,,,,"Syntax Error: Unknown character '́' | bʱ dʱ ɡ́ʱ ɡʱ ɡ(ʷ)ʱ | ^ @ Rule 1, Line 1",,,,input
17.3.6,Proto-Indo-European to Southeast Armenian,Southeast-Armenian-bʱ-dʱ-ɡ́ʱ-ɡʱ-ɡʷʱ_2,,index_diachronica_original.html:5384,False,unknown_character,False,True,,,unknown_character,,,,"Syntax Error: Unknown character '́' | bʱ dʱ ɡ́ʱ ɡʱ ɡʷʱ | ^ @ Rule 1, Line 1",,,,input
17.3.6,Proto-Indo-European to Southeast Armenian,Southeast-Armenian-VN,,index_diachronica_original.html:5394,False,expected_underscore,,,,,,,,,,,,,multi
17.3.6,Proto-Indo-European to Southeast Armenian,Southeast-Armenian-N_2,,index_diachronica_original.html:5395,False,expected_underscore,True,True,False,,,,expected_underscore,,,,"Syntax Error: Expected '_', but received '' | _#, in monosyllables | ^ @ Rule 1, Line 1",,env
17.3.6,Proto-Indo-European to Southeast Armenian,Southeast-Armenian-N̩,,index_diachronica_original.html:5396,False,prose_or_expected_arrow,False,True,True,,syntax_other,,,,"Syntax Error: Expected end of line, received '̩'. Did you forget a '/' between the output and environment? | N̩ | ^ @ Rule 1, Line 1",,,,input
17.3.6,Proto-Indo-European to Southeast Armenian,Southeast-Armenian-V,,index_diachronica_original.html:5398,False,syntax_other,True,False,True,,,syntax_other,,,,"Syntax Error: Output cannot be empty. Use `*` or '∅' to indicate deletion | | ^ @ Rule 1, Line 1",,,output
17.3.7,Proto-Indo-European to Southwest Armenian,"Southwest-Armenian-i,u",,index_diachronica_original.html:5411,False,expected_underscore,True,True,False,,,,expected_underscore,,,,"Syntax Error: Expected '_', but received '' | some unstressed syllables | ^ @ Rule 1, Line 1",,env
17.3.7,Proto-Indo-European to Southwest Armenian,Southwest-Armenian-ɡ́,,index_diachronica_original.html:5418,False,unknown_character,False,True,,,unknown_character,,,,"Syntax Error: Unknown character '́' | ɡ́ | ^ @ Rule 1, Line 1",,,,input
17.3.7,Proto-Indo-European to Southwest Armenian,Southwest-Armenian-bʱ-ɡ́ʱ-ɡʷʱ,,index_diachronica_original.html:5421,False,unknown_character,False,True,True,,unknown_character,,,,"Syntax Error: Unknown character '́' | bʱ ɡ́ʱ ɡʷʱ | ^ @ Rule 1, Line 1",,,,input
17.3.7,Proto-Indo-European to Southwest Armenian,Southwest-Armenian-bʱ-dʱ-ɡ́ʱ-ɡʱ-ɡʷʱ,,index_diachronica_original.html:5422,False,unknown_character,False,True,,,unknown_character,,,,"Syntax Error: Unknown character '́' | bʱ dʱ ɡ́ʱ ɡʱ ɡʷʱ | ^ @ Rule 1, Line 1",,,,input
17.3.7,Proto-Indo-European to Southwest Armenian,Southwest-Armenian-VN,,index_diachronica_original.html:5432,False,expected_underscore,,,,,,,,,,,,,multi
17.3.7,Proto-Indo-European to Southwest Armenian,Southwest-Armenian-N_2,,index_diachronica_original.html:5433,False,expected_underscore,True,True,False,,,,expected_underscore,,,,"Syntax Error: Expected '_', but received '' | _#, in monosyllables | ^ @ Rule 1, Line 1",,env
17.3.7,Proto-Indo-European to Southwest Armenian,Southwest-Armenian-N̩,,index_diachronica_original.html:5434,False,prose_or_expected_arrow,False,True,True,,syntax_other,,,,"Syntax Error: Expected end of line, received '̩'. Did you forget a '/' between the output and environment? | N̩ | ^ @ Rule 1, Line 1",,,,input
17.3.7,Proto-Indo-European to Southwest Armenian,Southwest-Armenian-V,,index_diachronica_original.html:5436,False,syntax_other,True,False,True,,,syntax_other,,,,"Syntax Error: Output cannot be empty. Use `*` or '∅' to indicate deletion | | ^ @ Rule 1, Line 1",,,output
17.4.1,Proto-Indo-European to Avestan,Avestan_2-bʱ-dʱ-ɡ́ʱ,,index_diachronica_original.html:5445,False,unknown_character,False,True,,,unknown_character,,,,"Syntax Error: Unknown character '́' | bʱ dʱ ɡ́ʱ | ^ @ Rule 1, Line 1",,,,input
17.4.1,Proto-Indo-European to Avestan,Avestan_2-ḱ-ɡ́,,index_diachronica_original.html:5446,False,unknown_character,False,True,,,unknown_character,,,,"Syntax Error: Unknown character '́' | kʲ ɡ́ | ^ @ Rule 1, Line 1",,,,input
17.4.1,Proto-Indo-European to Avestan,Avestan_2-kʷ-ɡʷʱ,,index_diachronica_original.html:5447,False,syntax_other,False,True,False,,syntax_other,,unknown_grouping,,"Syntax Error: Expected an IPA character, Primative or Matrix, but received 'ʷ' | k(ʷ) ɡ(ʷ)(ʱ) | ^ @ Rule 1, Line 1",,"Syntax Error: Unknown grouping 'E'. Known groupings are (C)onsonant, (O)bstruent, (S)onorant, (P)losive, (F)ricative, (L)iquid, (N)asal, (G)lide, and (V)owel | _E | ^ @ Rule 1, Line 1",,input|env
17.4.1,Proto-Indo-European to Avestan,Avestan_2-k-kʷ-ɡʷʱ,,index_diachronica_original.html:5448,False,syntax_other,False,True,,False,syntax_other,,,unknown_grouping,"Syntax Error: Expected an IPA character, Primative or Matrix, but received 'ʷ' | k kʷ ɡ(ʷ)(ʱ) | ^ @ Rule 1, Line 1",,,"Syntax Error: Unknown grouping 'E'. Known groupings are (C)onsonant, (O)bstruent, (S)onorant, (P)losive, (F)ricative, (L)iquid, (N)asal, (G)lide, and (V)owel | _E | ^ @ Rule 1, Line 1",input|exception
17.4.1,Proto-Indo-European to Avestan,"Avestan_2-l̩,r̩",,index_diachronica_original.html:5454,False,nested_brackets,True,False,,,,nested_brackets,,,,"Syntax Error: Cannot have nested brackets of the same type | ər(ə(r)) | ^ @ Rule 1, Line 1",,,output
17.5,Proto-Indo-European to Proto-Celtic,Proto-Celtic-—-∅_2,,index_diachronica_original.html:5477,False,expected_underscore,False,True,False,,syntax_other,,expected_underscore,,"Syntax Error: The input of an insertion rule must only contain `*` or `∅` | ∅ | ^ @ Rule 1, Line 1",,"Syntax Error: Expected '_', but received '' | C{l,r}S | ^ @ Rule 1, Line 1",,input|env
17.5,Proto-Indo-European to Proto-Celtic,Proto-Celtic-—-e,,index_diachronica_original.html:5478,False,unknown_grouping,True,True,False,,,,unknown_grouping,,,,"Syntax Error: Unknown grouping 'R'. Known groupings are (C)onsonant, (O)bstruent, (S)onorant, (P)losive, (F)ricative, (L)iquid, (N)asal, (G)lide, and (V)owel | _Ra | ^ @ Rule 1, Line 1",,env
17.5,Proto-Indo-European to Proto-Celtic,Proto-Celtic-—-oː,,index_diachronica_original.html:5483,False,syntax_other,False,False,False,,unknown_character,unknown_character,unknown_grouping,,"Syntax Error: Unknown character 'ː' | oː | ^ @ Rule 1, Line 1","Syntax Error: Unknown character 'ː' | uː | ^ @ Rule 1, Line 1","Syntax Error: Unknown grouping 'U'. Known groupings are (C)onsonant, (O)bstruent, (S)onorant, (P)losive, (F)ricative, (L)iquid, (N)asal, (G)lide, and (V)owel | U# | ^ @ Rule 1, Line 1",,input|output|env
17.5,Proto-Indo-European to Proto-Celtic,Proto-Celtic-—-C1C2,,index_diachronica_original.html:5485,False,unknown_character,False,False,False,,unknown_character,unknown_character,unknown_character,,"Syntax Error: Unknown character '₁' | C₁C₂ | ^ @ Rule 1, Line 1","Syntax Error: Unknown character '₂' | xC₂ | ^ @ Rule 1, Line 1","Syntax Error: Unknown character '₂' | if C₂ was a plosive or s | ^ @ Rule 1, Line 1",,input|output|env
17.5.1,Proto-Indo-European to Old Irish,Old-Irish-m̩-n̩,,index_diachronica_original.html:5509,False,nested_brackets,True,True,False,,,,nested_brackets,,,,"Syntax Error: Cannot have nested brackets of the same type | _{s,({m,j,w})V} | ^ @ Rule 1, Line 1",,env
17.5.1,Proto-Indo-European to Old Irish,Old-Irish-m̩-n̩_2,,index_diachronica_original.html:5510,False,nested_brackets,True,True,,False,,,,nested_brackets,,,,"Syntax Error: Cannot have nested brackets of the same type | _{s,({m,j,w})V} | ^ @ Rule 1, Line 1",exception
17.5.1,Proto-Indo-European to Old Irish,Old-Irish-p-t-k-kʷ-b-d-ɡ-m-n-l-r-s,,index_diachronica_original.html:5521,False,unknown_grouping,True,False,False,,,unknown_grouping,unknown_grouping,,,"Syntax Error: Unknown grouping 'M'. Known groupings are (C)onsonant, (O)bstruent, (S)onorant, (P)losive, (F)ricative, (L)iquid, (N)asal, (G)lide, and (V)owel | f θ x xʷ v ð ɣ M N L R h | ^ @ Rule 1, Line 1","Syntax Error: Unknown grouping 'R'. Known groupings are (C)onsonant, (O)bstruent, (S)onorant, (P)losive, (F)ricative, (L)iquid, (N)asal, (G)lide, and (V)owel | V(#)_{R,V} | ^ @ Rule 1, Line 1",,output|env
17.5.1,Proto-Indo-European to Old Irish,Old-Irish-p-t-k-kʷ-b-d-ɡ-∅,,index_diachronica_original.html:5525,False,syntax_other,False,True,False,,syntax_other,,syntax_other,,"Syntax Error: Expected end of line, received '∅'. Did you forget a '/' between the output and environment? | p t k kʷ b d ɡ ∅ | ^ @ Rule 1, Line 1",,"Syntax Error: Cannot have segments before the beginning of a word | n#_V:[+stress] | ^ @ Rule 1, Line 1",,input|env
17.5.1,Proto-Indo-European to Old Irish,Old-Irish-—-o,,index_diachronica_original.html:5532,False,syntax_other,True,True,False,,,,syntax_other,,,,"Syntax Error: Expected an IPA character, Primative or Matrix, but received '(' | _{(C…),u}# | ^ @ Rule 1, Line 1",,env
17.5.1,Proto-Indo-European to Old Irish,"Old-Irish-—-p,t_2",,index_diachronica_original.html:5550,False,syntax_other,True,True,True,False,,,,syntax_other,,,,"Syntax Error: Expected end of line, received ')'. Did you forget a '/' between the output and environment? | #_) | ^ @ Rule 1, Line 1",exception
17.5.1,Proto-Indo-European to Old Irish,Old-Irish-—-s,,index_diachronica_original.html:5551,False,syntax_other,True,True,False,,,,syntax_other,,,,"Syntax Error: Feature 'anything' has no modifier | [anything]{l,r}_O | ^^^^^^^^ @ Rule 1, Line 1",,env
17.5.1,Proto-Indo-European to Old Irish,Old-Irish-—-hn-hm,,index_diachronica_original.html:5552,False,syntax_other,True,False,False,,,unknown_character,syntax_other,,,"Syntax Error: Unknown character 'ː' | nː mː | ^ @ Rule 1, Line 1","Syntax Error: Feature 'anything' has no modifier | [anything]_ | ^^^^^^^^ @ Rule 1, Line 1",,output|env
17.5.1,Proto-Indo-European to Old Irish,Old-Irish-—-st-zd,,index_diachronica_original.html:5554,False,syntax_other,True,False,False,,,unknown_character,syntax_other,,,"Syntax Error: Unknown character 'ː' | sː dː | ^ @ Rule 1, Line 1","Syntax Error: Feature 'anything' has no modifier | [anything]_ | ^^^^^^^^ @ Rule 1, Line 1",,output|env
17.5.1,Proto-Indo-European to Old Irish,"Old-Irish-—-l,hl-l,hr-lp,s,n-rp,s-ln",,index_diachronica_original.html:5555,False,syntax_other,True,False,False,,,unknown_character,syntax_other,,,"Syntax Error: Unknown character 'ː' | lː rː lː rː (lː?) | ^ @ Rule 1, Line 1","Syntax Error: Feature 'anything' has no modifier | [anything]_ | ^^^^^^^^ @ Rule 1, Line 1",,output|env
17.5.1,Proto-Indo-European to Old Irish,Old-Irish-V,,index_diachronica_original.html:5557,False,expected_number,True,True,True,False,,,,expected_number,,,,"Syntax Error: Expected number, but received j | C = j | ^ @ Rule 1, Line 1",exception
17.5.1,Proto-Indo-European to Old Irish,Old-Irish-C…C,,index_diachronica_original.html:5558,False,expected_underscore,False,True,True,False,syntax_other,,,expected_underscore,"Syntax Error: Expected an IPA character, Primative or Matrix, but received '…' | C(…C) | ^ @ Rule 1, Line 1",,,"Syntax Error: Expected '_', but received '/' | /l r/ and clusters containing them | ^ @ Rule 1, Line 1",input|exception
17.5.1,Proto-Indo-European to Old Irish,Old-Irish-oː_3,,index_diachronica_original.html:5561,False,syntax_other,False,True,False,,unknown_character,,syntax_other,,"Syntax Error: Unknown character 'ː' | oː | ^ @ Rule 1, Line 1",,"Syntax Error: Feature 'anything' has no modifier | _[anything] when stressed | ^^^^^^^^ @ Rule 1, Line 1",,input|env
17.5.1,Proto-Indo-European to Old Irish,"Old-Irish-—-e,o",,index_diachronica_original.html:5567,False,syntax_other,True,True,False,,,,syntax_other,,,,"Syntax Error: Feature 'anything' has no modifier | _[anything] | ^^^^^^^^ @ Rule 1, Line 1",,env
17.5.1,Proto-Indo-European to Old Irish,Old-Irish-VOR,,index_diachronica_original.html:5569,False,unknown_grouping,False,False,,,unknown_grouping,unknown_character,,,"Syntax Error: Unknown grouping 'R'. Known groupings are (C)onsonant, (O)bstruent, (S)onorant, (P)losive, (F)ricative, (L)iquid, (N)asal, (G)lide, and (V)owel | VOR | ^ @ Rule 1, Line 1","Syntax Error: Unknown character 'ː' | VːR | ^ @ Rule 1, Line 1",,,input|output
17.5.1,Proto-Indo-European to Old Irish,Old-Irish-V_3,,index_diachronica_original.html:5570,False,nested_brackets,True,True,False,True,,,nested_brackets,,,,"Syntax Error: Cannot have nested brackets of the same type | #UU(_)U(U(_)U) | ^ @ Rule 1, Line 1",,env
17.5.2,Proto-Celtic to Middle Welsh,Middle-Welsh-V,,index_diachronica_original.html:5581,False,expected_underscore,True,True,False,,,,expected_underscore,,,,"Syntax Error: Expected '_', but received '' | _(C)#, also in proclitics | ^ @ Rule 1, Line 1",,env
17.5.2,Proto-Celtic to Middle Welsh,Middle-Welsh-V_3,,index_diachronica_original.html:5595,False,runtime_delete_only_segment,True,True,True,,,,,,,,,,multi
17.5.2,Proto-Celtic to Middle Welsh,Middle-Welsh-V_4,,index_diachronica_original.html:5599,False,unknown_feature,True,True,False,,,,unknown_feature,,,,"Syntax Error: Unknown feature 'intertonic'. Did you mean anterior? | _[+intertonic] | ^^^^^^^^^^^ @ Rule 1, Line 1",,env
17.5.2,Proto-Celtic to Middle Welsh,Middle-Welsh-mp-nt-ŋk,,index_diachronica_original.html:5609,False,unknown_character,True,False,,,,unknown_character,,,,"Syntax Error: Unknown character '̊' | m̥ n̥ ŋ̊ | ^ @ Rule 1, Line 1",,,output
17.6,Proto-Indo-European to Dacian,Dacian-bʱ-dʱ-ɡ́ʱ-ɡʱ-ɡʷʱ,,index_diachronica_original.html:5623,False,unknown_character,False,False,,,unknown_character,unknown_character,,,"Syntax Error: Unknown character '́' | bʱ dʱ ɡ́ʱ ɡʱ ɡʷʱ | ^ @ Rule 1, Line 1","Syntax Error: Unknown character '́' | b d ɡ́ ɡ ɡʷ | ^ @ Rule 1, Line 1",,,input|output
17.6,Proto-Indo-European to Dacian,Dacian-ḱ-ɡ́,,index_diachronica_original.html:5624,False,unknown_character,False,True,,,unknown_character,,,,"Syntax Error: Unknown character '́' | kʲ ɡ́ | ^ @ Rule 1, Line 1",,,,input
17.6,Proto-Indo-European to Dacian,"Dacian-kʷ,kw-ɡʷ,ɡw",,index_diachronica_original.html:5625,False,syntax_other,,,,,,,,,,,,,multi
17.7.1,Common Germanic to Gothic,Gothic-—-V-long,,index_diachronica_original.html:5656,False,expected_number,True,True,True,False,,,,expected_number,,,,"Syntax Error: Expected number, but received u | V = u | ^ @ Rule 1, Line 1",exception
17.7.1,Common Germanic to Gothic,Gothic-—-V-long_2,,index_diachronica_original.html:5657,False,expected_number,True,True,False,False,,,unknown_grouping,expected_number,,,"Syntax Error: Unknown grouping 'U'. Known groupings are (C)onsonant, (O)bstruent, (S)onorant, (P)losive, (F)ricative, (L)iquid, (N)asal, (G)lide, and (V)owel | U_C# | ^ @ Rule 1, Line 1","Syntax Error: Expected number, but received u | V = u | ^ @ Rule 1, Line 1",env|exception
17.7.1,Common Germanic to Gothic,Gothic-iw,,index_diachronica_original.html:5661,False,expected_underscore,True,True,False,,,,expected_underscore,,,,"Syntax Error: Expected '_', but received '' | [- stress] | ^ @ Rule 1, Line 1",,env
17.7.1,Common Germanic to Gothic,Gothic-iji_2,,index_diachronica_original.html:5671,False,unknown_feature,True,False,False,,,unknown_character,unknown_feature,,,"Syntax Error: Unknown character 'ː' | iː | ^ @ Rule 1, Line 1","Syntax Error: Unknown feature 'closed'. Did you mean cons? | U[+ long + closed]_ in the stem | ^^^^^^^^ @ Rule 1, Line 1",,output|env
17.7.1,Common Germanic to Gothic,Gothic-z,,index_diachronica_original.html:5683,False,expected_underscore,True,True,False,,,,expected_underscore,,,,"Syntax Error: Expected '_', but received '' | _#, thoughthough it | ^ @ Rule 1, Line 1",,env
17.7.1,Common Germanic to Gothic,Gothic-s_3,,index_diachronica_original.html:5686,False,expected_underscore,True,True,False,,,,expected_underscore,,,,"Syntax Error: Expected '_', but received ',' | , though this seems to have been less common | ^ @ Rule 1, Line 1",,env
17.7.2,Common Germanic to West Germanic,West-Germanic-C,,index_diachronica_original.html:5693,False,expected_number,True,False,True,False,,unknown_character,,expected_number,,"Syntax Error: Unknown character 'ː' | Cː | ^ @ Rule 1, Line 1",,"Syntax Error: Expected number, but received r | C = r | ^ @ Rule 1, Line 1",output|exception
17.7.2.1,West Germanic to Anglo-Frisian,Anglo-Frisian-a_2,,index_diachronica_original.html:5702,False,expected_underscore,True,False,False,False,,unknown_character,expected_underscore,unknown_grouping,,"Syntax Error: Unknown character 'ː' | æː | ^ @ Rule 1, Line 1","Syntax Error: Expected '_', but received ',' | short only, includes diphthongs | ^ @ Rule 1, Line 1","Syntax Error: Unknown grouping 'B'. Known groupings are (C)onsonant, (O)bstruent, (S)onorant, (P)losive, (F)ricative, (L)iquid, (N)asal, (G)lide, and (V)owel | B or *ã in next syllable | ^ @ Rule 1, Line 1",output|env|exception
17.7.2.1,West Germanic to Anglo-Frisian,Anglo-Frisian-æu,,index_diachronica_original.html:5706,False,syntax_other,,,,,,,,,,,,,multi
17.7.2.1,West Germanic to Anglo-Frisian,Anglo-Frisian-a_3,,index_diachronica_original.html:5711,False,expected_underscore,True,True,,False,,,,expected_underscore,,,,"Syntax Error: Expected '_', but received '*' | _N or if nasalized, or if *B or *ã in next syllable | ^ @ Rule 1, Line 1",exception
17.7.2.1,West Germanic to Anglo-Frisian,"Anglo-Frisian-i,u",,index_diachronica_original.html:5713,False,syntax_other,True,True,False,True,,,other,,,,"error: unexpected argument '-#' found Usage: asca validate [OPTIONS] For more information, try '--help'.",,env
17.7.2.1.2,Old English to Kentish Middle English,Kentish-Middle-English-Vː,,index_diachronica_original.html:5727,False,unknown_grouping,False,True,False,False,unknown_character,,unknown_character,unknown_grouping,"Syntax Error: Unknown character 'ː' | Vː | ^ @ Rule 1, Line 1",,"Syntax Error: Unknown character 'ː' | _C{ː,C} | ^ @ Rule 1, Line 1","Syntax Error: Unknown grouping 'E'. Known groupings are (C)onsonant, (O)bstruent, (S)onorant, (P)losive, (F)ricative, (L)iquid, (N)asal, (G)lide, and (V)owel | _st{#,V} or when preceding a cluster which had triggered a vowel to become long in Old English | ^ @ Rule 1, Line 1",input|env|exception
17.7.2.1.2,Old English to Kentish Middle English,Kentish-Middle-English-ɑ-e-o,,index_diachronica_original.html:5738,False,unknown_feature,True,False,False,False,,unknown_character,unknown_feature,unknown_character,,"Syntax Error: Unknown character 'ː' | ɑː ɛː oː | ^ @ Rule 1, Line 1","Syntax Error: Unknown feature 'open'. Did you mean ten? | U[+open] | ^^^^^ @ Rule 1, Line 1","Syntax Error: Unknown character 'ː' | #U with the following U containing /iː/ or ending in one of /m n r l/ | ^ @ Rule 1, Line 1",output|env|exception
17.7.2.1.2,Old English to Kentish Middle English,Kentish-Middle-English-Vː_2,,index_diachronica_original.html:5740,False,expected_underscore,False,True,False,,unknown_character,,unknown_character,,"Syntax Error: Unknown character 'ː' | Vː | ^ @ Rule 1, Line 1",,"Syntax Error: Unknown character 'ː' | #U before a U with /iː/ | ^ @ Rule 1, Line 1",,input|env
17.7.2.1.3,Old English to Midlands Middle English,Midlands-Middle-English-Vː,,index_diachronica_original.html:5749,False,unknown_grouping,False,True,False,False,unknown_character,,unknown_character,unknown_grouping,"Syntax Error: Unknown character 'ː' | Vː | ^ @ Rule 1, Line 1",,"Syntax Error: Unknown character 'ː' | _C{ː,C} | ^ @ Rule 1, Line 1","Syntax Error: Unknown grouping 'E'. Known groupings are (C)onsonant, (O)bstruent, (S)onorant, (P)losive, (F)ricative, (L)iquid, (N)asal, (G)lide, and (V)owel | _st{#,V} or when preceding a cluster which had triggered a vowel to become long in Old English | ^ @ Rule 1, Line 1",input|env|exception
17.7.2.1.3,Old English to Midlands Middle English,Midlands-Middle-English-ɑ-e-o,,index_diachronica_original.html:5760,False,unknown_feature,True,False,False,False,,unknown_character,unknown_feature,unknown_character,,"Syntax Error: Unknown character 'ː' | ɑː ɛː oː | ^ @ Rule 1, Line 1","Syntax Error: Unknown feature 'open'. Did you mean ten? | U[+open] | ^^^^^ @ Rule 1, Line 1","Syntax Error: Unknown character 'ː' | #U with the following U containing /iː/ or ending in one of /m n r l/ | ^ @ Rule 1, Line 1",output|env|exception
17.7.2.1.3,Old English to Midlands Middle English,Midlands-Middle-English-Vː_2,,index_diachronica_original.html:5761,False,expected_underscore,False,True,False,,unknown_character,,unknown_character,,"Syntax Error: Unknown character 'ː' | Vː | ^ @ Rule 1, Line 1",,"Syntax Error: Unknown character 'ː' | #U before a U with /iː/ | ^ @ Rule 1, Line 1",,input|env
17.7.2.1.4,Midlands Middle English to Early Modern English,Early-Modern-English-ʊ,,index_diachronica_original.html:5771,False,syntax_other,True,False,,,,syntax_other,,,,"Syntax Error: Could not get value of IPA 'ǃ'. | ɤ ! P_ and _l | ^ @ Rule 1, Line 1",,,output
17.7.2.1.4,Midlands Middle English to Early Modern English,Early-Modern-English-a_2,,index_diachronica_original.html:5780,False,expected_underscore,True,True,False,,,,expected_underscore,,,,"Syntax Error: Expected '_', but received '' | else | ^ @ Rule 1, Line 1",,env
17.7.2.1.5,Early Modern English to American English,American-English-æ,,index_diachronica_original.html:5788,False,syntax_other,True,False,True,,,unknown_character,,,,"Syntax Error: Unknown character 'ː' | æː (e.g., NYC) or ɑː | ^ @ Rule 1, Line 1",,,output
17.7.2.1.5,Early Modern English to American English,American-English-w,,index_diachronica_original.html:5803,False,nested_brackets,True,True,False,,,,nested_brackets,,,,"Syntax Error: Cannot have nested brackets of the same type | C_ɹ for some C (toward(s), quart(er), sword) | ^ @ Rule 1, Line 1",,env
17.7.2.1.6,Early Modern English to Australian English,Australian-English-ɜːɹ-ɑːɹ-ɔːɹ-eːɹ-oːɹ-iːɹ-uːɹ,,index_diachronica_original.html:5811,False,expected_underscore,False,False,False,,unknown_character,unknown_character,expected_underscore,,"Syntax Error: Unknown character 'ː' | ɜːɹ ɑːɹ ɔːɹ eːɹ oːɹ iːɹ uːɹ | ^ @ Rule 1, Line 1","Syntax Error: Unknown character 'ː' | ɜː ɑː ɔː ɛə ɔə ɪə ʊə | ^ @ Rule 1, Line 1","Syntax Error: Expected '_', but received '' | syllable-finally | ^ @ Rule 1, Line 1",,input|output|env
17.7.2.1.6,Early Modern English to Australian English,Australian-English-ɫ,,index_diachronica_original.html:5821,False,expected_underscore,True,True,,False,,,,expected_underscore,,,,"Syntax Error: Expected '_', but received '/' | if one of the above vowel changes after the formation of /ɫ/ apply | ^ @ Rule 1, Line 1",exception
17.7.2.1.6,Early Modern English to Australian English,Australian-English-æ_2,,index_diachronica_original.html:5839,False,syntax_other,True,False,False,False,,unknown_character,syntax_other,expected_underscore,,"Syntax Error: Unknown character 'ː' | æː | ^ @ Rule 1, Line 1","Syntax Error: Expected an IPA character, Primative or Matrix, but received '' | _{n,m,ɡ,ɫ$ | ^ @ Rule 1, Line 1","Syntax Error: Expected '_', but received ',' | _n,m,ɡ,ɫ}${j,w} or a form of a strong verb | ^ @ Rule 1, Line 1",output|env|exception
17.7.2.1.6,Early Modern English to Australian English,Australian-English-æ_3,,index_diachronica_original.html:5840,False,expected_underscore,True,False,True,False,,unknown_character,,expected_underscore,,"Syntax Error: Unknown character 'ː' | æː | ^ @ Rule 1, Line 1",,"Syntax Error: Expected '_', but received '' | form of a strong verb | ^ @ Rule 1, Line 1",output|exception
17.7.2.1.7,Early Modern English to British English,British-English-ɜːɹ-ɑːɹ-ɔːɹ-eːɹ-oːɹ-iːɹ-uːɹ,,index_diachronica_original.html:5845,False,expected_underscore,False,False,False,,unknown_character,unknown_character,expected_underscore,,"Syntax Error: Unknown character 'ː' | ɜːɹ ɑːɹ ɔːɹ eːɹ oːɹ iːɹ uːɹ | ^ @ Rule 1, Line 1","Syntax Error: Unknown character 'ː' | ɜː ɑː ɔː ɛə ɔə ɪə ʊə | ^ @ Rule 1, Line 1","Syntax Error: Expected '_', but received '' | syllable-finally | ^ @ Rule 1, Line 1",,input|output|env
17.7.2.1.8,Old English to Northern Middle English,Northern-Middle-English-Vː,,index_diachronica_original.html:5857,False,unknown_grouping,False,True,False,False,unknown_character,,unknown_character,unknown_grouping,"Syntax Error: Unknown character 'ː' | Vː | ^ @ Rule 1, Line 1",,"Syntax Error: Unknown character 'ː' | _C{ː,C} | ^ @ Rule 1, Line 1","Syntax Error: Unknown grouping 'E'. Known groupings are (C)onsonant, (O)bstruent, (S)onorant, (P)losive, (F)ricative, (L)iquid, (N)asal, (G)lide, and (V)owel | _st{#,V} or when preceding a cluster which had triggered a vowel to become long in Old English | ^ @ Rule 1, Line 1",input|env|exception
17.7.2.1.8,Old English to Northern Middle English,Northern-Middle-English-ɑ-e-o,,index_diachronica_original.html:5868,False,unknown_feature,True,False,False,False,,unknown_character,unknown_feature,unknown_character,,"Syntax Error: Unknown character 'ː' | ɑː ɛː oː | ^ @ Rule 1, Line 1","Syntax Error: Unknown feature 'open'. Did you mean ten? | U[+open] | ^^^^^ @ Rule 1, Line 1","Syntax Error: Unknown character 'ː' | #U with the following U containing /iː/ or ending in one of /m n r l/ | ^ @ Rule 1, Line 1",output|env|exception
17.7.2.1.8,Old English to Northern Middle English,Northern-Middle-English-Vː_2,,index_diachronica_original.html:5870,False,expected_underscore,False,True,False,,unknown_character,,unknown_character,,"Syntax Error: Unknown character 'ː' | Vː | ^ @ Rule 1, Line 1",,"Syntax Error: Unknown character 'ː' | #U before a U with /iː/ | ^ @ Rule 1, Line 1",,input|env
17.7.2.1.8,Old English to Northern Middle English,Northern-Middle-English-ʃ,,index_diachronica_original.html:5873,False,expected_underscore,True,True,False,,,,expected_underscore,,,,"Syntax Error: Expected '_', but received '' | unstressed syllables | ^ @ Rule 1, Line 1",,env
17.7.2.1.9,Early Northern Middle English to Scots,Scots-—-øː_3,,index_diachronica_original.html:5900,False,nested_brackets,False,False,True,,unknown_character,unknown_character,,,"Syntax Error: Unknown character 'ː' | øː | ^ @ Rule 1, Line 1","Syntax Error: Unknown character '(' | (j){u,ʌ} | ^ @ Rule 1, Line 1",,,input|output
17.7.2.1.11,Scots to Falkirk Scots,Falkirk-Scots-ʟ,,index_diachronica_original.html:5982,False,expected_underscore,True,True,False,True,,,expected_underscore,,,,"Syntax Error: Expected '_', but received '' | {a,ɛ}_, typically | ^ @ Rule 1, Line 1",,env
17.7.2.1.12,Old English to Southern Middle English,Southern-Middle-English-Vː,,index_diachronica_original.html:5987,False,unknown_grouping,False,True,False,False,unknown_character,,unknown_character,unknown_grouping,"Syntax Error: Unknown character 'ː' | Vː | ^ @ Rule 1, Line 1",,"Syntax Error: Unknown character 'ː' | _C{ː,C} | ^ @ Rule 1, Line 1","Syntax Error: Unknown grouping 'E'. Known groupings are (C)onsonant, (O)bstruent, (S)onorant, (P)losive, (F)ricative, (L)iquid, (N)asal, (G)lide, and (V)owel | _st{#,V} or when preceding a cluster which had triggered a vowel to become long in Old English | ^ @ Rule 1, Line 1",input|env|exception
17.7.2.1.12,Old English to Southern Middle English,Southern-Middle-English-ɑ-e-o,,index_diachronica_original.html:5998,False,unknown_feature,True,False,False,False,,unknown_character,unknown_feature,unknown_character,,"Syntax Error: Unknown character 'ː' | ɑː ɛː oː | ^ @ Rule 1, Line 1","Syntax Error: Unknown feature 'open'. Did you mean ten? | U[+open] | ^^^^^ @ Rule 1, Line 1","Syntax Error: Unknown character 'ː' | #U with the following U containing /iː/ or ending in one of /m n r l/ | ^ @ Rule 1, Line 1",output|env|exception
17.7.2.1.12,Old English to Southern Middle English,Southern-Middle-English-Vː_2,,index_diachronica_original.html:6000,False,expected_underscore,False,True,False,,unknown_character,,unknown_character,,"Syntax Error: Unknown character 'ː' | Vː | ^ @ Rule 1, Line 1",,"Syntax Error: Unknown character 'ː' | #U before a U with /iː/ | ^ @ Rule 1, Line 1",,input|env
17.7.2.1.12,Old English to Southern Middle English,Southern-Middle-English-e,,index_diachronica_original.html:6006,False,expected_underscore,True,True,False,,,,expected_underscore,,,,"Syntax Error: Expected '_', but received '/' | if another /e/ one syllable previous | ^ @ Rule 1, Line 1",,env
17.7.2.1.13,Middle English to Yola,Yola-F,,index_diachronica_original.html:6014,False,expected_number,True,True,True,False,,,,expected_number,,,,"Syntax Error: Expected number, but received ʍ | F = ʍ | ^ @ Rule 1, Line 1",exception
17.7.2.2,West Germanic to Old Low Franconian,Old-Low-Franconian-ai-u,,index_diachronica_original.html:6045,False,syntax_other,True,True,False,,,,unknown_character,,,,"Syntax Error: Unknown character 'ː' | _(C…){i(ː),j} (short only | ^ @ Rule 1, Line 1",,env
17.7.2.2,West Germanic to Old Low Franconian,Old-Low-Franconian-uː_3,,index_diachronica_original.html:6049,False,syntax_other,,,,,,,,,,,,,multi
17.7.2.2.1,Old Low Franconian to Middle Dutch,Middle-Dutch-V-long-+stress,,index_diachronica_original.html:6067,False,syntax_other,True,False,False,,,unknown_character,unknown_character,,,"Syntax Error: Unknown character 'ː' | Vː | ^ @ Rule 1, Line 1","Syntax Error: Unknown character 'ː' | open syllables (ʏ > {œː,øː} here but this is not phonemically important | ^ @ Rule 1, Line 1",,output|env
17.7.2.3,Middle High German to Standard German,Standard-German-uː-yː-iː,,index_diachronica_original.html:6109,False,expected_underscore,False,True,,False,unknown_character,,,expected_underscore,"Syntax Error: Unknown character 'ː' | uː yː iː | ^ @ Rule 1, Line 1",,,"Syntax Error: Expected '_', but received ',' | in certain unstressed endings and monosyllables, _C{C,V,#} , and Low German borrowings | ^ @ Rule 1, Line 1",input|exception
17.7.2.3,Middle High German to Standard German,Standard-German-V_3,,index_diachronica_original.html:6118,False,expected_underscore,True,False,False,,,unknown_character,expected_underscore,,,"Syntax Error: Unknown character 'ː' | Vː | ^ @ Rule 1, Line 1","Syntax Error: Expected '_', but received '' | some monosyllables ending in alveolar resonants or vowels | ^ @ Rule 1, Line 1",,output|env
17.7.2.3,Middle High German to Standard German,Standard-German-V_4,,index_diachronica_original.html:6119,False,expected_underscore,True,False,False,,,unknown_character,expected_underscore,,,"Syntax Error: Unknown character 'ː' | Vː | ^ @ Rule 1, Line 1","Syntax Error: Expected '_', but received '' | by analogy in some cases | ^ @ Rule 1, Line 1",,output|env
17.7.2.3,Middle High German to Standard German,Standard-German-ə,,index_diachronica_original.html:6120,False,expected_underscore,True,True,False,,,,expected_underscore,,,,"Syntax Error: Expected '_', but received '' | _[-stress], but not in every case | ^ @ Rule 1, Line 1",,env
17.7.2.3,Middle High German to Standard German,Standard-German-∅,,index_diachronica_original.html:6121,False,unknown_grouping,False,True,False,,syntax_other,,unknown_grouping,,"Syntax Error: The input of an insertion rule must only contain `*` or `∅` | ∅ | ^ @ Rule 1, Line 1",,"Syntax Error: Unknown grouping 'M'. Known groupings are (C)onsonant, (O)bstruent, (S)onorant, (P)losive, (F)ricative, (L)iquid, (N)asal, (G)lide, and (V)owel | M_r$ | ^ @ Rule 1, Line 1",,input|env
17.7.2.5,West Germanic to Old Low German,Old-Low-German-F-voice,,index_diachronica_original.html:6155,False,unknown_grouping,True,True,False,,,,unknown_grouping,,,,"Syntax Error: Unknown grouping 'X'. Known groupings are (C)onsonant, (O)bstruent, (S)onorant, (P)losive, (F)ricative, (L)iquid, (N)asal, (G)lide, and (V)owel | X[+voice]_X[+voice]? | ^ @ Rule 1, Line 1",,env
17.7.3,Common Germanic to Proto-Norse,Proto-Norse-Eβu-Eβo,,index_diachronica_original.html:6162,False,unknown_grouping,False,False,,,unknown_grouping,unknown_character,,,"Syntax Error: Unknown grouping 'E'. Known groupings are (C)onsonant, (O)bstruent, (S)onorant, (P)losive, (F)ricative, (L)iquid, (N)asal, (G)lide, and (V)owel | Eβu Eβo | ^ @ Rule 1, Line 1","Syntax Error: Unknown character 'ː' | juː joː | ^ @ Rule 1, Line 1",,,input|output
17.7.3,Common Germanic to Proto-Norse,"Proto-Norse-æ,eːwa",,index_diachronica_original.html:6165,False,nested_brackets,False,False,,,unknown_character,unknown_character,,,"Syntax Error: Unknown character 'ː' | {æ,e}ː(w(a)) | ^ @ Rule 1, Line 1","Syntax Error: Unknown character 'ː' | aː | ^ @ Rule 1, Line 1",,,input|output
17.7.3,Common Germanic to Proto-Norse,Proto-Norse-i,,index_diachronica_original.html:6168,False,expected_underscore,True,True,True,False,,,,unknown_grouping,,,,"Syntax Error: Unknown grouping 'U'. Known groupings are (C)onsonant, (O)bstruent, (S)onorant, (P)losive, (F)ricative, (L)iquid, (N)asal, (G)lide, and (V)owel | #U | ^ @ Rule 1, Line 1",exception
17.7.3,Common Germanic to Proto-Norse,Proto-Norse-wuː-iː,,index_diachronica_original.html:6172,False,expected_number,False,False,True,False,unknown_character,unknown_character,,expected_number,"Syntax Error: Unknown character 'ː' | (w)u(ː) i(ː) | ^ @ Rule 1, Line 1","Syntax Error: Unknown character 'ː' | (w)o(ː) e(ː) | ^ @ Rule 1, Line 1",,"Syntax Error: Expected number, but received N | CC = NC or one C = {ʀ,j} | ^ @ Rule 1, Line 1",input|output|exception
17.7.3,Common Germanic to Proto-Norse,"Proto-Norse-ou-ɔ,ɑ,au,ai,æ-ja,jE,æi,ei,y",,index_diachronica_original.html:6178,False,unknown_grouping,False,True,,,syntax_other,,,,"Syntax Error: Options can only be used in Environments or Structures | o(u) {ɔ,ɑ,au,ai,æ} {ja,jE,æ(i),e(i),y} | ^^^ @ Rule 1, Line 1",,,,input
17.7.3,Common Germanic to Proto-Norse,Proto-Norse-Vː,,index_diachronica_original.html:6179,False,expected_underscore,False,True,,False,unknown_character,,,unknown_grouping,"Syntax Error: Unknown character 'ː' | Vː | ^ @ Rule 1, Line 1",,,"Syntax Error: Unknown grouping 'U'. Known groupings are (C)onsonant, (O)bstruent, (S)onorant, (P)losive, (F)ricative, (L)iquid, (N)asal, (G)lide, and (V)owel | #U, U# | ^ @ Rule 1, Line 1",input|exception
17.7.3.1,Proto-Norse to Old Norse,Old-Norse-EːBː-Eːaː,,index_diachronica_original.html:6189,False,unknown_grouping,False,False,True,,unknown_character,unknown_character,,,"Syntax Error: Unknown character 'ː' | EːBː Eːaː | ^ @ Rule 1, Line 1","Syntax Error: Unknown character 'ː' | joː jaː | ^ @ Rule 1, Line 1",,,input|output
17.7.3.1,Proto-Norse to Old Norse,"Old-Norse-BːB-aːo,a,æ,e-æ,eːæ,eː-æ,eːi-iːEː",,index_diachronica_original.html:6190,False,unknown_grouping,False,False,,,unknown_character,unknown_character,,,"Syntax Error: Unknown character 'ː' | BːB aː{o,a,æ,e} {æ,e}ː{æ,e}ː {æ,e}ːi iːEː | ^ @ Rule 1, Line 1","Syntax Error: Unknown character 'ː' | oː aː eː eː iː | ^ @ Rule 1, Line 1",,,input|output
17.7.3.1,Proto-Norse to Old Norse,Old-Norse-e_2,,index_diachronica_original.html:6192,False,nested_brackets,True,True,,False,,,,nested_brackets,,,,"Syntax Error: Cannot have nested brackets of the same type | {{h,k,ŋ}n,w,v,l,r}_, _{u,o,i} | ^ @ Rule 1, Line 1",exception
17.7.3.1,Proto-Norse to Old Norse,"Old-Norse-ai-e,wæ,i-we,ei-wɪ",,index_diachronica_original.html:6193,False,nested_brackets,False,True,True,True,nested_brackets,,,,"Syntax Error: Cannot have nested brackets of the same type | a(i) {e,w{æ,i}} {we,ei} (w)ɪ | ^ @ Rule 1, Line 1",,,,input
17.7.3.1,Proto-Norse to Old Norse,Old-Norse-VN,,index_diachronica_original.html:6195,False,expected_underscore,True,True,True,False,,,,unknown_grouping,,,,"Syntax Error: Unknown grouping 'U'. Known groupings are (C)onsonant, (O)bstruent, (S)onorant, (P)losive, (F)ricative, (L)iquid, (N)asal, (G)lide, and (V)owel | #U | ^ @ Rule 1, Line 1",exception
17.7.3.1,Proto-Norse to Old Norse,Old-Norse-ʀ,,index_diachronica_original.html:6199,False,syntax_other,True,False,,,,syntax_other,,,,"Syntax Error: Expected end of line, received '_'. Did you forget a '/' between the output and environment? | r_n | ^ @ Rule 1, Line 1",,,output
17.7.3.1,Proto-Norse to Old Norse,Old-Norse-a_4,,index_diachronica_original.html:6204,False,expected_underscore,True,True,False,False,,,expected_underscore,unknown_grouping,,,"Syntax Error: Expected '_', but received '/' | $u / | ^ @ Rule 1, Line 1","Syntax Error: Unknown grouping 'U'. Known groupings are (C)onsonant, (O)bstruent, (S)onorant, (P)losive, (F)ricative, (L)iquid, (N)asal, (G)lide, and (V)owel | #U | ^ @ Rule 1, Line 1",env|exception
17.7.3.1,Proto-Norse to Old Norse,Old-Norse-waː-naː,,index_diachronica_original.html:6205,False,syntax_other,False,False,False,,unknown_character,unknown_character,unknown_grouping,,"Syntax Error: Unknown character 'ː' | waː naː | ^ @ Rule 1, Line 1","Syntax Error: Unknown character 'ː' | oː noː | ^ @ Rule 1, Line 1","Syntax Error: Unknown grouping 'U'. Known groupings are (C)onsonant, (O)bstruent, (S)onorant, (P)losive, (F)ricative, (L)iquid, (N)asal, (G)lide, and (V)owel | $u in #U | ^ @ Rule 1, Line 1",,input|output|env
17.7.3.1,Proto-Norse to Old Norse,"Old-Norse-B,E",,index_diachronica_original.html:6210,False,expected_number,False,True,True,False,unknown_grouping,,,unknown_grouping,"Syntax Error: Unknown grouping 'B'. Known groupings are (C)onsonant, (O)bstruent, (S)onorant, (P)losive, (F)ricative, (L)iquid, (N)asal, (G)lide, and (V)owel | {B,E} | ^ @ Rule 1, Line 1",,,"Syntax Error: Unknown grouping 'B'. Known groupings are (C)onsonant, (O)bstruent, (S)onorant, (P)losive, (F)ricative, (L)iquid, (N)asal, (G)lide, and (V)owel | B = ɒ | ^ @ Rule 1, Line 1",input|exception
17.7.3.1,Proto-Norse to Old Norse,"Old-Norse-B,E_2",,index_diachronica_original.html:6215,False,expected_number,False,True,False,False,unknown_grouping,,unknown_grouping,unknown_grouping,"Syntax Error: Unknown grouping 'B'. Known groupings are (C)onsonant, (O)bstruent, (S)onorant, (P)losive, (F)ricative, (L)iquid, (N)asal, (G)lide, and (V)owel | {B,E} | ^ @ Rule 1, Line 1",,"Syntax Error: Unknown grouping 'U'. Known groupings are (C)onsonant, (O)bstruent, (S)onorant, (P)losive, (F)ricative, (L)iquid, (N)asal, (G)lide, and (V)owel | CC_U# | ^ @ Rule 1, Line 1","Syntax Error: Unknown grouping 'B'. Known groupings are (C)onsonant, (O)bstruent, (S)onorant, (P)losive, (F)ricative, (L)iquid, (N)asal, (G)lide, and (V)owel | B = ɒ | ^ @ Rule 1, Line 1",input|env|exception
17.7.3.1,Proto-Norse to Old Norse,"Old-Norse-B,E_3",,index_diachronica_original.html:6219,False,expected_number,False,True,False,False,unknown_grouping,,unknown_grouping,unknown_grouping,"Syntax Error: Unknown grouping 'B'. Known groupings are (C)onsonant, (O)bstruent, (S)onorant, (P)losive, (F)ricative, (L)iquid, (N)asal, (G)lide, and (V)owel | {B,E} | ^ @ Rule 1, Line 1",,"Syntax Error: Unknown grouping 'U'. Known groupings are (C)onsonant, (O)bstruent, (S)onorant, (P)losive, (F)ricative, (L)iquid, (N)asal, (G)lide, and (V)owel | _U# | ^ @ Rule 1, Line 1","Syntax Error: Unknown grouping 'B'. Known groupings are (C)onsonant, (O)bstruent, (S)onorant, (P)losive, (F)ricative, (L)iquid, (N)asal, (G)lide, and (V)owel | B = ɒ | ^ @ Rule 1, Line 1",input|env|exception
17.7.3.1,Proto-Norse to Old Norse,Old-Norse-Vː,,index_diachronica_original.html:6221,False,expected_underscore,False,True,,False,unknown_character,,,unknown_grouping,"Syntax Error: Unknown character 'ː' | Vː | ^ @ Rule 1, Line 1",,,"Syntax Error: Unknown grouping 'U'. Known groupings are (C)onsonant, (O)bstruent, (S)onorant, (P)losive, (F)ricative, (L)iquid, (N)asal, (G)lide, and (V)owel | #U | ^ @ Rule 1, Line 1",input|exception
17.7.3.1,Proto-Norse to Old Norse,Old-Norse-e_3,,index_diachronica_original.html:6225,False,nested_brackets,True,True,True,False,,,,nested_brackets,,,,"Syntax Error: Cannot have nested brackets of the same type | {{h,k,ŋ}n,w,v,l,r}_ | ^ @ Rule 1, Line 1",exception
17.7.3.1,Proto-Norse to Old Norse,Old-Norse-e_4,,index_diachronica_original.html:6226,False,nested_brackets,True,True,True,False,,,,nested_brackets,,,,"Syntax Error: Cannot have nested brackets of the same type | {{h,k,ŋ}n,w,v,l,r}_ | ^ @ Rule 1, Line 1",exception
17.7.3.1,Proto-Norse to Old Norse,Old-Norse-k_3,,index_diachronica_original.html:6241,False,expected_underscore,True,True,False,,,,expected_underscore,,,,"Syntax Error: Expected '_', but received '' | s_l,t | ^ @ Rule 1, Line 1",,env
17.7.3.1,Proto-Norse to Old Norse,Old-Norse-lːʀ-nːʀ,,index_diachronica_original.html:6262,False,unknown_character,False,False,False,,unknown_character,unknown_character,unknown_character,,"Syntax Error: Unknown character 'ː' | l(ː)ʀ n(ː)ʀ | ^ @ Rule 1, Line 1","Syntax Error: Unknown character 'ː' | lː nː | ^ @ Rule 1, Line 1","Syntax Error: Unknown character 'ː' | V:[+stress]ː_ | ^ @ Rule 1, Line 1",,input|output|env
17.7.3.1,Proto-Norse to Old Norse,Old-Norse-Ṽ,,index_diachronica_original.html:6280,False,expected_underscore,True,False,False,,,unknown_character,unknown_grouping,,,"Syntax Error: Unknown character 'ː' | Vː | ^ @ Rule 1, Line 1","Syntax Error: Unknown grouping 'U'. Known groupings are (C)onsonant, (O)bstruent, (S)onorant, (P)losive, (F)ricative, (L)iquid, (N)asal, (G)lide, and (V)owel | #U | ^ @ Rule 1, Line 1",,output|env
17.7.3.1,Proto-Norse to Old Norse,"Old-Norse-Eːu,oː-Eːaː",,index_diachronica_original.html:6291,False,unknown_grouping,False,False,True,,unknown_character,unknown_character,,,"Syntax Error: Unknown character 'ː' | Eː{u,o}ː Eːaː | ^ @ Rule 1, Line 1","Syntax Error: Unknown character 'ː' | joː jaː | ^ @ Rule 1, Line 1",,,input|output
17.7.3.1,Proto-Norse to Old Norse,Old-Norse-NS-voice,,index_diachronica_original.html:6301,False,unknown_character,True,False,,,,unknown_character,,,,"Syntax Error: Unknown character 'ː' | S[- voice]ː | ^ @ Rule 1, Line 1",,,output
17.7.3.1,Proto-Norse to Old Norse,"Old-Norse-o-æ,e",,index_diachronica_original.html:6322,False,expected_underscore,True,True,,False,,,,unknown_grouping,,,,"Syntax Error: Unknown grouping 'U'. Known groupings are (C)onsonant, (O)bstruent, (S)onorant, (P)losive, (F)ricative, (L)iquid, (N)asal, (G)lide, and (V)owel | #U | ^ @ Rule 1, Line 1",exception
17.7.3.1,Proto-Norse to Old Norse,"Old-Norse-eːBː,iː",,index_diachronica_original.html:6328,False,unknown_grouping,False,False,True,,unknown_character,unknown_character,,,"Syntax Error: Unknown character 'ː' | eː{Bː,i(ː)} | ^ @ Rule 1, Line 1","Syntax Error: Unknown character 'ː' | joː | ^ @ Rule 1, Line 1",,,input|output
17.7.3.1,Proto-Norse to Old Norse,"Old-Norse-eːBː,iː_2",,index_diachronica_original.html:6329,False,unknown_grouping,False,False,,,unknown_character,unknown_character,,,"Syntax Error: Unknown character 'ː' | eː{Bː,i(ː)} | ^ @ Rule 1, Line 1","Syntax Error: Unknown character 'ː' | juː | ^ @ Rule 1, Line 1",,,input|output
17.7.3.1.1,Old Norse to Early Icelandic,Early-Icelandic-O,,index_diachronica_original.html:6361,False,unknown_feature,True,True,False,,,,unknown_feature,,,,"Syntax Error: Unknown feature 'samePOA'. Did you mean lateral? | {F[- same POA],r,l}_O | ^^^^^^^^^^ @ Rule 1, Line 1",,env
17.7.3.1.1,Old Norse to Early Icelandic,Early-Icelandic-S,,index_diachronica_original.html:6362,False,unknown_feature,True,True,False,,,,unknown_feature,,,,"Syntax Error: Unknown feature 'samePOA'. Did you mean lateral? | N[+ same POA]_S | ^^^^^^^^^^ @ Rule 1, Line 1",,env
17.7.3.1.1,Old Norse to Early Icelandic,Early-Icelandic-r,,index_diachronica_original.html:6366,False,expected_underscore,True,True,False,True,,,expected_underscore,,,,"Syntax Error: Expected '_', but received '' | S[- voice] | ^ @ Rule 1, Line 1",,env
17.7.3.1.1,Old Norse to Early Icelandic,Early-Icelandic-S-voiceː-S+-voiceː,,index_diachronica_original.html:6369,False,unknown_character,False,False,,,unknown_character,unknown_character,,,"Syntax Error: Unknown character 'ː' | S[- voice]ː S[+ voice]ː | ^ @ Rule 1, Line 1","Syntax Error: Unknown character 'ː' | ʰS S[- voice]ː | ^ @ Rule 1, Line 1",,,input|output
17.7.3.1.1,Old Norse to Early Icelandic,Early-Icelandic-S-voice,,index_diachronica_original.html:6370,False,syntax_other,True,False,True,,,syntax_other,,,,"Syntax Error: Floating diacritic. Diacritics can only be used to modify IPA Segments | ʰS | ^ @ Rule 1, Line 1",,,output
17.7.3.1.1,Old Norse to Early Icelandic,Early-Icelandic-V,,index_diachronica_original.html:6378,False,expected_underscore,True,False,False,,,unknown_character,expected_underscore,,,"Syntax Error: Unknown character 'ː' | Vː | ^ @ Rule 1, Line 1","Syntax Error: Expected '_', but received '' | _(C)#, in monosyllables | ^ @ Rule 1, Line 1",,output|env
17.7.3.1.1,Old Norse to Early Icelandic,Early-Icelandic-V_2,,index_diachronica_original.html:6379,False,expected_underscore,True,False,,False,,unknown_character,,expected_underscore,,"Syntax Error: Unknown character 'ː' | Vː | ^ @ Rule 1, Line 1",,"Syntax Error: Expected '_', but received '' | _CCV, in polysyllables | ^ @ Rule 1, Line 1",output|exception
17.7.3.1.1,Old Norse to Early Icelandic,"Early-Icelandic-n̥n,nn̥",,index_diachronica_original.html:6380,False,syntax_other,False,True,True,,syntax_other,,,,"Syntax Error: Expected an IPA character, Primative or Matrix, but received '' | {n̥n,nn̥ | ^ @ Rule 1, Line 1",,,,input
17.7.3.1.1,Old Norse to Early Icelandic,"Early-Icelandic-r̥n,r̥n̥,rn̥",,index_diachronica_original.html:6385,False,syntax_other,False,True,,,syntax_other,,,,"Syntax Error: Expected an IPA character, Primative or Matrix, but received '' | {r̥n,r̥n̥,rn̥ | ^ @ Rule 1, Line 1",,,,input
17.7.3.1.1,Old Norse to Early Icelandic,"Early-Icelandic-ɬl,ɬː",,index_diachronica_original.html:6389,False,syntax_other,False,True,,,unknown_character,,,,"Syntax Error: Unknown character 'ː' | {ɬl,ɬː | ^ @ Rule 1, Line 1",,,,input
17.7.3.1.2,Old Norse to Orkney Norn,Orkney-Norn-ð_2,,index_diachronica_original.html:6425,False,syntax_other,True,False,,,,syntax_other,,,,"Syntax Error: Expected end of line, received '/'. Did you forget a '/' between the output and environment? | ∅ /{a,E}_ | ^ @ Rule 1, Line 1",,,output
17.7.3.1.2,Old Norse to Orkney Norn,Orkney-Norn-l_3,,index_diachronica_original.html:6433,False,stuff_after_word_bound,True,True,False,,,,stuff_after_word_bound,,,,"Syntax Error: Cannot have segments after the end of a word | _# ? | ^ @ Rule 1, Line 1",,env
17.7.3.1.3,Old Norse to Shetland Norn,Shetland-Norn-ɒ_2,,index_diachronica_original.html:6518,False,syntax_other,True,True,False,,,,syntax_other,,,,"Syntax Error: Feature 'alveolar' has no modifier | _O[+cor,+anterior,+dist/alveolar] | ^^^^^^^^ @ Rule 1, Line 1",,env
17.7.3.1.3,Old Norse to Shetland Norn,Shetland-Norn-a,,index_diachronica_original.html:6521,False,syntax_other,True,True,False,,,,syntax_other,,,,"Syntax Error: Feature 'alveolar' has no modifier | C[+cor,+anterior,+dist/alveolar]_u | ^^^^^^^^ @ Rule 1, Line 1",,env
17.7.3.1.3,Old Norse to Shetland Norn,Shetland-Norn-a_2,0,index_diachronica_original.html:6522,False,syntax_other,True,True,False,False,,,unknown_grouping,unknown_grouping,,,"Syntax Error: Unknown grouping 'K'. Known groupings are (C)onsonant, (O)bstruent, (S)onorant, (P)losive, (F)ricative, (L)iquid, (N)asal, (G)lide, and (V)owel | _{K,r} ( | ^ @ Rule 1, Line 1","Syntax Error: Unknown grouping 'K'. Known groupings are (C)onsonant, (O)bstruent, (S)onorant, (P)losive, (F)ricative, (L)iquid, (N)asal, (G)lide, and (V)owel | K = w ?) | ^ @ Rule 1, Line 1",env|exception
17.7.3.1.3,Old Norse to Shetland Norn,Shetland-Norn-a_2,1,index_diachronica_original.html:6522,False,syntax_other,True,True,False,False,,,unknown_grouping,unknown_grouping,,,"Syntax Error: Unknown grouping 'K'. Known groupings are (C)onsonant, (O)bstruent, (S)onorant, (P)losive, (F)ricative, (L)iquid, (N)asal, (G)lide, and (V)owel | _{K,r} ( | ^ @ Rule 1, Line 1","Syntax Error: Unknown grouping 'K'. Known groupings are (C)onsonant, (O)bstruent, (S)onorant, (P)losive, (F)ricative, (L)iquid, (N)asal, (G)lide, and (V)owel | K = w ?) | ^ @ Rule 1, Line 1",env|exception
17.7.3.1.3,Old Norse to Shetland Norn,Shetland-Norn-yː,,index_diachronica_original.html:6528,False,syntax_other,False,True,False,,unknown_character,,syntax_other,,"Syntax Error: Unknown character 'ː' | yː | ^ @ Rule 1, Line 1",,"Syntax Error: Feature 'alveolar' has no modifier | _O[+cor,+anterior,+dist/alveolar] | ^^^^^^^^ @ Rule 1, Line 1",,input|env
17.9,Proto-Indo-European to Hittite,Hittite_2-ḱ-ɡ́-ɡ́ʱ,,index_diachronica_original.html:6796,False,unknown_character,False,True,,,unknown_character,,,,"Syntax Error: Unknown character '́' | kʲ ɡ́ ɡ́ʱ | ^ @ Rule 1, Line 1",,,,input
17.10,Proto-Indo-European to Proto-Indo-Iranian,"Proto-Indo-Iranian-h1,h3",,index_diachronica_original.html:6825,False,syntax_other,False,False,,,unknown_character,syntax_other,,,"Syntax Error: Unknown character '₁' | {h₁,h₃} | ^ @ Rule 1, Line 1","Syntax Error: The output of a deletion rule must only contain `*` or `∅` | *H | ^ @ Rule 1, Line 1",,,input|output
17.10,Proto-Indo-European to Proto-Indo-Iranian,Proto-Indo-Iranian-*H,,index_diachronica_original.html:6826,False,syntax_other,False,True,True,,syntax_other,,,,"Syntax Error: The input of an insertion rule must only contain `*` or `∅` | *H | ^ @ Rule 1, Line 1",,,,input
17.10,Proto-Indo-European to Proto-Indo-Iranian,Proto-Indo-Iranian-s,,index_diachronica_original.html:6828,False,expected_underscore,True,True,False,,,,unknown_character,,,,"Syntax Error: Unknown character 'Ḱ' | {u,i,l,r,K,Ḱ} | ^ @ Rule 1, Line 1",,env
17.10,Proto-Indo-European to Proto-Indo-Iranian,Proto-Indo-Iranian-Bʱ1P2,,index_diachronica_original.html:6830,False,unknown_character,False,False,,,unknown_character,unknown_character,,,"Syntax Error: Unknown character '₁' | Bʱ₁P₂ | ^ @ Rule 1, Line 1","Syntax Error: Unknown character '₁' | B₁Bʱ₂ | ^ @ Rule 1, Line 1",,,input|output
17.10,Proto-Indo-European to Proto-Indo-Iranian,Proto-Indo-Iranian-BʱBʱ,,index_diachronica_original.html:6831,False,unknown_grouping,False,False,,,unknown_grouping,unknown_grouping,,,"Syntax Error: Unknown grouping 'B'. Known groupings are (C)onsonant, (O)bstruent, (S)onorant, (P)losive, (F)ricative, (L)iquid, (N)asal, (G)lide, and (V)owel | BʱBʱ | ^ @ Rule 1, Line 1","Syntax Error: Unknown grouping 'B'. Known groupings are (C)onsonant, (O)bstruent, (S)onorant, (P)losive, (F)ricative, (L)iquid, (N)asal, (G)lide, and (V)owel | BBʱ | ^ @ Rule 1, Line 1",,,input|output
17.10,Proto-Indo-European to Proto-Indo-Iranian,Proto-Indo-Iranian-ttʃ-ddʒʱ,,index_diachronica_original.html:6833,False,syntax_other,True,False,,,,syntax_other,,,,"Syntax Error: Expected '..', but received .'ʃ' | t.ʃ d.ʒʱ | ^ @ Rule 1, Line 1",,,output
17.10,Proto-Indo-European to Proto-Indo-Iranian,Proto-Indo-Iranian-k-ɡ-ɡʱ,,index_diachronica_original.html:6837,False,expected_underscore,True,True,False,,,,expected_underscore,,,,"Syntax Error: Expected '_', but received ',' | _e,i,j | ^ @ Rule 1, Line 1",,env
17.10,Proto-Indo-European to Proto-Indo-Iranian,"Proto-Indo-Iranian-e,o,o2,N̊",,index_diachronica_original.html:6839,False,unknown_character,False,True,,,unknown_character,,,,"Syntax Error: Unknown character '₂' | {e,o,o₂,N̊} | ^ @ Rule 1, Line 1",,,,input
17.10.1,Proto-Indo-Iranian to Proto-Indo-Aryan,Proto-Indo-Aryan-Sh2,,index_diachronica_original.html:6845,False,unknown_feature,False,False,,,unknown_character,unknown_feature,,,"Syntax Error: Unknown character '₂' | Sh₂ | ^ @ Rule 1, Line 1","Syntax Error: Unknown feature 'aspirated'. Did you mean spread? | S[+ aspirated] | ^^^^^^^^^^^ @ Rule 1, Line 1",,,input|output
17.10.1,Proto-Indo-Iranian to Proto-Indo-Aryan,Proto-Indo-Aryan-h2,,index_diachronica_original.html:6846,False,syntax_other,False,False,,,unknown_character,syntax_other,,,"Syntax Error: Unknown character '₂' | h₂ | ^ @ Rule 1, Line 1","Syntax Error: The output of a deletion rule must only contain `*` or `∅` | *H | ^ @ Rule 1, Line 1",,,input|output
17.10.1,Proto-Indo-Iranian to Proto-Indo-Aryan,Proto-Indo-Aryan-R̊H,,index_diachronica_original.html:6848,False,unknown_character,False,False,True,,unknown_character,unknown_grouping,,,"Syntax Error: Unknown character '̊' | R̊H | ^ @ Rule 1, Line 1","Syntax Error: Unknown grouping 'R'. Known groupings are (C)onsonant, (O)bstruent, (S)onorant, (P)losive, (F)ricative, (L)iquid, (N)asal, (G)lide, and (V)owel | {u,i}R | ^ @ Rule 1, Line 1",,,input|output
17.10.1,Proto-Indo-Iranian to Proto-Indo-Aryan,Proto-Indo-Aryan-R̊H_2,,index_diachronica_original.html:6849,False,unknown_character,False,False,True,,unknown_character,unknown_character,,,"Syntax Error: Unknown character '̊' | R̊H | ^ @ Rule 1, Line 1","Syntax Error: Unknown character 'ː' | {u,i}ːR | ^ @ Rule 1, Line 1",,,input|output
17.10.1,Proto-Indo-Iranian to Proto-Indo-Aryan,Proto-Indo-Aryan-n,,index_diachronica_original.html:6851,False,unknown_grouping,True,True,False,,,,unknown_grouping,,,,"Syntax Error: Unknown grouping 'R'. Known groupings are (C)onsonant, (O)bstruent, (S)onorant, (P)losive, (F)ricative, (L)iquid, (N)asal, (G)lide, and (V)owel | R(V)_ | ^ @ Rule 1, Line 1",,env
17.10.1,Proto-Indo-Iranian to Proto-Indo-Aryan,Proto-Indo-Aryan-t-dʱ-n,,index_diachronica_original.html:6852,False,unknown_character,False,False,False,True,syntax_other,syntax_other,unknown_character,,"Syntax Error: Expected an IPA character, Primative or Matrix, but received 'ʱ' | t d(ʱ) n | ^ @ Rule 1, Line 1","Syntax Error: Expected end of line, received '('. Did you forget a '/' between the output and environment? | ʈ ɖ(ʱ) ɳ | ^ @ Rule 1, Line 1","Syntax Error: Unknown character '̣' | C̣_ | ^ @ Rule 1, Line 1",,input|output|env
17.10.1,Proto-Indo-Iranian to Proto-Indo-Aryan,Proto-Indo-Aryan-s-t-dʱ-n,,index_diachronica_original.html:6853,False,unknown_character,False,False,False,,syntax_other,syntax_other,unknown_character,,"Syntax Error: Expected an IPA character, Primative or Matrix, but received 'ʱ' | s t d(ʱ) n | ^ @ Rule 1, Line 1","Syntax Error: Expected end of line, received '('. Did you forget a '/' between the output and environment? | ʂ ʈ ɖ(ʱ) ɳ | ^ @ Rule 1, Line 1","Syntax Error: Unknown character '̣' | _C̣ | ^ @ Rule 1, Line 1",,input|output|env
17.10.1.1,Proto-Indo-Aryan to Central Middle Indo-Aryan,Central-Middle-Indo-Aryan-C,,index_diachronica_original.html:6877,False,runtime_other,True,True,True,,,,,,,,,,multi
17.10.1.1,Proto-Indo-Aryan to Central Middle Indo-Aryan,Central-Middle-Indo-Aryan-Cn,,index_diachronica_original.html:6888,False,expected_number,True,True,True,False,,,,expected_number,,,,"Syntax Error: Expected number, but received d | C = dʒ | ^ @ Rule 1, Line 1",exception
17.10.1.2,Proto-Indo-Aryan to Eastern Middle Indo-Aryan,Eastern-Middle-Indo-Aryan-C,,index_diachronica_original.html:6898,False,runtime_other,True,True,True,,,,,,,,,,multi
17.10.1.2,Proto-Indo-Aryan to Eastern Middle Indo-Aryan,Eastern-Middle-Indo-Aryan-Cn,,index_diachronica_original.html:6911,False,expected_number,True,True,True,False,,,,expected_number,,,,"Syntax Error: Expected number, but received d | C = dʒ | ^ @ Rule 1, Line 1",exception
17.10.1.3,Proto-Indo-Aryan to Northwestern Middle Indo-Aryan,Northwestern-Middle-Indo-Aryan-C,,index_diachronica_original.html:6921,False,runtime_other,True,True,True,,,,,,,,,,multi
17.10.1.3,Proto-Indo-Aryan to Northwestern Middle Indo-Aryan,Northwestern-Middle-Indo-Aryan-Cn,,index_diachronica_original.html:6933,False,expected_number,True,True,True,False,,,,expected_number,,,,"Syntax Error: Expected number, but received d | C = dʒ | ^ @ Rule 1, Line 1",exception
17.10.1.4,Proto-Indo-Aryan to Western Middle Indo-Aryan,Western-Middle-Indo-Aryan-C,,index_diachronica_original.html:6943,False,runtime_other,True,True,True,,,,,,,,,,multi
17.10.1.4,Proto-Indo-Aryan to Western Middle Indo-Aryan,Western-Middle-Indo-Aryan-Cn,,index_diachronica_original.html:6954,False,expected_number,True,True,True,False,,,,expected_number,,,,"Syntax Error: Expected number, but received d | C = dʒ | ^ @ Rule 1, Line 1",exception
17.10.1.5,Proto-Indo-Aryan to Vedic Sanskrit,"Vedic-Sanskrit-s,ʂ",,index_diachronica_original.html:6960,False,stuff_after_word_bound,True,True,False,,,,stuff_after_word_bound,,,,"Syntax Error: Cannot have segments after the end of a word | _#C[- voice] | ^ @ Rule 1, Line 1",,env
17.10.1.5,Proto-Indo-Aryan to Vedic Sanskrit,"Vedic-Sanskrit-s,ʂ_2",,index_diachronica_original.html:6961,False,stuff_after_word_bound,True,True,False,,,,stuff_after_word_bound,,,,"Syntax Error: Cannot have segments after the end of a word | _#C[+ voice] | ^ @ Rule 1, Line 1",,env
17.10.1.5,Proto-Indo-Aryan to Vedic Sanskrit,Vedic-Sanskrit-sː-ʂː-ɕː,,index_diachronica_original.html:6965,False,syntax_other,False,False,,,unknown_character,syntax_other,,,"Syntax Error: Unknown character 'ː' | sː ʂː ɕː | ^ @ Rule 1, Line 1","Syntax Error: Expected '..', but received .'s' | t.s t.ʂ t.C | ^ @ Rule 1, Line 1",,,input|output
17.10.1.5,Proto-Indo-Aryan to Vedic Sanskrit,Vedic-Sanskrit-t.ʂ-t.ɕ,,index_diachronica_original.html:6966,False,syntax_other,False,False,,,syntax_other,unknown_character,,,"Syntax Error: Expected '..', but received .'ʂ' | t.ʂ t.ɕ | ^ @ Rule 1, Line 1","Syntax Error: Unknown character 'ː' | kʂ cʰː | ^ @ Rule 1, Line 1",,,input|output
17.11,Proto-Indo-European to Proto-Slavic,"Proto-Slavic-bʱ-dʱ-ɡʱ,ɡ́ʱ-ɡʷʱ",,index_diachronica_original.html:6983,False,unknown_character,False,True,,,unknown_character,,,,"Syntax Error: Unknown character '́' | bʱ dʱ {ɡʱ,ɡ́ʱ} ɡʷʱ | ^ @ Rule 1, Line 1",,,,input
17.11,Proto-Indo-European to Proto-Slavic,Proto-Slavic-Kʷ-ḱ-ɡ́,,index_diachronica_original.html:6984,False,unknown_character,False,False,,,unknown_character,unknown_grouping,,,"Syntax Error: Unknown character '́' | Kʷ kʲ ɡ́ | ^ @ Rule 1, Line 1","Syntax Error: Unknown grouping 'K'. Known groupings are (C)onsonant, (O)bstruent, (S)onorant, (P)losive, (F)ricative, (L)iquid, (N)asal, (G)lide, and (V)owel | K s z | ^ @ Rule 1, Line 1",,,input|output
17.11.1,Proto-Slavic to Polish,Polish-ɛl,,index_diachronica_original.html:7018,False,syntax_other,True,True,False,,,,unknown_grouping,,,,"Syntax Error: Unknown grouping 'T'. Known groupings are (C)onsonant, (O)bstruent, (S)onorant, (P)losive, (F)ricative, (L)iquid, (N)asal, (G)lide, and (V)owel | T_T) | ^ @ Rule 1, Line 1",,env
17.11.1,Proto-Slavic to Polish,Polish-C,,index_diachronica_original.html:7022,False,expected_underscore,True,False,False,False,,syntax_other,unknown_grouping,expected_underscore,,"Syntax Error: Expected end of line, received 'ʲ'. Did you forget a '/' between the output and environment? | Cʲ | ^ @ Rule 1, Line 1","Syntax Error: Unknown grouping 'E'. Known groupings are (C)onsonant, (O)bstruent, (S)onorant, (P)losive, (F)ricative, (L)iquid, (N)asal, (G)lide, and (V)owel | _E | ^ @ Rule 1, Line 1","Syntax Error: Expected '_', but received '/' | /j ɕ ʑ | ^ @ Rule 1, Line 1",output|env|exception
17.11.1,Proto-Slavic to Polish,Polish-ɛ-ɛ̃-ɛː,,index_diachronica_original.html:7024,False,unknown_feature,False,True,False,,unknown_character,,unknown_feature,,"Syntax Error: Unknown character 'ː' | ɛ ɛ̃ ɛː | ^ @ Rule 1, Line 1",,"Syntax Error: Unknown feature 'palatalized'. Did you mean latrl? | _C[-palatalized +cor,+anterior,+dist] | ^^^^^^^^^^^^^ @ Rule 1, Line 1",,input|env
17.11.1,Proto-Slavic to Polish,"Polish-—-ь,ъ",,index_diachronica_original.html:7027,False,syntax_other,True,True,False,,,,unknown_grouping,,,,"Syntax Error: Unknown grouping 'U'. Known groupings are (C)onsonant, (O)bstruent, (S)onorant, (P)losive, (F)ricative, (L)iquid, (N)asal, (G)lide, and (V)owel | iambic counting from U# or a syllable not containing a yer | ^ @ Rule 1, Line 1",,env
17.11.1,Proto-Slavic to Polish,"Polish-—-ь,ъ_2",,index_diachronica_original.html:7028,False,syntax_other,True,False,False,,,syntax_other,unknown_grouping,,,"Syntax Error: The output of a deletion rule must only contain `*` or `∅` | ∅] | ^ @ Rule 1, Line 1","Syntax Error: Unknown grouping 'U'. Known groupings are (C)onsonant, (O)bstruent, (S)onorant, (P)losive, (F)ricative, (L)iquid, (N)asal, (G)lide, and (V)owel | even syllables counting iambic from U# or a syllable not containing a yer | ^ @ Rule 1, Line 1",,output|env
17.11.1,Proto-Slavic to Polish,Polish-ьl_2,,index_diachronica_original.html:7035,False,unknown_feature,True,True,False,,,,unknown_feature,,,,"Syntax Error: Unknown feature 'palatalized'. Did you mean latrl? | P_C[+cor,+anterior,+dist -palatalized] | ^^^^^^^^^^^^ @ Rule 1, Line 1",,env
17.11.1,Proto-Slavic to Polish,Polish-ь,,index_diachronica_original.html:7038,False,unknown_feature,True,False,False,,,unknown_character,unknown_feature,,,"Syntax Error: Unknown character 'ː' | aː | ^ @ Rule 1, Line 1","Syntax Error: Unknown feature 'palatalized'. Did you mean latrl? | r_C[+cor,+anterior,+dist -palatalized] | ^^^^^^^^^^^^ @ Rule 1, Line 1",,output|env
17.11.1,Proto-Slavic to Polish,Polish-a-ɛ-i-ɔ-u-ɨ-ã,,index_diachronica_original.html:7041,False,syntax_other,True,False,False,,,unknown_character,syntax_other,,,"Syntax Error: Unknown character 'ː' | aː ɛː iː ɔː uː ɨː ãː | ^ @ Rule 1, Line 1","Syntax Error: Feature 'lost' has no modifier | _{C/U}[+voice][lost yer] | ^^^^ @ Rule 1, Line 1",,output|env
17.11.1,Proto-Slavic to Polish,Polish-jь,,index_diachronica_original.html:7047,False,expected_underscore,True,True,False,,,,expected_underscore,,,,"Syntax Error: Expected '_', but received '' | utterance-initially | ^ @ Rule 1, Line 1",,env
17.11.1,Proto-Slavic to Polish,Polish-ã,,index_diachronica_original.html:7063,False,expected_underscore,True,True,False,,,,expected_underscore,,,,"Syntax Error: Expected '_', but received '' | short only | ^ @ Rule 1, Line 1",,env
17.11.1,Proto-Slavic to Polish,Polish-Vː,,index_diachronica_original.html:7066,False,syntax_other,False,False,,,unknown_character,syntax_other,,,"Syntax Error: Unknown character 'ː' | Vː | ^ @ Rule 1, Line 1","Syntax Error: Negation cannot be used in the output | V in certain frequently-used words | ^ @ Rule 1, Line 1",,,input|output
17.11.1,Proto-Slavic to Polish,Polish-r̝,,index_diachronica_original.html:7073,False,diacritic_prereq,False,True,True,,diacritic_prereq,,,,"Syntax Error: Segment does not have prerequisite properties to have this diacritic. Must be [-sonorant] | r̝ | ^^ @ Rule 1, Line 1",,,,input
17.11.1,Proto-Slavic to Polish,Polish-r̝_2,,index_diachronica_original.html:7074,False,diacritic_prereq,False,True,True,,diacritic_prereq,,,,"Syntax Error: Segment does not have prerequisite properties to have this diacritic. Must be [-sonorant] | r̝ | ^^ @ Rule 1, Line 1",,,,input
17.11.1,Proto-Slavic to Polish,Polish-ŕ,,index_diachronica_original.html:7075,False,unknown_character,False,True,,True,unknown_character,,,,"Syntax Error: Unknown character 'ŕ' | ŕ | ^ @ Rule 1, Line 1",,,,input
17.11.1,Proto-Slavic to Polish,Polish-Cʲ_2,,index_diachronica_original.html:7097,False,unknown_grouping,False,False,,,syntax_other,unknown_grouping,,,"Syntax Error: Expected end of line, received 'ʲ'. Did you forget a '/' between the output and environment? | Cʲ | ^ @ Rule 1, Line 1","Syntax Error: Unknown grouping 'M'. Known groupings are (C)onsonant, (O)bstruent, (S)onorant, (P)losive, (F)ricative, (L)iquid, (N)asal, (G)lide, and (V)owel | C in select words due to prestige influence of Czech in the Middle Ages | ^ @ Rule 1, Line 1",,,input|output
17.11.1,Proto-Slavic to Polish,Polish-tɕts-ʑr̝,,index_diachronica_original.html:7110,False,diacritic_prereq,False,False,,,diacritic_prereq,diacritic_prereq,,,"Syntax Error: Segment does not have prerequisite properties to have this diacritic. Must be [-sonorant] | tɕts ʑr̝ | ^^ @ Rule 1, Line 1","Syntax Error: Segment does not have prerequisite properties to have this diacritic. Must be [-sonorant] | jts jr̝ | ^^ @ Rule 1, Line 1",,,input|output
17.11.1,Proto-Slavic to Polish,Polish-ɕtɕ,,index_diachronica_original.html:7111,False,unknown_character,True,True,False,,,,unknown_character,,,,"Syntax Error: Unknown character '͜' | _{t͜s,s} | ^ @ Rule 1, Line 1",,env
17.11.1,Proto-Slavic to Polish,Polish-v-r̝,,index_diachronica_original.html:7116,False,diacritic_prereq,False,True,True,,diacritic_prereq,,,,"Syntax Error: Segment does not have prerequisite properties to have this diacritic. Must be [-sonorant] | v r̝ | ^^ @ Rule 1, Line 1",,,,input
17.11.1,Proto-Slavic to Polish,Polish-v-r̝_2,,index_diachronica_original.html:7117,False,diacritic_prereq,False,True,True,,diacritic_prereq,,,,"Syntax Error: Segment does not have prerequisite properties to have this diacritic. Must be [-sonorant] | v r̝ | ^^ @ Rule 1, Line 1",,,,input
17.11.1,Proto-Slavic to Polish,Polish-r̝̊-r̝,,index_diachronica_original.html:7118,False,unknown_character,False,True,,,unknown_character,,,,"Syntax Error: Unknown character '̊' | r̝̊ r̝ | ^ @ Rule 1, Line 1",,,,input
17.11.1,Proto-Slavic to Polish,Polish-r̝_3,,index_diachronica_original.html:7127,False,diacritic_prereq,False,True,True,,diacritic_prereq,,,,"Syntax Error: Segment does not have prerequisite properties to have this diacritic. Must be [-sonorant] | r̝ | ^^ @ Rule 1, Line 1",,,,input
17.11.1,Proto-Slavic to Polish,Polish-ɕr̝-ʑr̝,,index_diachronica_original.html:7129,False,diacritic_prereq,False,True,False,,diacritic_prereq,,expected_underscore,,"Syntax Error: Segment does not have prerequisite properties to have this diacritic. Must be [-sonorant] | ɕr̝ ʑr̝ | ^^ @ Rule 1, Line 1",,"Syntax Error: Expected '_', but received ',' | , respectively | ^ @ Rule 1, Line 1",,input|env
17.11.1,Proto-Slavic to Polish,Polish-ʈʂ,,index_diachronica_original.html:7131,False,diacritic_prereq,True,True,False,,,,diacritic_prereq,,,,"Syntax Error: Segment does not have prerequisite properties to have this diacritic. Must be [-sonorant] | _r̝ | ^^ @ Rule 1, Line 1",,env
17.11.1,Proto-Slavic to Polish,Polish-ɕ,,index_diachronica_original.html:7132,False,diacritic_prereq,True,True,False,,,,diacritic_prereq,,,,"Syntax Error: Segment does not have prerequisite properties to have this diacritic. Must be [-sonorant] | tr̝_tɕ | ^^ @ Rule 1, Line 1",,env
17.11.1,Proto-Slavic to Polish,Polish-trk,,index_diachronica_original.html:7144,False,expected_underscore,True,True,False,,,,expected_underscore,,,,"Syntax Error: Expected '_', but received '' | the name of the river | ^ @ Rule 1, Line 1",,env
17.11.1,Proto-Slavic to Polish,Polish-dz-ts,,index_diachronica_original.html:7152,False,unknown_character,True,False,,,,unknown_character,,,,"Syntax Error: Unknown character '͜' | d͜z t͜s | ^ @ Rule 1, Line 1",,,output
17.11.1,Proto-Slavic to Polish,Polish-C+sibilantP,,index_diachronica_original.html:7153,False,unknown_feature,True,False,True,,,unknown_feature,,,,"Syntax Error: Unknown feature 'alveolopalatal'. Did you mean consonantal? | C[+alveolopalatal] | ^^^^^^^^^^^^^^^ @ Rule 1, Line 1",,,output
17.11.1,Proto-Slavic to Polish,Polish-rʲ,,index_diachronica_original.html:7166,False,unknown_character,True,True,False,,,,unknown_character,,,,"Syntax Error: Unknown character '͜' | _{s,t͜s,l,w,n,ɲ} | ^ @ Rule 1, Line 1",,env
17.12,Proto-Indo-European to Proto-Italic,Proto-Italic-ǵʰ-gʷʰ,,index_diachronica_original.html:7193,False,diacritic_prereq,False,False,,,diacritic_prereq,diacritic_prereq,,,"Syntax Error: Segment does not have prerequisite properties to have this diacritic. Must be [-voice] | ɡʲʰ gʷʰ | ^ ^ @ Rule 1, Line 1","Syntax Error: Segment does not have prerequisite properties to have this diacritic. Must be [-voice] | ɡʰ xʷ | ^^ @ Rule 1, Line 1",,,input|output
17.12,Proto-Indo-European to Proto-Italic,Proto-Italic-bʰ-dʰ-gʰ,,index_diachronica_original.html:7194,False,diacritic_prereq,,,,,,,,,,,,,multi
17.12.1,Proto-Italic to Proto-Latino-Falsican,Proto-Latino-Falsican-ɡʰ,,index_diachronica_original.html:7204,False,diacritic_prereq,False,True,True,,diacritic_prereq,,,,"Syntax Error: Segment does not have prerequisite properties to have this diacritic. Must be [-voice] | ɡʰ | ^^ @ Rule 1, Line 1",,,,input
17.12.1,Proto-Italic to Proto-Latino-Falsican,Proto-Latino-Falsican-ɡʰ_2,0,index_diachronica_original.html:7205,False,diacritic_prereq,False,True,,,diacritic_prereq,,,,"Syntax Error: Segment does not have prerequisite properties to have this diacritic. Must be [-voice] | ɡʰ | ^^ @ Rule 1, Line 1",,,,input
17.12.1,Proto-Italic to Proto-Latino-Falsican,Proto-Latino-Falsican-ɡʰ_2,1,index_diachronica_original.html:7205,False,diacritic_prereq,False,True,,,diacritic_prereq,,,,"Syntax Error: Segment does not have prerequisite properties to have this diacritic. Must be [-voice] | ɡʰ | ^^ @ Rule 1, Line 1",,,,input
17.12.1,Proto-Italic to Proto-Latino-Falsican,Proto-Latino-Falsican-ɡʰ_2,2,index_diachronica_original.html:7205,False,diacritic_prereq,False,True,,,diacritic_prereq,,,,"Syntax Error: Segment does not have prerequisite properties to have this diacritic. Must be [-voice] | ɡʰ | ^^ @ Rule 1, Line 1",,,,input
17.12.1.1,Proto-Indo-European to Latin,Latin-ḱ-ɡ́,,index_diachronica_original.html:7270,False,unknown_character,False,True,,,unknown_character,,,,"Syntax Error: Unknown character '́' | kʲ ɡ́ | ^ @ Rule 1, Line 1",,,,input
17.12.1.1,Proto-Indo-European to Latin,Latin-r…r,,index_diachronica_original.html:7312,False,syntax_other,True,False,,,,syntax_other,,,,"Syntax Error: Expected end of line, received '∅'. Did you forget a '/' between the output and environment? | r…∅ | ^ @ Rule 1, Line 1",,,output
17.12.1.1.1,Classical Latin vs. Vulgar Latin,"Classical-Latin-vs.-Vulgar-Latin-uː-ɔ,oː-eː-iː",,index_diachronica_original.html:7338,False,format_error,,,,,,,,,,,,,multi
17.12.1.1.2,Latin to Catalan,"Catalan-u,oː",,index_diachronica_original.html:7360,False,unknown_grouping,False,True,False,,unknown_character,,unknown_grouping,,"Syntax Error: Unknown character 'ː' | {u,o(ː)} | ^ @ Rule 1, Line 1",,"Syntax Error: Unknown grouping 'E'. Known groupings are (C)onsonant, (O)bstruent, (S)onorant, (P)losive, (F)ricative, (L)iquid, (N)asal, (G)lide, and (V)owel | _$V:[+stress] in East Catalan | ^ @ Rule 1, Line 1",,input|env
17.12.1.1.2,Latin to Catalan,Catalan-p-b-t-d-k-ɡ,,index_diachronica_original.html:7376,False,syntax_other,True,False,True,,,syntax_other,,,,"Syntax Error: Expected end of line, received '∅'. Did you forget a '/' between the output and environment? | β {β,w} ∅ {j,w} ɣ {j,∅,ɡ} | ^ @ Rule 1, Line 1",,,output
17.12.1.1.2,Latin to Catalan,Catalan-b,,index_diachronica_original.html:7392,False,unknown_character,True,True,False,,,,unknown_character,,,,"Syntax Error: Unknown character '̈' | V̈$_j | ^ @ Rule 1, Line 1",,env
17.12.1.1.2,Latin to Catalan,Catalan-V_5,,index_diachronica_original.html:7398,False,syntax_other,True,True,False,,,,syntax_other,,,,"Syntax Error: Expected an IPA character, Primative or Matrix, but received '' | V:[+stress]$_(C)(C)V(C)# ( | ^ @ Rule 1, Line 1",,env
17.12.1.1.2,Latin to Catalan,Catalan-V_6,,index_diachronica_original.html:7413,False,runtime_delete_only_segment,True,True,,,,,,,,,,,multi
17.12.1.1.2,Latin to Catalan,Catalan-C,,index_diachronica_original.html:7439,False,unknown_character,True,True,False,False,,,unknown_character,unknown_character,,,"Syntax Error: Unknown character '₁' | C₁_C₂ | ^ @ Rule 1, Line 1","Syntax Error: Unknown character '₂' | C₂ = L | ^ @ Rule 1, Line 1",env|exception
17.12.1.1.2,Latin to Catalan,"Catalan-a,o",,index_diachronica_original.html:7440,False,runtime_delete_only_segment,True,True,True,,,,,,,,,,multi
17.12.1.1.2,Latin to Catalan,Catalan-ɛj-ɔj,,index_diachronica_original.html:7447,False,expected_underscore,True,True,False,True,,,expected_underscore,,,,"Syntax Error: Expected '_', but received '' | i {u,ui} | ^ @ Rule 1, Line 1",,env
17.12.1.1.2,Latin to Catalan,Catalan-ɛ,,index_diachronica_original.html:7448,False,syntax_other,True,True,,False,,,,unknown_character,,,,"Syntax Error: Unknown character 'ː' | _{rː,l,rC[-labial],nr} or _ ? w# | ^ @ Rule 1, Line 1",exception
17.12.1.1.3,Latin to French,"French-—-m,n",,index_diachronica_original.html:7460,False,stuff_after_word_bound,True,True,False,,,,stuff_after_word_bound,,,,"Syntax Error: Cannot have segments after the end of a word | _# in polysyllables | ^ @ Rule 1, Line 1",,env
17.12.1.1.3,Latin to French,French-—-V_2,,index_diachronica_original.html:7465,False,syntax_other,True,True,False,,,,syntax_other,,,,"Syntax Error: Expected end of line, received '*'. Did you forget a '/' between the output and environment? | _C*{i:[+stress],e:[+stress]}V | ^ @ Rule 1, Line 1",,env
17.12.1.1.3,Latin to French,French-è,,index_diachronica_original.html:7486,False,unknown_feature,True,True,False,,,,unknown_feature,,,,"Syntax Error: Unknown feature 'open'. Did you mean ten? | U[+open] | ^^^^^ @ Rule 1, Line 1",,env
17.12.1.1.3,Latin to French,French-è_3,,index_diachronica_original.html:7488,False,unknown_feature,True,True,False,,,,unknown_feature,,,,"Syntax Error: Unknown feature 'closed'. Did you mean cons? | U[+closed] | ^^^^^^^ @ Rule 1, Line 1",,env
17.12.1.1.3,Latin to French,French-ò,,index_diachronica_original.html:7489,False,unknown_feature,,,,,,,,,,,,,multi
17.12.1.1.3,Latin to French,French-ò_2,,index_diachronica_original.html:7490,False,unknown_feature,True,True,False,,,,unknown_feature,,,,"Syntax Error: Unknown feature 'closed'. Did you mean cons? | U[+closed] | ^^^^^^^ @ Rule 1, Line 1",,env
17.12.1.1.3,Latin to French,French-j,,index_diachronica_original.html:7493,False,syntax_other,True,True,False,,,,unknown_grouping,,,,"Syntax Error: Unknown grouping 'E'. Known groupings are (C)onsonant, (O)bstruent, (S)onorant, (P)losive, (F)ricative, (L)iquid, (N)asal, (G)lide, and (V)owel | V_E:[+stress] | ^ @ Rule 1, Line 1",,env
17.12.1.1.3,Latin to French,French-V,,index_diachronica_original.html:7500,False,expected_underscore,True,True,False,,,,expected_underscore,,,,"Syntax Error: Expected '_', but received '' | the unstressed penult | ^ @ Rule 1, Line 1",,env
17.12.1.1.3,Latin to French,French-V_2,,index_diachronica_original.html:7501,False,expected_underscore,True,True,False,False,,,expected_underscore,expected_number,,,"Syntax Error: Expected '_', but received '' | intertonic | ^ @ Rule 1, Line 1","Syntax Error: Expected number, but received a | V = a | ^ @ Rule 1, Line 1",env|exception
17.12.1.1.3,Latin to French,French-a,,index_diachronica_original.html:7502,False,expected_underscore,True,True,False,,,,expected_underscore,,,,"Syntax Error: Expected '_', but received '' | intertonic | ^ @ Rule 1, Line 1",,env
17.12.1.1.3,Latin to French,French-∅_3,,index_diachronica_original.html:7504,False,syntax_other,False,True,False,,syntax_other,,syntax_other,,"Syntax Error: The input of an insertion rule must only contain `*` or `∅` | ∅ | ^ @ Rule 1, Line 1",,"Syntax Error: Expected an IPA character, Primative or Matrix, but received '_' | {n,l,ɲ,z_r | ^ @ Rule 1, Line 1",,input|env
17.12.1.1.3,Latin to French,French-C,,index_diachronica_original.html:7509,False,unknown_character,True,True,False,False,,,unknown_character,unknown_character,,,"Syntax Error: Unknown character '₁' | C₁_C₂ | ^ @ Rule 1, Line 1","Syntax Error: Unknown character '₂' | C₂ = {r,l} | ^ @ Rule 1, Line 1",env|exception
17.12.1.1.3,Latin to French,French-t_3,,index_diachronica_original.html:7534,False,expected_underscore,True,True,False,,,,expected_underscore,,,,"Syntax Error: Expected '_', but received '' | {ʃ,s} | ^ @ Rule 1, Line 1",,env
17.12.1.1.3,Latin to French,French-∅_6,,index_diachronica_original.html:7537,False,unknown_feature,False,True,False,,syntax_other,,unknown_feature,,"Syntax Error: The input of an insertion rule must only contain `*` or `∅` | ∅ | ^ @ Rule 1, Line 1",,"Syntax Error: Unknown feature 'open'. Did you mean ten? | {ʃ,ʒ,sj,zj}{a:[+stress],e:[+stress]}_ in U[+open] | ^^^^^ @ Rule 1, Line 1",,input|env
17.12.1.1.3,Latin to French,French-j_3,,index_diachronica_original.html:7539,False,syntax_other,True,True,False,,,,unknown_character,,,,"Syntax Error: Unknown character 'ː' | s_ (sː_?) | ^ @ Rule 1, Line 1",,env
17.12.1.1.3,Latin to French,French-é,,index_diachronica_original.html:7545,False,unknown_feature,True,True,False,,,,unknown_feature,,,,"Syntax Error: Unknown feature 'open'. Did you mean ten? | U[+open] | ^^^^^ @ Rule 1, Line 1",,env
17.12.1.1.3,Latin to French,French-é_2,,index_diachronica_original.html:7546,False,unknown_feature,True,True,False,,,,unknown_feature,,,,"Syntax Error: Unknown feature 'closed'. Did you mean cons? | U[+closed] | ^^^^^^^ @ Rule 1, Line 1",,env
17.12.1.1.3,Latin to French,French-ó,,index_diachronica_original.html:7547,False,unknown_feature,,,,,,,,,,,,,multi
17.12.1.1.3,Latin to French,French-ó_3,,index_diachronica_original.html:7549,False,unknown_feature,True,True,False,,,,unknown_feature,,,,"Syntax Error: Unknown feature 'closed'. Did you mean cons? | U[+closed] | ^^^^^^^ @ Rule 1, Line 1",,env
17.12.1.1.3,Latin to French,French-e,,index_diachronica_original.html:7550,False,unknown_feature,True,True,False,,,,unknown_feature,,,,"Syntax Error: Unknown feature 'open'. Did you mean ten? | #(C…)_($…):[+stress] in U[+open] | ^^^^^ @ Rule 1, Line 1",,env
17.12.1.1.3,Latin to French,French-e_2,,index_diachronica_original.html:7551,False,unknown_feature,True,True,False,,,,unknown_feature,,,,"Syntax Error: Unknown feature 'closed'. Did you mean cons? | #(C…)_($…):[+stress] in U[+closed] or _V | ^^^^^^^ @ Rule 1, Line 1",,env
17.12.1.1.3,Latin to French,French-a_2,,index_diachronica_original.html:7553,False,unknown_feature,True,True,False,,,,unknown_feature,,,,"Syntax Error: Unknown feature 'open'. Did you mean ten? | #{tʃ,dʒ}_($…):[+stress] in U[+open] | ^^^^^ @ Rule 1, Line 1",,env
17.12.1.1.3,Latin to French,French-a_3,,index_diachronica_original.html:7554,False,unknown_feature,True,True,False,,,,unknown_feature,,,,"Syntax Error: Unknown feature 'open'. Did you mean ten? | U[+open] | ^^^^^ @ Rule 1, Line 1",,env
17.12.1.1.3,Latin to French,French-V_3,,index_diachronica_original.html:7559,False,expected_number,True,True,True,False,,,,expected_number,,,,"Syntax Error: Expected number, but received a | V = a | ^ @ Rule 1, Line 1",exception
17.12.1.1.3,Latin to French,"French-ei,ɔi",,index_diachronica_original.html:7571,False,expected_underscore,True,True,False,,,,expected_underscore,,,,"Syntax Error: Expected '_', but received '' | C[-nas] | ^ @ Rule 1, Line 1",,env
17.12.1.1.4,Vulgar Latin to Italian,Italian-ɔ,,index_diachronica_original.html:7605,False,syntax_other,True,True,True,False,,,,syntax_other,,,,"Syntax Error: Cannot have multiple underlines in an environment | j_ or _{dʒ,L} | ^ @ Rule 1, Line 1",exception
17.12.1.1.4,Vulgar Latin to Italian,"Italian-skj,stj,sːj",,index_diachronica_original.html:7614,False,syntax_other,False,True,,,unknown_character,,,,"Syntax Error: Unknown character 'ː' | {skj,stj,sːj | ^ @ Rule 1, Line 1",,,,input
17.12.1.1.5,Latin to Portuguese,Portuguese-V,,index_diachronica_original.html:7625,False,syntax_other,True,True,False,,,,syntax_other,,,,"Syntax Error: Cannot have segments before the beginning of a word | V:[+stress]$L(C)(C)V(C)# | ^ @ Rule 1, Line 1",,env
17.12.1.1.5,Latin to Portuguese,Portuguese-e,,index_diachronica_original.html:7633,False,unknown_character,True,False,False,,,unknown_character,unknown_character,,,"Syntax Error: Unknown character 'ː' | iː | ^ @ Rule 1, Line 1","Syntax Error: Unknown character 'ː' | _$ɪ:[+stress]ː# | ^ @ Rule 1, Line 1",,output|env
17.12.1.1.5,Latin to Portuguese,Portuguese-N,,index_diachronica_original.html:7654,False,expected_number,True,True,True,False,,,,expected_number,,,,"Syntax Error: Expected number, but received S | C = S | ^ @ Rule 1, Line 1",exception
17.12.1.1.5,Latin to Portuguese,Portuguese-V+nas_2,,index_diachronica_original.html:7660,False,syntax_other,True,True,False,,,,unknown_grouping,,,,"Syntax Error: Unknown grouping 'U'. Known groupings are (C)onsonant, (O)bstruent, (S)onorant, (P)losive, (F)ricative, (L)iquid, (N)asal, (G)lide, and (V)owel | U# | ^ @ Rule 1, Line 1",,env
17.12.1.1.5,Latin to Portuguese,"Portuguese-e,i",,index_diachronica_original.html:7669,False,stuff_after_word_bound,True,True,False,,,,unknown_grouping,,,,"Syntax Error: Unknown grouping 'U'. Known groupings are (C)onsonant, (O)bstruent, (S)onorant, (P)losive, (F)ricative, (L)iquid, (N)asal, (G)lide, and (V)owel | {l,m,r}_ when between #U and U[+stress] | ^ @ Rule 1, Line 1",,env
17.12.1.1.5,Latin to Portuguese,"Portuguese-e,i_2",,index_diachronica_original.html:7670,False,stuff_after_word_bound,True,True,False,,,,unknown_grouping,,,,"Syntax Error: Unknown grouping 'U'. Known groupings are (C)onsonant, (O)bstruent, (S)onorant, (P)losive, (F)ricative, (L)iquid, (N)asal, (G)lide, and (V)owel | k_t when between #U and U[+stress] | ^ @ Rule 1, Line 1",,env
17.12.1.1.5,Latin to Portuguese,Portuguese-o_2,,index_diachronica_original.html:7671,False,unknown_feature,True,True,False,,,,unknown_feature,,,,"Syntax Error: Unknown feature 'tonic'. Did you mean cons? | _{r,l} when between #U and U[+tonic] | ^^^^^^ @ Rule 1, Line 1",,env
17.12.1.1.5,Latin to Portuguese,Portuguese-C0C0,,index_diachronica_original.html:7715,False,expected_number,False,False,,False,unknown_character,unknown_character,,expected_number,"Syntax Error: Unknown character '₀' | C₀C₀ | ^ @ Rule 1, Line 1","Syntax Error: Unknown character '₀' | C₀ | ^ @ Rule 1, Line 1",,"Syntax Error: Expected number, but received r | C = r | ^ @ Rule 1, Line 1",input|output|exception
17.12.1.1.5,Latin to Portuguese,Portuguese-C,,index_diachronica_original.html:7716,False,unknown_character,True,True,False,False,,,unknown_character,unknown_character,,,"Syntax Error: Unknown character '₁' | C₁_C₂ | ^ @ Rule 1, Line 1","Syntax Error: Unknown character '₂' | C₂ = L | ^ @ Rule 1, Line 1",env|exception
17.12.1.1.5,Latin to Portuguese,Portuguese-k_6,,index_diachronica_original.html:7722,False,unknown_character,True,True,False,False,,,unknown_character,unknown_character,,,"Syntax Error: Unknown character '₁' | V₁_V₂ | ^ @ Rule 1, Line 1","Syntax Error: Unknown character '₂' | V₂ = ɔ | ^ @ Rule 1, Line 1",env|exception
17.12.1.1.6,Vulgar Latin to Old Provençal,Old-Provençal-—-a_2,,index_diachronica_original.html:7748,False,stuff_after_word_bound,True,True,False,,,,stuff_after_word_bound,,,,"Syntax Error: Cannot have segments after the end of a word | _# in monosyllables and oxytones | ^ @ Rule 1, Line 1",,env
17.12.1.1.6,Vulgar Latin to Old Provençal,Old-Provençal-—-a_3,,index_diachronica_original.html:7749,False,unknown_character,True,False,,,,unknown_character,,,,"Syntax Error: Unknown character 'å' | å | ^ @ Rule 1, Line 1",,,output
17.12.1.1.6,Vulgar Latin to Old Provençal,Old-Provençal-—-å-ɛ-ɔ,,index_diachronica_original.html:7750,False,unknown_character,False,True,True,,unknown_character,,,,"Syntax Error: Unknown character 'å' | å ɛ ɔ | ^ @ Rule 1, Line 1",,,,input
17.12.1.1.6,Vulgar Latin to Old Provençal,Old-Provençal-—-e_2,,index_diachronica_original.html:7753,False,syntax_other,True,True,False,,,,syntax_other,,,,"Syntax Error: Expected an IPA character, Primative or Matrix, but received '…' | _(C…)i{C(C…)V,#} | ^ @ Rule 1, Line 1",,env
17.12.1.1.6,Vulgar Latin to Old Provençal,Old-Provençal-—-V,,index_diachronica_original.html:7766,False,runtime_delete_only_segment,True,True,,,,,,,,,,,multi
17.12.1.1.6,Vulgar Latin to Old Provençal,Old-Provençal-—-V_3,,index_diachronica_original.html:7774,False,runtime_delete_only_segment,True,True,,,,,,,,,,,multi
17.12.1.1.6,Vulgar Latin to Old Provençal,Old-Provençal-—-V_4,,index_diachronica_original.html:7776,False,expected_underscore,True,True,False,,,,expected_underscore,,,,"Syntax Error: Expected '_', but received ',' | , though /a/ often remainedprobably /ə/ | ^ @ Rule 1, Line 1",,env
17.12.1.1.6,Vulgar Latin to Old Provençal,Old-Provençal-—-a_4,,index_diachronica_original.html:7786,False,expected_underscore,True,True,,False,,,,expected_underscore,,,,"Syntax Error: Expected '_', but received '' | Gascon and Languedoc | ^ @ Rule 1, Line 1",exception
17.12.1.1.6,Vulgar Latin to Old Provençal,Old-Provençal-—-V_7,,index_diachronica_original.html:7792,False,syntax_other,True,False,,,,syntax_other,,,,"Syntax Error: Expected '[', but received 'End Of Line' | if dropping it would create ugly consonant clusters: | ^ @ Rule 1, Line 1",,,output
17.12.1.1.6,Vulgar Latin to Old Provençal,Old-Provençal-j,,index_diachronica_original.html:7807,False,syntax_other,True,True,False,,,,unknown_grouping,,,,"Syntax Error: Unknown grouping 'E'. Known groupings are (C)onsonant, (O)bstruent, (S)onorant, (P)losive, (F)ricative, (L)iquid, (N)asal, (G)lide, and (V)owel | V_E:[+stress] | ^ @ Rule 1, Line 1",,env
17.12.1.1.6,Vulgar Latin to Old Provençal,Old-Provençal-N,,index_diachronica_original.html:7808,False,expected_underscore,True,True,False,,,,expected_underscore,,,,"Syntax Error: Expected '_', but received '' | _#, in polysyllables | ^ @ Rule 1, Line 1",,env
17.12.1.1.6,Vulgar Latin to Old Provençal,Old-Provençal-ts,,index_diachronica_original.html:7825,False,syntax_other,,,,,,,,,,,,,multi
17.12.1.1.6,Vulgar Latin to Old Provençal,Old-Provençal-β_3,,index_diachronica_original.html:7834,False,syntax_other,,,,,,,,,,,,,multi
17.12.1.1.6,Vulgar Latin to Old Provençal,Old-Provençal-n_3,,index_diachronica_original.html:7848,False,stuff_after_word_bound,True,True,False,,,,stuff_after_word_bound,,,,"Syntax Error: Cannot have segments after the end of a word | r_(s)#? | ^ @ Rule 1, Line 1",,env
17.12.1.1.6,Vulgar Latin to Old Provençal,Old-Provençal-ɡ_3,0,index_diachronica_original.html:7855,False,syntax_other,True,True,False,,,,syntax_other,,,,"Syntax Error: Expected an IPA character, Primative or Matrix, but received '/' | V_ (if /j/ resulted, it dropped after /i/ | ^ @ Rule 1, Line 1",,env
17.12.1.1.6,Vulgar Latin to Old Provençal,Old-Provençal-ɡ_3,1,index_diachronica_original.html:7855,False,syntax_other,True,True,False,,,,syntax_other,,,,"Syntax Error: Expected an IPA character, Primative or Matrix, but received '/' | V_ (if /j/ resulted, it dropped after /i/ | ^ @ Rule 1, Line 1",,env
17.12.1.1.6,Vulgar Latin to Old Provençal,Old-Provençal-β_6,,index_diachronica_original.html:7860,False,expected_underscore,True,True,False,,,,expected_underscore,,,,"Syntax Error: Expected '_', but received '' | when pretonic and immediately adjacent to a back vowel | ^ @ Rule 1, Line 1",,env
17.12.1.1.6,Vulgar Latin to Old Provençal,Old-Provençal-ð_5,,index_diachronica_original.html:7869,False,syntax_other,,,,,,,,,,,,,multi
17.12.1.1.6,Vulgar Latin to Old Provençal,Old-Provençal-ɡ_4,,index_diachronica_original.html:7870,False,syntax_other,True,True,False,,,,syntax_other,,,,"Syntax Error: Expected an IPA character, Primative or Matrix, but received '' | _a (in the north and east | ^ @ Rule 1, Line 1",,env
17.12.1.1.6,Vulgar Latin to Old Provençal,Old-Provençal-ɡ_5,,index_diachronica_original.html:7871,False,syntax_other,True,True,False,,,,syntax_other,,,,"Syntax Error: Expected an IPA character, Primative or Matrix, but received '/' | _{o,u/y} | ^ @ Rule 1, Line 1",,env
17.12.1.1.6,Vulgar Latin to Old Provençal,Old-Provençal-j_4,,index_diachronica_original.html:7876,False,syntax_other,True,True,False,,,,unknown_grouping,,,,"Syntax Error: Unknown grouping 'E'. Known groupings are (C)onsonant, (O)bstruent, (S)onorant, (P)losive, (F)ricative, (L)iquid, (N)asal, (G)lide, and (V)owel | _E:[+stress] | ^ @ Rule 1, Line 1",,env
17.12.1.1.6,Vulgar Latin to Old Provençal,Old-Provençal-j_5,,index_diachronica_original.html:7877,False,syntax_other,True,True,False,,,,unknown_grouping,,,,"Syntax Error: Unknown grouping 'E'. Known groupings are (C)onsonant, (O)bstruent, (S)onorant, (P)losive, (F)ricative, (L)iquid, (N)asal, (G)lide, and (V)owel | _E:[+stress] | ^ @ Rule 1, Line 1",,env
17.12.1.1.6,Vulgar Latin to Old Provençal,Old-Provençal-p-k-tʃ-b-ɡ-β-j,,index_diachronica_original.html:7884,False,prose_or_expected_arrow,,,,,,,,,,,,,multi
17.12.1.1.6,Vulgar Latin to Old Provençal,Old-Provençal-rtʃj,,index_diachronica_original.html:7916,False,syntax_other,,,,,,,,,,,,,multi
17.12.1.1.6,Vulgar Latin to Old Provençal,"Old-Provençal-sːj,stʃj,stj",,index_diachronica_original.html:7926,False,nested_brackets,,,,,,,,,,,,,multi
17.12.1.1.6,Vulgar Latin to Old Provençal,Old-Provençal-sj,,index_diachronica_original.html:7927,False,syntax_other,,,,,,,,,,,,,multi
17.12.1.1.6,Vulgar Latin to Old Provençal,Old-Provençal-tj,,index_diachronica_original.html:7932,False,unknown_character,,,,,,,,,,,,,multi
17.12.1.1.6,Vulgar Latin to Old Provençal,Old-Provençal-ndt-ndtʃ-ntʃ-nkt-nf,,index_diachronica_original.html:7936,False,prose_or_expected_arrow,,,,,,,,,,,,,multi
17.12.1.1.6,Vulgar Latin to Old Provençal,Old-Provençal-stʃ_2,,index_diachronica_original.html:7945,False,syntax_other,True,False,,,,unknown_character,,,,"Syntax Error: Unknown character '(' | (i)(t)ʃ | ^ @ Rule 1, Line 1",,,output
17.12.1.1.6,Vulgar Latin to Old Provençal,Old-Provençal-t_3,,index_diachronica_original.html:7984,False,expected_underscore,True,True,True,False,,,,expected_underscore,,,,"Syntax Error: Expected '_', but received ',' | , though it tended to drop | ^ @ Rule 1, Line 1",exception
17.12.1.1.7,Vulgar Latin to Rhaeto-Romance,Rhaeto-Romance-a-V,,index_diachronica_original.html:7994,False,expected_underscore,True,False,False,,,syntax_other,expected_underscore,,,"Syntax Error: Expected end of line, received '∅'. Did you forget a '/' between the output and environment? | e ∅ | ^ @ Rule 1, Line 1","Syntax Error: Expected '_', but received '' | final syllables | ^ @ Rule 1, Line 1",,output|env
17.12.1.1.8,Latin to Romanian,"Romanian-m,n,s",,index_diachronica_original.html:8009,False,stuff_after_word_bound,True,True,False,,,,stuff_after_word_bound,,,,"Syntax Error: Cannot have segments after the end of a word | _# in polysyllables | ^ @ Rule 1, Line 1",,env
17.12.1.1.8,Latin to Romanian,Romanian-kj-ɡj,,index_diachronica_original.html:8057,False,syntax_other,,,,,,,,,,,,,multi
17.12.1.1.8,Latin to Romanian,Romanian-dj,,index_diachronica_original.html:8062,False,syntax_other,True,True,False,,,,unknown_grouping,,,,"Syntax Error: Unknown grouping 'B'. Known groupings are (C)onsonant, (O)bstruent, (S)onorant, (P)losive, (F)ricative, (L)iquid, (N)asal, (G)lide, and (V)owel | _B:[+stress] | ^ @ Rule 1, Line 1",,env
17.12.1.1.8,Latin to Romanian,Romanian-e_2,,index_diachronica_original.html:8071,False,expected_number,True,True,False,False,,,unknown_grouping,expected_number,,,"Syntax Error: Unknown grouping 'U'. Known groupings are (C)onsonant, (O)bstruent, (S)onorant, (P)losive, (F)ricative, (L)iquid, (N)asal, (G)lide, and (V)owel | U:[+stress]…P_(C…)V# | ^ @ Rule 1, Line 1","Syntax Error: Expected number, but received i | V = i | ^ @ Rule 1, Line 1",env|exception
17.12.1.1.8,Latin to Romanian,Romanian-a_3,,index_diachronica_original.html:8075,False,unknown_grouping,True,True,False,,,,syntax_other,,,,"Syntax Error: Expected an IPA character, Primative or Matrix, but received '…' | #(C…)V…C[+cor,+dist]_…U:[+stress] | ^ @ Rule 1, Line 1",,env
17.12.1.1.8,Latin to Romanian,Romanian-a-o_2,,index_diachronica_original.html:8076,False,unknown_grouping,True,True,False,,,,syntax_other,,,,"Syntax Error: Expected an IPA character, Primative or Matrix, but received '…' | #(C…)V…_…U:[+stress] | ^ @ Rule 1, Line 1",,env
17.12.1.1.8,Latin to Romanian,Romanian-e_4,,index_diachronica_original.html:8077,False,unknown_grouping,True,True,False,,,,syntax_other,,,,"Syntax Error: Expected an IPA character, Primative or Matrix, but received '…' | #(C…)V…_n…U:[+stress] | ^ @ Rule 1, Line 1",,env
17.12.1.1.8,Latin to Romanian,Romanian-e_5,,index_diachronica_original.html:8078,False,unknown_grouping,True,True,False,,,,syntax_other,,,,"Syntax Error: Expected an IPA character, Primative or Matrix, but received '…' | #(C…)V…{t,d,n}_…U:[+stress] | ^ @ Rule 1, Line 1",,env
17.12.1.1.8,Latin to Romanian,Romanian-e_6,,index_diachronica_original.html:8079,False,expected_underscore,True,True,False,,,,syntax_other,,,,"Syntax Error: Expected an IPA character, Primative or Matrix, but received '…' | P:[+stress]_(C…)B | ^ @ Rule 1, Line 1",,env
17.12.1.1.8,Latin to Romanian,Romanian-e_8,,index_diachronica_original.html:8081,False,unknown_grouping,True,True,False,,,,unknown_grouping,,,,"Syntax Error: Unknown grouping 'U'. Known groupings are (C)onsonant, (O)bstruent, (S)onorant, (P)losive, (F)ricative, (L)iquid, (N)asal, (G)lide, and (V)owel | #{r,P}_…U:[+stress] | ^ @ Rule 1, Line 1",,env
17.12.1.1.8,Latin to Romanian,Romanian-o,,index_diachronica_original.html:8082,False,unknown_grouping,True,True,False,,,,unknown_grouping,,,,"Syntax Error: Unknown grouping 'U'. Known groupings are (C)onsonant, (O)bstruent, (S)onorant, (P)losive, (F)ricative, (L)iquid, (N)asal, (G)lide, and (V)owel | #C…_…U:[+stress] | ^ @ Rule 1, Line 1",,env
17.12.1.1.8,Latin to Romanian,Romanian-a_4,,index_diachronica_original.html:8083,False,syntax_other,True,False,,,,syntax_other,,,,"Syntax Error: Expected end of line, received '#'. Did you forget a '/' between the output and environment? | ə #C(C…)_…U:[+stress] | ^ @ Rule 1, Line 1",,,output
17.12.1.1.8,Latin to Romanian,Romanian-Ci,,index_diachronica_original.html:8085,False,unknown_grouping,True,False,True,False,,syntax_other,,unknown_grouping,,"Syntax Error: Expected end of line, received 'ʲ'. Did you forget a '/' between the output and environment? | Cʲ | ^ @ Rule 1, Line 1",,"Syntax Error: Unknown grouping 'R'. Known groupings are (C)onsonant, (O)bstruent, (S)onorant, (P)losive, (F)ricative, (L)iquid, (N)asal, (G)lide, and (V)owel | R…R_# | ^ @ Rule 1, Line 1",output|exception
17.12.1.1.9,Latin to Sardinian,Sardinian-r_2,,index_diachronica_original.html:8123,False,expected_underscore,True,False,True,False,,unknown_character,,expected_underscore,,"Syntax Error: Unknown character 'ː' | urː | ^ @ Rule 1, Line 1",,"Syntax Error: Expected '_', but received '' | Logudorese | ^ @ Rule 1, Line 1",output|exception
17.12.1.1.9,Latin to Sardinian,Sardinian-r_3,,index_diachronica_original.html:8124,False,unknown_grouping,True,False,False,False,,unknown_character,unknown_grouping,expected_underscore,,"Syntax Error: Unknown character 'ː' | arː | ^ @ Rule 1, Line 1","Syntax Error: Unknown grouping 'B'. Known groupings are (C)onsonant, (O)bstruent, (S)onorant, (P)losive, (F)ricative, (L)iquid, (N)asal, (G)lide, and (V)owel | #_(j)B | ^ @ Rule 1, Line 1","Syntax Error: Expected '_', but received '' | Logudorese | ^ @ Rule 1, Line 1",output|env|exception
17.12.1.1.10,Vulgar Latin to Spanish,"Spanish-e-ɛ,a-ɔ-o",,index_diachronica_original.html:8143,False,unknown_grouping,False,True,,,unknown_grouping,,,,"Syntax Error: Unknown grouping 'R'. Known groupings are (C)onsonant, (O)bstruent, (S)onorant, (P)losive, (F)ricative, (L)iquid, (N)asal, (G)lide, and (V)owel | Raising of e {ɛ,a} ɔ o | ^ @ Rule 1, Line 1",,,,input
17.12.1.1.10,Vulgar Latin to Spanish,Spanish-—-e,,index_diachronica_original.html:8144,False,expected_number,True,True,True,False,,,,expected_number,,,,"Syntax Error: Expected number, but received p | C = p | ^ @ Rule 1, Line 1",exception
17.12.1.1.10,Vulgar Latin to Spanish,Spanish-”je.o-”je.a,,index_diachronica_original.html:8149,False,syntax_other,False,False,,,syntax_other,syntax_other,,,"Syntax Error: Expected '..', but received .'o' | je:[+stress].o je:[+stress].a | ^ @ Rule 1, Line 1","Syntax Error: Expected '..', but received .'o' | {i:[+stress].o,j:[+stress]o} i:[+stress].a | ^ @ Rule 1, Line 1",,,input|output
17.12.1.1.10,Vulgar Latin to Spanish,Spanish-V_5,,index_diachronica_original.html:8163,False,expected_number,True,True,True,False,,,,expected_number,,,,"Syntax Error: Expected number, but received a | V = a | ^ @ Rule 1, Line 1",exception
17.12.1.1.10,Vulgar Latin to Spanish,"Spanish-/b/-b,",,index_diachronica_original.html:8192,False,syntax_other,False,False,,,syntax_other,syntax_other,,,"Syntax Error: Feature 'b' has no modifier | /b/ [b], /β/ {[b,β]} | ^ @ Rule 1, Line 1","Syntax Error: Feature 'b' has no modifier | /b/ {[b,β]} | ^ @ Rule 1, Line 1",,,input|output
17.12.1.1.10,Vulgar Latin to Spanish,Spanish-h,,index_diachronica_original.html:8199,False,syntax_other,,,,,,,,,,,,,multi
17.12.1.1.10,Vulgar Latin to Spanish,Spanish-/dɾ/-ðɾ,,index_diachronica_original.html:8201,False,unknown_character,False,True,True,,unknown_character,,,,"Syntax Error: Unknown character 'ð' | /dɾ/ [ðɾ] | ^ @ Rule 1, Line 1",,,,input
17.12.1.1.10,Vulgar Latin to Spanish,Spanish-ʎ_2,,index_diachronica_original.html:8202,False,syntax_other,True,False,,,,syntax_other,,,,"Syntax Error: Output cannot be empty. Use `*` or '∅' to indicate deletion | /ʝ/ | ^ @ Rule 1, Line 1",,,output
17.12.1.1.10,Vulgar Latin to Spanish,Spanish-/ʝ/-ʝ~dʒ,0,index_diachronica_original.html:8204,False,unknown_character,False,False,,,unknown_character,unknown_character,,,"Syntax Error: Unknown character 'ʝ' | /ʝ/ {[ʝ,dʒ]} | ^ @ Rule 1, Line 1","Syntax Error: Unknown character 'ʒ' | [ʒ | ^ @ Rule 1, Line 1",,,input|output
17.12.1.1.10,Vulgar Latin to Spanish,Spanish-/ʝ/-ʝ~dʒ,1,index_diachronica_original.html:8204,False,unknown_character,False,False,,,unknown_character,syntax_other,,,"Syntax Error: Unknown character 'ʝ' | /ʝ/ {[ʝ,dʒ]} | ^ @ Rule 1, Line 1","Syntax Error: Expected end of line, received ']'. Did you forget a '/' between the output and environment? | dʒ] | ^ @ Rule 1, Line 1",,,input|output
17.12.1.1.10,Vulgar Latin to Spanish,"Spanish-s̪,s",,index_diachronica_original.html:8206,False,syntax_other,True,False,,,,syntax_other,,,,"Syntax Error: Feature 's' has no modifier | /s/ [s̪] | ^ @ Rule 1, Line 1",,,output
17.12.1.1.10,Vulgar Latin to Spanish,"Spanish-s̪,s_4",,index_diachronica_original.html:8210,False,syntax_other,True,False,,,,syntax_other,,,,"Syntax Error: Expected ASCII character, but received ']' | θ [θ] | ^ @ Rule 1, Line 1",,,output
17.12.2,Proto-Italic to Proto-Sibellian,Proto-Sibellian-ḱ-ɡ́-kʷ-ɡʷ,,index_diachronica_original.html:8229,False,unknown_character,False,True,,,unknown_character,,,,"Syntax Error: Unknown character '́' | kʲ ɡ́ kʷ ɡʷ | ^ @ Rule 1, Line 1",,,,input
17.12.2,Proto-Italic to Proto-Sibellian,"Proto-Sibellian-ɡ́ʰ,x-ɸ,θ,ɡʷʰ",,index_diachronica_original.html:8230,False,unknown_character,False,True,,,unknown_character,,,,"Syntax Error: Unknown character '́' | {ɡ́ʰ,x} {ɸ,θ,ɡʷʰ} | ^ @ Rule 1, Line 1",,,,input
17.13,Proto-Indo-European to Proto-Tocharian,Proto-Tocharian-Kʷ,,index_diachronica_original.html:8254,False,expected_number,False,False,True,False,unknown_grouping,unknown_grouping,,expected_number,"Syntax Error: Unknown grouping 'K'. Known groupings are (C)onsonant, (O)bstruent, (S)onorant, (P)losive, (F)ricative, (L)iquid, (N)asal, (G)lide, and (V)owel | Kʷ | ^ @ Rule 1, Line 1","Syntax Error: Unknown grouping 'K'. Known groupings are (C)onsonant, (O)bstruent, (S)onorant, (P)losive, (F)ricative, (L)iquid, (N)asal, (G)lide, and (V)owel | K | ^ @ Rule 1, Line 1",,"Syntax Error: Expected number, but received s | C = syllabic | ^ @ Rule 1, Line 1",input|output|exception
17.13,Proto-Indo-European to Proto-Tocharian,"Proto-Tocharian-p-ts,kʷ-m-n-l-r-y",,index_diachronica_original.html:8257,False,unknown_grouping,False,True,False,,syntax_other,,unknown_grouping,,"Syntax Error: Expected an IPA character, Primative or Matrix, but received '(' | p {ts,k(ʷ)} m n l r y | ^ @ Rule 1, Line 1",,"Syntax Error: Unknown grouping 'E'. Known groupings are (C)onsonant, (O)bstruent, (S)onorant, (P)losive, (F)ricative, (L)iquid, (N)asal, (G)lide, and (V)owel | _{E(:),y} | ^ @ Rule 1, Line 1",,input|env
17.13,Proto-Indo-European to Proto-Tocharian,"Proto-Tocharian-t,dʱ",,index_diachronica_original.html:8258,False,unknown_grouping,True,True,False,,,,unknown_character,,,,"Syntax Error: Unknown character 'ː' | _E(ː) | ^ @ Rule 1, Line 1",,env
17.13,Proto-Indo-European to Proto-Tocharian,Proto-Tocharian-Dʱ,,index_diachronica_original.html:8260,False,unknown_grouping,False,False,,,unknown_grouping,unknown_grouping,,,"Syntax Error: Unknown grouping 'D'. Known groupings are (C)onsonant, (O)bstruent, (S)onorant, (P)losive, (F)ricative, (L)iquid, (N)asal, (G)lide, and (V)owel | D(ʱ) | ^ @ Rule 1, Line 1","Syntax Error: Unknown grouping 'T'. Known groupings are (C)onsonant, (O)bstruent, (S)onorant, (P)losive, (F)ricative, (L)iquid, (N)asal, (G)lide, and (V)owel | T | ^ @ Rule 1, Line 1",,,input|output
17.13,Proto-Indo-European to Proto-Tocharian,Proto-Tocharian-R-H,,index_diachronica_original.html:8262,False,unknown_grouping,False,False,True,,unknown_grouping,unknown_grouping,,,"Syntax Error: Unknown grouping 'R'. Known groupings are (C)onsonant, (O)bstruent, (S)onorant, (P)losive, (F)ricative, (L)iquid, (N)asal, (G)lide, and (V)owel | R H | ^ @ Rule 1, Line 1","Syntax Error: Unknown grouping 'R'. Known groupings are (C)onsonant, (O)bstruent, (S)onorant, (P)losive, (F)ricative, (L)iquid, (N)asal, (G)lide, and (V)owel | uR ɨ | ^ @ Rule 1, Line 1",,,input|output
17.13,Proto-Indo-European to Proto-Tocharian,Proto-Tocharian-R-Hn̩,,index_diachronica_original.html:8263,False,unknown_grouping,False,False,True,,unknown_grouping,unknown_grouping,,,"Syntax Error: Unknown grouping 'R'. Known groupings are (C)onsonant, (O)bstruent, (S)onorant, (P)losive, (F)ricative, (L)iquid, (N)asal, (G)lide, and (V)owel | R Hn̩ | ^ @ Rule 1, Line 1","Syntax Error: Unknown grouping 'R'. Known groupings are (C)onsonant, (O)bstruent, (S)onorant, (P)losive, (F)ricative, (L)iquid, (N)asal, (G)lide, and (V)owel | ɛR ɨn | ^ @ Rule 1, Line 1",,,input|output
17.13,Proto-Indo-European to Proto-Tocharian,Proto-Tocharian-H,,index_diachronica_original.html:8264,False,expected_number,False,True,False,,unknown_grouping,,unknown_grouping,,"Syntax Error: Unknown grouping 'H'. Known groupings are (C)onsonant, (O)bstruent, (S)onorant, (P)losive, (F)ricative, (L)iquid, (N)asal, (G)lide, and (V)owel | H | ^ @ Rule 1, Line 1",,"Syntax Error: Unknown grouping 'R'. Known groupings are (C)onsonant, (O)bstruent, (S)onorant, (P)losive, (F)ricative, (L)iquid, (N)asal, (G)lide, and (V)owel | _R, when R = syllabic | ^ @ Rule 1, Line 1",,input|env
17.13,Proto-Indo-European to Proto-Tocharian,"Proto-Tocharian-eh2,aH-aː",,index_diachronica_original.html:8268,False,unknown_grouping,False,False,,,unknown_character,unknown_character,,,"Syntax Error: Unknown character '₂' | {eh₂,aH} aː | ^ @ Rule 1, Line 1","Syntax Error: Unknown character 'ː' | aː ɔ | ^ @ Rule 1, Line 1",,,input|output
17.13,Proto-Indo-European to Proto-Tocharian,"Proto-Tocharian-eh3,oH",,index_diachronica_original.html:8270,False,unknown_grouping,False,False,,,unknown_character,unknown_character,,,"Syntax Error: Unknown character '₃' | {eh₃,oH} | ^ @ Rule 1, Line 1","Syntax Error: Unknown character 'ː' | oː | ^ @ Rule 1, Line 1",,,input|output
17.13,Proto-Indo-European to Proto-Tocharian,"Proto-Tocharian-oːs,y-oːn",,index_diachronica_original.html:8271,False,syntax_other,False,True,,,unknown_character,,,,"Syntax Error: Unknown character 'ː' | oː(s,y) oːn | ^ @ Rule 1, Line 1",,,,input
17.13,Proto-Indo-European to Proto-Tocharian,Proto-Tocharian-eH,,index_diachronica_original.html:8283,False,unknown_grouping,False,False,,,unknown_grouping,unknown_character,,,"Syntax Error: Unknown grouping 'H'. Known groupings are (C)onsonant, (O)bstruent, (S)onorant, (P)losive, (F)ricative, (L)iquid, (N)asal, (G)lide, and (V)owel | eH | ^ @ Rule 1, Line 1","Syntax Error: Unknown character 'ː' | eː | ^ @ Rule 1, Line 1",,,input|output
17.13.1,Proto-Tocharian to Tocharian A,Tocharian-A-Cʲj,,index_diachronica_original.html:8295,False,syntax_other,False,False,,,syntax_other,unknown_character,,,"Syntax Error: Expected end of line, received 'ʲ'. Did you forget a '/' between the output and environment? | Cʲj | ^ @ Rule 1, Line 1","Syntax Error: Unknown character 'ː' | Cʲː | ^ @ Rule 1, Line 1",,,input|output
17.13.1,Proto-Tocharian to Tocharian A,Tocharian-A-V,,index_diachronica_original.html:8297,False,expected_number,True,True,True,False,,,,expected_number,,,,"Syntax Error: Expected number, but received E | V = E | ^ @ Rule 1, Line 1",exception
17.13.1,Proto-Tocharian to Tocharian A,Tocharian-A-V_3,,index_diachronica_original.html:8305,False,runtime_delete_only_segment,True,True,True,,,,,,,,,,multi
18.1.1,Pre-Bakairi to Eastern Bakairi,Eastern-Bakairi-ʔ,,index_diachronica_original.html:8333,False,unknown_feature,True,True,False,,,,unknown_feature,,,,"Syntax Error: Unknown feature 'fricative'. Did you mean rhotic? | _C[+ fricative -voice] | ^^^^^^^^^^^^ @ Rule 1, Line 1",,env
18.1.1,Pre-Bakairi to Eastern Bakairi,Eastern-Bakairi-ɾ,,index_diachronica_original.html:8334,False,expected_underscore,True,True,False,,,,expected_underscore,,,,"Syntax Error: Expected '_', but received '' | V_V, when neither vowel is stressed | ^ @ Rule 1, Line 1",,env
18.1.2,Pre-Bakairi to Western Bakairi,Western-Bakairi-C+-fricative-voiced,,index_diachronica_original.html:8342,False,unknown_feature,False,True,True,,unknown_feature,,,,"Syntax Error: Unknown feature 'fricative'. Did you mean rhotic? | C[+ fricative -voice] | ^^^^^^^^^^^^ @ Rule 1, Line 1",,,,input
18.1.2,Pre-Bakairi to Western Bakairi,Western-Bakairi-ɾ,,index_diachronica_original.html:8346,False,expected_underscore,True,True,False,,,,expected_underscore,,,,"Syntax Error: Expected '_', but received '' | V_V, where at least one of the vowels is nasalized | ^ @ Rule 1, Line 1",,env
18.3.1,Proto-Tuparí to Makuráp,"Makuráp-a/e-e/a-ı̃,ẽ",,index_diachronica_original.html:8417,False,syntax_other,False,True,,,syntax_other,,,,"Syntax Error: Expected an IPA character, Primative or Matrix, but received '/' | {a/e} {e/a} {j̃,ẽ} | ^ @ Rule 1, Line 1",,,,input
18.3.2,Proto-Tuparí to Mekens,Mekens-k,,index_diachronica_original.html:8424,False,expected_underscore,True,True,False,,,,unknown_grouping,,,,"Syntax Error: Unknown grouping 'U'. Known groupings are (C)onsonant, (O)bstruent, (S)onorant, (P)losive, (F)ricative, (L)iquid, (N)asal, (G)lide, and (V)owel | U[+stress] | ^ @ Rule 1, Line 1",,env
18.3.2,Proto-Tuparí to Mekens,"Mekens-a/e,e/a-ı̃,ẽ",,index_diachronica_original.html:8439,False,nested_brackets,False,True,,,nested_brackets,,,,"Syntax Error: Cannot have nested brackets of the same type | {{a/e},{e/a}} {j̃,ẽ} | ^ @ Rule 1, Line 1",,,,input
18.3.3,Proto-Tuparí to Tuparí,Tuparí_2-a/e,,index_diachronica_original.html:8457,False,syntax_other,False,True,,,syntax_other,,,,"Syntax Error: Expected an IPA character, Primative or Matrix, but received '/' | {a/e} | ^ @ Rule 1, Line 1",,,,input
18.3.4,Proto-Tuparí to Wayoró,Wayoró-k,,index_diachronica_original.html:8465,False,expected_underscore,True,True,False,,,,unknown_grouping,,,,"Syntax Error: Unknown grouping 'U'. Known groupings are (C)onsonant, (O)bstruent, (S)onorant, (P)losive, (F)ricative, (L)iquid, (N)asal, (G)lide, and (V)owel | U[+stress] | ^ @ Rule 1, Line 1",,env
18.3.4,Proto-Tuparí to Wayoró,"Wayoró-a/e-e/a-ı̃,ẽ",,index_diachronica_original.html:8476,False,syntax_other,False,True,,,syntax_other,,,,"Syntax Error: Expected an IPA character, Primative or Matrix, but received '/' | {a/e} {e/a} {j̃,ẽ} | ^ @ Rule 1, Line 1",,,,input
18.4.1,Proto-Tupí-Guaraní to Akwára,Akwára-k-b-r,,index_diachronica_original.html:8486,False,syntax_other,True,False,True,,,syntax_other,,,,"Syntax Error: Expected an IPA character, Primative or Matrix, but received '∅' | {ŋ,∅} {w,m} {n,r,t} | ^ @ Rule 1, Line 1",,,output
18.4.2,Proto-Tupí-Guaraní to Cocama,Cocama-∅,,index_diachronica_original.html:8503,False,expected_underscore,False,True,False,,syntax_other,,expected_underscore,,"Syntax Error: The input of an insertion rule must only contain `*` or `∅` | ∅ | ^ @ Rule 1, Line 1",,"Syntax Error: Expected '_', but received '' | j_#, in monosyllables | ^ @ Rule 1, Line 1",,input|env
18.4.2,Proto-Tupí-Guaraní to Cocama,Cocama-j,,index_diachronica_original.html:8504,False,expected_underscore,True,True,False,,,,expected_underscore,,,,"Syntax Error: Expected '_', but received '' | _#, in polysyllables | ^ @ Rule 1, Line 1",,env
18.4.3,Proto-Tupí-Guaraní to Guajajara,Guajajara-a_2,,index_diachronica_original.html:8527,False,syntax_other,True,True,False,,,,unknown_grouping,,,,"Syntax Error: Unknown grouping 'U'. Known groupings are (C)onsonant, (O)bstruent, (S)onorant, (P)losive, (F)ricative, (L)iquid, (N)asal, (G)lide, and (V)owel | if N in U# | ^ @ Rule 1, Line 1",,env
18.4.8,Proto-Tupí-Guaraní to Sirionó,Sirionó-aN-eN-iN-ɨN-uN,,index_diachronica_original.html:8596,False,unknown_character,True,False,True,,,unknown_character,,,,"Syntax Error: Unknown character 'ĩ' | ã ẽ j̃ {ɨ̃,ĩ} õ | ^ @ Rule 1, Line 1",,,output
20.1.1,Proto-Khoe to Ç̬Ana,Ç̬Ana-ǀ̃n,,index_diachronica_original.html:8726,False,syntax_other,False,False,,,syntax_other,syntax_other,,,"Syntax Error: Could not get value of IPA 'ǀ'. | ǀ̃ | ^ @ Rule 1, Line 1","Syntax Error: Could not get value of IPA 'ǂ'. | ǂ̃n | ^ @ Rule 1, Line 1",,,input|output
20.1.1,Proto-Khoe to Ç̬Ana,Ç̬Ana-!,0,index_diachronica_original.html:8727,False,syntax_other,False,False,,,syntax_other,syntax_other,,,"Syntax Error: Could not get value of IPA 'ǃ'. | ! | ^ @ Rule 1, Line 1","Syntax Error: Could not get value of IPA 'ǃ'. | ! | ^ @ Rule 1, Line 1",,,input|output
20.1.1,Proto-Khoe to Ç̬Ana,Ç̬Ana-!,1,index_diachronica_original.html:8727,False,syntax_other,False,True,,,syntax_other,,,,"Syntax Error: Could not get value of IPA 'ǃ'. | ! | ^ @ Rule 1, Line 1",,,,input
20.1.1,Proto-Khoe to Ç̬Ana,Ç̬Ana-!x,,index_diachronica_original.html:8728,False,syntax_other,False,True,,,syntax_other,,,,"Syntax Error: Could not get value of IPA 'ǃ'. | !x | ^ @ Rule 1, Line 1",,,,input
20.1.1,Proto-Khoe to Ç̬Ana,Ç̬Ana-!̬,,index_diachronica_original.html:8729,False,syntax_other,False,True,,,syntax_other,,,,"Syntax Error: Could not get value of IPA 'ǃ'. | !̬ | ^ @ Rule 1, Line 1",,,,input
20.1.1,Proto-Khoe to Ç̬Ana,Ç̬Ana-!̃n,,index_diachronica_original.html:8730,False,syntax_other,False,True,,,syntax_other,,,,"Syntax Error: Could not get value of IPA 'ǃ'. | !̃ | ^ @ Rule 1, Line 1",,,,input
20.1.2,Proto-Khoe to ÇAni,ÇAni-ǀ̃n,,index_diachronica_original.html:8737,False,syntax_other,False,False,,,syntax_other,syntax_other,,,"Syntax Error: Could not get value of IPA 'ǀ'. | ǀ̃ | ^ @ Rule 1, Line 1","Syntax Error: Could not get value of IPA 'ǂ'. | ǂ̃n | ^ @ Rule 1, Line 1",,,input|output
20.1.2,Proto-Khoe to ÇAni,ÇAni-!-!̬-!̃,,index_diachronica_original.html:8738,False,syntax_other,False,False,,,syntax_other,syntax_other,,,"Syntax Error: Could not get value of IPA 'ǃ'. | ! !̬ !̃ | ^ @ Rule 1, Line 1","Syntax Error: Could not get value of IPA 'ǃ'. | {!,k} {!̬,ɡ} {!̃(n),ŋɡ} | ^ @ Rule 1, Line 1",,,input|output
20.1.2,Proto-Khoe to ÇAni,ÇAni-!x,0,index_diachronica_original.html:8739,False,syntax_other,False,False,,,syntax_other,syntax_other,,,"Syntax Error: Could not get value of IPA 'ǃ'. | !x | ^ @ Rule 1, Line 1","Syntax Error: Could not get value of IPA 'ǃ'. | !x | ^ @ Rule 1, Line 1",,,input|output
20.1.2,Proto-Khoe to ÇAni,ÇAni-!x,1,index_diachronica_original.html:8739,False,syntax_other,False,True,,,syntax_other,,,,"Syntax Error: Could not get value of IPA 'ǃ'. | !x | ^ @ Rule 1, Line 1",,,,input
20.1.3,Proto-Khoe to Buga,Buga-ǀ̃n,,index_diachronica_original.html:8747,False,syntax_other,False,False,,,syntax_other,syntax_other,,,"Syntax Error: Could not get value of IPA 'ǀ'. | ǀ̃ | ^ @ Rule 1, Line 1","Syntax Error: Could not get value of IPA 'ǂ'. | ǂ̃ | ^ @ Rule 1, Line 1",,,input|output
20.1.3,Proto-Khoe to Buga,Buga-!-!ˀ-!̬-!̃,,index_diachronica_original.html:8748,False,syntax_other,False,False,,,syntax_other,syntax_other,,,"Syntax Error: Could not get value of IPA 'ǃ'. | ! !ˀ !̬ !̃ | ^ @ Rule 1, Line 1","Syntax Error: Expected end of line, received '∅'. Did you forget a '/' between the output and environment? | k ∅ ɡ ŋɡ | ^ @ Rule 1, Line 1",,,input|output
20.1.3,Proto-Khoe to Buga,Buga-!x,,index_diachronica_original.html:8749,False,syntax_other,False,True,,,syntax_other,,,,"Syntax Error: Could not get value of IPA 'ǃ'. | !x | ^ @ Rule 1, Line 1",,,,input
20.1.3,Proto-Khoe to Buga,Buga-!̃n,0,index_diachronica_original.html:8750,False,syntax_other,False,True,,,syntax_other,,,,"Syntax Error: Could not get value of IPA 'ǃ'. | !̃n | ^ @ Rule 1, Line 1",,,,input
20.1.3,Proto-Khoe to Buga,Buga-!̃n,1,index_diachronica_original.html:8750,False,syntax_other,False,False,,,syntax_other,syntax_other,,,"Syntax Error: Could not get value of IPA 'ǃ'. | !̃n | ^ @ Rule 1, Line 1","Syntax Error: Could not get value of IPA 'ǃ'. | !̃ | ^ @ Rule 1, Line 1",,,input|output
20.1.4,Proto-Khoe to Kxoe,Kxoe-!̃n,,index_diachronica_original.html:8757,False,syntax_other,False,False,,,syntax_other,syntax_other,,,"Syntax Error: Could not get value of IPA 'ǃ'. | !̃ | ^ @ Rule 1, Line 1","Syntax Error: Could not get value of IPA 'ǂ'. | ǂ̃ | ^ @ Rule 1, Line 1",,,input|output
20.1.4,Proto-Khoe to Kxoe,Kxoe-!-!ˀ-!-!̃,,index_diachronica_original.html:8758,False,syntax_other,False,False,,,syntax_other,syntax_other,,,"Syntax Error: Could not get value of IPA 'ǃ'. | ! !ˀ ! !̃ | ^ @ Rule 1, Line 1","Syntax Error: Expected end of line, received '∅'. Did you forget a '/' between the output and environment? | k ∅ ɡ ŋɡ | ^ @ Rule 1, Line 1",,,input|output
20.1.4,Proto-Khoe to Kxoe,Kxoe-!x-!̃n,,index_diachronica_original.html:8759,False,syntax_other,False,False,,,syntax_other,syntax_other,,,"Syntax Error: Could not get value of IPA 'ǃ'. | !x !̃n | ^ @ Rule 1, Line 1","Syntax Error: Could not get value of IPA 'ǃ'. | x {ŋɡj,!̃} | ^ @ Rule 1, Line 1",,,input|output
20.1.5,Proto-Khoe to Nama,"Nama-ǀˀ,ǀxʼ",,index_diachronica_original.html:8768,False,syntax_other,False,False,,,syntax_other,syntax_other,,,"Syntax Error: Could not get value of IPA 'ǀ'. | {ǀˀ,ǀxʼ} | ^ @ Rule 1, Line 1","Syntax Error: Could not get value of IPA 'ǀ'. | ǀ | ^ @ Rule 1, Line 1",,,input|output
20.1.5,Proto-Khoe to Nama,Nama-ǀ̃n,0,index_diachronica_original.html:8769,False,syntax_other,False,False,,,syntax_other,syntax_other,,,"Syntax Error: Could not get value of IPA 'ǀ'. | ǀ̃ | ^ @ Rule 1, Line 1","Syntax Error: Could not get value of IPA 'ǂ'. | ǂ̃ | ^ @ Rule 1, Line 1",,,input|output
20.1.5,Proto-Khoe to Nama,Nama-ǀ̃n,1,index_diachronica_original.html:8769,False,syntax_other,False,False,,,syntax_other,syntax_other,,,"Syntax Error: Could not get value of IPA 'ǀ'. | ǀ̃ | ^ @ Rule 1, Line 1","Syntax Error: Could not get value of IPA 'ǂ'. | ǂ | ^ @ Rule 1, Line 1",,,input|output
20.1.5,Proto-Khoe to Nama,Nama-!-!ˀ-!̃n,0,index_diachronica_original.html:8770,False,syntax_other,False,False,,,syntax_other,syntax_other,,,"Syntax Error: Could not get value of IPA 'ǃ'. | ! !ˀ !̃n | ^ @ Rule 1, Line 1","Syntax Error: Could not get value of IPA 'ǃ'. | !ɡ | ^ @ Rule 1, Line 1",,,input|output
20.1.5,Proto-Khoe to Nama,Nama-!-!ˀ-!̃n,1,index_diachronica_original.html:8770,False,syntax_other,False,False,,,syntax_other,syntax_other,,,"Syntax Error: Could not get value of IPA 'ǃ'. | ! !ˀ !̃n | ^ @ Rule 1, Line 1","Syntax Error: Could not get value of IPA 'ǃ'. | !̃ | ^ @ Rule 1, Line 1",,,input|output
20.1.5,Proto-Khoe to Nama,"Nama-ǂ-ǂ̃n,ǂˀ,ǂxʼ",,index_diachronica_original.html:8771,False,syntax_other,False,False,,,syntax_other,syntax_other,,,"Syntax Error: Could not get value of IPA 'ǂ'. | ǂ {ǂ̃n,ǂˀ,ǂxʼ} | ^ @ Rule 1, Line 1","Syntax Error: Could not get value of IPA 'ǂ'. | ǂɡ ǂ | ^ @ Rule 1, Line 1",,,input|output
20.1.5,Proto-Khoe to Nama,"Nama-ǁˀ,ǁxʼ",,index_diachronica_original.html:8772,False,syntax_other,False,False,,,syntax_other,syntax_other,,,"Syntax Error: Could not get value of IPA 'ǁ'. | {ǁˀ,ǁxʼ} | ^ @ Rule 1, Line 1","Syntax Error: Could not get value of IPA 'ǁ'. | ǁ | ^ @ Rule 1, Line 1",,,input|output
20.1.6,Proto-Khoe to Naro,Naro-ǀ̃n,,index_diachronica_original.html:8778,False,syntax_other,False,False,,,syntax_other,syntax_other,,,"Syntax Error: Could not get value of IPA 'ǀ'. | ǀ̃ | ^ @ Rule 1, Line 1","Syntax Error: Could not get value of IPA 'ǂ'. | ǂ̃ | ^ @ Rule 1, Line 1",,,input|output
20.1.7,Proto-Khoe to !Ora,!Ora-ǀ̃n,,index_diachronica_original.html:8785,False,syntax_other,False,False,,,syntax_other,syntax_other,,,"Syntax Error: Could not get value of IPA 'ǀ'. | ǀ̃ | ^ @ Rule 1, Line 1","Syntax Error: Could not get value of IPA 'ǂ'. | ǂ̃ | ^ @ Rule 1, Line 1",,,input|output
20.1.7,Proto-Khoe to !Ora,!Ora-!-!̃n,,index_diachronica_original.html:8786,False,syntax_other,False,False,,,syntax_other,syntax_other,,,"Syntax Error: Could not get value of IPA 'ǃ'. | ! !̃n | ^ @ Rule 1, Line 1","Syntax Error: Could not get value of IPA 'ǃ'. | ! !̃ | ^ @ Rule 1, Line 1",,,input|output
20.1.7,Proto-Khoe to !Ora,!Ora-ǂ̃n,,index_diachronica_original.html:8787,False,syntax_other,False,False,,,syntax_other,syntax_other,,,"Syntax Error: Could not get value of IPA 'ǂ'. | ǂ̃n | ^ @ Rule 1, Line 1","Syntax Error: Could not get value of IPA 'ǂ'. | ǂ | ^ @ Rule 1, Line 1",,,input|output
20.1.7,Proto-Khoe to !Ora,!Ora-ǁˀ,0,index_diachronica_original.html:8788,False,syntax_other,False,False,,,syntax_other,syntax_other,,,"Syntax Error: Could not get value of IPA 'ǁ'. | ǁˀ | ^ @ Rule 1, Line 1","Syntax Error: Could not get value of IPA 'ǁ'. | ǁˀ | ^ @ Rule 1, Line 1",,,input|output
20.1.7,Proto-Khoe to !Ora,!Ora-ǁˀ,1,index_diachronica_original.html:8788,False,syntax_other,False,False,,,syntax_other,syntax_other,,,"Syntax Error: Could not get value of IPA 'ǁ'. | ǁˀ | ^ @ Rule 1, Line 1","Syntax Error: Could not get value of IPA 'ǁ'. | ǁ | ^ @ Rule 1, Line 1",,,input|output
20.1.8,Proto-Khoe to Teti,Teti-ǀ̃n,,index_diachronica_original.html:8794,False,syntax_other,False,True,,,syntax_other,,,,"Syntax Error: Could not get value of IPA 'ǀ'. | ǀ̃ | ^ @ Rule 1, Line 1",,,,input
20.1.8,Proto-Khoe to Teti,Teti-!-!ˀ-!̬-!̃n-!x,,index_diachronica_original.html:8795,False,syntax_other,False,False,,,syntax_other,syntax_other,,,"Syntax Error: Could not get value of IPA 'ǃ'. | ! !ˀ !̬ !̃(n) !x | ^ @ Rule 1, Line 1","Syntax Error: Expected end of line, received '∅'. Did you forget a '/' between the output and environment? | k ∅ ɡ ŋ x | ^ @ Rule 1, Line 1",,,input|output
20.1.8,Proto-Khoe to Teti,Teti-ǂ-ǂ̃n-ǂˀ,,index_diachronica_original.html:8796,False,syntax_other,False,True,,,syntax_other,,,,"Syntax Error: Could not get value of IPA 'ǂ'. | ǂ ǂ̃n ǂˀ | ^ @ Rule 1, Line 1",,,,input
20.1.8,Proto-Khoe to Teti,Teti-ǁˀ-ǁxʼ,0,index_diachronica_original.html:8797,False,syntax_other,False,False,,,syntax_other,syntax_other,,,"Syntax Error: Could not get value of IPA 'ǁ'. | ǁˀ ǁxʼ | ^ @ Rule 1, Line 1","Syntax Error: Could not get value of IPA 'ǁ'. | ǁˀ ǁˀ | ^ @ Rule 1, Line 1",,,input|output
20.1.8,Proto-Khoe to Teti,Teti-ǁˀ-ǁxʼ,1,index_diachronica_original.html:8797,False,syntax_other,False,False,,,syntax_other,syntax_other,,,"Syntax Error: Could not get value of IPA 'ǁ'. | ǁˀ ǁxʼ | ^ @ Rule 1, Line 1","Syntax Error: Could not get value of IPA 'ǁ'. | ǁˀ | ^ @ Rule 1, Line 1",,,input|output
20.1.9,Proto-Khoe to TsÊixa,TsÊixa-ǀ̃n-ǀxʼ,,index_diachronica_original.html:8805,False,syntax_other,False,False,,,syntax_other,syntax_other,,,"Syntax Error: Could not get value of IPA 'ǀ'. | ǀ̃(n) ǀxʼ | ^ @ Rule 1, Line 1","Syntax Error: Could not get value of IPA 'ǀ'. | j ǀˀ | ^ @ Rule 1, Line 1",,,input|output
20.1.9,Proto-Khoe to TsÊixa,TsÊixa-!-!ˀ-!̬-!̃n-!x,,index_diachronica_original.html:8806,False,syntax_other,False,False,,,syntax_other,syntax_other,,,"Syntax Error: Could not get value of IPA 'ǃ'. | ! !ˀ !̬ !̃(n) !x | ^ @ Rule 1, Line 1","Syntax Error: Expected end of line, received '∅'. Did you forget a '/' between the output and environment? | k ∅ ɡ ŋɡ x | ^ @ Rule 1, Line 1",,,input|output
20.1.9,Proto-Khoe to TsÊixa,TsÊixa-ǂ̃n-ǂxʼ,,index_diachronica_original.html:8807,False,syntax_other,False,False,,,syntax_other,syntax_other,,,"Syntax Error: Could not get value of IPA 'ǂ'. | ǂ̃n ǂxʼ | ^ @ Rule 1, Line 1","Syntax Error: Could not get value of IPA 'ǂ'. | ɲ ǂˀ | ^ @ Rule 1, Line 1",,,input|output
20.1.9,Proto-Khoe to TsÊixa,TsÊixa-ǁxʼ,,index_diachronica_original.html:8808,False,syntax_other,False,False,,,syntax_other,syntax_other,,,"Syntax Error: Could not get value of IPA 'ǁ'. | ǁxʼ | ^ @ Rule 1, Line 1","Syntax Error: Could not get value of IPA 'ǁ'. | ǁˀ | ^ @ Rule 1, Line 1",,,input|output
20.1.10,Proto-Khoe to Ç̬Ui,Ç̬Ui-ǀ̃n,,index_diachronica_original.html:8816,False,syntax_other,False,False,,,syntax_other,syntax_other,,,"Syntax Error: Could not get value of IPA 'ǀ'. | ǀ̃ | ^ @ Rule 1, Line 1","Syntax Error: Could not get value of IPA 'ǂ'. | ǂ̃n | ^ @ Rule 1, Line 1",,,input|output
20.1.10,Proto-Khoe to Ç̬Ui,Ç̬Ui-!̃-!x,,index_diachronica_original.html:8817,False,syntax_other,False,False,,,syntax_other,syntax_other,,,"Syntax Error: Could not get value of IPA 'ǃ'. | !̃ !x | ^ @ Rule 1, Line 1","Syntax Error: Could not get value of IPA 'ǃ'. | !̃(n) {!x,x} | ^ @ Rule 1, Line 1",,,input|output
20.2.1,Proto-Kx’a to ÇHoan,ÇHoan-!!,,index_diachronica_original.html:8837,False,syntax_other,False,False,,,syntax_other,syntax_other,,,"Syntax Error: Could not get value of IPA 'ǃ'. | !! | ^ @ Rule 1, Line 1","Syntax Error: Could not get value of IPA 'ǁ'. | ǁ | ^ @ Rule 1, Line 1",,,input|output
20.2.1,Proto-Kx’a to ÇHoan,ÇHoan-ⁿQʰ-Q͡ɢ,,index_diachronica_original.html:8838,False,unknown_character,False,False,,,unknown_character,unknown_grouping,,,"Syntax Error: Unknown character '͡' | ⁿQʰ Q͡ɢ | ^ @ Rule 1, Line 1","Syntax Error: Unknown grouping 'Q'. Known groupings are (C)onsonant, (O)bstruent, (S)onorant, (P)losive, (F)ricative, (L)iquid, (N)asal, (G)lide, and (V)owel | Qʰ Q | ^ @ Rule 1, Line 1",,,input|output
20.2.2,Proto-Kx’a to Northwestern !Xun,Northwestern-!Xun-!!-ʘ,,index_diachronica_original.html:8855,False,syntax_other,False,False,,,syntax_other,syntax_other,,,"Syntax Error: Could not get value of IPA 'ǃ'. | !! ʘ | ^ @ Rule 1, Line 1","Syntax Error: Could not get value of IPA 'ǁ'. | ǁ ǀ | ^ @ Rule 1, Line 1",,,input|output
20.2.2,Proto-Kx’a to Northwestern !Xun,Northwestern-!Xun-ǂ,,index_diachronica_original.html:8856,False,syntax_other,False,False,,,syntax_other,syntax_other,,,"Syntax Error: Could not get value of IPA 'ǂ'. | ǂ | ^ @ Rule 1, Line 1","Syntax Error: Could not get value of IPA 'ǃ'. | !! | ^ @ Rule 1, Line 1",,,input|output
20.2.3,Proto-Kx’a to Southeastern !Xun,Southeastern-!Xun-!!-ʘ,,index_diachronica_original.html:8873,False,syntax_other,False,False,,,syntax_other,syntax_other,,,"Syntax Error: Could not get value of IPA 'ǃ'. | !! ʘ | ^ @ Rule 1, Line 1","Syntax Error: Could not get value of IPA 'ǁ'. | ǁ ǀ | ^ @ Rule 1, Line 1",,,input|output
20.2.3,Proto-Kx’a to Southeastern !Xun,Southeastern-!Xun-ʔ,,index_diachronica_original.html:8874,False,unknown_grouping,True,True,False,,,,unknown_grouping,,,,"Syntax Error: Unknown grouping 'Q'. Known groupings are (C)onsonant, (O)bstruent, (S)onorant, (P)losive, (F)ricative, (L)iquid, (N)asal, (G)lide, and (V)owel | _nQ | ^ @ Rule 1, Line 1",,env
20.2.3,Proto-Kx’a to Southeastern !Xun,"Southeastern-!Xun-ⁿQʰ-ǀʰ͜q,ǀʰ͜ɢ-Q͡q",,index_diachronica_original.html:8875,False,unknown_character,False,False,,,unknown_character,syntax_other,,,"Syntax Error: Unknown character '͜' | ⁿQʰ {ǀʰ͜q,ǀʰ͜ɢ} Q͡q | ^ @ Rule 1, Line 1","Syntax Error: Could not get value of IPA 'ⁿ'. | ⁿQ(ʰ) ⁿǀʰ Q[+voice] | ^ @ Rule 1, Line 1",,,input|output
21.1,Proto-Lakes Plain to Proto-Far West,Proto-Far-West-CV,,index_diachronica_original.html:8901,False,runtime_delete_only_segment,True,True,True,,,,,,,,,,multi
21.2.1.2,Proto-Central Tariku to Iau,Iau-CV,,index_diachronica_original.html:8963,False,runtime_delete_only_segment,True,True,True,,,,,,,,,,multi
21.2.2.1,Proto-East Tariku to Biritai,Biritai-k,,index_diachronica_original.html:8988,False,unknown_character,True,True,False,,,,unknown_character,,,,"Syntax Error: Unknown character '̂' | _V̂ | ^ @ Rule 1, Line 1",,env
21.2.2.2,Proto-East Tariku to Doutai,Doutai-V,,index_diachronica_original.html:8997,False,unknown_character,True,True,False,,,,unknown_character,,,,"Syntax Error: Unknown character '̂' | _V̂ | ^ @ Rule 1, Line 1",,env
21.2.2.3,Proto-East Tariku to Eritai,Eritai-iC,0,index_diachronica_original.html:9008,False,syntax_other,True,True,False,,,,syntax_other,,,,"Syntax Error: Expected an IPA character, Primative or Matrix, but received '' | _{C,#} (not sure how this plays in with the change mentioned earlier about extra-high vowels | ^ @ Rule 1, Line 1",,env
21.2.2.3,Proto-East Tariku to Eritai,Eritai-iC,1,index_diachronica_original.html:9008,False,syntax_other,True,True,False,,,,syntax_other,,,,"Syntax Error: Expected an IPA character, Primative or Matrix, but received '' | _{C,#} (not sure how this plays in with the change mentioned earlier about extra-high vowels | ^ @ Rule 1, Line 1",,env
21.2.2.5,Proto-East Tariku to Obokuitai,Obokuitai-b-C,,index_diachronica_original.html:9023,False,unknown_character,True,False,True,,,unknown_character,,,,"Syntax Error: Unknown character '̚' | b̚ ɡ̚ | ^ @ Rule 1, Line 1",,,output
21.2.2.5,Proto-East Tariku to Obokuitai,Obokuitai-∅,,index_diachronica_original.html:9026,False,expected_underscore,False,True,False,,syntax_other,,expected_underscore,,"Syntax Error: The input of an insertion rule must only contain `*` or `∅` | ∅ | ^ @ Rule 1, Line 1",,"Syntax Error: Expected '_', but received '' | iV | ^ @ Rule 1, Line 1",,input|env
21.2.2.7,Proto-East Tariku to Waritai,Waritai-k,,index_diachronica_original.html:9046,False,unknown_character,True,True,False,,,,unknown_character,,,,"Syntax Error: Unknown character '̂' | _V̂ | ^ @ Rule 1, Line 1",,env
21.2.3.1,Proto-West Tariku to Deirate,Deirate-b-d-k,,index_diachronica_original.html:9062,False,syntax_other,True,False,True,,,syntax_other,,,,"Syntax Error: Expected an IPA character, Primative or Matrix, but received '∅' | {b,β} {ɾ,l,∅} {k,x,ɡ,ɣ} | ^ @ Rule 1, Line 1",,,output
21.2.3.2,Proto-West Tariku to Faia,Faia-b-d-k,,index_diachronica_original.html:9071,False,syntax_other,True,False,True,,,syntax_other,,,,"Syntax Error: Expected an IPA character, Primative or Matrix, but received '∅' | {b,β} {ɾ,∅} {k,x,ɡ,ɣ} | ^ @ Rule 1, Line 1",,,output
21.2.3.3,Proto-West Tariku to Fayu,Fayu-b-d-k,,index_diachronica_original.html:9079,False,syntax_other,True,False,True,,,syntax_other,,,,"Syntax Error: Expected an IPA character, Primative or Matrix, but received '∅' | {b,β} {ɾ,∅} {k,x,ɡ,ɣ} | ^ @ Rule 1, Line 1",,,output
21.2.3.4,Proto-West Tariku to Kirikiri,Kirikiri-b-d-k,,index_diachronica_original.html:9088,False,syntax_other,True,False,True,,,syntax_other,,,,"Syntax Error: Expected an IPA character, Primative or Matrix, but received '∅' | {b,β} {ɾ,l,∅} {k,x,ɡ,ɣ} | ^ @ Rule 1, Line 1",,,output
21.2.3.5,Proto-West Tariku to Sehudate,Sehudate-b-d-k,,index_diachronica_original.html:9097,False,syntax_other,True,False,True,,,syntax_other,,,,"Syntax Error: Expected an IPA character, Primative or Matrix, but received '∅' | {b,β} {ɾ,∅} {k,x,ɡ,ɣ} | ^ @ Rule 1, Line 1",,,output
21.2.3.6,Proto-West Tariku to Tause,Tause-b-d-k,,index_diachronica_original.html:9106,False,syntax_other,True,False,True,,,syntax_other,,,,"Syntax Error: Expected an IPA character, Primative or Matrix, but received '∅' | {b,β} {ɾ,∅} {k,x,ɡ,ɣ} | ^ @ Rule 1, Line 1",,,output
21.2.3.7,Proto-West Tariku to Weirate,Weirate-b-d-k,,index_diachronica_original.html:9115,False,syntax_other,True,False,True,,,syntax_other,,,,"Syntax Error: Expected an IPA character, Primative or Matrix, but received '∅' | {b,β} {ɾ,l,∅} {k,x,ɡ,ɣ} | ^ @ Rule 1, Line 1",,,output
22.6,Proto-Arawá to Sorowahá,"Sorowahá-tʰ,ɗ",,index_diachronica_original.html:9200,False,syntax_other,False,True,,,syntax_other,,,,"Syntax Error: Expected an IPA character, Primative or Matrix, but received '' | {tʰ,ɗ | ^ @ Rule 1, Line 1",,,,input
22.6,Proto-Arawá to Sorowahá,Sorowahá-ʔ,,index_diachronica_original.html:9203,False,expected_underscore,True,True,False,,,,expected_underscore,,,,"Syntax Error: Expected '_', but received '' | #_, possibly everywhere? | ^ @ Rule 1, Line 1",,env
23.1.1.1.3,Proto-Chibchan to Kogi,Kogi-nVs-dVs,,index_diachronica_original.html:9306,False,nested_brackets,True,False,,,,nested_brackets,,,,"Syntax Error: Cannot have nested brackets of the same type | n(V(s)) ʒ(Vʒ) | ^ @ Rule 1, Line 1",,,output
23.1.1.1.5,Proto-Chibchan to Motilón,Motilón-i,,index_diachronica_original.html:9339,False,syntax_other,True,True,False,,,,syntax_other,,,,"Syntax Error: Expected an IPA character, Primative or Matrix, but received '' | a_ (usually | ^ @ Rule 1, Line 1",,env
23.1.1.1.6,Proto-Chibchan to Tunebo,Tunebo-m-n-h-j,,index_diachronica_original.html:9358,False,syntax_other,True,False,,,,syntax_other,,,,"Syntax Error: Expected an IPA character, Primative or Matrix, but received '∅' | b {n,r,∅} {h,∅} {j,∅} | ^ @ Rule 1, Line 1",,,output
23.1.1.1.6,Proto-Chibchan to Tunebo,Tunebo-ai,,index_diachronica_original.html:9360,False,expected_underscore,True,True,False,,,,expected_underscore,,,,"Syntax Error: Expected '_', but received '*' | if the *a is not stressed | ^ @ Rule 1, Line 1",,env
24.1.1,Proto-Paman to AritinÅitiÉ£,AritinÅitiÉ£-a-longC,,index_diachronica_original.html:9413,False,syntax_other,True,True,False,False,,,syntax_other,syntax_other,,,"Syntax Error: Expected an IPA character, Primative or Matrix, but received '' | #_ ( | ^ @ Rule 1, Line 1","Syntax Error: Expected end of line, received ')'. Did you forget a '/' between the output and environment? | _a?) | ^ @ Rule 1, Line 1",env|exception
24.1.1,Proto-Paman to AritinÅitiÉ£,AritinÅitiÉ£-Vː,,index_diachronica_original.html:9415,False,expected_underscore,False,True,False,,unknown_character,,unknown_grouping,,"Syntax Error: Unknown character 'ː' | Vː | ^ @ Rule 1, Line 1",,"Syntax Error: Unknown grouping 'U'. Known groupings are (C)onsonant, (O)bstruent, (S)onorant, (P)losive, (F)ricative, (L)iquid, (N)asal, (G)lide, and (V)owel | #U | ^ @ Rule 1, Line 1",,input|env
24.1.2,Proto-Paman to AwÅtim,AwÅtim-iC-aC-uC,,index_diachronica_original.html:9420,False,expected_underscore,True,True,True,False,,,,expected_underscore,,,,"Syntax Error: Expected '_', but received '' | before an identical vowel | ^ @ Rule 1, Line 1",exception
24.1.2,Proto-Paman to AwÅtim,AwÅtim-Vː,,index_diachronica_original.html:9427,False,expected_underscore,False,True,False,,unknown_character,,unknown_grouping,,"Syntax Error: Unknown character 'ː' | Vː | ^ @ Rule 1, Line 1",,"Syntax Error: Unknown grouping 'U'. Known groupings are (C)onsonant, (O)bstruent, (S)onorant, (P)losive, (F)ricative, (L)iquid, (N)asal, (G)lide, and (V)owel | #U | ^ @ Rule 1, Line 1",,input|env
24.1.3,Proto-Paman to LinÅitiÉ£,LinÅitiÉ£-Vː-V-long,,index_diachronica_original.html:9435,False,expected_underscore,False,False,False,,unknown_character,syntax_other,unknown_grouping,,"Syntax Error: Unknown character 'ː' | Vː V[-long] | ^ @ Rule 1, Line 1","Syntax Error: Expected end of line, received '∅'. Did you forget a '/' between the output and environment? | V[-long] ∅ | ^ @ Rule 1, Line 1","Syntax Error: Unknown grouping 'U'. Known groupings are (C)onsonant, (O)bstruent, (S)onorant, (P)losive, (F)ricative, (L)iquid, (N)asal, (G)lide, and (V)owel | #U | ^ @ Rule 1, Line 1",,input|output|env
24.1.4,Proto-Paman to Mbiywom,Mbiywom-a-longC,,index_diachronica_original.html:9443,False,syntax_other,True,True,False,False,,,syntax_other,syntax_other,,,"Syntax Error: Expected an IPA character, Primative or Matrix, but received '' | #_ ( | ^ @ Rule 1, Line 1","Syntax Error: Expected end of line, received ')'. Did you forget a '/' between the output and environment? | _a?) | ^ @ Rule 1, Line 1",env|exception
24.1.4,Proto-Paman to Mbiywom,Mbiywom-Vː,,index_diachronica_original.html:9445,False,expected_underscore,False,True,False,,unknown_character,,unknown_grouping,,"Syntax Error: Unknown character 'ː' | Vː | ^ @ Rule 1, Line 1",,"Syntax Error: Unknown grouping 'U'. Known groupings are (C)onsonant, (O)bstruent, (S)onorant, (P)losive, (F)ricative, (L)iquid, (N)asal, (G)lide, and (V)owel | #U | ^ @ Rule 1, Line 1",,input|env
24.1.5,Proto-Paman to Mpalican,Mpalican-NVS,,index_diachronica_original.html:9450,False,syntax_other,True,False,True,,,syntax_other,,,,"Syntax Error: Could not get value of IPA 'ⁿ'. | VⁿS | ^ @ Rule 1, Line 1",,,output
24.1.5,Proto-Paman to Mpalican,Mpalican-Vː,,index_diachronica_original.html:9452,False,expected_underscore,False,True,False,,unknown_character,,unknown_grouping,,"Syntax Error: Unknown character 'ː' | Vː | ^ @ Rule 1, Line 1",,"Syntax Error: Unknown grouping 'U'. Known groupings are (C)onsonant, (O)bstruent, (S)onorant, (P)losive, (F)ricative, (L)iquid, (N)asal, (G)lide, and (V)owel | #U | ^ @ Rule 1, Line 1",,input|env
24.1.6,Proto-Paman to UraÃ°i,UraÃ°i-Vː,,index_diachronica_original.html:9458,False,expected_underscore,False,True,False,,unknown_character,,unknown_grouping,,"Syntax Error: Unknown character 'ː' | Vː | ^ @ Rule 1, Line 1",,"Syntax Error: Unknown grouping 'U'. Known groupings are (C)onsonant, (O)bstruent, (S)onorant, (P)losive, (F)ricative, (L)iquid, (N)asal, (G)lide, and (V)owel | #U | ^ @ Rule 1, Line 1",,input|env
24.1.7,Proto-Paman to Yinwum,Yinwum-#”UU,,index_diachronica_original.html:9465,False,other,False,False,,,syntax_other,unknown_character,,,"Syntax Error: Word boundaries are not allowed in the input or output | #U:[+stress]U | ^ @ Rule 1, Line 1","Syntax Error: Unknown character '#' | #UU:[+stress] | ^ @ Rule 1, Line 1",,,input|output
24.1.7,Proto-Paman to Yinwum,Yinwum-NVS,,index_diachronica_original.html:9466,False,syntax_other,True,False,True,,,syntax_other,,,,"Syntax Error: Could not get value of IPA 'ⁿ'. | VⁿS | ^ @ Rule 1, Line 1",,,output
24.1.7,Proto-Paman to Yinwum,Yinwum-Vː,,index_diachronica_original.html:9470,False,expected_underscore,False,True,False,,unknown_character,,unknown_grouping,,"Syntax Error: Unknown character 'ː' | Vː | ^ @ Rule 1, Line 1",,"Syntax Error: Unknown grouping 'U'. Known groupings are (C)onsonant, (O)bstruent, (S)onorant, (P)losive, (F)ricative, (L)iquid, (N)asal, (G)lide, and (V)owel | #U | ^ @ Rule 1, Line 1",,input|env
25.1.1,Proto-Tacanan to Cavineña,Cavineña-*ŕ,,index_diachronica_original.html:9500,False,unknown_character,False,True,,,unknown_character,,,,"Syntax Error: Unknown character 'ŕ' | *ŕ | ^ @ Rule 1, Line 1",,,,input
25.1.2,Proto-Tacanan to Chama,"Chama-r,*ŕ",,index_diachronica_original.html:9512,False,unknown_character,False,False,,,unknown_character,syntax_other,,,"Syntax Error: Unknown character 'ŕ' | {r,*ŕ} | ^ @ Rule 1, Line 1","Syntax Error: Expected an IPA character, Primative or Matrix, but received '∅' | {∅,w,j} | ^ @ Rule 1, Line 1",,,input|output
25.1.3,Proto-Tacanan to Reyesano,Reyesano-*ŕ,,index_diachronica_original.html:9523,False,unknown_character,False,True,,,unknown_character,,,,"Syntax Error: Unknown character 'ŕ' | *ŕ | ^ @ Rule 1, Line 1",,,,input
25.1.4,Proto-Tacanan to Tacana,Tacana-*ŕ,,index_diachronica_original.html:9539,False,unknown_character,False,True,,,unknown_character,,,,"Syntax Error: Unknown character 'ŕ' | *ŕ | ^ @ Rule 1, Line 1",,,,input
27.3,Proto-Mayan to Huastecan,Huastecan-kV+roundC+glide,,index_diachronica_original.html:9737,False,unknown_feature,False,True,,,unknown_feature,,,,"Syntax Error: Unknown feature 'glide'. Did you mean click? | kV[+round]C[+glide] | ^^^^^^ @ Rule 1, Line 1",,,,input
28,Muskogean,Muskogean-k,,index_diachronica_original.html:9819,False,expected_underscore,True,True,True,False,,,,expected_underscore,,,,"Syntax Error: Expected '_', but received '' | penult | ^ @ Rule 1, Line 1",exception
28,Muskogean,Muskogean-V,,index_diachronica_original.html:9820,False,unknown_character,True,False,False,,,unknown_character,expected_underscore,,,"Syntax Error: Unknown character '̂' | V̂ː | ^ @ Rule 1, Line 1","Syntax Error: Expected '_', but received '' | _Cko, ko lost? | ^ @ Rule 1, Line 1",,output|env
28.1,Proto-Muskogean to Proto-Eastern Muskogean,Proto-Eastern-Muskogean-VC+-weak,,index_diachronica_original.html:9829,False,unknown_feature,False,True,True,,unknown_feature,,,,"Syntax Error: Unknown feature 'weak'. Did you mean man? | VC[+ weak] | ^^^^^^ @ Rule 1, Line 1",,,,input
28.1.2,Proto-Eastern Muskogean to Creek,Creek-V1kV2,,index_diachronica_original.html:9842,False,nested_brackets,False,False,False,,unknown_character,unknown_character,nested_brackets,,"Syntax Error: Unknown character '₁' | V₁kV₂ | ^ @ Rule 1, Line 1","Syntax Error: Unknown character '₂' | V₂ː | ^ @ Rule 1, Line 1","Syntax Error: Cannot have nested brackets of the same type | #((C)V(C))(C)_# | ^ @ Rule 1, Line 1",,input|output|env
28.1.2,Proto-Eastern Muskogean to Creek,Creek-S,,index_diachronica_original.html:9847,False,runtime_other,True,True,True,,,,,,,,,,multi
28.2,Proto-Muskogean to Proto-Western Muskogean,Proto-Western-Muskogean-C1+-weak-C2+-weak,,index_diachronica_original.html:9897,False,unknown_feature,False,True,True,,unknown_character,,,,"Syntax Error: Unknown character '₁' | C₁[+ weak] C₂[+ weak] | ^ @ Rule 1, Line 1",,,,input
29.1.1.1.1,Proto-Athabaskan to Ahtna,Ahtna-Vˀ,,index_diachronica_original.html:9983,False,prose_or_expected_arrow,False,True,,,syntax_other,,,,"Syntax Error: Expected end of line, received 'ˀ'. Did you forget a '/' between the output and environment? | Vˀ | ^ @ Rule 1, Line 1",,,,input
29.1.1.1.2,Proto-Athabaskan to Babine,Babine-Vˀ,,index_diachronica_original.html:9990,False,prose_or_expected_arrow,False,True,,,syntax_other,,,,"Syntax Error: Expected end of line, received 'ˀ'. Did you forget a '/' between the output and environment? | Vˀ | ^ @ Rule 1, Line 1",,,,input
29.1.1.1.3,Proto-Athabaskan to Beaver,Beaver-T,,index_diachronica_original.html:9998,False,unknown_grouping,False,False,False,,unknown_grouping,unknown_grouping,unknown_grouping,,"Syntax Error: Unknown grouping 'T'. Known groupings are (C)onsonant, (O)bstruent, (S)onorant, (P)losive, (F)ricative, (L)iquid, (N)asal, (G)lide, and (V)owel | T | ^ @ Rule 1, Line 1","Syntax Error: Unknown grouping 'T'. Known groupings are (C)onsonant, (O)bstruent, (S)onorant, (P)losive, (F)ricative, (L)iquid, (N)asal, (G)lide, and (V)owel | Tʃ | ^ @ Rule 1, Line 1","Syntax Error: Unknown grouping 'B'. Known groupings are (C)onsonant, (O)bstruent, (S)onorant, (P)losive, (F)ricative, (L)iquid, (N)asal, (G)lide, and (V)owel | _{i,e,u}, in the British Columbian dialect | ^ @ Rule 1, Line 1",,input|output|env
29.1.1.1.3,Proto-Athabaskan to Beaver,Beaver-Vˀ,,index_diachronica_original.html:10001,False,prose_or_expected_arrow,False,True,,,syntax_other,,,,"Syntax Error: Expected end of line, received 'ˀ'. Did you forget a '/' between the output and environment? | Vˀ | ^ @ Rule 1, Line 1",,,,input
29.1.1.1.4,Proto-Athabaskan to Chilcotin,Chilcotin-V,0,index_diachronica_original.html:10007,False,syntax_other,True,False,,,,syntax_other,,,,"Syntax Error: Expected end of line, received 'ˀ'. Did you forget a '/' between the output and environment? | Vˀ | ^ @ Rule 1, Line 1",,,output
29.1.1.1.4,Proto-Athabaskan to Chilcotin,Chilcotin-V,1,index_diachronica_original.html:10007,False,runtime_other,True,True,,,,,,,,,,,multi
29.1.1.1.4,Proto-Athabaskan to Chilcotin,Chilcotin-Vˀ,,index_diachronica_original.html:10011,False,prose_or_expected_arrow,False,True,,,syntax_other,,,,"Syntax Error: Expected end of line, received 'ˀ'. Did you forget a '/' between the output and environment? | Vˀ | ^ @ Rule 1, Line 1",,,,input
29.1.1.1.5,Proto-Athabaskan to Chipewyan,Chipewyan-Vˀ,,index_diachronica_original.html:10020,False,prose_or_expected_arrow,False,True,,,syntax_other,,,,"Syntax Error: Expected end of line, received 'ˀ'. Did you forget a '/' between the output and environment? | Vˀ | ^ @ Rule 1, Line 1",,,,input
29.1.1.1.6,Proto-Athabaskan to Dakelh,Dakelh-Vˀ,,index_diachronica_original.html:10027,False,prose_or_expected_arrow,False,True,,,syntax_other,,,,"Syntax Error: Expected end of line, received 'ˀ'. Did you forget a '/' between the output and environment? | Vˀ | ^ @ Rule 1, Line 1",,,,input
29.1.1.1.7,Proto-Athabaskan to Deg Hit’an,Deg-Hit’an-TŠʷ,,index_diachronica_original.html:10033,False,unknown_grouping,,,,,,,,,,,,,multi
29.1.1.1.7,Proto-Athabaskan to Deg Hit’an,Deg-Hit’an-w,,index_diachronica_original.html:10035,False,syntax_other,,,,,,,,,,,,,multi
29.1.1.1.7,Proto-Athabaskan to Deg Hit’an,Deg-Hit’an-R-F,,index_diachronica_original.html:10037,False,stuff_after_word_bound,False,False,False,,unknown_grouping,unknown_grouping,stuff_after_word_bound,,"Syntax Error: Unknown grouping 'R'. Known groupings are (C)onsonant, (O)bstruent, (S)onorant, (P)losive, (F)ricative, (L)iquid, (N)asal, (G)lide, and (V)owel | R F | ^ @ Rule 1, Line 1","Syntax Error: Unknown grouping 'R'. Known groupings are (C)onsonant, (O)bstruent, (S)onorant, (P)losive, (F)ricative, (L)iquid, (N)asal, (G)lide, and (V)owel | R[-voice] F[-voice] | ^ @ Rule 1, Line 1","Syntax Error: Cannot have segments after the end of a word | _# in suffixes | ^ @ Rule 1, Line 1",,input|output|env
29.1.1.1.7,Proto-Athabaskan to Deg Hit’an,Deg-Hit’an-Vˀ,,index_diachronica_original.html:10040,False,prose_or_expected_arrow,False,True,,,syntax_other,,,,"Syntax Error: Expected end of line, received 'ˀ'. Did you forget a '/' between the output and environment? | Vˀ | ^ @ Rule 1, Line 1",,,,input
29.1.1.1.8,Proto-Athabaskan to Dena’ina,"Dena’ina-TŠ,TŠʷ",,index_diachronica_original.html:10045,False,unknown_grouping,,,,,,,,,,,,,multi
29.1.1.1.8,Proto-Athabaskan to Dena’ina,Dena’ina-Vˀ,,index_diachronica_original.html:10048,False,prose_or_expected_arrow,False,True,,,syntax_other,,,,"Syntax Error: Expected end of line, received 'ˀ'. Did you forget a '/' between the output and environment? | Vˀ | ^ @ Rule 1, Line 1",,,,input
29.1.1.1.10,Proto-Athabaskan to Easter Gwich’in,Easter-Gwich’in-Vˀ,,index_diachronica_original.html:10070,False,prose_or_expected_arrow,False,True,,,syntax_other,,,,"Syntax Error: Expected end of line, received 'ˀ'. Did you forget a '/' between the output and environment? | Vˀ | ^ @ Rule 1, Line 1",,,,input
29.1.1.1.11,Proto-Athabaskan to Han,Han-n,,index_diachronica_original.html:10078,False,unknown_character,True,False,True,,,unknown_character,,,,"Syntax Error: Unknown character '(' | (ⁿ)d | ^ @ Rule 1, Line 1",,,output
29.1.1.1.11,Proto-Athabaskan to Han,Han-a-ɑ-ə-ʊ,,index_diachronica_original.html:10080,False,unknown_character,True,False,,,,unknown_character,,,,"Syntax Error: Unknown character 'ë' | æ a {ə,ë} o | ^ @ Rule 1, Line 1",,,output
29.1.1.1.11,Proto-Athabaskan to Han,Han-Vˀ,,index_diachronica_original.html:10082,False,prose_or_expected_arrow,False,True,,,syntax_other,,,,"Syntax Error: Expected end of line, received 'ˀ'. Did you forget a '/' between the output and environment? | Vˀ | ^ @ Rule 1, Line 1",,,,input
29.1.1.1.12,Proto-Athabaskan to Holikachuk,Holikachuk-e,,index_diachronica_original.html:10089,False,expected_underscore,True,True,False,,,,expected_underscore,,,,"Syntax Error: Expected '_', but received '' | prefixes | ^ @ Rule 1, Line 1",,env
29.1.1.1.12,Proto-Athabaskan to Holikachuk,Holikachuk-Vˀ,,index_diachronica_original.html:10093,False,prose_or_expected_arrow,False,True,,,syntax_other,,,,"Syntax Error: Expected end of line, received 'ˀ'. Did you forget a '/' between the output and environment? | Vˀ | ^ @ Rule 1, Line 1",,,,input
29.1.1.1.14,Proto-Athabaskan to Lower Koyukon,Lower-Koyukon-Vˀ,,index_diachronica_original.html:10114,False,prose_or_expected_arrow,False,True,,,syntax_other,,,,"Syntax Error: Expected end of line, received 'ˀ'. Did you forget a '/' between the output and environment? | Vˀ | ^ @ Rule 1, Line 1",,,,input
29.1.1.1.15,Proto-Athabaskan to Upper Koyukon,Upper-Koyukon-Vˀ,,index_diachronica_original.html:10126,False,syntax_other,,,,,,,,,,,,,multi
29.1.1.1.16,Proto-Athabaskan to Upper Kuskokwim Kolchan,Upper-Kuskokwim-Kolchan-Vˀ,,index_diachronica_original.html:10135,False,prose_or_expected_arrow,False,True,,,syntax_other,,,,"Syntax Error: Expected end of line, received 'ˀ'. Did you forget a '/' between the output and environment? | Vˀ | ^ @ Rule 1, Line 1",,,,input
29.1.1.1.17,Proto-Athabaskan to Sarcee,Sarcee-ɑ́-ə́-ʊ́,,index_diachronica_original.html:10141,False,unknown_character,False,False,,,unknown_character,unknown_character,,,"Syntax Error: Unknown character '́' | ɑ́ ə́ ʊ́ | ^ @ Rule 1, Line 1","Syntax Error: Unknown character '̄' | ɑ̄ ə̄ ʊ̄ | ^ @ Rule 1, Line 1",,,input|output
29.1.1.1.17,Proto-Athabaskan to Sarcee,Sarcee-Vˀ,,index_diachronica_original.html:10143,False,prose_or_expected_arrow,False,True,,,syntax_other,,,,"Syntax Error: Expected end of line, received 'ˀ'. Did you forget a '/' between the output and environment? | Vˀ | ^ @ Rule 1, Line 1",,,,input
29.1.1.1.18,Proto-Athabaskan to Sekani,Sekani-TS,,index_diachronica_original.html:10148,False,syntax_other,,,,,,,,,,,,,multi
29.1.1.1.18,Proto-Athabaskan to Sekani,Sekani-Vˀ,,index_diachronica_original.html:10152,False,prose_or_expected_arrow,False,True,,,syntax_other,,,,"Syntax Error: Expected end of line, received 'ˀ'. Did you forget a '/' between the output and environment? | Vˀ | ^ @ Rule 1, Line 1",,,,input
29.1.1.1.19,Proto-Athabaskan to Proto-Southern Athabaskan,Proto-Southern-Athabaskan-K,,index_diachronica_original.html:10157,False,runtime_other,False,False,,,unknown_grouping,unknown_grouping,,,"Syntax Error: Unknown grouping 'K'. Known groupings are (C)onsonant, (O)bstruent, (S)onorant, (P)losive, (F)ricative, (L)iquid, (N)asal, (G)lide, and (V)owel | K | ^ @ Rule 1, Line 1","Syntax Error: Unknown grouping 'T'. Known groupings are (C)onsonant, (O)bstruent, (S)onorant, (P)losive, (F)ricative, (L)iquid, (N)asal, (G)lide, and (V)owel | TS | ^ @ Rule 1, Line 1",,,input|output
29.1.1.1.19,Proto-Athabaskan to Proto-Southern Athabaskan,Proto-Southern-Athabaskan-ɣ,,index_diachronica_original.html:10159,False,expected_underscore,True,True,False,,,,expected_underscore,,,,"Syntax Error: Expected '_', but received '' | prefixes relating to word derivation | ^ @ Rule 1, Line 1",,env
29.1.1.1.19,Proto-Athabaskan to Proto-Southern Athabaskan,Proto-Southern-Athabaskan-VnC,,index_diachronica_original.html:10160,False,expected_number,True,True,False,,,,expected_number,,,,"Syntax Error: Expected number, but received ʔ | _#, unless C = ʔ | ^ @ Rule 1, Line 1",,env
29.1.1.1.19,Proto-Athabaskan to Proto-Southern Athabaskan,Proto-Southern-Athabaskan-t-n-x,,index_diachronica_original.html:10161,False,expected_underscore,True,True,False,,,,expected_underscore,,,,"Syntax Error: Expected '_', but received '' | prefixes relating to word derivation | ^ @ Rule 1, Line 1",,env
29.1.1.1.21,Proto-Eastern Southern Athabaskan to Kiowa Apache,"Kiowa-Apache-d,j",,index_diachronica_original.html:10178,False,expected_underscore,True,True,False,True,,,expected_underscore,,,,"Syntax Error: Expected '_', but received '∅' | ∅ | ^ @ Rule 1, Line 1",,env
29.1.1.1.27,Proto-Western Southern Athabaskan to Navajo,"Navajo-ɣ,h",,index_diachronica_original.html:10237,False,expected_underscore,True,True,False,,,,expected_underscore,,,,"Syntax Error: Expected '_', but received '' | prefixes related to word derivation | ^ @ Rule 1, Line 1",,env
29.1.1.1.34,Tahltan-Kaska-Tagish to Kaska,Kaska-Vˀ,,index_diachronica_original.html:10298,False,prose_or_expected_arrow,False,True,,,syntax_other,,,,"Syntax Error: Expected end of line, received 'ˀ'. Did you forget a '/' between the output and environment? | Vˀ | ^ @ Rule 1, Line 1",,,,input
29.1.1.1.37,Proto-Athabaskan to Tanacross,Tanacross-Vˀ,,index_diachronica_original.html:10318,False,prose_or_expected_arrow,False,True,,,syntax_other,,,,"Syntax Error: Expected end of line, received 'ˀ'. Did you forget a '/' between the output and environment? | Vˀ | ^ @ Rule 1, Line 1",,,,input
29.1.1.1.37,Proto-Athabaskan to Tanacross,Tanacross-ʃ,,index_diachronica_original.html:10323,False,expected_underscore,True,True,False,,,,expected_underscore,,,,"Syntax Error: Expected '_', but received '' | the | ^ @ Rule 1, Line 1",,env
29.1.1.1.37,Proto-Athabaskan to Tanacross,Tanacross-ɬ,,index_diachronica_original.html:10324,False,expected_underscore,True,True,False,,,,expected_underscore,,,,"Syntax Error: Expected '_', but received '' | the grammatical classifier | ^ @ Rule 1, Line 1",,env
29.1.1.1.38,Proto-Athabaskan to Lower Tanana,Lower-Tanana-TS-TŠ-TŠᵚ-Q,,index_diachronica_original.html:10331,False,unknown_character,False,False,,,unknown_character,unknown_grouping,,,"Syntax Error: Unknown character 'ᵚ' | TS Tʃ Tʃᵚ Q | ^ @ Rule 1, Line 1","Syntax Error: Unknown grouping 'T'. Known groupings are (C)onsonant, (O)bstruent, (S)onorant, (P)losive, (F)ricative, (L)iquid, (N)asal, (G)lide, and (V)owel | TH TS Tʂ K | ^ @ Rule 1, Line 1",,,input|output
29.1.1.1.38,Proto-Athabaskan to Lower Tanana,Lower-Tanana-Vˀ,,index_diachronica_original.html:10333,False,prose_or_expected_arrow,False,True,,,syntax_other,,,,"Syntax Error: Expected end of line, received 'ˀ'. Did you forget a '/' between the output and environment? | Vˀ | ^ @ Rule 1, Line 1",,,,input
29.1.1.1.39,Proto-Athabaskan to Upper Tanana,Upper-Tanana-ʃ,,index_diachronica_original.html:10346,False,expected_underscore,True,True,False,,,,expected_underscore,,,,"Syntax Error: Expected '_', but received '' | the | ^ @ Rule 1, Line 1",,env
29.1.1.1.39,Proto-Athabaskan to Upper Tanana,Upper-Tanana-ɬ,,index_diachronica_original.html:10347,False,expected_underscore,True,True,False,,,,expected_underscore,,,,"Syntax Error: Expected '_', but received '' | the grammatical classifier | ^ @ Rule 1, Line 1",,env
29.1.1.1.39,Proto-Athabaskan to Upper Tanana,Upper-Tanana-ə,,index_diachronica_original.html:10349,False,syntax_other,,,,,,,,,,,,,multi
29.1.1.1.39,Proto-Athabaskan to Upper Tanana,Upper-Tanana-Vˀ,,index_diachronica_original.html:10350,False,syntax_other,,,,,,,,,,,,,multi
29.1.1.1.41,Proto-Athabaskan to Northern Tutchone,Northern-Tutchone-Vˀ,,index_diachronica_original.html:10370,False,prose_or_expected_arrow,False,True,,,syntax_other,,,,"Syntax Error: Expected end of line, received 'ˀ'. Did you forget a '/' between the output and environment? | Vˀ | ^ @ Rule 1, Line 1",,,,input
29.1.1.1.42,Proto-Athabaskan to Southern Tutchone,Southern-Tutchone-Vˀ,,index_diachronica_original.html:10383,False,prose_or_expected_arrow,False,True,,,syntax_other,,,,"Syntax Error: Expected end of line, received 'ˀ'. Did you forget a '/' between the output and environment? | Vˀ | ^ @ Rule 1, Line 1",,,,input
29.2,Proto-Na-Dene to Tlingit,Tlingit-s,,index_diachronica_original.html:10402,False,syntax_other,True,False,,,,syntax_other,,,,"Syntax Error: Expected '[', but received 'ɬ' | s : ɬ | ^ @ Rule 1, Line 1",,,output
29.2,Proto-Na-Dene to Tlingit,Tlingit-ts,,index_diachronica_original.html:10403,False,syntax_other,True,False,,,,syntax_other,,,,"Syntax Error: Expected '[', but received 't' | ts : tɬ | ^ @ Rule 1, Line 1",,,output
29.2,Proto-Na-Dene to Tlingit,Tlingit-tsʼ,,index_diachronica_original.html:10404,False,syntax_other,True,False,,,,syntax_other,,,,"Syntax Error: Expected '[', but received '{' | {sʼ,tsʼ} : {ɬ,tɬʼ} | ^ @ Rule 1, Line 1",,,output
29.2,Proto-Na-Dene to Tlingit,Tlingit-ʃ,,index_diachronica_original.html:10405,False,syntax_other,True,False,,,,syntax_other,,,,"Syntax Error: Expected '[', but received 'ɬ' | {ʃ,s} : ɬ | ^ @ Rule 1, Line 1",,,output
29.2,Proto-Na-Dene to Tlingit,Tlingit-tʃ,,index_diachronica_original.html:10406,False,syntax_other,True,False,,,,syntax_other,,,,"Syntax Error: Expected '[', but received 't' | {tʃ,ts} : tɬ | ^ @ Rule 1, Line 1",,,output
29.2,Proto-Na-Dene to Tlingit,Tlingit-tʃʼ,,index_diachronica_original.html:10407,False,syntax_other,True,False,,,,syntax_other,,,,"Syntax Error: Expected '[', but received 't' | {sʼ,tʃʼ} : tɬʼ | ^ @ Rule 1, Line 1",,,output
29.2,Proto-Na-Dene to Tlingit,Tlingit-kʷʼ,,index_diachronica_original.html:10411,False,syntax_other,False,False,,,syntax_other,syntax_other,,,"Syntax Error: Expected an IPA character, Primative or Matrix, but received 'ʷ' | k(ʷ)ʼ | ^ @ Rule 1, Line 1","Syntax Error: Expected end of line, received '('. Did you forget a '/' between the output and environment? | {x,k}(ʷ)ʼ | ^ @ Rule 1, Line 1",,,input|output
30.1.1,Pre-Proto-Bantu to Proto-Bantu,Proto-Bantu_2-S+-lenis-N+-lenis,,index_diachronica_original.html:10462,False,unknown_feature,False,False,False,,unknown_feature,unknown_feature,unknown_character,,"Syntax Error: Unknown feature 'lenis'. Did you mean tens? | S[+ lenis] N[+ lenis] | ^^^^^^^ @ Rule 1, Line 1","Syntax Error: Unknown feature 'lenis'. Did you mean tens? | S[- lenis] N[- lenis] | ^^^^^^^ @ Rule 1, Line 1","Syntax Error: Unknown character '₁' | C₁ position | ^ @ Rule 1, Line 1",,input|output|env
30.1.1,Pre-Proto-Bantu to Proto-Bantu,Proto-Bantu_2-N+-lenis-N-lenis,,index_diachronica_original.html:10463,False,unknown_feature,False,False,False,,unknown_feature,unknown_feature,unknown_character,,"Syntax Error: Unknown feature 'lenis'. Did you mean tens? | N[+ lenis] N[-lenis] | ^^^^^^^ @ Rule 1, Line 1","Syntax Error: Unknown feature 'lenis'. Did you mean tens? | N[- lenis] ⁿS | ^^^^^^^ @ Rule 1, Line 1","Syntax Error: Unknown character '₂' | C₂ position | ^ @ Rule 1, Line 1",,input|output|env
30.1.1,Pre-Proto-Bantu to Proto-Bantu,Proto-Bantu_2-d2,,index_diachronica_original.html:10464,False,unknown_character,False,True,False,,unknown_character,,unknown_character,,"Syntax Error: Unknown character '₂' | d₂ | ^ @ Rule 1, Line 1",,"Syntax Error: Unknown character '₂' | C₂ position | ^ @ Rule 1, Line 1",,input|env
30.1.1.1,Proto-Bantu to Sebirwa,Sebirwa-S,,index_diachronica_original.html:10470,False,runtime_other,,,,,,,,,,,,,multi
30.1.1.1,Proto-Bantu to Sebirwa,Sebirwa-V+high-+ATR,,index_diachronica_original.html:10471,False,unknown_feature,True,False,,,,unknown_feature,,,,"Syntax Error: Unknown feature 'TR'. Did you mean rt? | V[+high -ATR] | ^^^^ @ Rule 1, Line 1",,,output
30.1.1.1,Proto-Bantu to Sebirwa,Sebirwa-NC_2,,index_diachronica_original.html:10473,False,unknown_feature,True,False,True,,,unknown_feature,,,,"Syntax Error: Unknown feature 'samePOA'. Did you mean lateral? | N[+same POA]C | ^^^^^^^^^ @ Rule 1, Line 1",,,output
30.1.2,Pre-Proto-Bantu to Proto-Manenguba,Proto-Manenguba-’p-’t-’d/d2-c-’ɟ-’k-ɡ,0,index_diachronica_original.html:10541,False,unknown_character,False,True,False,,unknown_character,,unknown_character,,"Syntax Error: Unknown character '’' | ’p ’t ’d/d₂ c ’ɟ ’k ɡ | ^ @ Rule 1, Line 1",,"Syntax Error: Unknown character '₁' | C₁ position | ^ @ Rule 1, Line 1",,input|env
30.1.2,Pre-Proto-Bantu to Proto-Manenguba,Proto-Manenguba-’p-’t-’d/d2-c-’ɟ-’k-ɡ,1,index_diachronica_original.html:10541,False,unknown_character,False,True,False,,unknown_character,,unknown_character,,"Syntax Error: Unknown character '’' | ’p ’t ’d/d₂ c ’ɟ ’k ɡ | ^ @ Rule 1, Line 1",,"Syntax Error: Unknown character '₁' | C₁ position | ^ @ Rule 1, Line 1",,input|env
30.1.2,Pre-Proto-Bantu to Proto-Manenguba,Proto-Manenguba-N+-lenis,,index_diachronica_original.html:10542,False,unknown_feature,False,False,False,,unknown_feature,unknown_feature,unknown_character,,"Syntax Error: Unknown feature 'lenis'. Did you mean tens? | N[+ lenis] | ^^^^^^^ @ Rule 1, Line 1","Syntax Error: Unknown feature 'lenis'. Did you mean tens? | N[- lenis] | ^^^^^^^ @ Rule 1, Line 1","Syntax Error: Unknown character '₁' | C₁ position | ^ @ Rule 1, Line 1",,input|output|env
30.1.2,Pre-Proto-Bantu to Proto-Manenguba,"Proto-Manenguba-p-t-’t-’d,d2-c-k-’k",1,index_diachronica_original.html:10543,False,unknown_character,False,True,False,,unknown_character,,unknown_character,,"Syntax Error: Unknown character '’' | p t ’t d₂ c k ’k | ^ @ Rule 1, Line 1",,"Syntax Error: Unknown character '₂' | C₂ position | ^ @ Rule 1, Line 1",,input|env
30.2,Proto-Potou-Akanic-Bantu to Proto-Potou-Akanic,Proto-Potou-Akanic-C_2,,index_diachronica_original.html:10555,False,panic_other,True,False,True,,,unknown_grouping,,,,"Syntax Error: Unknown grouping 'J'. Known groupings are (C)onsonant, (O)bstruent, (S)onorant, (P)losive, (F)ricative, (L)iquid, (N)asal, (G)lide, and (V)owel | J | ^ @ Rule 1, Line 1",,,output
30.2,Proto-Potou-Akanic-Bantu to Proto-Potou-Akanic,Proto-Potou-Akanic-NV1+mid-+nasl̃,,index_diachronica_original.html:10558,False,unknown_feature,False,True,,,unknown_character,,,,"Syntax Error: Unknown character '₁' | (N)V₁[+mid +nas](l̃) | ^ @ Rule 1, Line 1",,,,input
30.2,Proto-Potou-Akanic-Bantu to Proto-Potou-Akanic,"Proto-Potou-Akanic-V+nasʋ̃,l̃",,index_diachronica_original.html:10559,False,syntax_other,False,False,False,,syntax_other,syntax_other,unknown_grouping,,"Syntax Error: Expected ':', but received 'l' | V[+nas](ʋ̃,l̃) | ^ @ Rule 1, Line 1","Syntax Error: Expected end of line, received '('. Did you forget a '/' between the output and environment? | V[-nas](m,n) | ^ @ Rule 1, Line 1","Syntax Error: Unknown grouping 'J'. Known groupings are (C)onsonant, (O)bstruent, (S)onorant, (P)losive, (F)ricative, (L)iquid, (N)asal, (G)lide, and (V)owel | #J[+voice]_ | ^ @ Rule 1, Line 1",,input|output|env
30.2.1,Proto-Potou-Akanic to Proto-Akanic,Proto-Akanic-V+high-+ATRCV+high-ATR,,index_diachronica_original.html:10564,False,nested_brackets,False,False,False,,nested_brackets,unknown_character,unknown_grouping,,"Syntax Error: Cannot have nested brackets of the same type | V[+high +ATR](C(V[+high -ATR])) | ^ @ Rule 1, Line 1","Syntax Error: Unknown character '#' | #(C)V[-high +ATR](CV[+high +ATR]) | ^ @ Rule 1, Line 1","Syntax Error: Unknown grouping 'J'. Known groupings are (C)onsonant, (O)bstruent, (S)onorant, (P)losive, (F)ricative, (L)iquid, (N)asal, (G)lide, and (V)owel | #J[+dorsal -voice]_ | ^ @ Rule 1, Line 1",,input|output|env
30.2.1.1,Proto-Akanic to Akan,"Akan-p,ʋ̃-c-k͜p",,index_diachronica_original.html:10582,False,unknown_character,False,True,True,,unknown_character,,,,"Syntax Error: Unknown character '͜' | {p,ʋ̃} c k͜p | ^ @ Rule 1, Line 1",,,,input
30.3.1.1.8,Proto-Vhe to Adángbe,Adángbe-V,,index_diachronica_original.html:10664,False,runtime_other,True,True,True,,,,,,,,,,multi
30.3.1.1.8,Proto-Vhe to Adángbe,Adángbe-V+-nas,,index_diachronica_original.html:10665,False,expected_number,True,True,True,False,,,,expected_number,,,,"Syntax Error: Expected number, but received N | C = N | ^ @ Rule 1, Line 1",exception
31.1,Proto-Nyulnyulan to Bardi,Bardi-V0,,index_diachronica_original.html:10752,False,syntax_other,False,True,False,,unknown_character,,unknown_character,,"Syntax Error: Unknown character '₀' | V₀ | ^ @ Rule 1, Line 1",,"Syntax Error: Unknown character '₀' | V(C)(C)V₀(C)(C)_# | ^ @ Rule 1, Line 1",,input|env
32.1.1,Proto-Chatino to Papabuco Chatino,Papabuco-Chatino-h,,index_diachronica_original.html:10797,False,syntax_other,True,True,False,,,,syntax_other,,,,"Syntax Error: Expected an IPA character, Primative or Matrix, but received '…' | _a (…lolwut) | ^ @ Rule 1, Line 1",,env
32.1.1,Proto-Chatino to Papabuco Chatino,Papabuco-Chatino-h_2,,index_diachronica_original.html:10798,False,syntax_other,True,True,,False,,,,syntax_other,,,,"Syntax Error: Expected an IPA character, Primative or Matrix, but received '…' | _a (…lolwut) | ^ @ Rule 1, Line 1",exception
32.1.1,Proto-Chatino to Papabuco Chatino,Papabuco-Chatino-e_3,,index_diachronica_original.html:10804,False,expected_underscore,True,True,False,,,,expected_underscore,,,,"Syntax Error: Expected '_', but received '' | a few data sets | ^ @ Rule 1, Line 1",,env
32.1.1,Proto-Chatino to Papabuco Chatino,Papabuco-Chatino-ẽ_3,,index_diachronica_original.html:10807,False,expected_underscore,True,True,False,,,,unknown_grouping,,,,"Syntax Error: Unknown grouping 'U'. Known groupings are (C)onsonant, (O)bstruent, (S)onorant, (P)losive, (F)ricative, (L)iquid, (N)asal, (G)lide, and (V)owel | U[+long -stress] | ^ @ Rule 1, Line 1",,env
32.1.1,Proto-Chatino to Papabuco Chatino,Papabuco-Chatino-ẽ_4,,index_diachronica_original.html:10808,False,expected_underscore,True,True,,False,,,,unknown_grouping,,,,"Syntax Error: Unknown grouping 'U'. Known groupings are (C)onsonant, (O)bstruent, (S)onorant, (P)losive, (F)ricative, (L)iquid, (N)asal, (G)lide, and (V)owel | U[+long -stress] | ^ @ Rule 1, Line 1",exception
32.1.2,Proto-Chatino to Tataltepec Chatino,Tataltepec-Chatino-t,,index_diachronica_original.html:10814,False,syntax_other,True,True,False,,,,syntax_other,,,,"Syntax Error: Expected an IPA character, Primative or Matrix, but received '…' | _õ (…again…lolwut) | ^ @ Rule 1, Line 1",,env
32.1.2,Proto-Chatino to Tataltepec Chatino,Tataltepec-Chatino-ç,,index_diachronica_original.html:10824,False,nested_brackets,True,False,,,,unknown_character,,,,"Syntax Error: Unknown character '’' | ʔ (? Not sure if I’m reading the phone(me)s right on this one) | ^ @ Rule 1, Line 1",,,output
32.1.2,Proto-Chatino to Tataltepec Chatino,Tataltepec-Chatino-ɛ_3,,index_diachronica_original.html:10830,False,expected_underscore,True,True,False,,,,expected_underscore,,,,"Syntax Error: Expected '_', but received '' | _ʔ#, in monosyllables | ^ @ Rule 1, Line 1",,env
32.1.3,Proto-Chatino to Yaitepec Chatino,Yaitepec-Chatino-k,,index_diachronica_original.html:10837,False,unknown_grouping,True,True,False,,,,unknown_grouping,,,,"Syntax Error: Unknown grouping 'E'. Known groupings are (C)onsonant, (O)bstruent, (S)onorant, (P)losive, (F)ricative, (L)iquid, (N)asal, (G)lide, and (V)owel | _Ek(ʷ) | ^ @ Rule 1, Line 1",,env
32.1.3,Proto-Chatino to Yaitepec Chatino,Yaitepec-Chatino-s_2,,index_diachronica_original.html:10850,False,expected_underscore,True,True,False,,,,expected_underscore,,,,"Syntax Error: Expected '_', but received '/' | if /l/ is present in the same syllable | ^ @ Rule 1, Line 1",,env
32.1.3,Proto-Chatino to Yaitepec Chatino,Yaitepec-Chatino-ʃ_2,,index_diachronica_original.html:10853,False,expected_underscore,True,True,False,,,,expected_underscore,,,,"Syntax Error: Expected '_', but received '' | _i, in monosyllables | ^ @ Rule 1, Line 1",,env
32.2,Proto-Oto-Manguean to Tlapanec,Tlapanec-Yt-Ynt-Ys,,index_diachronica_original.html:10880,False,unknown_grouping,False,True,,,unknown_grouping,,,,"Syntax Error: Unknown grouping 'Y'. Known groupings are (C)onsonant, (O)bstruent, (S)onorant, (P)losive, (F)ricative, (L)iquid, (N)asal, (G)lide, and (V)owel | Yt Ynt Ys | ^ @ Rule 1, Line 1",,,,input
32.2,Proto-Oto-Manguean to Tlapanec,"Tlapanec-iHn,eHn,aHn-uHn",,index_diachronica_original.html:10884,False,unknown_grouping,False,True,,,unknown_grouping,,,,"Syntax Error: Unknown grouping 'H'. Known groupings are (C)onsonant, (O)bstruent, (S)onorant, (P)losive, (F)ricative, (L)iquid, (N)asal, (G)lide, and (V)owel | {iHn,eHn,aHn} uHn | ^ @ Rule 1, Line 1",,,,input
33.1.1,Proto-Utian to Proto-Costanoan (Ohlone),Proto-Costanoan-Ohlone-l,,index_diachronica_original.html:10923,False,syntax_other,True,True,,False,,,,syntax_other,,,,"Syntax Error: Cannot have multiple underlines in an environment | _$ or o_ | ^ @ Rule 1, Line 1",exception
33.1.1,Proto-Utian to Proto-Costanoan (Ohlone),Proto-Costanoan-Ohlone-o,,index_diachronica_original.html:10925,False,syntax_other,True,True,,False,,,,syntax_other,,,,"Syntax Error: Expected an IPA character, Primative or Matrix, but received '…' | o(C…)_ or _(C…){o,i} | ^ @ Rule 1, Line 1",exception
33.2.1,Proto-Wintuan to Nomlaki,Nomlaki-VrV,1,index_diachronica_original.html:11003,False,unknown_grouping,True,False,,,,unknown_grouping,,,,"Syntax Error: Unknown grouping 'M'. Known groupings are (C)onsonant, (O)bstruent, (S)onorant, (P)losive, (F)ricative, (L)iquid, (N)asal, (G)lide, and (V)owel | M | ^ @ Rule 1, Line 1",,,output
33.3.3,Proto-Yokuts to Palewyami,Palewyami-i,,index_diachronica_original.html:11148,False,expected_underscore,True,True,True,False,,,,unknown_grouping,,,,"Syntax Error: Unknown grouping 'H'. Known groupings are (C)onsonant, (O)bstruent, (S)onorant, (P)losive, (F)ricative, (L)iquid, (N)asal, (G)lide, and (V)owel | _H, short only) | ^ @ Rule 1, Line 1",exception
34.1,Proto-Quechumaran to Ayachuco,"Ayachuco-ɸʼ,ʰ",,index_diachronica_original.html:11184,False,syntax_other,False,True,,,syntax_other,,,,"Syntax Error: Expected an IPA character, Primative or Matrix, but received 'ʼ' | ɸ(ʼ,ʰ) | ^ @ Rule 1, Line 1",,,,input
34.4,Proto-Quechumaran to Huarás,"Huarás-ɸʼ,ʰ",,index_diachronica_original.html:11244,False,syntax_other,False,True,,,syntax_other,,,,"Syntax Error: Expected an IPA character, Primative or Matrix, but received 'ʼ' | ɸ(ʼ,ʰ) | ^ @ Rule 1, Line 1",,,,input
34.5,Proto-Quechumaran to Putamayo,"Putamayo-ɸʼ,ʰ",,index_diachronica_original.html:11262,False,syntax_other,False,True,,,syntax_other,,,,"Syntax Error: Expected an IPA character, Primative or Matrix, but received 'ʼ' | ɸ(ʼ,ʰ) | ^ @ Rule 1, Line 1",,,,input
34.8,Proto-Quechumaran to Santiago,"Santiago-ɸʼ,ʰ",,index_diachronica_original.html:11331,False,syntax_other,False,True,,,syntax_other,,,,"Syntax Error: Expected an IPA character, Primative or Matrix, but received 'ʼ' | ɸ(ʼ,ʰ) | ^ @ Rule 1, Line 1",,,,input
34.8,Proto-Quechumaran to Santiago,Santiago-ʃ,,index_diachronica_original.html:11332,False,syntax_other,True,True,,False,,,,syntax_other,,,,"Syntax Error: Cannot have multiple underlines in an environment | i_i or _S | ^ @ Rule 1, Line 1",exception
34.9,Proto-Quechumaran to Tena,"Tena-ɸʼ,ʰ",,index_diachronica_original.html:11359,False,syntax_other,False,True,,,syntax_other,,,,"Syntax Error: Expected an IPA character, Primative or Matrix, but received 'ʼ' | ɸ(ʼ,ʰ) | ^ @ Rule 1, Line 1",,,,input
35.1.1,Proto-Central Salish to Comox,Comox-V3ʔ,,index_diachronica_original.html:11399,False,unknown_character,True,False,True,,,unknown_character,,,,"Syntax Error: Unknown character 'ː' | V3(ː)ʔ | ^ @ Rule 1, Line 1",,,output
35.1.1,Proto-Central Salish to Comox,Comox-ʔ,,index_diachronica_original.html:11400,False,unknown_grouping,True,True,False,,,,unknown_character,,,,"Syntax Error: Unknown character '₃' | V₃R_V | ^ @ Rule 1, Line 1",,env
35.1.1,Proto-Central Salish to Comox,Comox-ʔ_2,,index_diachronica_original.html:11401,False,unknown_grouping,True,False,,,,syntax_other,,,,"Syntax Error: The output of a deletion rule must only contain `*` or `∅` | ∅ V3R_V | ^ @ Rule 1, Line 1",,,output
35.1.1,Proto-Central Salish to Comox,Comox-a3~ə3,,index_diachronica_original.html:11402,False,runtime_other,True,True,,,,,,,,,,,multi
35.1.1,Proto-Central Salish to Comox,Comox-a3~i3,,index_diachronica_original.html:11403,False,runtime_other,True,True,,,,,,,,,,,multi
35.1.1,Proto-Central Salish to Comox,Comox-a1~i1,,index_diachronica_original.html:11404,False,runtime_other,True,True,,,,,,,,,,,multi
35.1.1,Proto-Central Salish to Comox,Comox-i3~ə3,,index_diachronica_original.html:11405,False,runtime_other,True,True,,,,,,,,,,,multi
35.1.1,Proto-Central Salish to Comox,Comox-i3~ə1,,index_diachronica_original.html:11406,False,runtime_other,True,True,,,,,,,,,,,multi
35.1.1,Proto-Central Salish to Comox,Comox-i1~ə1,,index_diachronica_original.html:11407,False,runtime_other,True,True,,,,,,,,,,,multi
35.1.2,Proto-Central Salish to Chilliwack Halkomelem,Chilliwack-Halkomelem-V3h,,index_diachronica_original.html:11416,False,runtime_other,True,False,True,,,unknown_character,,,,"Syntax Error: Unknown character 'ː' | V3ː | ^ @ Rule 1, Line 1",,,output
35.1.2,Proto-Central Salish to Chilliwack Halkomelem,Chilliwack-Halkomelem-V3ʔ,,index_diachronica_original.html:11417,False,unknown_character,True,False,True,,,unknown_character,,,,"Syntax Error: Unknown character 'ː' | V3(ː) | ^ @ Rule 1, Line 1",,,output
35.1.2,Proto-Central Salish to Chilliwack Halkomelem,Chilliwack-Halkomelem-V3ʔ_2,,index_diachronica_original.html:11419,False,runtime_other,True,False,True,,,unknown_character,,,,"Syntax Error: Unknown character 'ː' | V3ː | ^ @ Rule 1, Line 1",,,output
35.1.2,Proto-Central Salish to Chilliwack Halkomelem,Chilliwack-Halkomelem-V3ʔR,,index_diachronica_original.html:11421,False,unknown_grouping,False,False,,,unknown_grouping,unknown_character,,,"Syntax Error: Unknown grouping 'R'. Known groupings are (C)onsonant, (O)bstruent, (S)onorant, (P)losive, (F)ricative, (L)iquid, (N)asal, (G)lide, and (V)owel | V3ʔR | ^ @ Rule 1, Line 1","Syntax Error: Unknown character 'ː' | V3ːR | ^ @ Rule 1, Line 1",,,input|output
35.1.2,Proto-Central Salish to Chilliwack Halkomelem,Chilliwack-Halkomelem-u3~ə3,,index_diachronica_original.html:11426,False,runtime_other,True,True,,,,,,,,,,,multi
35.1.2,Proto-Central Salish to Chilliwack Halkomelem,Chilliwack-Halkomelem-a3~ə3,,index_diachronica_original.html:11427,False,runtime_other,True,True,,,,,,,,,,,multi
35.1.2,Proto-Central Salish to Chilliwack Halkomelem,Chilliwack-Halkomelem-a3~i3,,index_diachronica_original.html:11428,False,runtime_other,True,True,,,,,,,,,,,multi
35.1.2,Proto-Central Salish to Chilliwack Halkomelem,Chilliwack-Halkomelem-i3~e3,,index_diachronica_original.html:11429,False,runtime_other,True,True,,,,,,,,,,,multi
35.1.2,Proto-Central Salish to Chilliwack Halkomelem,Chilliwack-Halkomelem-i3~ə1,,index_diachronica_original.html:11430,False,runtime_other,True,True,,,,,,,,,,,multi
35.1.2,Proto-Central Salish to Chilliwack Halkomelem,Chilliwack-Halkomelem-i1~ə1,,index_diachronica_original.html:11431,False,runtime_other,True,True,,,,,,,,,,,multi
35.1.3,Proto-Central Salish to Cowichan Halkomelem,Cowichan-Halkomelem-V3h,,index_diachronica_original.html:11439,False,runtime_other,True,False,True,,,unknown_character,,,,"Syntax Error: Unknown character 'ː' | V3ː | ^ @ Rule 1, Line 1",,,output
35.1.3,Proto-Central Salish to Cowichan Halkomelem,Cowichan-Halkomelem-V03ʔV0,0,index_diachronica_original.html:11440,False,runtime_other,False,False,,,unknown_character,unknown_character,,,"Syntax Error: Unknown character '₀' | V₀3ʔ(V₀) | ^ @ Rule 1, Line 1","Syntax Error: Unknown character '₀' | V₀3ː | ^ @ Rule 1, Line 1",,,input|output
35.1.3,Proto-Central Salish to Cowichan Halkomelem,Cowichan-Halkomelem-V03ʔV0,1,index_diachronica_original.html:11440,False,runtime_other,False,False,,,unknown_character,unknown_character,,,"Syntax Error: Unknown character '₀' | V₀3ʔ(V₀) | ^ @ Rule 1, Line 1","Syntax Error: Unknown character '₀' | V₀3ʔV₀ | ^ @ Rule 1, Line 1",,,input|output
35.1.3,Proto-Central Salish to Cowichan Halkomelem,Cowichan-Halkomelem-V3ʔR,0,index_diachronica_original.html:11441,False,unknown_grouping,False,False,True,,unknown_grouping,unknown_grouping,,,"Syntax Error: Unknown grouping 'R'. Known groupings are (C)onsonant, (O)bstruent, (S)onorant, (P)losive, (F)ricative, (L)iquid, (N)asal, (G)lide, and (V)owel | V3ʔR | ^ @ Rule 1, Line 1","Syntax Error: Unknown grouping 'R'. Known groupings are (C)onsonant, (O)bstruent, (S)onorant, (P)losive, (F)ricative, (L)iquid, (N)asal, (G)lide, and (V)owel | V3ʔR | ^ @ Rule 1, Line 1",,,input|output
35.1.3,Proto-Central Salish to Cowichan Halkomelem,Cowichan-Halkomelem-V3ʔR,1,index_diachronica_original.html:11441,False,unknown_grouping,False,False,True,,unknown_grouping,unknown_character,,,"Syntax Error: Unknown grouping 'R'. Known groupings are (C)onsonant, (O)bstruent, (S)onorant, (P)losive, (F)ricative, (L)iquid, (N)asal, (G)lide, and (V)owel | V3ʔR | ^ @ Rule 1, Line 1","Syntax Error: Unknown character 'ː' | V3ːRʔ | ^ @ Rule 1, Line 1",,,input|output
35.1.3,Proto-Central Salish to Cowichan Halkomelem,"Cowichan-Halkomelem-a3-u3-a1,u1-i1",,index_diachronica_original.html:11442,False,runtime_other,True,True,,,,,,,,,,,multi
35.1.3,Proto-Central Salish to Cowichan Halkomelem,Cowichan-Halkomelem-a3~ə3,,index_diachronica_original.html:11443,False,runtime_other,True,True,,,,,,,,,,,multi
35.1.3,Proto-Central Salish to Cowichan Halkomelem,Cowichan-Halkomelem-a3~i3,,index_diachronica_original.html:11444,False,runtime_other,True,True,,,,,,,,,,,multi
35.1.3,Proto-Central Salish to Cowichan Halkomelem,Cowichan-Halkomelem-a1~i1,,index_diachronica_original.html:11445,False,runtime_other,True,True,,,,,,,,,,,multi
35.1.3,Proto-Central Salish to Cowichan Halkomelem,Cowichan-Halkomelem-i3~e3,,index_diachronica_original.html:11446,False,runtime_other,True,True,,,,,,,,,,,multi
35.1.3,Proto-Central Salish to Cowichan Halkomelem,Cowichan-Halkomelem-i3~ə1,,index_diachronica_original.html:11447,False,runtime_other,True,True,,,,,,,,,,,multi
35.1.3,Proto-Central Salish to Cowichan Halkomelem,Cowichan-Halkomelem-i1~ə1,,index_diachronica_original.html:11448,False,runtime_other,True,True,,,,,,,,,,,multi
35.1.4,Proto-Central Salish to Musqueam Halkomelem,Musqueam-Halkomelem-V3h,,index_diachronica_original.html:11456,False,runtime_other,True,False,True,,,unknown_character,,,,"Syntax Error: Unknown character 'ː' | V3ː | ^ @ Rule 1, Line 1",,,output
35.1.4,Proto-Central Salish to Musqueam Halkomelem,Musqueam-Halkomelem-V3ʔ,,index_diachronica_original.html:11457,False,runtime_other,True,False,True,,,unknown_character,,,,"Syntax Error: Unknown character 'ː' | V3{ː,ʔ} | ^ @ Rule 1, Line 1",,,output
35.1.4,Proto-Central Salish to Musqueam Halkomelem,Musqueam-Halkomelem-V03ʔV0,0,index_diachronica_original.html:11458,False,runtime_other,False,False,,,unknown_character,unknown_character,,,"Syntax Error: Unknown character '₀' | V₀3ʔV₀ | ^ @ Rule 1, Line 1","Syntax Error: Unknown character 'ː' | V3ː | ^ @ Rule 1, Line 1",,,input|output
35.1.4,Proto-Central Salish to Musqueam Halkomelem,Musqueam-Halkomelem-V03ʔV0,1,index_diachronica_original.html:11458,False,runtime_other,False,False,,,unknown_character,unknown_character,,,"Syntax Error: Unknown character '₀' | V₀3ʔV₀ | ^ @ Rule 1, Line 1","Syntax Error: Unknown character '₀' | V₀3ʔV₀ | ^ @ Rule 1, Line 1",,,input|output
35.1.4,Proto-Central Salish to Musqueam Halkomelem,Musqueam-Halkomelem-V3ʔR,0,index_diachronica_original.html:11459,False,unknown_grouping,False,False,True,,unknown_grouping,unknown_grouping,,,"Syntax Error: Unknown grouping 'R'. Known groupings are (C)onsonant, (O)bstruent, (S)onorant, (P)losive, (F)ricative, (L)iquid, (N)asal, (G)lide, and (V)owel | V3ʔR | ^ @ Rule 1, Line 1","Syntax Error: Unknown grouping 'R'. Known groupings are (C)onsonant, (O)bstruent, (S)onorant, (P)losive, (F)ricative, (L)iquid, (N)asal, (G)lide, and (V)owel | V3ʔR | ^ @ Rule 1, Line 1",,,input|output
35.1.4,Proto-Central Salish to Musqueam Halkomelem,Musqueam-Halkomelem-V3ʔR,1,index_diachronica_original.html:11459,False,unknown_grouping,False,False,True,,unknown_grouping,unknown_character,,,"Syntax Error: Unknown grouping 'R'. Known groupings are (C)onsonant, (O)bstruent, (S)onorant, (P)losive, (F)ricative, (L)iquid, (N)asal, (G)lide, and (V)owel | V3ʔR | ^ @ Rule 1, Line 1","Syntax Error: Unknown character 'ː' | V3ːRʔ | ^ @ Rule 1, Line 1",,,input|output
35.1.4,Proto-Central Salish to Musqueam Halkomelem,Musqueam-Halkomelem-u3~ə3,,index_diachronica_original.html:11461,False,runtime_other,True,True,,,,,,,,,,,multi
35.1.4,Proto-Central Salish to Musqueam Halkomelem,Musqueam-Halkomelem-a3~ə3,,index_diachronica_original.html:11462,False,runtime_other,True,True,,,,,,,,,,,multi
35.1.4,Proto-Central Salish to Musqueam Halkomelem,Musqueam-Halkomelem-a3~i3,,index_diachronica_original.html:11463,False,runtime_other,True,True,,,,,,,,,,,multi
35.1.4,Proto-Central Salish to Musqueam Halkomelem,Musqueam-Halkomelem-a1~i1,,index_diachronica_original.html:11464,False,runtime_other,True,True,,,,,,,,,,,multi
35.1.4,Proto-Central Salish to Musqueam Halkomelem,Musqueam-Halkomelem-i3~e3,,index_diachronica_original.html:11465,False,runtime_other,True,True,,,,,,,,,,,multi
35.1.4,Proto-Central Salish to Musqueam Halkomelem,Musqueam-Halkomelem-i3~ə1,,index_diachronica_original.html:11466,False,runtime_other,True,True,,,,,,,,,,,multi
35.1.4,Proto-Central Salish to Musqueam Halkomelem,Musqueam-Halkomelem-i1~ə1,,index_diachronica_original.html:11467,False,runtime_other,True,True,,,,,,,,,,,multi
35.1.5,Proto-Central Salish to Klallam,Klallam-V03ʔV0,,index_diachronica_original.html:11479,False,runtime_other,False,False,,,unknown_character,unknown_character,,,"Syntax Error: Unknown character '₀' | V₀3ʔ(V₀) | ^ @ Rule 1, Line 1","Syntax Error: Unknown character '₀' | V₀3ʔV₀ | ^ @ Rule 1, Line 1",,,input|output
35.1.5,Proto-Central Salish to Klallam,Klallam-a3,,index_diachronica_original.html:11481,False,expected_underscore,True,True,False,,,,syntax_other,,,,"Syntax Error: Expected an IPA character, Primative or Matrix, but received 'ʷ' | {Cʷ[-fr,+bk,-hi,-lo],Kʷ,w} | ^ @ Rule 1, Line 1",,env
35.1.5,Proto-Central Salish to Klallam,Klallam-a3_2,,index_diachronica_original.html:11482,False,runtime_other,True,True,False,,,,syntax_other,,,,"Syntax Error: Expected an IPA character, Primative or Matrix, but received 'ʷ' | _{Cu,Cʷ[-fr,+bk,-hi,-lo],w} | ^ @ Rule 1, Line 1",,env
35.1.5,Proto-Central Salish to Klallam,Klallam-a1,,index_diachronica_original.html:11483,False,runtime_other,True,True,,,,,,,,,,,multi
35.1.5,Proto-Central Salish to Klallam,Klallam-u3~ə3,,index_diachronica_original.html:11484,False,runtime_other,True,True,,,,,,,,,,,multi
35.1.5,Proto-Central Salish to Klallam,Klallam-a3~ə3,,index_diachronica_original.html:11485,False,runtime_other,True,True,,,,,,,,,,,multi
35.1.5,Proto-Central Salish to Klallam,Klallam-a3~i3,,index_diachronica_original.html:11486,False,runtime_other,True,True,,,,,,,,,,,multi
35.1.5,Proto-Central Salish to Klallam,Klallam-a1~i1,,index_diachronica_original.html:11487,False,runtime_other,True,True,,,,,,,,,,,multi
35.1.5,Proto-Central Salish to Klallam,Klallam-i3~ə3,,index_diachronica_original.html:11488,False,runtime_other,True,True,,,,,,,,,,,multi
35.1.5,Proto-Central Salish to Klallam,Klallam-i3~ə1,,index_diachronica_original.html:11489,False,runtime_other,True,True,,,,,,,,,,,multi
35.1.5,Proto-Central Salish to Klallam,Klallam-i1~ə1,,index_diachronica_original.html:11490,False,runtime_other,True,True,,,,,,,,,,,multi
35.1.6,Proto-Central Salish to Lushootseed,Lushootseed-V3h,,index_diachronica_original.html:11501,False,runtime_other,True,False,True,,,unknown_character,,,,"Syntax Error: Unknown character 'ː' | V3{ː,ʔ} | ^ @ Rule 1, Line 1",,,output
35.1.6,Proto-Central Salish to Lushootseed,Lushootseed-V3ʔ,,index_diachronica_original.html:11502,False,syntax_other,True,False,True,,,syntax_other,,,,"Syntax Error: Expected end of line, received '('. Did you forget a '/' between the output and environment? | V3(ʔ) | ^ @ Rule 1, Line 1",,,output
35.1.6,Proto-Central Salish to Lushootseed,Lushootseed-Rʔ,,index_diachronica_original.html:11503,False,unknown_grouping,False,False,False,,unknown_grouping,unknown_grouping,expected_underscore,,"Syntax Error: Unknown grouping 'R'. Known groupings are (C)onsonant, (O)bstruent, (S)onorant, (P)losive, (F)ricative, (L)iquid, (N)asal, (G)lide, and (V)owel | Rʔ | ^ @ Rule 1, Line 1","Syntax Error: Unknown grouping 'R'. Known groupings are (C)onsonant, (O)bstruent, (S)onorant, (P)losive, (F)ricative, (L)iquid, (N)asal, (G)lide, and (V)owel | ʔR | ^ @ Rule 1, Line 1","Syntax Error: Expected '_', but received '' | V3C | ^ @ Rule 1, Line 1",,input|output|env
35.1.6,Proto-Central Salish to Lushootseed,Lushootseed-u3~ə3,,index_diachronica_original.html:11505,False,runtime_other,True,True,,,,,,,,,,,multi
35.1.6,Proto-Central Salish to Lushootseed,Lushootseed-a3~ə3,,index_diachronica_original.html:11506,False,runtime_other,True,True,,,,,,,,,,,multi
35.1.6,Proto-Central Salish to Lushootseed,Lushootseed-a1~i1,,index_diachronica_original.html:11507,False,runtime_other,True,True,,,,,,,,,,,multi
35.1.6,Proto-Central Salish to Lushootseed,Lushootseed-i3~ə3,,index_diachronica_original.html:11508,False,runtime_other,True,True,,,,,,,,,,,multi
35.1.6,Proto-Central Salish to Lushootseed,Lushootseed-i3~ə1,,index_diachronica_original.html:11509,False,runtime_other,True,True,,,,,,,,,,,multi
35.1.6,Proto-Central Salish to Lushootseed,Lushootseed-i1~ə1,,index_diachronica_original.html:11510,False,runtime_other,True,True,,,,,,,,,,,multi
35.1.7,Proto-Central Salish to Nooksack,Nooksack-s_2,,index_diachronica_original.html:11518,False,nested_brackets,True,True,False,,,,nested_brackets,,,,"Syntax Error: Cannot have nested brackets of the same type | #_{xʲ,w{i,a},qʷa} | ^ @ Rule 1, Line 1",,env
35.1.7,Proto-Central Salish to Nooksack,Nooksack-ʔR,0,index_diachronica_original.html:11521,False,unknown_grouping,False,True,True,,unknown_grouping,,,,"Syntax Error: Unknown grouping 'R'. Known groupings are (C)onsonant, (O)bstruent, (S)onorant, (P)losive, (F)ricative, (L)iquid, (N)asal, (G)lide, and (V)owel | ʔR | ^ @ Rule 1, Line 1",,,,input
35.1.7,Proto-Central Salish to Nooksack,Nooksack-ʔR,1,index_diachronica_original.html:11521,False,unknown_grouping,False,False,True,,unknown_grouping,unknown_grouping,,,"Syntax Error: Unknown grouping 'R'. Known groupings are (C)onsonant, (O)bstruent, (S)onorant, (P)losive, (F)ricative, (L)iquid, (N)asal, (G)lide, and (V)owel | ʔR | ^ @ Rule 1, Line 1","Syntax Error: Unknown grouping 'R'. Known groupings are (C)onsonant, (O)bstruent, (S)onorant, (P)losive, (F)ricative, (L)iquid, (N)asal, (G)lide, and (V)owel | R | ^ @ Rule 1, Line 1",,,input|output
35.1.7,Proto-Central Salish to Nooksack,Nooksack-ʔ_2,,index_diachronica_original.html:11523,False,unknown_grouping,True,True,False,,,,unknown_grouping,,,,"Syntax Error: Unknown grouping 'R'. Known groupings are (C)onsonant, (O)bstruent, (S)onorant, (P)losive, (F)ricative, (L)iquid, (N)asal, (G)lide, and (V)owel | V3R_{C,#} | ^ @ Rule 1, Line 1",,env
35.1.7,Proto-Central Salish to Nooksack,Nooksack-ʔ_3,,index_diachronica_original.html:11524,False,unknown_grouping,True,True,False,,,,unknown_grouping,,,,"Syntax Error: Unknown grouping 'R'. Known groupings are (C)onsonant, (O)bstruent, (S)onorant, (P)losive, (F)ricative, (L)iquid, (N)asal, (G)lide, and (V)owel | V1R_# | ^ @ Rule 1, Line 1",,env
35.1.7,Proto-Central Salish to Nooksack,Nooksack-a1-u3-u1-i1,,index_diachronica_original.html:11526,False,runtime_other,True,True,,,,,,,,,,,multi
35.1.7,Proto-Central Salish to Nooksack,Nooksack-ə1_3,,index_diachronica_original.html:11529,False,expected_underscore,True,True,False,,,,expected_underscore,,,,"Syntax Error: Expected '_', but received '' | some other unspecified circumstances | ^ @ Rule 1, Line 1",,env
35.1.7,Proto-Central Salish to Nooksack,Nooksack-u3~ə3,,index_diachronica_original.html:11530,False,runtime_other,True,True,,,,,,,,,,,multi
35.1.7,Proto-Central Salish to Nooksack,Nooksack-a3~ə3,,index_diachronica_original.html:11531,False,runtime_other,True,True,,,,,,,,,,,multi
35.1.7,Proto-Central Salish to Nooksack,Nooksack-a3~i3,,index_diachronica_original.html:11532,False,runtime_other,True,True,,,,,,,,,,,multi
35.1.7,Proto-Central Salish to Nooksack,Nooksack-a1~i1,,index_diachronica_original.html:11533,False,runtime_other,True,True,,,,,,,,,,,multi
35.1.7,Proto-Central Salish to Nooksack,Nooksack-i3~e3,,index_diachronica_original.html:11534,False,syntax_other,True,False,,,,syntax_other,,,,"Syntax Error: Expected '..', but received .'ə' | {i3.ə3} | ^ @ Rule 1, Line 1",,,output
35.1.7,Proto-Central Salish to Nooksack,Nooksack-i3~ə1,,index_diachronica_original.html:11535,False,runtime_other,True,True,,,,,,,,,,,multi
35.1.7,Proto-Central Salish to Nooksack,Nooksack-i1~ə1,,index_diachronica_original.html:11536,False,runtime_other,True,True,,,,,,,,,,,multi
35.1.8,Proto-Central Salish to Lummi Northern Straits,Lummi-Northern-Straits-ʔ_2,0,index_diachronica_original.html:11550,False,unknown_grouping,True,True,False,,,,unknown_grouping,,,,"Syntax Error: Unknown grouping 'R'. Known groupings are (C)onsonant, (O)bstruent, (S)onorant, (P)losive, (F)ricative, (L)iquid, (N)asal, (G)lide, and (V)owel | V3R_{C,#} | ^ @ Rule 1, Line 1",,env
35.1.8,Proto-Central Salish to Lummi Northern Straits,Lummi-Northern-Straits-ʔ_2,1,index_diachronica_original.html:11550,False,unknown_grouping,True,True,False,,,,unknown_grouping,,,,"Syntax Error: Unknown grouping 'R'. Known groupings are (C)onsonant, (O)bstruent, (S)onorant, (P)losive, (F)ricative, (L)iquid, (N)asal, (G)lide, and (V)owel | V3R_{C,#} | ^ @ Rule 1, Line 1",,env
35.1.8,Proto-Central Salish to Lummi Northern Straits,Lummi-Northern-Straits-a3,,index_diachronica_original.html:11552,False,nested_brackets,True,True,False,,,,nested_brackets,,,,"Syntax Error: Cannot have nested brackets of the same type | {{C[-fr,+bk,-hi,-lo],K}ʷ,w}_ | ^ @ Rule 1, Line 1",,env
35.1.8,Proto-Central Salish to Lummi Northern Straits,Lummi-Northern-Straits-a3_2,,index_diachronica_original.html:11553,False,syntax_other,True,True,False,,,,syntax_other,,,,"Syntax Error: Expected an IPA character, Primative or Matrix, but received 'ʷ' | _{Cu,C[-fr,+bk,-hi,-lo]ʷ,w} | ^ @ Rule 1, Line 1",,env
35.1.8,Proto-Central Salish to Lummi Northern Straits,Lummi-Northern-Straits-a3_3,,index_diachronica_original.html:11554,False,syntax_other,True,True,,False,,,,syntax_other,,,,"Syntax Error: Expected an IPA character, Primative or Matrix, but received 'ʷ' | _{Cu,C[-fr,+bk,-hi,-lo]ʷ,w} | ^ @ Rule 1, Line 1",exception
35.1.8,Proto-Central Salish to Lummi Northern Straits,Lummi-Northern-Straits-a1,,index_diachronica_original.html:11555,False,runtime_other,True,True,,,,,,,,,,,multi
35.1.8,Proto-Central Salish to Lummi Northern Straits,Lummi-Northern-Straits-u3~ə3,,index_diachronica_original.html:11556,False,runtime_other,True,True,,,,,,,,,,,multi
35.1.8,Proto-Central Salish to Lummi Northern Straits,Lummi-Northern-Straits-a3~ə3,,index_diachronica_original.html:11557,False,runtime_other,True,True,,,,,,,,,,,multi
35.1.8,Proto-Central Salish to Lummi Northern Straits,Lummi-Northern-Straits-a3~i3,,index_diachronica_original.html:11558,False,runtime_other,True,True,,,,,,,,,,,multi
35.1.8,Proto-Central Salish to Lummi Northern Straits,Lummi-Northern-Straits-a1~i1,,index_diachronica_original.html:11559,False,runtime_other,True,True,,,,,,,,,,,multi
35.1.8,Proto-Central Salish to Lummi Northern Straits,Lummi-Northern-Straits-i3~e3,,index_diachronica_original.html:11560,False,runtime_other,True,True,,,,,,,,,,,multi
35.1.8,Proto-Central Salish to Lummi Northern Straits,Lummi-Northern-Straits-i3~ə1,,index_diachronica_original.html:11561,False,runtime_other,True,True,,,,,,,,,,,multi
35.1.8,Proto-Central Salish to Lummi Northern Straits,Lummi-Northern-Straits-i1~ə1,,index_diachronica_original.html:11562,False,runtime_other,True,True,,,,,,,,,,,multi
35.1.9,Proto-Central Salish to Saanich Northern Straits,Saanich-Northern-Straits-V3h,,index_diachronica_original.html:11576,False,unknown_character,True,False,True,,,unknown_character,,,,"Syntax Error: Unknown character 'ː' | V3(ː) | ^ @ Rule 1, Line 1",,,output
35.1.9,Proto-Central Salish to Saanich Northern Straits,Saanich-Northern-Straits-ʔR,,index_diachronica_original.html:11577,False,unknown_grouping,False,False,True,,unknown_grouping,unknown_grouping,,,"Syntax Error: Unknown grouping 'R'. Known groupings are (C)onsonant, (O)bstruent, (S)onorant, (P)losive, (F)ricative, (L)iquid, (N)asal, (G)lide, and (V)owel | ʔR | ^ @ Rule 1, Line 1","Syntax Error: Unknown grouping 'R'. Known groupings are (C)onsonant, (O)bstruent, (S)onorant, (P)losive, (F)ricative, (L)iquid, (N)asal, (G)lide, and (V)owel | Rʔ | ^ @ Rule 1, Line 1",,,input|output
35.1.9,Proto-Central Salish to Saanich Northern Straits,Saanich-Northern-Straits-a3,,index_diachronica_original.html:11579,False,nested_brackets,True,True,,False,,,,nested_brackets,,,,"Syntax Error: Cannot have nested brackets of the same type | {{C[-fr,+bk,-hi,-lo],K}ʷ,w}_ or when _{Cu,C[-fr,+bk,-hi,-lo]ʷ,w} | ^ @ Rule 1, Line 1",exception
35.1.9,Proto-Central Salish to Saanich Northern Straits,Saanich-Northern-Straits-a1,,index_diachronica_original.html:11580,False,runtime_other,True,True,,,,,,,,,,,multi
35.1.9,Proto-Central Salish to Saanich Northern Straits,Saanich-Northern-Straits-a3~ə3,,index_diachronica_original.html:11581,False,runtime_other,True,True,,,,,,,,,,,multi
35.1.9,Proto-Central Salish to Saanich Northern Straits,Saanich-Northern-Straits-a3~i3,,index_diachronica_original.html:11582,False,runtime_other,True,True,,,,,,,,,,,multi
35.1.9,Proto-Central Salish to Saanich Northern Straits,Saanich-Northern-Straits-a1~i1,,index_diachronica_original.html:11583,False,runtime_other,True,True,,,,,,,,,,,multi
35.1.9,Proto-Central Salish to Saanich Northern Straits,Saanich-Northern-Straits-i3~e3,,index_diachronica_original.html:11584,False,runtime_other,True,True,,,,,,,,,,,multi
35.1.9,Proto-Central Salish to Saanich Northern Straits,Saanich-Northern-Straits-i3~ə1,,index_diachronica_original.html:11585,False,runtime_other,True,True,,,,,,,,,,,multi
35.1.9,Proto-Central Salish to Saanich Northern Straits,Saanich-Northern-Straits-i1~ə1,,index_diachronica_original.html:11586,False,runtime_other,True,True,,,,,,,,,,,multi
35.1.10,Proto-Central Salish to Songish Northern Straits,Songish-Northern-Straits-V3h,,index_diachronica_original.html:11599,False,runtime_other,True,False,True,,,unknown_character,,,,"Syntax Error: Unknown character 'ː' | V3ː | ^ @ Rule 1, Line 1",,,output
35.1.10,Proto-Central Salish to Songish Northern Straits,Songish-Northern-Straits-a3,,index_diachronica_original.html:11601,False,nested_brackets,True,True,False,,,,nested_brackets,,,,"Syntax Error: Cannot have nested brackets of the same type | {{C[-fr,+bk,-hi,-lo],K}ʷ,w}_ | ^ @ Rule 1, Line 1",,env
35.1.10,Proto-Central Salish to Songish Northern Straits,Songish-Northern-Straits-a3_2,,index_diachronica_original.html:11602,False,syntax_other,True,True,False,,,,syntax_other,,,,"Syntax Error: Expected an IPA character, Primative or Matrix, but received 'ʷ' | _{Cu,C[-fr,+bk,-hi,-lo]ʷ,w} | ^ @ Rule 1, Line 1",,env
35.1.10,Proto-Central Salish to Songish Northern Straits,Songish-Northern-Straits-a1,,index_diachronica_original.html:11603,False,runtime_other,True,True,,,,,,,,,,,multi
35.1.10,Proto-Central Salish to Songish Northern Straits,Songish-Northern-Straits-u3~ə3,,index_diachronica_original.html:11604,False,runtime_other,True,True,,,,,,,,,,,multi
35.1.10,Proto-Central Salish to Songish Northern Straits,Songish-Northern-Straits-a3~ə3,,index_diachronica_original.html:11605,False,runtime_other,True,True,,,,,,,,,,,multi
35.1.10,Proto-Central Salish to Songish Northern Straits,Songish-Northern-Straits-a3~i3,,index_diachronica_original.html:11606,False,runtime_other,True,True,,,,,,,,,,,multi
35.1.10,Proto-Central Salish to Songish Northern Straits,Songish-Northern-Straits-a1~i1,,index_diachronica_original.html:11607,False,runtime_other,True,True,,,,,,,,,,,multi
35.1.10,Proto-Central Salish to Songish Northern Straits,Songish-Northern-Straits-i3~e3,,index_diachronica_original.html:11608,False,runtime_other,True,True,,,,,,,,,,,multi
35.1.10,Proto-Central Salish to Songish Northern Straits,Songish-Northern-Straits-i3~ə1,,index_diachronica_original.html:11609,False,runtime_other,True,True,,,,,,,,,,,multi
35.1.10,Proto-Central Salish to Songish Northern Straits,Songish-Northern-Straits-i1~ə1,,index_diachronica_original.html:11610,False,runtime_other,True,True,,,,,,,,,,,multi
35.1.11,Proto-Central Salish to Sooke Northern Straits,Sooke-Northern-Straits-a3,0,index_diachronica_original.html:11624,False,nested_brackets,True,True,False,,,,nested_brackets,,,,"Syntax Error: Cannot have nested brackets of the same type | {{C[-fr,+bk,-hi,-lo],K}ʷ,w}_ | ^ @ Rule 1, Line 1",,env
35.1.11,Proto-Central Salish to Sooke Northern Straits,Sooke-Northern-Straits-a3,1,index_diachronica_original.html:11624,False,nested_brackets,True,True,False,,,,nested_brackets,,,,"Syntax Error: Cannot have nested brackets of the same type | {{C[-fr,+bk,-hi,-lo],K}ʷ,w}_ | ^ @ Rule 1, Line 1",,env
35.1.11,Proto-Central Salish to Sooke Northern Straits,Sooke-Northern-Straits-a3_2,,index_diachronica_original.html:11625,False,runtime_other,True,True,,,,,,,,,,,multi
35.1.11,Proto-Central Salish to Sooke Northern Straits,Sooke-Northern-Straits-a1,,index_diachronica_original.html:11626,False,runtime_other,True,True,,,,,,,,,,,multi
35.1.11,Proto-Central Salish to Sooke Northern Straits,Sooke-Northern-Straits-u3~ə3,,index_diachronica_original.html:11627,False,runtime_other,True,True,,,,,,,,,,,multi
35.1.11,Proto-Central Salish to Sooke Northern Straits,Sooke-Northern-Straits-a3~ə3,,index_diachronica_original.html:11628,False,runtime_other,True,True,,,,,,,,,,,multi
35.1.11,Proto-Central Salish to Sooke Northern Straits,Sooke-Northern-Straits-a3~i3,,index_diachronica_original.html:11629,False,runtime_other,True,True,,,,,,,,,,,multi
35.1.11,Proto-Central Salish to Sooke Northern Straits,Sooke-Northern-Straits-a1~i1,,index_diachronica_original.html:11630,False,runtime_other,True,True,,,,,,,,,,,multi
35.1.11,Proto-Central Salish to Sooke Northern Straits,Sooke-Northern-Straits-i3~e3,,index_diachronica_original.html:11631,False,runtime_other,True,True,,,,,,,,,,,multi
35.1.11,Proto-Central Salish to Sooke Northern Straits,Sooke-Northern-Straits-i3~ə1,,index_diachronica_original.html:11632,False,runtime_other,True,True,,,,,,,,,,,multi
35.1.11,Proto-Central Salish to Sooke Northern Straits,Sooke-Northern-Straits-i1~ə1,,index_diachronica_original.html:11633,False,runtime_other,True,True,,,,,,,,,,,multi
35.1.12,Proto-Central Salish to Pentlatch,Pentlatch-ʔ_2,,index_diachronica_original.html:11642,False,unknown_grouping,True,True,False,,,,unknown_grouping,,,,"Syntax Error: Unknown grouping 'R'. Known groupings are (C)onsonant, (O)bstruent, (S)onorant, (P)losive, (F)ricative, (L)iquid, (N)asal, (G)lide, and (V)owel | V3R_{V,#} | ^ @ Rule 1, Line 1",,env
35.1.12,Proto-Central Salish to Pentlatch,Pentlatch-a3~ə3,,index_diachronica_original.html:11644,False,runtime_other,True,True,,,,,,,,,,,multi
35.1.12,Proto-Central Salish to Pentlatch,Pentlatch-a1~i1,,index_diachronica_original.html:11645,False,runtime_other,True,True,,,,,,,,,,,multi
35.1.12,Proto-Central Salish to Pentlatch,Pentlatch-i3~e3,,index_diachronica_original.html:11646,False,runtime_other,True,True,,,,,,,,,,,multi
35.1.12,Proto-Central Salish to Pentlatch,Pentlatch-i3~ə1,,index_diachronica_original.html:11647,False,runtime_other,True,True,,,,,,,,,,,multi
35.1.13,Proto-Central Salish to Sechelt,Sechelt-u3~ə3,,index_diachronica_original.html:11659,False,runtime_other,True,True,,,,,,,,,,,multi
35.1.13,Proto-Central Salish to Sechelt,Sechelt-a3~ə3,,index_diachronica_original.html:11660,False,runtime_other,True,True,,,,,,,,,,,multi
35.1.13,Proto-Central Salish to Sechelt,Sechelt-a3~i3,,index_diachronica_original.html:11661,False,runtime_other,True,True,,,,,,,,,,,multi
35.1.13,Proto-Central Salish to Sechelt,Sechelt-a1~i1,,index_diachronica_original.html:11662,False,runtime_other,True,True,,,,,,,,,,,multi
35.1.13,Proto-Central Salish to Sechelt,Sechelt-i3~e3,,index_diachronica_original.html:11663,False,runtime_other,True,True,,,,,,,,,,,multi
35.1.13,Proto-Central Salish to Sechelt,Sechelt-i3~ə1,,index_diachronica_original.html:11664,False,runtime_other,True,True,,,,,,,,,,,multi
35.1.14,Proto-Central Salish to Sqamish,Sqamish-ʔR,,index_diachronica_original.html:11673,False,unknown_grouping,False,False,True,,unknown_grouping,unknown_grouping,,,"Syntax Error: Unknown grouping 'R'. Known groupings are (C)onsonant, (O)bstruent, (S)onorant, (P)losive, (F)ricative, (L)iquid, (N)asal, (G)lide, and (V)owel | ʔR | ^ @ Rule 1, Line 1","Syntax Error: Unknown grouping 'R'. Known groupings are (C)onsonant, (O)bstruent, (S)onorant, (P)losive, (F)ricative, (L)iquid, (N)asal, (G)lide, and (V)owel | Rʔ | ^ @ Rule 1, Line 1",,,input|output
35.1.14,Proto-Central Salish to Sqamish,Sqamish-u3~ə3,,index_diachronica_original.html:11675,False,runtime_other,True,True,,,,,,,,,,,multi
35.1.14,Proto-Central Salish to Sqamish,Sqamish-a3~ə3,,index_diachronica_original.html:11676,False,runtime_other,True,True,,,,,,,,,,,multi
35.1.14,Proto-Central Salish to Sqamish,Sqamish-a3~i3,,index_diachronica_original.html:11677,False,runtime_other,True,True,,,,,,,,,,,multi
35.1.14,Proto-Central Salish to Sqamish,Sqamish-a1~i1,,index_diachronica_original.html:11678,False,runtime_other,True,True,,,,,,,,,,,multi
35.1.14,Proto-Central Salish to Sqamish,Sqamish-i3~e3,,index_diachronica_original.html:11679,False,runtime_other,True,True,,,,,,,,,,,multi
35.1.14,Proto-Central Salish to Sqamish,Sqamish-i3~ə1,,index_diachronica_original.html:11680,False,runtime_other,True,True,,,,,,,,,,,multi
35.1.15,Proto-Central Salish to Twana,Twana-ʔR,,index_diachronica_original.html:11690,False,unknown_grouping,False,False,True,,unknown_grouping,unknown_grouping,,,"Syntax Error: Unknown grouping 'R'. Known groupings are (C)onsonant, (O)bstruent, (S)onorant, (P)losive, (F)ricative, (L)iquid, (N)asal, (G)lide, and (V)owel | ʔR | ^ @ Rule 1, Line 1","Syntax Error: Unknown grouping 'R'. Known groupings are (C)onsonant, (O)bstruent, (S)onorant, (P)losive, (F)ricative, (L)iquid, (N)asal, (G)lide, and (V)owel | ʔ{R,b} | ^ @ Rule 1, Line 1",,,input|output
35.1.15,Proto-Central Salish to Twana,Twana-Rʔ,,index_diachronica_original.html:11691,False,unknown_grouping,False,False,True,,unknown_grouping,unknown_grouping,,,"Syntax Error: Unknown grouping 'R'. Known groupings are (C)onsonant, (O)bstruent, (S)onorant, (P)losive, (F)ricative, (L)iquid, (N)asal, (G)lide, and (V)owel | Rʔ | ^ @ Rule 1, Line 1","Syntax Error: Unknown grouping 'R'. Known groupings are (C)onsonant, (O)bstruent, (S)onorant, (P)losive, (F)ricative, (L)iquid, (N)asal, (G)lide, and (V)owel | ʔR | ^ @ Rule 1, Line 1",,,input|output
35.1.15,Proto-Central Salish to Twana,Twana-ʔ,,index_diachronica_original.html:11692,False,unknown_grouping,True,True,False,,,,unknown_grouping,,,,"Syntax Error: Unknown grouping 'R'. Known groupings are (C)onsonant, (O)bstruent, (S)onorant, (P)losive, (F)ricative, (L)iquid, (N)asal, (G)lide, and (V)owel | V1R_# | ^ @ Rule 1, Line 1",,env
35.1.15,Proto-Central Salish to Twana,Twana-ʔ_2,,index_diachronica_original.html:11693,False,unknown_grouping,True,True,False,,,,unknown_grouping,,,,"Syntax Error: Unknown grouping 'R'. Known groupings are (C)onsonant, (O)bstruent, (S)onorant, (P)losive, (F)ricative, (L)iquid, (N)asal, (G)lide, and (V)owel | V3R_C | ^ @ Rule 1, Line 1",,env
35.1.15,Proto-Central Salish to Twana,Twana-a3~ə3,,index_diachronica_original.html:11695,False,runtime_other,True,True,,,,,,,,,,,multi
35.1.15,Proto-Central Salish to Twana,Twana-a3~i3,,index_diachronica_original.html:11696,False,runtime_other,True,True,,,,,,,,,,,multi
35.1.15,Proto-Central Salish to Twana,Twana-a1~i1,,index_diachronica_original.html:11697,False,runtime_other,True,True,,,,,,,,,,,multi
35.1.15,Proto-Central Salish to Twana,Twana-i3~e3,,index_diachronica_original.html:11698,False,runtime_other,True,True,,,,,,,,,,,multi
35.1.15,Proto-Central Salish to Twana,Twana-i3~ə1,,index_diachronica_original.html:11699,False,runtime_other,True,True,,,,,,,,,,,multi
35.1.15,Proto-Central Salish to Twana,Twana-i1~ə1,,index_diachronica_original.html:11700,False,runtime_other,True,True,,,,,,,,,,,multi
35.2.2,Proto-Interior Salish to Thompson Nasal-to-Vowel Shifts,Vowel-Shifts_2-N-glottalized,,index_diachronica_original.html:11713,False,unknown_feature,True,True,False,,,,unknown_feature,,,,"Syntax Error: Unknown feature 'samePOA'. Did you mean lateral? | _O[+ same POA] | ^^^^^^^^^^ @ Rule 1, Line 1",,env
35.2.2,Proto-Interior Salish to Thompson Nasal-to-Vowel Shifts,Vowel-Shifts_2-n̩,,index_diachronica_original.html:11714,False,syntax_other,True,True,False,,,,syntax_other,,,,"Syntax Error: Expected an IPA character, Primative or Matrix, but received '' | n_ (this is admittedly a bit conjectural | ^ @ Rule 1, Line 1",,env
35.3,Shuswap to Eastern Shuswap Nasal-to-Vowel Shifts,Vowel-Shifts_3-em-emˀ_2,,index_diachronica_original.html:11720,False,expected_underscore,True,True,False,False,,,unknown_grouping,unknown_character,,,"Syntax Error: Unknown grouping 'U'. Known groupings are (C)onsonant, (O)bstruent, (S)onorant, (P)losive, (F)ricative, (L)iquid, (N)asal, (G)lide, and (V)owel | U[-stress] | ^ @ Rule 1, Line 1","Syntax Error: Unknown character '’' | {p(’),m(ˀ)}_ | ^ @ Rule 1, Line 1",env|exception
35.3,Shuswap to Eastern Shuswap Nasal-to-Vowel Shifts,Vowel-Shifts_3-en-enˀ,,index_diachronica_original.html:11721,False,syntax_other,True,True,False,,,,unknown_character,,,,"Syntax Error: Unknown character '’' | {ts(’),s,j(ˀ)}_ in U[-stress] | ^ @ Rule 1, Line 1",,env
35.3,Shuswap to Eastern Shuswap Nasal-to-Vowel Shifts,Vowel-Shifts_3-en-enˀ_2,,index_diachronica_original.html:11722,False,nested_brackets,True,True,False,False,,,unknown_grouping,unknown_character,,,"Syntax Error: Unknown grouping 'U'. Known groupings are (C)onsonant, (O)bstruent, (S)onorant, (P)losive, (F)ricative, (L)iquid, (N)asal, (G)lide, and (V)owel | U[-stress] | ^ @ Rule 1, Line 1","Syntax Error: Unknown character '’' | {t(’),lʲ,{n,l}(ˀ)}_ | ^ @ Rule 1, Line 1",env|exception
36.1.1,Late Middle Chinese to Old Mandarin,Old-Mandarin-Cʲ,,index_diachronica_original.html:11756,False,unknown_character,False,False,,,syntax_other,unknown_character,,,"Syntax Error: Expected end of line, received 'ʲ'. Did you forget a '/' between the output and environment? | Cʲ | ^ @ Rule 1, Line 1","Syntax Error: Unknown character 'Ạ' | C {Ạ,F̣}_ | ^ @ Rule 1, Line 1",,,input|output
36.1.1,Late Middle Chinese to Old Mandarin,Old-Mandarin-Cʲ_2,,index_diachronica_original.html:11757,False,unknown_character,False,False,,,syntax_other,unknown_character,,,"Syntax Error: Expected end of line, received 'ʲ'. Did you forget a '/' between the output and environment? | Cʲ | ^ @ Rule 1, Line 1","Syntax Error: Unknown character '̣' | C̣ | ^ @ Rule 1, Line 1",,,input|output
36.1.1,Late Middle Chinese to Old Mandarin,Old-Mandarin-V1,,index_diachronica_original.html:11759,False,expected_underscore,True,True,False,,,,expected_underscore,,,,"Syntax Error: Expected '_', but received '/' | syllables with /ɦ/, a nasal, or a liquid | ^ @ Rule 1, Line 1",,env
36.1.1,Late Middle Chinese to Old Mandarin,Old-Mandarin-V3,,index_diachronica_original.html:11760,False,expected_underscore,True,True,False,,,,expected_underscore,,,,"Syntax Error: Expected '_', but received '/' | syllables with /ɦ/ | ^ @ Rule 1, Line 1",,env
36.1.1,Late Middle Chinese to Old Mandarin,Old-Mandarin-V5,,index_diachronica_original.html:11762,False,expected_underscore,True,True,False,,,,expected_underscore,,,,"Syntax Error: Expected '_', but received '/' | syllables with /ɦ/ | ^ @ Rule 1, Line 1",,env
36.1.1,Late Middle Chinese to Old Mandarin,Old-Mandarin-V5_2,,index_diachronica_original.html:11763,False,expected_underscore,True,True,False,,,,expected_underscore,,,,"Syntax Error: Expected '_', but received '' | syllables with a nasal or liquid | ^ @ Rule 1, Line 1",,env
36.1.1,Late Middle Chinese to Old Mandarin,Old-Mandarin-V5_3,,index_diachronica_original.html:11764,False,expected_underscore,True,True,,False,,,,expected_underscore,,,,"Syntax Error: Expected '_', but received '' | syllables with a nasal or liquid | ^ @ Rule 1, Line 1",exception
36.1.1,Late Middle Chinese to Old Mandarin,Old-Mandarin-i,,index_diachronica_original.html:11769,False,expected_underscore,True,True,True,,,,,,,,,,multi
36.1.1,Late Middle Chinese to Old Mandarin,Old-Mandarin-ia,,index_diachronica_original.html:11770,False,expected_underscore,True,True,,True,,,,,,,,,multi
36.1.1,Late Middle Chinese to Old Mandarin,Old-Mandarin-o,,index_diachronica_original.html:11772,False,expected_number,True,True,True,False,,,,expected_number,,,,"Syntax Error: Expected number, but received { | C = {K,C[+pharyngeal]} | ^ @ Rule 1, Line 1",exception
36.1.1,Late Middle Chinese to Old Mandarin,Old-Mandarin-∅_2,,index_diachronica_original.html:11785,False,expected_number,False,True,True,False,syntax_other,,,expected_number,"Syntax Error: The input of an insertion rule must only contain `*` or `∅` | ∅ | ^ @ Rule 1, Line 1",,,"Syntax Error: Expected number, but received { | C = {K,C[+pharyngeal]} | ^ @ Rule 1, Line 1",input|exception
36.1.1,Late Middle Chinese to Old Mandarin,Old-Mandarin-w_2,,index_diachronica_original.html:11786,False,unknown_character,True,True,False,,,,unknown_character,,,,"Syntax Error: Unknown character '̣' | C̣Cʲ_?w | ^ @ Rule 1, Line 1",,env
36.1.1,Late Middle Chinese to Old Mandarin,Old-Mandarin-wʲ,,index_diachronica_original.html:11790,False,syntax_other,True,True,False,,,,syntax_other,,,,"Syntax Error: Expected end of line, received 'ʲ'. Did you forget a '/' between the output and environment? | _?Cʲ | ^ @ Rule 1, Line 1",,env
36.1.1,Late Middle Chinese to Old Mandarin,Old-Mandarin-∅_3,,index_diachronica_original.html:11791,False,unknown_character,False,True,False,,syntax_other,,unknown_character,,"Syntax Error: The input of an insertion rule must only contain `*` or `∅` | ∅ | ^ @ Rule 1, Line 1",,"Syntax Error: Unknown character '̣' | C̣_aŋ | ^ @ Rule 1, Line 1",,input|env
36.1.1,Late Middle Chinese to Old Mandarin,Old-Mandarin-wʲ_3,,index_diachronica_original.html:11794,False,unknown_character,True,True,False,,,,unknown_character,,,,"Syntax Error: Unknown character '̣' | C̣_oŋ | ^ @ Rule 1, Line 1",,env
36.1.1.1,Old Mandarin to Modern Pekingese,Modern-Pekingese-#r…î#,,index_diachronica_original.html:11806,False,other,False,False,,,syntax_other,unknown_character,,,"Syntax Error: Word boundaries are not allowed in the input or output | #r…i# | ^ @ Rule 1, Line 1","Syntax Error: Unknown character '#' | #i…r | ^ @ Rule 1, Line 1",,,input|output
36.1.1.1,Old Mandarin to Modern Pekingese,Modern-Pekingese-j_2,,index_diachronica_original.html:11808,False,unknown_character,True,True,False,,,,unknown_character,,,,"Syntax Error: Unknown character '̣' | C̣_ | ^ @ Rule 1, Line 1",,env
36.1.1.1,Old Mandarin to Modern Pekingese,Modern-Pekingese-î,,index_diachronica_original.html:11810,False,expected_number,True,True,True,False,,,,expected_number,,,,"Syntax Error: Expected number, but received r | C = r | ^ @ Rule 1, Line 1",exception
36.1.1.1,Old Mandarin to Modern Pekingese,Modern-Pekingese-kʰ-h,,index_diachronica_original.html:11812,False,unknown_character,False,False,True,,syntax_other,unknown_character,,,"Syntax Error: Expected an IPA character, Primative or Matrix, but received 'ʰ' | k(ʰ) h | ^ @ Rule 1, Line 1","Syntax Error: Unknown character '͡' | ɕ͡(ʰ) ɕ | ^ @ Rule 1, Line 1",,,input|output
36.2,Sin Sukchu to Guānhuà,Guānhuà-ŋ_3,,index_diachronica_original.html:11833,False,format_error,,,,,,,,,,,,,multi
36.2,Sin Sukchu to Guānhuà,Guānhuà-i,,index_diachronica_original.html:11840,False,syntax_other,True,False,False,,,syntax_other,unknown_character,,,"Syntax Error: Feature 'long' has no modifier | [long-tail vowel thing] | ^^^^ @ Rule 1, Line 1","Syntax Error: Unknown character '̣' | C̣_ | ^ @ Rule 1, Line 1",,output|env
36.2,Sin Sukchu to Guānhuà,Guānhuà-iʔ-iw,,index_diachronica_original.html:11841,False,unknown_character,True,True,False,,,,unknown_character,,,,"Syntax Error: Unknown character '̣' | C̣_ | ^ @ Rule 1, Line 1",,env
36.2,Sin Sukchu to Guānhuà,Guānhuà-iʔ,,index_diachronica_original.html:11842,False,syntax_other,,,,,,,,,,,,,multi
36.2,Sin Sukchu to Guānhuà,Guānhuà-uʔ,,index_diachronica_original.html:11843,False,syntax_other,,,,,,,,,,,,,multi
36.2,Sin Sukchu to Guānhuà,Guānhuà-uj_3,,index_diachronica_original.html:11845,False,syntax_other,True,True,False,,,,syntax_other,,,,"Syntax Error: Expected an IPA character, Primative or Matrix, but received '∅' | {P,C[+laryngeal],∅}_ | ^ @ Rule 1, Line 1",,env
36.2,Sin Sukchu to Guānhuà,Guānhuà-ujʔ,,index_diachronica_original.html:11847,False,syntax_other,,,,,,,,,,,,,multi
36.2,Sin Sukchu to Guānhuà,Guānhuà-juŋ,,index_diachronica_original.html:11851,False,syntax_other,True,True,False,,,,syntax_other,,,,"Syntax Error: Expected an IPA character, Primative or Matrix, but received '∅' | _{∅,x,ʋ,ʔ} | ^ @ Rule 1, Line 1",,env
36.2,Sin Sukchu to Guānhuà,Guānhuà-juŋ_2,,index_diachronica_original.html:11852,False,syntax_other,True,True,False,,,,syntax_other,,,,"Syntax Error: Expected ASCII character, but received 'í' | _ɡ[+píng tone] | ^ @ Rule 1, Line 1",,env
36.2,Sin Sukchu to Guānhuà,Guānhuà-juŋ_3,,index_diachronica_original.html:11853,False,syntax_other,,,,,,,,,,,,,multi
36.2,Sin Sukchu to Guānhuà,Guānhuà-y,,index_diachronica_original.html:11855,False,unknown_character,,,,,,,,,,,,,multi
36.2,Sin Sukchu to Guānhuà,Guānhuà-yʔ,,index_diachronica_original.html:11856,False,expected_underscore,True,True,False,,,,expected_underscore,,,,"Syntax Error: Expected '_', but received '' | {l,C[+cor,+anterior,+dist +strident]}_ infinals, dialectally? | ^ @ Rule 1, Line 1",,env
36.2,Sin Sukchu to Guānhuà,Guānhuà-yʔ_2,,index_diachronica_original.html:11857,False,nested_brackets,,,,,,,,,,,,,multi
36.2,Sin Sukchu to Guānhuà,Guānhuà-yʔ_3,0,index_diachronica_original.html:11858,False,syntax_other,True,True,False,,,,syntax_other,,,,"Syntax Error: Expected an IPA character, Primative or Matrix, but received '∅' | {∅,C[+laryngeal]}, in -juət-types | ^ @ Rule 1, Line 1",,env
36.2,Sin Sukchu to Guānhuà,Guānhuà-yʔ_3,1,index_diachronica_original.html:11858,False,syntax_other,True,True,False,,,,syntax_other,,,,"Syntax Error: Expected an IPA character, Primative or Matrix, but received '∅' | {∅,C[+laryngeal]}, in -juət-types | ^ @ Rule 1, Line 1",,env
36.2,Sin Sukchu to Guānhuà,Guānhuà-yʔ_4,,index_diachronica_original.html:11859,False,syntax_other,,,,,,,,,,,,,multi
36.2,Sin Sukchu to Guānhuà,Guānhuà-yʔ_5,0,index_diachronica_original.html:11860,False,unknown_character,True,True,False,,,,unknown_character,,,,"Syntax Error: Unknown character '̣' | C̣, in -juət-types | ^ @ Rule 1, Line 1",,env
36.2,Sin Sukchu to Guānhuà,Guānhuà-yʔ_5,1,index_diachronica_original.html:11860,False,unknown_character,True,True,False,,,,unknown_character,,,,"Syntax Error: Unknown character '̣' | C̣, in -juət-types | ^ @ Rule 1, Line 1",,env
36.2,Sin Sukchu to Guānhuà,Guānhuà-yʔ_5,2,index_diachronica_original.html:11860,False,unknown_character,True,True,False,,,,unknown_character,,,,"Syntax Error: Unknown character '̣' | C̣, in -juət-types | ^ @ Rule 1, Line 1",,env
36.2,Sin Sukchu to Guānhuà,Guānhuà-yʔ_6,,index_diachronica_original.html:11861,False,unknown_character,,,,,,,,,,,,,multi
36.2,Sin Sukchu to Guānhuà,Guānhuà-yn,,index_diachronica_original.html:11863,False,unknown_character,True,True,False,,,,unknown_character,,,,"Syntax Error: Unknown character '̣' | C̣_ | ^ @ Rule 1, Line 1",,env
36.2,Sin Sukchu to Guānhuà,Guānhuà-je-jeʔ-yeʔ,,index_diachronica_original.html:11864,False,unknown_character,True,True,False,,,,unknown_character,,,,"Syntax Error: Unknown character '̣' | C̣_ | ^ @ Rule 1, Line 1",,env
36.2,Sin Sukchu to Guānhuà,Guānhuà-yeʔ,,index_diachronica_original.html:11866,False,syntax_other,,,,,,,,,,,,,multi
36.2,Sin Sukchu to Guānhuà,Guānhuà-jew,,index_diachronica_original.html:11868,False,unknown_character,True,True,False,,,,unknown_character,,,,"Syntax Error: Unknown character '̣' | C̣(C?)_ | ^ @ Rule 1, Line 1",,env
36.2,Sin Sukchu to Guānhuà,Guānhuà-jew_2,,index_diachronica_original.html:11869,False,unknown_character,True,True,,False,,,,unknown_character,,,,"Syntax Error: Unknown character '̣' | C̣(C?)_ | ^ @ Rule 1, Line 1",exception
36.2,Sin Sukchu to Guānhuà,"Guānhuà-jem,jen",,index_diachronica_original.html:11870,False,unknown_character,True,True,False,False,,,unknown_character,syntax_other,,,"Syntax Error: Unknown character '̣' | sometimes after C̣_ (but | ^ @ Rule 1, Line 1","Syntax Error: Expected end of line, received ')'. Did you forget a '/' between the output and environment? | ʐ_) | ^ @ Rule 1, Line 1",env|exception
36.2,Sin Sukchu to Guānhuà,Guānhuà-yen,,index_diachronica_original.html:11871,False,unknown_character,True,True,False,,,,unknown_character,,,,"Syntax Error: Unknown character '̣' | C̣_ | ^ @ Rule 1, Line 1",,env
36.2,Sin Sukchu to Guānhuà,Guānhuà-ɔ,,index_diachronica_original.html:11873,False,expected_underscore,True,True,False,,,,expected_underscore,,,,"Syntax Error: Expected '_', but received '' | two cases cited | ^ @ Rule 1, Line 1",,env
36.2,Sin Sukchu to Guānhuà,Guānhuà-wɔ,,index_diachronica_original.html:11874,False,syntax_other,,,,,,,,,,,,,multi
36.2,Sin Sukchu to Guānhuà,"Guānhuà-jawʔ,wawʔ",,index_diachronica_original.html:11885,False,unknown_character,True,True,False,,,,unknown_character,,,,"Syntax Error: Unknown character '̣' | C̣_ | ^ @ Rule 1, Line 1",,env
36.2,Sin Sukchu to Guānhuà,Guānhuà-aŋ-jaŋ,,index_diachronica_original.html:11891,False,unknown_character,True,True,False,,,,unknown_character,,,,"Syntax Error: Unknown character '̣' | C̣_ | ^ @ Rule 1, Line 1",,env
36.3.1.1,Proto-Naish to Laze,"Laze-r,spʰ-r,sNp,mb",,index_diachronica_original.html:11923,False,syntax_other,False,True,True,,syntax_other,,,,"Syntax Error: Expected an IPA character, Primative or Matrix, but received 'ʰ' | {r,s}p(ʰ) {r,s}{Np,(m)b} | ^ @ Rule 1, Line 1",,,,input
36.3.1.1,Proto-Naish to Laze,"Laze-r,sl-r,sn",,index_diachronica_original.html:11926,False,syntax_other,True,False,True,,,syntax_other,,,,"Syntax Error: Expected end of line, received '̥'. Did you forget a '/' between the output and environment? | l̥ N̥ | ^ @ Rule 1, Line 1",,,output
36.3.1.1,Proto-Naish to Laze,Laze-N̥V,,index_diachronica_original.html:11928,False,prose_or_expected_arrow,False,True,,,syntax_other,,,,"Syntax Error: Expected end of line, received '̥'. Did you forget a '/' between the output and environment? | N̥V | ^ @ Rule 1, Line 1",,,,input
36.3.1.3,Proto-Naish to Naxi,"Naxi-r,sN",,index_diachronica_original.html:11974,False,prose_or_expected_arrow,,,,,,,,,,,,,multi
36.3.2.1,Proto-rGyalrongic to bTshan La,bTshan-La-t-d-Nt-Nd-st-sd-çT-tr-çdr-KT,,index_diachronica_original.html:11985,False,unknown_grouping,False,True,,,unknown_grouping,,,,"Syntax Error: Unknown grouping 'T'. Known groupings are (C)onsonant, (O)bstruent, (S)onorant, (P)losive, (F)ricative, (L)iquid, (N)asal, (G)lide, and (V)owel | t d Nt Nd st sd çT tr dr KT | ^ @ Rule 1, Line 1",,,,input
36.3.2.1,Proto-rGyalrongic to bTshan La,bTshan-La-k-sk-kr-ɡ-Pɡ-sɡ-Nɡ-sɡr-çK-rK-Kç,,index_diachronica_original.html:11986,False,unknown_grouping,False,False,,,syntax_other,syntax_other,,,"Syntax Error: Options can only be used in Environments or Structures | k sk kr ɡ Pɡ sɡ Nɡ (s)ɡr çK rK Kç | ^^^ @ Rule 1, Line 1","Syntax Error: Expected end of line, received '('. Did you forget a '/' between the output and environment? | kʰ zɡw dr Nɡ pk sk mk (s)kr çk rɡj ɡçkr | ^ @ Rule 1, Line 1",,,input|output
36.3.2.1,Proto-rGyalrongic to bTshan La,bTshan-La-NTS-PTS-KTS-sTS-çTS,,index_diachronica_original.html:11994,False,unknown_grouping,False,False,,,unknown_grouping,syntax_other,,,"Syntax Error: Unknown grouping 'T'. Known groupings are (C)onsonant, (O)bstruent, (S)onorant, (P)losive, (F)ricative, (L)iquid, (N)asal, (G)lide, and (V)owel | NTS PTS KTS sTS çTS | ^ @ Rule 1, Line 1","Syntax Error: Expected end of line, received '('. Did you forget a '/' between the output and environment? | {Ndz,mts} kts(ʰ) ptsʰ sts {sts,rj} | ^ @ Rule 1, Line 1",,,input|output
36.3.2.1,Proto-rGyalrongic to bTshan La,bTshan-La-N,,index_diachronica_original.html:11997,False,syntax_other,True,True,False,,,,syntax_other,,,,"Syntax Error: Expected '..', but received .'n' | _{ŋ.nj} | ^ @ Rule 1, Line 1",,env
36.3.2.1,Proto-rGyalrongic to bTshan La,bTshan-La-w,,index_diachronica_original.html:11999,False,expected_underscore,True,True,False,,,,expected_underscore,,,,"Syntax Error: Expected '_', but received '' | something to do with either back vowels or prefixes | ^ @ Rule 1, Line 1",,env
36.3.2.1.1,Proto-rGyalrongic to Chos Kia,"Chos-Kia-p-çp-çb-rP-Np-Nb-pr-br,pj",,index_diachronica_original.html:12016,False,syntax_other,True,False,,,,syntax_other,,,,"Syntax Error: Expected '..', but received .' ' | p. ç.w p rp. kj m.p n.br p.j | ^ @ Rule 1, Line 1",,,output
36.3.2.1.1,Proto-rGyalrongic to Chos Kia,Chos-Kia-t-st-tr-d-sd-çdr-Nt-çT-KT,,index_diachronica_original.html:12018,False,syntax_other,False,False,,,unknown_grouping,syntax_other,,,"Syntax Error: Unknown grouping 'T'. Known groupings are (C)onsonant, (O)bstruent, (S)onorant, (P)losive, (F)ricative, (L)iquid, (N)asal, (G)lide, and (V)owel | t st tr d sd dr Nt çT KT | ^ @ Rule 1, Line 1","Syntax Error: Expected '..', but received .' ' | t. s.d tr. t s.t (ç.)tr m.t. n.dr ɡ.t | ^ @ Rule 1, Line 1",,,input|output
36.3.2.1.1,Proto-rGyalrongic to Chos Kia,Chos-Kia-çK,,index_diachronica_original.html:12020,False,syntax_other,False,False,,,unknown_grouping,syntax_other,,,"Syntax Error: Unknown grouping 'K'. Known groupings are (C)onsonant, (O)bstruent, (S)onorant, (P)losive, (F)ricative, (L)iquid, (N)asal, (G)lide, and (V)owel | çK | ^ @ Rule 1, Line 1","Syntax Error: Expected '..', but received .'k' | ç.k | ^ @ Rule 1, Line 1",,,input|output
36.3.2.1.1,Proto-rGyalrongic to Chos Kia,Chos-Kia-sk-rK,,index_diachronica_original.html:12022,False,unknown_grouping,False,True,,,unknown_grouping,,,,"Syntax Error: Unknown grouping 'K'. Known groupings are (C)onsonant, (O)bstruent, (S)onorant, (P)losive, (F)ricative, (L)iquid, (N)asal, (G)lide, and (V)owel | sk rK | ^ @ Rule 1, Line 1",,,,input
36.3.2.1.1,Proto-rGyalrongic to Chos Kia,Chos-Kia-kj-Nkj-ʔkj-ɡj-sɡj,,index_diachronica_original.html:12023,False,syntax_other,True,False,,,,syntax_other,,,,"Syntax Error: Expected '..', but received .' ' | kj. nj ɡ.tsʰ kj skj. | ^ @ Rule 1, Line 1",,,output
36.3.2.1.1,Proto-rGyalrongic to Chos Kia,Chos-Kia-kr-sɡr,,index_diachronica_original.html:12024,False,syntax_other,False,False,,,syntax_other,syntax_other,,,"Syntax Error: Options can only be used in Environments or Structures | kr (s)ɡr | ^^^ @ Rule 1, Line 1","Syntax Error: Expected '..', but received .'b' | n.br (s)kr | ^ @ Rule 1, Line 1",,,input|output
36.3.2.1.1,Proto-rGyalrongic to Chos Kia,Chos-Kia-K,,index_diachronica_original.html:12026,False,syntax_other,False,False,True,,unknown_grouping,syntax_other,,,"Syntax Error: Unknown grouping 'K'. Known groupings are (C)onsonant, (O)bstruent, (S)onorant, (P)losive, (F)ricative, (L)iquid, (N)asal, (G)lide, and (V)owel | K | ^ @ Rule 1, Line 1","Syntax Error: Expected '..', but received .' ' | ɡ. | ^ @ Rule 1, Line 1",,,input|output
36.3.2.1.1,Proto-rGyalrongic to Chos Kia,Chos-Kia-Nç,,index_diachronica_original.html:12027,False,syntax_other,True,False,,,,syntax_other,,,,"Syntax Error: Expected '..', but received .'p' | n.pj. | ^ @ Rule 1, Line 1",,,output
36.3.2.1.1,Proto-rGyalrongic to Chos Kia,Chos-Kia-Kts,,index_diachronica_original.html:12029,False,syntax_other,False,False,,,unknown_grouping,syntax_other,,,"Syntax Error: Unknown grouping 'K'. Known groupings are (C)onsonant, (O)bstruent, (S)onorant, (P)losive, (F)ricative, (L)iquid, (N)asal, (G)lide, and (V)owel | Kts | ^ @ Rule 1, Line 1","Syntax Error: Expected '..', but received .'t' | ɡ.tsʰ. | ^ @ Rule 1, Line 1",,,input|output
36.3.2.1.1,Proto-rGyalrongic to Chos Kia,Chos-Kia-lTS,,index_diachronica_original.html:12030,False,syntax_other,False,False,,,unknown_grouping,syntax_other,,,"Syntax Error: Unknown grouping 'T'. Known groupings are (C)onsonant, (O)bstruent, (S)onorant, (P)losive, (F)ricative, (L)iquid, (N)asal, (G)lide, and (V)owel | lTS | ^ @ Rule 1, Line 1","Syntax Error: Expected '..', but received .'d' | l.dz | ^ @ Rule 1, Line 1",,,input|output
36.3.2.1.1,Proto-rGyalrongic to Chos Kia,Chos-Kia-ts-rdz-dʒ-PTS-KTS-sTS-çTS,,index_diachronica_original.html:12031,False,syntax_other,False,False,,,syntax_other,syntax_other,,,"Syntax Error: Options can only be used in Environments or Structures | ts (r)dz dʒ PTS KTS sTS çTS | ^^^ @ Rule 1, Line 1","Syntax Error: Expected '..', but received .'t' | {tsʰ,s} (r)ts tsʰ ɡ.ts s.{ts,pj} {s.ts,br} | ^ @ Rule 1, Line 1",,,input|output
36.3.2.1.1,Proto-rGyalrongic to Chos Kia,Chos-Kia-çm-çnj,,index_diachronica_original.html:12033,False,syntax_other,True,False,,,,syntax_other,,,,"Syntax Error: Expected '..', but received .'n' | ç.n | ^ @ Rule 1, Line 1",,,output
36.3.2.1.1,Proto-rGyalrongic to Chos Kia,Chos-Kia-N_2,,index_diachronica_original.html:12034,False,syntax_other,True,False,True,,,syntax_other,,,,"Syntax Error: Expected '..', but received .' ' | m. | ^ @ Rule 1, Line 1",,,output
36.3.2.1.1,Proto-rGyalrongic to Chos Kia,Chos-Kia-rnj,,index_diachronica_original.html:12037,False,syntax_other,True,False,,,,syntax_other,,,,"Syntax Error: Expected '..', but received .'m' | r.mj | ^ @ Rule 1, Line 1",,,output
36.3.2.1.1,Proto-rGyalrongic to Chos Kia,Chos-Kia-a-ap-at-ar-am-aj,,index_diachronica_original.html:12046,False,syntax_other,True,False,,,,syntax_other,,,,"Syntax Error: Expected '..', but received .'i' | e eb e(d) er om e.i | ^ @ Rule 1, Line 1",,,output
36.3.2.1.1,Proto-rGyalrongic to Chos Kia,Chos-Kia-et-ej,,index_diachronica_original.html:12049,False,syntax_other,True,False,,,,syntax_other,,,,"Syntax Error: Expected '..', but received .'i' | o e.i | ^ @ Rule 1, Line 1",,,output
36.3.2.1.2,Proto-rGyalrongic to Hanniu,Hanniu-p-k-ts,,index_diachronica_original.html:12059,False,syntax_other,True,False,,,,syntax_other,,,,"Syntax Error: Expected '..', but received .' ' | p. k. tʃ. | ^ @ Rule 1, Line 1",,,output
36.3.2.1.2,Proto-rGyalrongic to Hanniu,Hanniu-m,,index_diachronica_original.html:12061,False,syntax_other,True,False,,,,syntax_other,,,,"Syntax Error: Expected '..', but received .' ' | mt. | ^ @ Rule 1, Line 1",,,output
36.3.2.1.2,Proto-rGyalrongic to Hanniu,Hanniu-an-at.is,,index_diachronica_original.html:12067,False,syntax_other,False,True,,,syntax_other,,,,"Syntax Error: Expected '..', but received .'i' | an {at.is} | ^ @ Rule 1, Line 1",,,,input
36.3.2.2.1,Proto-rGyalrongic to Kham To,Kham-To-p-b-pr-br-çp,,index_diachronica_original.html:12087,False,syntax_other,True,False,,,,syntax_other,,,,"Syntax Error: Expected '..', but received .'j' | p.j p br pj ʃb | ^ @ Rule 1, Line 1",,,output
36.3.2.2.1,Proto-rGyalrongic to Kham To,Kham-To-çT,,index_diachronica_original.html:12089,False,unknown_grouping,False,True,,,unknown_grouping,,,,"Syntax Error: Unknown grouping 'T'. Known groupings are (C)onsonant, (O)bstruent, (S)onorant, (P)losive, (F)ricative, (L)iquid, (N)asal, (G)lide, and (V)owel | çT | ^ @ Rule 1, Line 1",,,,input
36.3.2.2.1,Proto-rGyalrongic to Kham To,Kham-To-k-Nɡ,,index_diachronica_original.html:12091,False,syntax_other,False,False,,,syntax_other,syntax_other,,,"Syntax Error: Options can only be used in Environments or Structures | k (N)ɡ | ^^^ @ Rule 1, Line 1","Syntax Error: Expected '..', but received .' ' | k. (m)k | ^ @ Rule 1, Line 1",,,input|output
36.3.2.2.1,Proto-rGyalrongic to Kham To,"Kham-To-ts-dz,KTS-NTS-rdz-dzl-dʒ",,index_diachronica_original.html:12095,False,syntax_other,False,False,,,unknown_grouping,syntax_other,,,"Syntax Error: Unknown grouping 'K'. Known groupings are (C)onsonant, (O)bstruent, (S)onorant, (P)losive, (F)ricative, (L)iquid, (N)asal, (G)lide, and (V)owel | ts {dz,KTS} NTS rdz dzl dʒ | ^ @ Rule 1, Line 1","Syntax Error: Expected '..', but received .'}' | s ts {dz,mtʃ.} rts tsl tʃ. | ^ @ Rule 1, Line 1",,,input|output
36.3.2.2.2,Proto-rGyalrongic to lCog Rtse,lCog-Rtse-Nt-Nd-st-sd-KT-çT-tr-dr-çtr,,index_diachronica_original.html:12118,False,unknown_grouping,False,False,,,syntax_other,unknown_character,,,"Syntax Error: Options can only be used in Environments or Structures | (N)t (N)d st sd KT çT tr dr çtr | ^^^ @ Rule 1, Line 1","Syntax Error: Unknown character '(' | (N)tʰ mt zd st kt çt(j) trh tr çtr | ^ @ Rule 1, Line 1",,,input|output
36.3.2.2.2,Proto-rGyalrongic to lCog Rtse,lCog-Rtse-Pɡ-sɡ-çK-Nɡ-k-sk-rk-sɡj-ʔkj,,index_diachronica_original.html:12119,False,unknown_grouping,False,False,,,syntax_other,unknown_character,,,"Syntax Error: Options can only be used in Environments or Structures | (P)ɡ sɡ çK Nɡ k sk rk (s)ɡj (ʔ)kj | ^^^ @ Rule 1, Line 1","Syntax Error: Unknown character '(' | (p)k sk çk mk kʰ zɡ Nɡ (s)kj (ʔ)kʰj | ^ @ Rule 1, Line 1",,,input|output
36.3.2.2.2,Proto-rGyalrongic to lCog Rtse,lCog-Rtse-Nkj-sɡr-Kç-kr-skr-ɡr,,index_diachronica_original.html:12120,False,unknown_grouping,False,False,,,syntax_other,syntax_other,,,"Syntax Error: Options can only be used in Environments or Structures | Nkj (s)ɡr Kç kr skr ɡr | ^^^ @ Rule 1, Line 1","Syntax Error: Expected end of line, received '('. Did you forget a '/' between the output and environment? | mɡj (s)kr ɡçkr kʰr zɡr Nɡr | ^ @ Rule 1, Line 1",,,input|output
36.3.2.2.2,Proto-rGyalrongic to lCog Rtse,lCog-Rtse-ts-rdz-dzl-dʒ-NTS-PTS-Kts-KTS-sTS-çTS,,index_diachronica_original.html:12125,False,unknown_grouping,False,False,,,syntax_other,syntax_other,,,"Syntax Error: Options can only be used in Environments or Structures | ts (r)dz dzl dʒ NTS PTS Kts KTS sTS çTS | ^^^ @ Rule 1, Line 1","Syntax Error: Expected end of line, received '('. Did you forget a '/' between the output and environment? | tsʰ (r)ts Ndz tsl ts ptç ktç kts sts {s,ç}ts | ^ @ Rule 1, Line 1",,,input|output
36.3.2.2.2,Proto-rGyalrongic to lCog Rtse,lCog-Rtse-*w,,index_diachronica_original.html:12128,False,syntax_other,False,True,False,,syntax_other,,expected_underscore,,"Syntax Error: The input of an insertion rule must only contain `*` or `∅` | *w | ^ @ Rule 1, Line 1",,"Syntax Error: Expected '_', but received '' | something to do either with back vowels or prefixes | ^ @ Rule 1, Line 1",,input|env
36.3.2.2.3,Proto-rGyalrongic to Pati,Pati-ts-dʒ-NTS,,index_diachronica_original.html:12140,False,syntax_other,False,False,,,unknown_grouping,syntax_other,,,"Syntax Error: Unknown grouping 'T'. Known groupings are (C)onsonant, (O)bstruent, (S)onorant, (P)losive, (F)ricative, (L)iquid, (N)asal, (G)lide, and (V)owel | ts dʒ NTS | ^ @ Rule 1, Line 1","Syntax Error: Expected '..', but received .'}' | {s,tʃ.} tʃ. m | ^ @ Rule 1, Line 1",,,input|output
36.3.2.2.4,Proto-rGyalrongic to Suo Mo,"Suo-Mo-p,b-Np-pr-s,rP-çb-Nb",,index_diachronica_original.html:12151,False,syntax_other,True,False,,,,syntax_other,,,,"Syntax Error: Expected '..', but received .'s' | p mp mbr sp ʃp p.s | ^ @ Rule 1, Line 1",,,output
36.3.2.2.4,Proto-rGyalrongic to Suo Mo,Suo-Mo-Nt-tr-d-KT-çT,,index_diachronica_original.html:12152,False,syntax_other,False,False,,,unknown_grouping,syntax_other,,,"Syntax Error: Unknown grouping 'K'. Known groupings are (C)onsonant, (O)bstruent, (S)onorant, (P)losive, (F)ricative, (L)iquid, (N)asal, (G)lide, and (V)owel | Nt tr d KT çT | ^ @ Rule 1, Line 1","Syntax Error: Expected '..', but received .' ' | mt. tʂ t kt ʃt | ^ @ Rule 1, Line 1",,,input|output
36.3.2.2.4,Proto-rGyalrongic to Suo Mo,"Suo-Mo-kr-rk-rK,Pɡ-ɡ-Pɡ-sɡ",,index_diachronica_original.html:12153,False,syntax_other,False,False,,,unknown_grouping,syntax_other,,,"Syntax Error: Unknown grouping 'K'. Known groupings are (C)onsonant, (O)bstruent, (S)onorant, (P)losive, (F)ricative, (L)iquid, (N)asal, (G)lide, and (V)owel | kr rk {rK,Pɡ} ɡ Pɡ sɡ | ^ @ Rule 1, Line 1","Syntax Error: Expected '..', but received .'r' | k.r rk. pk k sk | ^ @ Rule 1, Line 1",,,input|output
36.3.2.2.4,Proto-rGyalrongic to Suo Mo,Suo-Mo-ɡj,,index_diachronica_original.html:12154,False,syntax_other,,,,,,,,,,,,,multi
36.3.2.2.4,Proto-rGyalrongic to Suo Mo,Suo-Mo-ʔkj,,index_diachronica_original.html:12155,False,syntax_other,True,False,,,,syntax_other,,,,"Syntax Error: Expected '..', but received .' ' | ktʃ. | ^ @ Rule 1, Line 1",,,output
36.3.2.2.4,Proto-rGyalrongic to Suo Mo,Suo-Mo-lts-rts-NTS-PTS-STS,,index_diachronica_original.html:12160,False,syntax_other,False,False,,,unknown_grouping,syntax_other,,,"Syntax Error: Unknown grouping 'T'. Known groupings are (C)onsonant, (O)bstruent, (S)onorant, (P)losive, (F)ricative, (L)iquid, (N)asal, (G)lide, and (V)owel | lts rts NTS PTS STS | ^ @ Rule 1, Line 1","Syntax Error: Expected '..', but received .' ' | lɖʐ rts. {mdzr,mtʃ} nt. sts | ^ @ Rule 1, Line 1",,,input|output
36.3.2.2.4,Proto-rGyalrongic to Suo Mo,Suo-Mo-ts-dʒ,,index_diachronica_original.html:12161,False,syntax_other,True,False,,,,syntax_other,,,,"Syntax Error: Expected '..', but received .' ' | tʃ. tʃ | ^ @ Rule 1, Line 1",,,output
36.3.2.2.6,Proto-rGyalrongic to Tsa Ku Nao,Tsa-Ku-Nao-Nb,,index_diachronica_original.html:12197,False,syntax_other,True,False,,,,syntax_other,,,,"Syntax Error: Expected '..', but received .' ' | p. | ^ @ Rule 1, Line 1",,,output
36.3.2.2.6,Proto-rGyalrongic to Tsa Ku Nao,Tsa-Ku-Nao-dr-çT,,index_diachronica_original.html:12198,False,unknown_grouping,False,True,,,syntax_other,,,,"Syntax Error: Options can only be used in Environments or Structures | d(r) çT | ^^^ @ Rule 1, Line 1",,,,input
36.3.2.2.6,Proto-rGyalrongic to Tsa Ku Nao,"Tsa-Ku-Nao-k-sɡ,çK-Nɡ-rK",,index_diachronica_original.html:12199,False,syntax_other,False,False,,,unknown_grouping,syntax_other,,,"Syntax Error: Unknown grouping 'K'. Known groupings are (C)onsonant, (O)bstruent, (S)onorant, (P)losive, (F)ricative, (L)iquid, (N)asal, (G)lide, and (V)owel | k {sɡ,çK} Nɡ rK | ^ @ Rule 1, Line 1","Syntax Error: Expected '..', but received .' ' | k. sk mɡ nk | ^ @ Rule 1, Line 1",,,input|output
36.3.2.2.6,Proto-rGyalrongic to Tsa Ku Nao,Tsa-Ku-Nao-kj,,index_diachronica_original.html:12200,False,syntax_other,True,False,,,,syntax_other,,,,"Syntax Error: Expected '..', but received .' ' | tʃ. | ^ @ Rule 1, Line 1",,,output
36.3.2.2.6,Proto-rGyalrongic to Tsa Ku Nao,Tsa-Ku-Nao-Pç-Nç-çl,,index_diachronica_original.html:12203,False,syntax_other,False,False,,,syntax_other,syntax_other,,,"Syntax Error: Options can only be used in Environments or Structures | (P)ç Nç çl | ^^^ @ Rule 1, Line 1","Syntax Error: Expected '..', but received .'j' | (b)ɕ np.j ʂl | ^ @ Rule 1, Line 1",,,input|output
36.3.2.2.6,Proto-rGyalrongic to Tsa Ku Nao,Tsa-Ku-Nao-ts-dz-NTS-KTS-sTS,,index_diachronica_original.html:12204,False,unknown_grouping,False,True,,,unknown_grouping,,,,"Syntax Error: Unknown grouping 'T'. Known groupings are (C)onsonant, (O)bstruent, (S)onorant, (P)losive, (F)ricative, (L)iquid, (N)asal, (G)lide, and (V)owel | ts dz NTS KTS sTS | ^ @ Rule 1, Line 1",,,,input
36.3.2.2.6,Proto-rGyalrongic to Tsa Ku Nao,Tsa-Ku-Nao-an,,index_diachronica_original.html:12215,False,unknown_character,True,False,,,,unknown_character,,,,"Syntax Error: Unknown character 'ɿ' | ɿɛ | ^ @ Rule 1, Line 1",,,output
36.3.2.2.6,Proto-rGyalrongic to Tsa Ku Nao,Tsa-Ku-Nao-iŋ,,index_diachronica_original.html:12219,False,unknown_character,True,False,,,,unknown_character,,,,"Syntax Error: Unknown character 'ʅ' | ʅ | ^ @ Rule 1, Line 1",,,output
36.3.2.2.7,Proto-rGyalrongic to Tzu Ta,Tzu-Ta-çK,,index_diachronica_original.html:12232,False,unknown_grouping,False,True,,,unknown_grouping,,,,"Syntax Error: Unknown grouping 'K'. Known groupings are (C)onsonant, (O)bstruent, (S)onorant, (P)losive, (F)ricative, (L)iquid, (N)asal, (G)lide, and (V)owel | çK | ^ @ Rule 1, Line 1",,,,input
36.3.2.2.7,Proto-rGyalrongic to Tzu Ta,Tzu-Ta-Pç,,index_diachronica_original.html:12235,False,syntax_other,True,False,,,,syntax_other,,,,"Syntax Error: Expected '..', but received .'ç' | b.ç | ^ @ Rule 1, Line 1",,,output
36.3.2.2.7,Proto-rGyalrongic to Tzu Ta,Tzu-Ta-NTS-KTS-lTS,,index_diachronica_original.html:12238,False,unknown_grouping,False,True,,,unknown_grouping,,,,"Syntax Error: Unknown grouping 'T'. Known groupings are (C)onsonant, (O)bstruent, (S)onorant, (P)losive, (F)ricative, (L)iquid, (N)asal, (G)lide, and (V)owel | NTS KTS lTS | ^ @ Rule 1, Line 1",,,,input
36.3.2.2.8,Proto-rGyalrongic to Wassu,Wassu-k-kr-kj-ɡ,,index_diachronica_original.html:12262,False,syntax_other,True,False,,,,syntax_other,,,,"Syntax Error: Expected '..', but received .' ' | k. k.r ts. ɡ | ^ @ Rule 1, Line 1",,,output
36.3.2.2.8,Proto-rGyalrongic to Wassu,Wassu-ts-dzl-NTS,,index_diachronica_original.html:12265,False,syntax_other,False,False,,,unknown_grouping,syntax_other,,,"Syntax Error: Unknown grouping 'T'. Known groupings are (C)onsonant, (O)bstruent, (S)onorant, (P)losive, (F)ricative, (L)iquid, (N)asal, (G)lide, and (V)owel | ts dzl NTS | ^ @ Rule 1, Line 1","Syntax Error: Expected '..', but received .',' | {tʃ.,j} tsl m | ^ @ Rule 1, Line 1",,,input|output
36.3.3.1,Old Tibetan to Amdo dialects,"Amdo-dialects-d,ɡ,s,l,r",,index_diachronica_original.html:12288,False,runtime_other,True,True,True,,,,,,,,,,multi
36.3.3.1,Old Tibetan to Amdo dialects,"Amdo-dialects-kʰr,j-ɡr,j",,index_diachronica_original.html:12290,False,nested_brackets,False,False,,,syntax_other,syntax_other,,,"Syntax Error: Expected an IPA character, Primative or Matrix, but received 'ʰ' | k(ʰ){r,j} ɡ{r,j} | ^ @ Rule 1, Line 1","Syntax Error: Expected end of line, received '('. Did you forget a '/' between the output and environment? | tɕ(ʰ) dʑ | ^ @ Rule 1, Line 1",,,input|output
37.1,Proto-Siouan-Iroquoian to Proto-Iroquoian,Proto-Iroquoian-p_2,,index_diachronica_original.html:12335,False,expected_underscore,True,True,False,,,,expected_underscore,,,,"Syntax Error: Expected '_', but received '' | else | ^ @ Rule 1, Line 1",,env
37.1.2,Proto-Iroquoian to Proto-Northern Iroquoian,Proto-Northern-Iroquoian-Vː,,index_diachronica_original.html:12384,False,syntax_other,False,True,,False,unknown_character,,,unknown_grouping,"Syntax Error: Unknown character 'ː' | Vː | ^ @ Rule 1, Line 1",,,"Syntax Error: Unknown grouping 'U'. Known groupings are (C)onsonant, (O)bstruent, (S)onorant, (P)losive, (F)ricative, (L)iquid, (N)asal, (G)lide, and (V)owel | U# | ^ @ Rule 1, Line 1",input|exception
37.1.2,Proto-Iroquoian to Proto-Northern Iroquoian,Proto-Northern-Iroquoian-”V,,index_diachronica_original.html:12385,False,unknown_character,True,False,,,,unknown_character,,,,"Syntax Error: Unknown character 'ː' | V:[+stress]ː | ^ @ Rule 1, Line 1",,,output
37.1.2.1,Proto-Northern Iroquoian to Cayuga,Cayuga-”VCCCaCV,,index_diachronica_original.html:12394,False,nested_brackets,False,False,True,,syntax_other,nested_brackets,,,"Syntax Error: Options can only be used in Environments or Structures | V:[+stress](C)(C)CaCV | ^^^ @ Rule 1, Line 1","Syntax Error: Cannot have nested brackets of the same type | V(C):[+stress]((C)CaCV | ^ @ Rule 1, Line 1",,,input|output
37.1.2.1,Proto-Northern Iroquoian to Cayuga,Cayuga-ʔ,,index_diachronica_original.html:12396,False,syntax_other,True,True,False,,,,syntax_other,,,,"Syntax Error: Expected an IPA character, Primative or Matrix, but received 'ʷ' | _nk(ʷ) | ^ @ Rule 1, Line 1",,env
37.1.2.1,Proto-Northern Iroquoian to Cayuga,Cayuga-n,,index_diachronica_original.html:12397,False,syntax_other,True,True,False,,,,syntax_other,,,,"Syntax Error: Expected an IPA character, Primative or Matrix, but received 'ʷ' | _k(ʷ) | ^ @ Rule 1, Line 1",,env
37.1.2.1,Proto-Northern Iroquoian to Cayuga,Cayuga-ns,,index_diachronica_original.html:12400,False,syntax_other,True,True,False,,,,syntax_other,,,,"Syntax Error: Expected an IPA character, Primative or Matrix, but received 'ʷ' | _k(ʷ) | ^ @ Rule 1, Line 1",,env
37.1.2.1,Proto-Northern Iroquoian to Cayuga,Cayuga-V1”V2-”V1ːV2,,index_diachronica_original.html:12414,False,unknown_character,False,False,,,unknown_character,unknown_character,,,"Syntax Error: Unknown character '₁' | V₁V:[+stress]₂ V:[+stress]₁ːV₂ | ^ @ Rule 1, Line 1","Syntax Error: Unknown character '₁' | V:[+stress]₁V₂ V:[+stress]₁[-long]V₂ | ^ @ Rule 1, Line 1",,,input|output
37.1.2.1,Proto-Northern Iroquoian to Cayuga,Cayuga-”V0V0,,index_diachronica_original.html:12417,False,unknown_feature,False,False,,,unknown_character,unknown_character,,,"Syntax Error: Unknown character '₀' | V:[+stress]₀V₀ | ^ @ Rule 1, Line 1","Syntax Error: Unknown character '₀' | V₀ː[-accent] | ^ @ Rule 1, Line 1",,,input|output
37.1.2.2,Proto-Northern Iroquoian to Huron,Huron-t_2,,index_diachronica_original.html:12462,False,syntax_other,True,True,False,,,,syntax_other,,,,"Syntax Error: Expected an IPA character, Primative or Matrix, but received 'ʷ' | _k(ʷ) | ^ @ Rule 1, Line 1",,env
37.1.2.2.1,Huron to Wyandot,Wyandot-Vː,,index_diachronica_original.html:12479,False,syntax_other,False,True,False,,unknown_character,,unknown_grouping,,"Syntax Error: Unknown character 'ː' | Vː | ^ @ Rule 1, Line 1",,"Syntax Error: Unknown grouping 'U'. Known groupings are (C)onsonant, (O)bstruent, (S)onorant, (P)losive, (F)ricative, (L)iquid, (N)asal, (G)lide, and (V)owel | U# | ^ @ Rule 1, Line 1",,input|env
37.1.2.2.1,Huron to Wyandot,Wyandot-w-j,,index_diachronica_original.html:12490,False,expected_underscore,True,True,False,,,,expected_underscore,,,,"Syntax Error: Expected '_', but received '' | between two vowels of unlike nasality | ^ @ Rule 1, Line 1",,env
37.1.2.3,Proto-Northern Iroquoian to Onondaga,Onondaga-ns,,index_diachronica_original.html:12506,False,syntax_other,True,True,False,,,,syntax_other,,,,"Syntax Error: Expected an IPA character, Primative or Matrix, but received 'ʷ' | _k(ʷ) | ^ @ Rule 1, Line 1",,env
37.1.2.3,Proto-Northern Iroquoian to Onondaga,Onondaga-”VːCCVː,,index_diachronica_original.html:12508,False,unknown_character,False,False,True,,unknown_character,nested_brackets,,,"Syntax Error: Unknown character 'ː' | V:[+stress](ː)(C)(C)Vː | ^ @ Rule 1, Line 1","Syntax Error: Cannot have nested brackets of the same type | V[-long](C):[+stress]((C)CV[-long] | ^ @ Rule 1, Line 1",,,input|output
37.1.2.3,Proto-Northern Iroquoian to Onondaga,Onondaga-n_2,,index_diachronica_original.html:12511,False,syntax_other,True,True,False,,,,syntax_other,,,,"Syntax Error: Expected an IPA character, Primative or Matrix, but received 'ʷ' | _k(ʷ) | ^ @ Rule 1, Line 1",,env
37.1.2.3,Proto-Northern Iroquoian to Onondaga,Onondaga-”VCCCaCV,,index_diachronica_original.html:12512,False,nested_brackets,False,False,True,,syntax_other,nested_brackets,,,"Syntax Error: Options can only be used in Environments or Structures | V:[+stress](C)(C)CaCV | ^^^ @ Rule 1, Line 1","Syntax Error: Cannot have nested brackets of the same type | V(C):[+stress]((C)CaCV | ^ @ Rule 1, Line 1",,,input|output
37.1.2.3,Proto-Northern Iroquoian to Onondaga,Onondaga-”V,,index_diachronica_original.html:12517,False,unknown_character,True,False,False,,,unknown_character,unknown_grouping,,,"Syntax Error: Unknown character 'ː' | V:[+stress]ː | ^ @ Rule 1, Line 1","Syntax Error: Unknown grouping 'R'. Known groupings are (C)onsonant, (O)bstruent, (S)onorant, (P)losive, (F)ricative, (L)iquid, (N)asal, (G)lide, and (V)owel | _C(R)V | ^ @ Rule 1, Line 1",,output|env
37.1.2.4,Proto-Northern Iroquoian to Proto-Mohawk-Oneida,Proto-Mohawk-Oneida-”V,,index_diachronica_original.html:12546,False,unknown_grouping,True,False,False,,,unknown_character,unknown_grouping,,,"Syntax Error: Unknown character 'ː' | V:[+stress]ː[tone: 51] | ^ @ Rule 1, Line 1","Syntax Error: Unknown grouping 'R'. Known groupings are (C)onsonant, (O)bstruent, (S)onorant, (P)losive, (F)ricative, (L)iquid, (N)asal, (G)lide, and (V)owel | _{ʔ,hR} | ^ @ Rule 1, Line 1",,output|env
37.1.2.4.1,Proto-Mohawk-Oneida to Mohawk,Mohawk-∅_3,,index_diachronica_original.html:12564,False,syntax_other,False,True,False,,syntax_other,,syntax_other,,"Syntax Error: The input of an insertion rule must only contain `*` or `∅` | ∅ | ^ @ Rule 1, Line 1",,"Syntax Error: Expected an IPA character, Primative or Matrix, but received 'ʷ' | n_k(ʷ) | ^ @ Rule 1, Line 1",,input|env
37.1.2.4.1,Proto-Mohawk-Oneida to Mohawk,Mohawk-—-s_2,,index_diachronica_original.html:12581,False,expected_number,True,True,False,False,,,unknown_grouping,unknown_grouping,,,"Syntax Error: Unknown grouping 'R'. Known groupings are (C)onsonant, (O)bstruent, (S)onorant, (P)losive, (F)ricative, (L)iquid, (N)asal, (G)lide, and (V)owel | {#,V}_{V,R} | ^ @ Rule 1, Line 1","Syntax Error: Unknown grouping 'R'. Known groupings are (C)onsonant, (O)bstruent, (S)onorant, (P)losive, (F)ricative, (L)iquid, (N)asal, (G)lide, and (V)owel | R = j | ^ @ Rule 1, Line 1",env|exception
37.1.2.5,Proto-Northern Iroquoian to Seneca,Seneca-aː_2,,index_diachronica_original.html:12656,False,expected_underscore,False,False,False,,unknown_character,unknown_character,expected_underscore,,"Syntax Error: Unknown character 'ː' | a(ː) | ^ @ Rule 1, Line 1","Syntax Error: Unknown character 'ː' | ẽ(ː) | ^ @ Rule 1, Line 1","Syntax Error: Expected '_', but received '' | adjacent to a nasal vowel | ^ @ Rule 1, Line 1",,input|output|env
37.1.2.5,Proto-Northern Iroquoian to Seneca,Seneca-ʔ,,index_diachronica_original.html:12658,False,syntax_other,True,True,False,,,,syntax_other,,,,"Syntax Error: Expected an IPA character, Primative or Matrix, but received 'ʷ' | _nk(ʷ) | ^ @ Rule 1, Line 1",,env
37.1.2.5,Proto-Northern Iroquoian to Seneca,Seneca-n_2,,index_diachronica_original.html:12659,False,syntax_other,True,True,False,,,,syntax_other,,,,"Syntax Error: Expected an IPA character, Primative or Matrix, but received 'ʷ' | _k(ʷ) | ^ @ Rule 1, Line 1",,env
37.1.2.6,Proto-Northern Iroquoian to Tuscarora,Tuscarora-t,,index_diachronica_original.html:12684,False,syntax_other,True,False,,,,syntax_other,,,,"Syntax Error: Floating diacritic. Diacritics can only be used to modify IPA Segments | ˀt | ^ @ Rule 1, Line 1",,,output
37.1.2.6,Proto-Northern Iroquoian to Tuscarora,Tuscarora-”V,,index_diachronica_original.html:12685,False,unknown_character,True,False,True,,,unknown_character,,,,"Syntax Error: Unknown character 'ː' | V:[+stress]ː | ^ @ Rule 1, Line 1",,,output
37.1.2.6,Proto-Northern Iroquoian to Tuscarora,Tuscarora-”V_2,,index_diachronica_original.html:12687,False,unknown_character,True,False,False,,,unknown_character,syntax_other,,,"Syntax Error: Unknown character 'ː' | V:[+stress]ː | ^ @ Rule 1, Line 1","Syntax Error: Expected an IPA character, Primative or Matrix, but received '(' | _{k(ʷ),(ˀ)t}{s,R,H} | ^ @ Rule 1, Line 1",,output|env
37.1.2.6,Proto-Northern Iroquoian to Tuscarora,Tuscarora-”V_3,,index_diachronica_original.html:12688,False,unknown_character,True,False,False,,,unknown_character,unknown_grouping,,,"Syntax Error: Unknown character 'ː' | V:[+stress]ː | ^ @ Rule 1, Line 1","Syntax Error: Unknown grouping 'R'. Known groupings are (C)onsonant, (O)bstruent, (S)onorant, (P)losive, (F)ricative, (L)iquid, (N)asal, (G)lide, and (V)owel | _RR | ^ @ Rule 1, Line 1",,output|env
37.1.2.6,Proto-Northern Iroquoian to Tuscarora,Tuscarora-ˀt,,index_diachronica_original.html:12691,False,syntax_other,False,True,False,,syntax_other,,syntax_other,,"Syntax Error: Floating diacritic. Diacritics can only be used to modify IPA Segments | ˀt | ^ @ Rule 1, Line 1",,"Syntax Error: Expected end of line, received 'ˀ'. Did you forget a '/' between the output and environment? | _ˀt | ^ @ Rule 1, Line 1",,input|env
37.1.2.6,Proto-Northern Iroquoian to Tuscarora,Tuscarora-ˀt_2,,index_diachronica_original.html:12692,False,syntax_other,False,True,True,,syntax_other,,,,"Syntax Error: Floating diacritic. Diacritics can only be used to modify IPA Segments | ˀt | ^ @ Rule 1, Line 1",,,,input
37.1.2.6,Proto-Northern Iroquoian to Tuscarora,Tuscarora-ˀt_3,,index_diachronica_original.html:12693,False,syntax_other,False,True,True,,syntax_other,,,,"Syntax Error: Floating diacritic. Diacritics can only be used to modify IPA Segments | ˀt | ^ @ Rule 1, Line 1",,,,input
37.1.2.6,Proto-Northern Iroquoian to Tuscarora,Tuscarora-ˀt_4,,index_diachronica_original.html:12694,False,syntax_other,False,True,True,,syntax_other,,,,"Syntax Error: Floating diacritic. Diacritics can only be used to modify IPA Segments | ˀt | ^ @ Rule 1, Line 1",,,,input
37.1.2.6,Proto-Northern Iroquoian to Tuscarora,Tuscarora-ˀt_5,,index_diachronica_original.html:12695,False,syntax_other,False,True,True,,syntax_other,,,,"Syntax Error: Floating diacritic. Diacritics can only be used to modify IPA Segments | ˀt | ^ @ Rule 1, Line 1",,,,input
37.1.2.6,Proto-Northern Iroquoian to Tuscarora,Tuscarora-ˀt_6,,index_diachronica_original.html:12696,False,syntax_other,False,True,,,syntax_other,,,,"Syntax Error: Floating diacritic. Diacritics can only be used to modify IPA Segments | ˀt | ^ @ Rule 1, Line 1",,,,input
37.1.2.6,Proto-Northern Iroquoian to Tuscarora,Tuscarora-n-r-w-j,,index_diachronica_original.html:12710,False,unknown_character,True,False,True,,,unknown_character,,,,"Syntax Error: Unknown character '̊' | n̥ r̥ w̥ j̊ | ^ @ Rule 1, Line 1",,,output
37.1.2.6.1,Tuscarora to Western Tuscarora,Western-Tuscarora-r̥-w̥-j̊,,index_diachronica_original.html:12718,False,unknown_character,False,True,,,unknown_character,,,,"Syntax Error: Unknown character '̊' | r̥ w̥ j̊ | ^ @ Rule 1, Line 1",,,,input
37.2.1,Proto-Siouan to Catawba,Catawba-p_2,,index_diachronica_original.html:12744,False,syntax_other,True,True,False,,,,syntax_other,,,,"Syntax Error: Expected an IPA character, Primative or Matrix, but received '*' | V_V (*) | ^ @ Rule 1, Line 1",,env
37.2.1,Proto-Siouan to Catawba,Catawba-tʲ,,index_diachronica_original.html:12745,False,expected_underscore,True,True,False,,,,unknown_grouping,,,,"Syntax Error: Unknown grouping 'U'. Known groupings are (C)onsonant, (O)bstruent, (S)onorant, (P)losive, (F)ricative, (L)iquid, (N)asal, (G)lide, and (V)owel | U:[+stress] | ^ @ Rule 1, Line 1",,env
37.2.1,Proto-Siouan to Catawba,Catawba-tʲ_2,,index_diachronica_original.html:12746,False,expected_underscore,True,True,,False,,,,unknown_grouping,,,,"Syntax Error: Unknown grouping 'U'. Known groupings are (C)onsonant, (O)bstruent, (S)onorant, (P)losive, (F)ricative, (L)iquid, (N)asal, (G)lide, and (V)owel | U:[+stress] | ^ @ Rule 1, Line 1",exception
37.2.1,Proto-Siouan to Catawba,Catawba-”V+nas,,index_diachronica_original.html:12748,False,syntax_other,True,False,,,,syntax_other,,,,"Syntax Error: Expected end of line, received '('. Did you forget a '/' between the output and environment? | Vn (*) | ^ @ Rule 1, Line 1",,,output
37.2.1,Proto-Siouan to Catawba,Catawba-∅,,index_diachronica_original.html:12749,False,syntax_other,False,True,False,,syntax_other,,syntax_other,,"Syntax Error: The input of an insertion rule must only contain `*` or `∅` | ∅ | ^ @ Rule 1, Line 1",,"Syntax Error: Expected an IPA character, Primative or Matrix, but received '*' | C_# (*) | ^ @ Rule 1, Line 1",,input|env
37.2.2,Proto-Siouan to Dakota,Dakota-tʲ,,index_diachronica_original.html:12757,False,expected_underscore,True,True,False,,,,unknown_grouping,,,,"Syntax Error: Unknown grouping 'U'. Known groupings are (C)onsonant, (O)bstruent, (S)onorant, (P)losive, (F)ricative, (L)iquid, (N)asal, (G)lide, and (V)owel | U:[+stress] | ^ @ Rule 1, Line 1",,env
37.2.2,Proto-Siouan to Dakota,Dakota-tʲ_2,,index_diachronica_original.html:12758,False,expected_underscore,True,True,,False,,,,unknown_grouping,,,,"Syntax Error: Unknown grouping 'U'. Known groupings are (C)onsonant, (O)bstruent, (S)onorant, (P)losive, (F)ricative, (L)iquid, (N)asal, (G)lide, and (V)owel | U:[+stress] | ^ @ Rule 1, Line 1",exception
37.2.2,Proto-Siouan to Dakota,Dakota-s,,index_diachronica_original.html:12759,False,expected_underscore,True,True,False,,,,unknown_grouping,,,,"Syntax Error: Unknown grouping 'U'. Known groupings are (C)onsonant, (O)bstruent, (S)onorant, (P)losive, (F)ricative, (L)iquid, (N)asal, (G)lide, and (V)owel | U[-stress] | ^ @ Rule 1, Line 1",,env
37.2.3,Proto-Siouan to Mandan,Mandan-ã,,index_diachronica_original.html:12802,False,expected_underscore,True,True,False,,,,unknown_grouping,,,,"Syntax Error: Unknown grouping 'U'. Known groupings are (C)onsonant, (O)bstruent, (S)onorant, (P)losive, (F)ricative, (L)iquid, (N)asal, (G)lide, and (V)owel | U:[+stress] | ^ @ Rule 1, Line 1",,env
37.2.4,Proto-Siouan to Proto-Čiwere-Winnebago,Proto-Čiwere-Winnebago-t,,index_diachronica_original.html:12822,False,syntax_other,True,True,False,,,,unknown_grouping,,,,"Syntax Error: Unknown grouping 'E'. Known groupings are (C)onsonant, (O)bstruent, (S)onorant, (P)losive, (F)ricative, (L)iquid, (N)asal, (G)lide, and (V)owel | _E:[+stress] | ^ @ Rule 1, Line 1",,env
37.2.4,Proto-Siouan to Proto-Čiwere-Winnebago,Proto-Čiwere-Winnebago-tʲ,,index_diachronica_original.html:12824,False,expected_underscore,True,True,False,,,,unknown_grouping,,,,"Syntax Error: Unknown grouping 'U'. Known groupings are (C)onsonant, (O)bstruent, (S)onorant, (P)losive, (F)ricative, (L)iquid, (N)asal, (G)lide, and (V)owel | U:[+stress] | ^ @ Rule 1, Line 1",,env
37.2.4,Proto-Siouan to Proto-Čiwere-Winnebago,Proto-Čiwere-Winnebago-tʲ-s,,index_diachronica_original.html:12825,False,expected_underscore,True,True,False,,,,unknown_grouping,,,,"Syntax Error: Unknown grouping 'U'. Known groupings are (C)onsonant, (O)bstruent, (S)onorant, (P)losive, (F)ricative, (L)iquid, (N)asal, (G)lide, and (V)owel | U[-stress] | ^ @ Rule 1, Line 1",,env
37.2.4.2,Proto-Čiwere-Winnebago to Winnebago,Winnebago-V,,index_diachronica_original.html:12860,False,runtime_delete_only_segment,True,True,True,,,,,,,,,,multi
37.2.5,Proto-Siouan to Proto-Crow-Hidatsa,Proto-Crow-Hidatsa-Lʲ,,index_diachronica_original.html:12880,False,syntax_other,False,True,,,syntax_other,,,,"Syntax Error: Expected an IPA character, Primative or Matrix, but received 'ʲ' | L(ʲ) | ^ @ Rule 1, Line 1",,,,input
37.2.6,Proto-Siouan to Proto-Dhegiha,Proto-Dhegiha-t-tʲ-s,,index_diachronica_original.html:12921,False,expected_underscore,True,True,False,,,,unknown_grouping,,,,"Syntax Error: Unknown grouping 'U'. Known groupings are (C)onsonant, (O)bstruent, (S)onorant, (P)losive, (F)ricative, (L)iquid, (N)asal, (G)lide, and (V)owel | U[-stress] | ^ @ Rule 1, Line 1",,env
37.2.6,Proto-Siouan to Proto-Dhegiha,Proto-Dhegiha-tʲ,,index_diachronica_original.html:12922,False,expected_underscore,True,True,False,,,,unknown_grouping,,,,"Syntax Error: Unknown grouping 'U'. Known groupings are (C)onsonant, (O)bstruent, (S)onorant, (P)losive, (F)ricative, (L)iquid, (N)asal, (G)lide, and (V)owel | U:[+stress] | ^ @ Rule 1, Line 1",,env
37.2.6,Proto-Siouan to Proto-Dhegiha,Proto-Dhegiha-u,,index_diachronica_original.html:12928,False,expected_underscore,True,True,False,,,,unknown_grouping,,,,"Syntax Error: Unknown grouping 'U'. Known groupings are (C)onsonant, (O)bstruent, (S)onorant, (P)losive, (F)ricative, (L)iquid, (N)asal, (G)lide, and (V)owel | U:[+stress] | ^ @ Rule 1, Line 1",,env
37.2.6.1,Proto-Dhegiha to Kansa,Kansa-r-Lʲ,,index_diachronica_original.html:12939,False,syntax_other,False,True,False,,syntax_other,,syntax_other,,"Syntax Error: Expected an IPA character, Primative or Matrix, but received 'ʲ' | r L(ʲ) | ^ @ Rule 1, Line 1",,"Syntax Error: Expected an IPA character, Primative or Matrix, but received '*' | #_ (*) | ^ @ Rule 1, Line 1",,input|env
37.2.6.1,Proto-Dhegiha to Kansa,Kansa-L,,index_diachronica_original.html:12940,False,syntax_other,True,True,False,,,,syntax_other,,,,"Syntax Error: Expected an IPA character, Primative or Matrix, but received '*' | #_e (*) | ^ @ Rule 1, Line 1",,env
37.2.6.1,Proto-Dhegiha to Kansa,Kansa-V,,index_diachronica_original.html:12941,False,runtime_other,True,True,True,,,,,,,,,,multi
37.2.6.4,Proto-Dhegiha to Quapaw,Quapaw-x,,index_diachronica_original.html:12996,False,syntax_other,True,False,,,,syntax_other,,,,"Syntax Error: Expected end of line, received '('. Did you forget a '/' between the output and environment? | ʒ (*) | ^ @ Rule 1, Line 1",,,output
37.2.6.4,Proto-Dhegiha to Quapaw,Quapaw-Lʲ,,index_diachronica_original.html:12997,False,syntax_other,False,True,False,,syntax_other,,syntax_other,,"Syntax Error: Expected end of line, received 'ʲ'. Did you forget a '/' between the output and environment? | Lʲ | ^ @ Rule 1, Line 1",,"Syntax Error: Expected an IPA character, Primative or Matrix, but received '*' | #_õ (*) | ^ @ Rule 1, Line 1",,input|env
37.2.6.4,Proto-Dhegiha to Quapaw,Quapaw-Lʲ_2,,index_diachronica_original.html:12998,False,syntax_other,False,True,False,,syntax_other,,syntax_other,,"Syntax Error: Expected end of line, received 'ʲ'. Did you forget a '/' between the output and environment? | Lʲ | ^ @ Rule 1, Line 1",,"Syntax Error: Expected an IPA character, Primative or Matrix, but received '*' | #_ã (*) | ^ @ Rule 1, Line 1",,input|env
37.2.6.4,Proto-Dhegiha to Quapaw,Quapaw-ã,,index_diachronica_original.html:12999,False,syntax_other,True,False,,,,syntax_other,,,,"Syntax Error: Expected end of line, received '('. Did you forget a '/' between the output and environment? | õ (*) | ^ @ Rule 1, Line 1",,,output
37.2.6.4,Proto-Dhegiha to Quapaw,Quapaw-ũ,,index_diachronica_original.html:13000,False,syntax_other,True,True,False,,,,syntax_other,,,,"Syntax Error: Expected an IPA character, Primative or Matrix, but received '*' | _[+stress] (*) | ^ @ Rule 1, Line 1",,env
37.2.6.4,Proto-Dhegiha to Quapaw,Quapaw-m,,index_diachronica_original.html:13001,False,syntax_other,True,True,False,,,,syntax_other,,,,"Syntax Error: Expected an IPA character, Primative or Matrix, but received '*' | #_n (*) | ^ @ Rule 1, Line 1",,env
37.2.7.1,Proto-Ohio-Valley to Biloxi,Biloxi-p_2,,index_diachronica_original.html:13017,False,expected_underscore,True,True,False,,,,expected_underscore,,,,"Syntax Error: Expected '_', but received ',' | V_V, apparently as a result of some dissimilation, as this appears to be an allophone of /p/ here, IIUC | ^ @ Rule 1, Line 1",,env
38.1.1.1,Proto-Tai to Ahom,Ahom-ŋ̊,,index_diachronica_original.html:13080,False,unknown_character,False,True,,,unknown_character,,,,"Syntax Error: Unknown character '̊' | ŋ̊ | ^ @ Rule 1, Line 1",,,,input
38.1.1.2,Proto-Tai to Saek,Saek-ɲ̊,,index_diachronica_original.html:13094,False,unknown_character,False,True,,,unknown_character,,,,"Syntax Error: Unknown character '̊' | ɲ̊ | ^ @ Rule 1, Line 1",,,,input
38.1.1.3,Proto-Tai to Central Tai,"Central-Tai-l,r",,index_diachronica_original.html:13111,False,expected_underscore,True,True,False,,,,expected_underscore,,,,"Syntax Error: Expected '_', but received ',' | n,ɗ_ | ^ @ Rule 1, Line 1",,env
38.1.1.3,Proto-Tai to Central Tai,Central-Tai-tr,,index_diachronica_original.html:13119,False,syntax_other,True,False,,,,syntax_other,,,,"Syntax Error: Expected end of line, received '('. Did you forget a '/' between the output and environment? | tʰ(r)_ | ^ @ Rule 1, Line 1",,,output
38.1.1.3.1,Central Tai to Lungchow,Lungchow-a,,index_diachronica_original.html:13158,False,expected_underscore,True,False,False,,,unknown_character,expected_underscore,,,"Syntax Error: Unknown character 'ː' | aː | ^ @ Rule 1, Line 1","Syntax Error: Expected '_', but received '' | _u,i | ^ @ Rule 1, Line 1",,output|env
38.1.1.4,Proto-Tai to North Tai,North-Tai-l,,index_diachronica_original.html:13215,False,expected_underscore,True,True,False,,,,syntax_other,,,,"Syntax Error: Expected an IPA character, Primative or Matrix, but received 'ʰ' | p(ʰ),b_E | ^ @ Rule 1, Line 1",,env
38.1.1.4,Proto-Tai to North Tai,North-Tai-l_2,,index_diachronica_original.html:13216,False,expected_underscore,True,True,False,,,,syntax_other,,,,"Syntax Error: Expected an IPA character, Primative or Matrix, but received 'ʰ' | p(ʰ),b_V | ^ @ Rule 1, Line 1",,env
38.1.1.4,Proto-Tai to North Tai,"North-Tai-xr-x-x,ɣʷ",,index_diachronica_original.html:13226,False,prose_or_expected_arrow,False,True,,,syntax_other,,,,"Syntax Error: Expected end of line, received 'ʷ'. Did you forget a '/' between the output and environment? | xr x {x,ɣ}ʷ | ^ @ Rule 1, Line 1",,,,input
38.1.1.4.2,North Tai to Po-Ai,Po-Ai-ua~u@̯,,index_diachronica_original.html:13279,False,syntax_other,False,False,,,syntax_other,unknown_character,,,"Syntax Error: Expected an IPA character, Primative or Matrix, but received '@' | {ua,u@̯} | ^ @ Rule 1, Line 1","Syntax Error: Unknown character 'ː' | uː | ^ @ Rule 1, Line 1",,,input|output
38.1.1.5,Proto-Tai to Southwest Tai,"Southwest-Tai-l,r",,index_diachronica_original.html:13315,False,expected_underscore,True,True,False,,,,expected_underscore,,,,"Syntax Error: Expected '_', but received ',' | t,ɗ_ | ^ @ Rule 1, Line 1",,env
40.1,Proto-Totozoquean to Proto-Mixe-Zoquean,Proto-Mixe-Zoquean-V+-creaky-voice,,index_diachronica_original.html:13503,False,unknown_feature,False,False,,,unknown_feature,unknown_feature,,,"Syntax Error: Unknown feature 'creakyvoice'. Did you mean voice? | V[+ creaky voice] | ^^^^^^^^^^^^^^ @ Rule 1, Line 1","Syntax Error: Unknown feature 'creakyvoice'. Did you mean voice? | V[- creaky voice] | ^^^^^^^^^^^^^^ @ Rule 1, Line 1",,,input|output
40.2,Proto-Totozoquean to Proto-Totonacan,Proto-Totonacan-o-o̰,,index_diachronica_original.html:13513,False,unknown_character,True,False,,,,unknown_character,,,,"Syntax Error: Unknown character 'ṵ' | u ṵ | ^ @ Rule 1, Line 1",,,output
40.2,Proto-Totozoquean to Proto-Totonacan,"Proto-Totonacan-e,ɨ-ḛ-ɨ̰",,index_diachronica_original.html:13515,False,unknown_character,False,False,,,unknown_character,unknown_character,,,"Syntax Error: Unknown character 'ḛ' | {e,ɨ} {ḛ ɨ̰} | ^ @ Rule 1, Line 1","Syntax Error: Unknown character 'ḭ' | i ḭ | ^ @ Rule 1, Line 1",,,input|output
41.5.1.1,Proto-Gorokan to Asaro,Asaro-N,,index_diachronica_original.html:13580,False,unknown_feature,True,False,True,,,unknown_feature,,,,"Syntax Error: Unknown feature 'samePOA'. Did you mean lateral? | N[+ same POA] | ^^^^^^^^^^ @ Rule 1, Line 1",,,output
41.5.1.2,Proto-Gorokan to North Fore,North-Fore-ʔ,,index_diachronica_original.html:13588,False,expected_underscore,True,True,False,,,,expected_underscore,,,,"Syntax Error: Expected '_', but received '' | before modal suffixes | ^ @ Rule 1, Line 1",,env
41.5.1.3,Proto-Gorokan to South Fore,South-Fore-ʔ,,index_diachronica_original.html:13595,False,expected_underscore,True,True,False,,,,expected_underscore,,,,"Syntax Error: Expected '_', but received '' | before modal suffixes | ^ @ Rule 1, Line 1",,env
41.5.2.1,Proto-Kainantu to Auyana,Auyana-N,,index_diachronica_original.html:13647,False,unknown_feature,True,False,True,,,unknown_feature,,,,"Syntax Error: Unknown feature 'samePOA'. Did you mean lateral? | [+ same POA] | ^^^^^^^^^^ @ Rule 1, Line 1",,,output
41.5.2.3,Proto-Kainantu to Gadsup,Gadsup-N_2,,index_diachronica_original.html:13666,False,unknown_feature,True,False,True,,,unknown_feature,,,,"Syntax Error: Unknown feature 'samePOA'. Did you mean lateral? | [+ same POA] | ^^^^^^^^^^ @ Rule 1, Line 1",,,output
41.5.2.3,Proto-Kainantu to Gadsup,"Gadsup-D,Y",,index_diachronica_original.html:13668,False,unknown_grouping,False,True,True,,unknown_grouping,,,,"Syntax Error: Unknown grouping 'D'. Known groupings are (C)onsonant, (O)bstruent, (S)onorant, (P)losive, (F)ricative, (L)iquid, (N)asal, (G)lide, and (V)owel | {D,Y} | ^ @ Rule 1, Line 1",,,,input
41.5.2.3,Proto-Kainantu to Gadsup,Gadsup-YO+-voice-YO-voice,,index_diachronica_original.html:13669,False,unknown_grouping,False,False,,,unknown_grouping,unknown_grouping,,,"Syntax Error: Unknown grouping 'Y'. Known groupings are (C)onsonant, (O)bstruent, (S)onorant, (P)losive, (F)ricative, (L)iquid, (N)asal, (G)lide, and (V)owel | YO[+ voice] YO[- voice] | ^ @ Rule 1, Line 1","Syntax Error: Unknown grouping 'Y'. Known groupings are (C)onsonant, (O)bstruent, (S)onorant, (P)losive, (F)ricative, (L)iquid, (N)asal, (G)lide, and (V)owel | Y t | ^ @ Rule 1, Line 1",,,input|output
42.1,Proto-Uralic to Pre-Finnic,Pre-Finnic-ŋ,,index_diachronica_original.html:13762,False,expected_underscore,True,True,False,,,,expected_underscore,,,,"Syntax Error: Expected '_', but received '' | _#, in latives | ^ @ Rule 1, Line 1",,env
42.1,Proto-Uralic to Pre-Finnic,Pre-Finnic-ŋ_2,,index_diachronica_original.html:13763,False,stuff_after_word_bound,True,True,False,,,,stuff_after_word_bound,,,,"Syntax Error: Cannot have segments after the end of a word | _# else | ^ @ Rule 1, Line 1",,env
42.1,Proto-Uralic to Pre-Finnic,Pre-Finnic-iw-ow,,index_diachronica_original.html:13764,False,syntax_other,True,False,False,,,unknown_character,syntax_other,,,"Syntax Error: Unknown character 'ː' | y uː | ^ @ Rule 1, Line 1","Syntax Error: Expected an IPA character, Primative or Matrix, but received '*' | _(C) (*) | ^ @ Rule 1, Line 1",,output|env
42.1,Proto-Uralic to Pre-Finnic,Pre-Finnic-ɤː?-ɑː-æː,,index_diachronica_original.html:13767,False,unknown_character,False,False,True,,unknown_character,unknown_character,,,"Syntax Error: Unknown character 'ː' | ɤ(ː?) ɑː æː | ^ @ Rule 1, Line 1","Syntax Error: Unknown character 'ː' | ɑ(ː?) oː eː | ^ @ Rule 1, Line 1",,,input|output
42.1,Proto-Uralic to Pre-Finnic,Pre-Finnic-a,,index_diachronica_original.html:13768,False,unknown_grouping,True,True,False,,,,unknown_grouping,,,,"Syntax Error: Unknown grouping 'X'. Known groupings are (C)onsonant, (O)bstruent, (S)onorant, (P)losive, (F)ricative, (L)iquid, (N)asal, (G)lide, and (V)owel | {a,e,e,i,y}(X)(C)(C)_ when unstressed | ^ @ Rule 1, Line 1",,env
42.1,Proto-Uralic to Pre-Finnic,Pre-Finnic-Aw,,index_diachronica_original.html:13769,False,unknown_grouping,False,True,True,,unknown_grouping,,,,"Syntax Error: Unknown grouping 'A'. Known groupings are (C)onsonant, (O)bstruent, (S)onorant, (P)losive, (F)ricative, (L)iquid, (N)asal, (G)lide, and (V)owel | Aw | ^ @ Rule 1, Line 1",,,,input
42.1.1,Pre-Finnic to Proto-Finnic,Proto-Finnic-ê-ô,,index_diachronica_original.html:13777,False,unknown_grouping,True,True,False,,,,unknown_grouping,,,,"Syntax Error: Unknown grouping 'X'. Known groupings are (C)onsonant, (O)bstruent, (S)onorant, (P)losive, (F)ricative, (L)iquid, (N)asal, (G)lide, and (V)owel | _(X)Ci | ^ @ Rule 1, Line 1",,env
42.1.1,Pre-Finnic to Proto-Finnic,Proto-Finnic-ê,,index_diachronica_original.html:13778,False,unknown_grouping,True,True,False,,,,unknown_grouping,,,,"Syntax Error: Unknown grouping 'X'. Known groupings are (C)onsonant, (O)bstruent, (S)onorant, (P)losive, (F)ricative, (L)iquid, (N)asal, (G)lide, and (V)owel | _(X)CA | ^ @ Rule 1, Line 1",,env
42.1.1,Pre-Finnic to Proto-Finnic,Proto-Finnic-ô,,index_diachronica_original.html:13779,False,unknown_grouping,,,,,,,,,,,,,multi
42.1.1,Pre-Finnic to Proto-Finnic,Proto-Finnic-æ,,index_diachronica_original.html:13781,False,expected_underscore,True,True,False,,,,expected_underscore,,,,"Syntax Error: Expected '_', but received '' | _j, unstressed | ^ @ Rule 1, Line 1",,env
42.1.1,Pre-Finnic to Proto-Finnic,Proto-Finnic-ɑ,,index_diachronica_original.html:13782,False,unknown_grouping,True,True,False,,,,unknown_grouping,,,,"Syntax Error: Unknown grouping 'X'. Known groupings are (C)onsonant, (O)bstruent, (S)onorant, (P)losive, (F)ricative, (L)iquid, (N)asal, (G)lide, and (V)owel | {o:[+stress],u:[+stress]}(X)C_j | ^ @ Rule 1, Line 1",,env
42.1.1,Pre-Finnic to Proto-Finnic,Proto-Finnic-ɑ_2,,index_diachronica_original.html:13783,False,unknown_grouping,True,True,False,,,,unknown_grouping,,,,"Syntax Error: Unknown grouping 'X'. Known groupings are (C)onsonant, (O)bstruent, (S)onorant, (P)losive, (F)ricative, (L)iquid, (N)asal, (G)lide, and (V)owel | {a:[+stress],e:[+stress],i:[+stress]}(X)C_j | ^ @ Rule 1, Line 1",,env
42.1.1,Pre-Finnic to Proto-Finnic,Proto-Finnic-xi,,index_diachronica_original.html:13785,False,expected_underscore,True,True,False,,,,expected_underscore,,,,"Syntax Error: Expected '_', but received '' | else | ^ @ Rule 1, Line 1",,env
42.1.1,Pre-Finnic to Proto-Finnic,Proto-Finnic-x_2,,index_diachronica_original.html:13787,False,unknown_grouping,True,True,False,,,,unknown_grouping,,,,"Syntax Error: Unknown grouping 'I'. Known groupings are (C)onsonant, (O)bstruent, (S)onorant, (P)losive, (F)ricative, (L)iquid, (N)asal, (G)lide, and (V)owel | {I,E}_C | ^ @ Rule 1, Line 1",,env
42.1.1,Pre-Finnic to Proto-Finnic,Proto-Finnic-UŋA-eŋi,,index_diachronica_original.html:13788,False,unknown_grouping,False,False,,,unknown_grouping,unknown_character,,,"Syntax Error: Unknown grouping 'U'. Known groupings are (C)onsonant, (O)bstruent, (S)onorant, (P)losive, (F)ricative, (L)iquid, (N)asal, (G)lide, and (V)owel | UŋA eŋi | ^ @ Rule 1, Line 1","Syntax Error: Unknown character 'ː' | Oː øː | ^ @ Rule 1, Line 1",,,input|output
42.1.1,Pre-Finnic to Proto-Finnic,Proto-Finnic-uwa,,index_diachronica_original.html:13796,False,syntax_other,True,False,,,,unknown_character,,,,"Syntax Error: Unknown character 'ː' | oː (*) | ^ @ Rule 1, Line 1",,,output
42.1.1,Pre-Finnic to Proto-Finnic,Proto-Finnic-Uwi-ewi,,index_diachronica_original.html:13797,False,unknown_grouping,False,False,,,unknown_grouping,unknown_character,,,"Syntax Error: Unknown grouping 'U'. Known groupings are (C)onsonant, (O)bstruent, (S)onorant, (P)losive, (F)ricative, (L)iquid, (N)asal, (G)lide, and (V)owel | Uwi ewi | ^ @ Rule 1, Line 1","Syntax Error: Unknown character 'ː' | oː øː | ^ @ Rule 1, Line 1",,,input|output
42.1.1,Pre-Finnic to Proto-Finnic,Proto-Finnic-wI,,index_diachronica_original.html:13799,False,unknown_grouping,False,True,,,unknown_grouping,,,,"Syntax Error: Unknown grouping 'I'. Known groupings are (C)onsonant, (O)bstruent, (S)onorant, (P)losive, (F)ricative, (L)iquid, (N)asal, (G)lide, and (V)owel | wI | ^ @ Rule 1, Line 1",,,,input
42.1.1,Pre-Finnic to Proto-Finnic,Proto-Finnic-ji,,index_diachronica_original.html:13800,False,expected_underscore,True,True,False,,,,expected_underscore,,,,"Syntax Error: Expected '_', but received '' | {i,e,y} | ^ @ Rule 1, Line 1",,env
42.1.1,Pre-Finnic to Proto-Finnic,Proto-Finnic-i_2,,index_diachronica_original.html:13801,False,unknown_grouping,True,True,False,,,,unknown_grouping,,,,"Syntax Error: Unknown grouping 'A'. Known groupings are (C)onsonant, (O)bstruent, (S)onorant, (P)losive, (F)ricative, (L)iquid, (N)asal, (G)lide, and (V)owel | Aj_# | ^ @ Rule 1, Line 1",,env
42.1.1,Pre-Finnic to Proto-Finnic,Proto-Finnic-w,,index_diachronica_original.html:13812,False,syntax_other,True,True,False,,,,syntax_other,,,,"Syntax Error: Expected an IPA character, Primative or Matrix, but received '*' | o_st (*) | ^ @ Rule 1, Line 1",,env
42.1.1,Pre-Finnic to Proto-Finnic,Proto-Finnic-tʃ,,index_diachronica_original.html:13814,False,unknown_grouping,True,True,False,,,,unknown_grouping,,,,"Syntax Error: Unknown grouping 'E'. Known groupings are (C)onsonant, (O)bstruent, (S)onorant, (P)losive, (F)ricative, (L)iquid, (N)asal, (G)lide, and (V)owel | _k, in South Estonian | ^ @ Rule 1, Line 1",,env
42.1.1,Pre-Finnic to Proto-Finnic,Proto-Finnic-tk,,index_diachronica_original.html:13815,False,expected_underscore,True,True,False,,,,expected_underscore,,,,"Syntax Error: Expected '_', but received '' | Pre-Livonian | ^ @ Rule 1, Line 1",,env
42.1.1,Pre-Finnic to Proto-Finnic,Proto-Finnic-t,,index_diachronica_original.html:13817,False,expected_underscore,True,True,True,False,,,,expected_underscore,,,,"Syntax Error: Expected '_', but received '' | following a coronal obstruent or | ^ @ Rule 1, Line 1",exception
42.1.1,Pre-Finnic to Proto-Finnic,Proto-Finnic-tj,,index_diachronica_original.html:13818,False,expected_underscore,True,True,,False,,,,expected_underscore,,,,"Syntax Error: Expected '_', but received '' | following a coronal obstruent or | ^ @ Rule 1, Line 1",exception
42.1.1.1,Proto-Finnic to Proto-Finnish,Proto-Finnish-pː-tː-tsː-kː,,index_diachronica_original.html:13830,False,unknown_character,False,False,,,unknown_character,unknown_character,,,"Syntax Error: Unknown character 'ː' | pː tː tsː kː | ^ @ Rule 1, Line 1","Syntax Error: Unknown character 'ˑ' | pˑ tˑ tsˑ kˑ | ^ @ Rule 1, Line 1",,,input|output
42.1.1.1,Proto-Finnic to Proto-Finnish,Proto-Finnish-j,,index_diachronica_original.html:13837,False,syntax_other,True,True,False,,,,syntax_other,,,,"Syntax Error: Expected an IPA character, Primative or Matrix, but received '*' | _i (*) | ^ @ Rule 1, Line 1",,env
42.1.1.1,Proto-Finnic to Proto-Finnish,Proto-Finnish-ts-tsˑ-tsː,,index_diachronica_original.html:13847,False,unknown_character,False,False,,,unknown_character,unknown_character,,,"Syntax Error: Unknown character 'ˑ' | ts tsˑ tsː | ^ @ Rule 1, Line 1","Syntax Error: Unknown character 'ˑ' | s θˑ θː | ^ @ Rule 1, Line 1",,,input|output
42.1.1.1.1,Proto-Finnish to Standard Finnish,Standard-Finnish-pˑ-tˑ-θˑ-kˑ,,index_diachronica_original.html:13857,False,unknown_character,False,True,,,unknown_character,,,,"Syntax Error: Unknown character 'ˑ' | pˑ tˑ θˑ kˑ | ^ @ Rule 1, Line 1",,,,input
42.1.1.1.1,Proto-Finnish to Standard Finnish,Standard-Finnish-j,,index_diachronica_original.html:13858,False,expected_underscore,True,True,False,,,,expected_underscore,,,,"Syntax Error: Expected '_', but received '' | C_, when initial in a suffix | ^ @ Rule 1, Line 1",,env
42.1.1.1.1,Proto-Finnish to Standard Finnish,"Standard-Finnish-k,x",,index_diachronica_original.html:13863,False,unknown_character,True,False,True,,,unknown_character,,,,"Syntax Error: Unknown character '˟' | ˟ | ^ @ Rule 1, Line 1",,,output
42.1.1.1.1,Proto-Finnish to Standard Finnish,Standard-Finnish-k_3,,index_diachronica_original.html:13870,False,expected_number,,,,,,,,,,,,,multi
42.1.1.1.1,Proto-Finnish to Standard Finnish,Standard-Finnish-ð,,index_diachronica_original.html:13875,False,unknown_grouping,True,True,,False,,,,unknown_grouping,,,,"Syntax Error: Unknown grouping 'X'. Known groupings are (C)onsonant, (O)bstruent, (S)onorant, (P)losive, (F)ricative, (L)iquid, (N)asal, (G)lide, and (V)owel | V:[+stress](X)_ | ^ @ Rule 1, Line 1",exception
42.1.1.1.1,Proto-Finnish to Standard Finnish,Standard-Finnish-ɣ_3,,index_diachronica_original.html:13878,False,unknown_character,True,True,False,False,,,unknown_character,unknown_character,,,"Syntax Error: Unknown character '₀' | VV₀_V₀ | ^ @ Rule 1, Line 1","Syntax Error: Unknown character '₀' | V₀ = U | ^ @ Rule 1, Line 1",env|exception
42.1.1.1.1,Proto-Finnish to Standard Finnish,Standard-Finnish-ɣ_4,,index_diachronica_original.html:13879,False,expected_underscore,True,True,False,,,,expected_underscore,,,,"Syntax Error: Expected '_', but received '' | else | ^ @ Rule 1, Line 1",,env
42.1.1.1.1,Proto-Finnish to Standard Finnish,Standard-Finnish-h,,index_diachronica_original.html:13880,False,unknown_grouping,True,True,False,,,,unknown_grouping,,,,"Syntax Error: Unknown grouping 'X'. Known groupings are (C)onsonant, (O)bstruent, (S)onorant, (P)losive, (F)ricative, (L)iquid, (N)asal, (G)lide, and (V)owel | V[-stress](X)_V | ^ @ Rule 1, Line 1",,env
42.1.1.1.1,Proto-Finnish to Standard Finnish,Standard-Finnish-AO,,index_diachronica_original.html:13881,False,syntax_other,False,False,True,,unknown_grouping,unknown_character,,,"Syntax Error: Unknown grouping 'A'. Known groupings are (C)onsonant, (O)bstruent, (S)onorant, (P)losive, (F)ricative, (L)iquid, (N)asal, (G)lide, and (V)owel | AO | ^ @ Rule 1, Line 1","Syntax Error: Unknown character 'ː' | {A,O,U}ː | ^ @ Rule 1, Line 1",,,input|output
42.1.1.1.1,Proto-Finnish to Standard Finnish,Standard-Finnish-Ue,,index_diachronica_original.html:13883,False,unknown_grouping,False,False,True,,unknown_grouping,unknown_character,,,"Syntax Error: Unknown grouping 'U'. Known groupings are (C)onsonant, (O)bstruent, (S)onorant, (P)losive, (F)ricative, (L)iquid, (N)asal, (G)lide, and (V)owel | Ue | ^ @ Rule 1, Line 1","Syntax Error: Unknown character 'ː' | eː | ^ @ Rule 1, Line 1",,,input|output
42.1.1.1.1,Proto-Finnish to Standard Finnish,Standard-Finnish-iU-OU,,index_diachronica_original.html:13885,False,unknown_grouping,False,False,,,unknown_grouping,unknown_character,,,"Syntax Error: Unknown grouping 'U'. Known groupings are (C)onsonant, (O)bstruent, (S)onorant, (P)losive, (F)ricative, (L)iquid, (N)asal, (G)lide, and (V)owel | iU OU | ^ @ Rule 1, Line 1","Syntax Error: Unknown character 'ː' | Uː Oː | ^ @ Rule 1, Line 1",,,input|output
42.1.2,Proto-Finnic to Livonian,Livonian-V,,index_diachronica_original.html:13910,False,expected_number,True,True,True,False,,,,expected_number,,,,"Syntax Error: Expected number, but received ɑ | V = ɑ | ^ @ Rule 1, Line 1",exception
42.1.2,Proto-Finnic to Livonian,Livonian-Vh,,index_diachronica_original.html:13912,False,expected_underscore,True,False,False,False,,unknown_character,expected_underscore,syntax_other,,"Syntax Error: Unknown character 'ː' | Vːɦ | ^ @ Rule 1, Line 1","Syntax Error: Expected '_', but received '' | _C, except maybe | ^ @ Rule 1, Line 1","Syntax Error: Expected end of line, received '/'. Did you forget a '/' between the output and environment? | _j and/or _ʋ | ^ @ Rule 1, Line 1",output|env|exception
42.1.2,Proto-Finnic to Livonian,Livonian-∅,,index_diachronica_original.html:13915,False,runtime_other,False,True,True,,syntax_other,,,,"Syntax Error: The input of an insertion rule must only contain `*` or `∅` | ∅ | ^ @ Rule 1, Line 1",,,,input
42.1.2,Proto-Finnic to Livonian,Livonian-dj-lj-rj-ɡj,,index_diachronica_original.html:13919,False,syntax_other,True,False,,,,unknown_character,,,,"Syntax Error: Unknown character 'ː' | dʲ lːʲ rːʲ jɡ | ^ @ Rule 1, Line 1",,,output
42.1.2,Proto-Finnic to Livonian,Livonian-y-ø,,index_diachronica_original.html:13930,False,expected_underscore,True,True,False,,,,expected_underscore,,,,"Syntax Error: Expected '_', but received '' | else | ^ @ Rule 1, Line 1",,env
43.1,Proto-Uto-Aztecan to Comanche,Comanche-∅,,index_diachronica_original.html:13966,False,unknown_character,False,True,False,,syntax_other,,unknown_character,,"Syntax Error: The input of an insertion rule must only contain `*` or `∅` | ∅ | ^ @ Rule 1, Line 1",,"Syntax Error: Unknown character 'ᵤ' | Vᵤ_k | ^ @ Rule 1, Line 1",,input|env
43.1,Proto-Uto-Aztecan to Comanche,Comanche-s,,index_diachronica_original.html:13967,False,unknown_character,True,True,False,,,,unknown_character,,,,"Syntax Error: Unknown character 'ₙ' | Vₙ_ | ^ @ Rule 1, Line 1",,env
43.2,Proto-Uto-Aztecan to Hopi,Hopi-p,,index_diachronica_original.html:13974,False,unknown_character,True,True,False,,,,unknown_character,,,,"Syntax Error: Unknown character 'ₙ' | Vₙ_ | ^ @ Rule 1, Line 1",,env
43.2,Proto-Uto-Aztecan to Hopi,Hopi-w_2,,index_diachronica_original.html:13979,False,unknown_character,True,True,False,,,,unknown_character,,,,"Syntax Error: Unknown character 'ₙ' | ɨₙ_ | ^ @ Rule 1, Line 1",,env
43.3,Proto-Uto-Aztecan to Luiseño,Luiseño-p,,index_diachronica_original.html:13985,False,unknown_character,True,True,False,,,,unknown_character,,,,"Syntax Error: Unknown character 'ₙ' | {Vₙ,ɨ}_ | ^ @ Rule 1, Line 1",,env
43.3,Proto-Uto-Aztecan to Luiseño,Luiseño-k_2,,index_diachronica_original.html:13990,False,unknown_character,True,True,False,,,,unknown_character,,,,"Syntax Error: Unknown character 'ₙ' | aₙ_ | ^ @ Rule 1, Line 1",,env
43.3,Proto-Uto-Aztecan to Luiseño,Luiseño-V,,index_diachronica_original.html:13997,False,runtime_delete_only_segment,True,True,,,,,,,,,,,multi
43.4,Proto-Uto-Aztecan to Nahuatl,Nahuatl-p,,index_diachronica_original.html:14003,False,unknown_character,True,True,False,,,,unknown_character,,,,"Syntax Error: Unknown character 'ₛ' | {#,Vₛ}_ | ^ @ Rule 1, Line 1",,env
43.6,Proto-Uto-Aztecan to Tohono O’odham,Tohono-O’odham-p,,index_diachronica_original.html:14049,False,unknown_character,True,True,False,,,,unknown_character,,,,"Syntax Error: Unknown character 'ₛ' | {#,Vₛ}_ | ^ @ Rule 1, Line 1",,env
43.6,Proto-Uto-Aztecan to Tohono O’odham,Tohono-O’odham-V,,index_diachronica_original.html:14062,False,runtime_delete_only_segment,True,True,,,,,,,,,,,multi
44.1,Proto-Vasconic to Aquitanian,Aquitanian-S+-fortis,,index_diachronica_original.html:14094,False,unknown_feature,,,,,,,,,,,,,multi
44.1,Proto-Vasconic to Aquitanian,Aquitanian-n+-fortis,,index_diachronica_original.html:14095,False,unknown_feature,False,False,True,,unknown_feature,unknown_character,,,"Syntax Error: Unknown feature 'fortis'. Did you mean contin? | n[+ fortis] | ^^^^^^^^ @ Rule 1, Line 1","Syntax Error: Unknown character 'ː' | n(ː) | ^ @ Rule 1, Line 1",,,input|output
44.1,Proto-Vasconic to Aquitanian,Aquitanian-n-fortis-n+-fortis,,index_diachronica_original.html:14096,False,unknown_feature,False,False,,,unknown_feature,syntax_other,,,"Syntax Error: Unknown feature 'fortis'. Did you mean contin? | n[- fortis] n[+ fortis] | ^^^^^^^^ @ Rule 1, Line 1","Syntax Error: Expected end of line, received '('. Did you forget a '/' between the output and environment? | {n,r}(?) n | ^ @ Rule 1, Line 1",,,input|output
44.1,Proto-Vasconic to Aquitanian,Aquitanian-N,,index_diachronica_original.html:14097,False,unknown_feature,True,False,True,,,unknown_feature,,,,"Syntax Error: Unknown feature 'samePOA'. Did you mean lateral? | [+ same POA] | ^^^^^^^^^^ @ Rule 1, Line 1",,,output
44.1,Proto-Vasconic to Aquitanian,Aquitanian-r+-fortis,,index_diachronica_original.html:14098,False,unknown_feature,False,True,True,,unknown_feature,,,,"Syntax Error: Unknown feature 'fortis'. Did you mean contin? | r[+ fortis] | ^^^^^^^^ @ Rule 1, Line 1",,,,input
44.1,Proto-Vasconic to Aquitanian,Aquitanian-r+-fortis_2,,index_diachronica_original.html:14099,False,unknown_feature,False,True,,,unknown_feature,,,,"Syntax Error: Unknown feature 'fortis'. Did you mean contin? | r[+ fortis] | ^^^^^^^^ @ Rule 1, Line 1",,,,input
44.2,Proto-Basque to Basque,Basque-Sʰ,,index_diachronica_original.html:14114,False,syntax_other,,,,,,,,,,,,,multi
44.2,Proto-Basque to Basque,Basque-S,,index_diachronica_original.html:14115,False,runtime_other,True,True,True,,,,,,,,,,multi
44.2,Proto-Basque to Basque,Basque-Vn,,index_diachronica_original.html:14117,False,syntax_other,True,True,False,False,,,syntax_other,expected_underscore,,,"Syntax Error: Expected an IPA character, Primative or Matrix, but received '' | _# (seems to have been reverted in most dialects | ^ @ Rule 1, Line 1","Syntax Error: Expected '_', but received ')' | for Souletin) | ^ @ Rule 1, Line 1",env|exception
44.2,Proto-Basque to Basque,Basque-N,,index_diachronica_original.html:14125,False,unknown_feature,True,False,True,,,unknown_feature,,,,"Syntax Error: Unknown feature 'samePOA'. Did you mean lateral? | [+ same POA] | ^^^^^^^^^^ @ Rule 1, Line 1",,,output
44.2,Proto-Basque to Basque,Basque-*L,,index_diachronica_original.html:14134,False,syntax_other,,,,,,,,,,,,,multi
44.2,Proto-Basque to Basque,Basque-u-ũ,,index_diachronica_original.html:14142,False,nested_brackets,True,True,False,,,,nested_brackets,,,,"Syntax Error: Cannot have nested brackets of the same type | _r(p(ʰ),β,k(ʰ),ɣ,l,s̺,s̻,ʃ,h) | ^ @ Rule 1, Line 1",,env
44.2,Proto-Basque to Basque,Basque-u-ũ_2,,index_diachronica_original.html:14143,False,unknown_character,True,True,False,,,,unknown_character,,,,"Syntax Error: Unknown character '̻' | _{s̻,ts̺,ts̻} | ^ @ Rule 1, Line 1",,env
44.2,Proto-Basque to Basque,Basque-∅_3,,index_diachronica_original.html:14147,False,unknown_character,False,True,False,,syntax_other,,unknown_character,,"Syntax Error: The input of an insertion rule must only contain `*` or `∅` | ∅ | ^ @ Rule 1, Line 1",,"Syntax Error: Unknown character '̺' | #_{s̺,s̻}C | ^ @ Rule 1, Line 1",,input|env
44.2,Proto-Basque to Basque,Basque-a-o-e,,index_diachronica_original.html:14152,False,unknown_character,True,True,False,,,,unknown_character,,,,"Syntax Error: Unknown character 'ɛ' | {i,u}(C…)_ (this [ɛ] is tentatively marked as such | ^ @ Rule 1, Line 1",,env
44.2,Proto-Basque to Basque,Basque-o,,index_diachronica_original.html:14153,False,syntax_other,True,True,False,,,,syntax_other,,,,"Syntax Error: Expected an IPA character, Primative or Matrix, but received '' | _n{C,#} (Souletin | ^ @ Rule 1, Line 1",,env
44.2,Proto-Basque to Basque,Basque-∅_4,,index_diachronica_original.html:14160,False,unknown_character,False,True,False,,syntax_other,,unknown_character,,"Syntax Error: The input of an insertion rule must only contain `*` or `∅` | ∅ | ^ @ Rule 1, Line 1",,"Syntax Error: Unknown character '̺' | V_{N,s̺,s̻}S | ^ @ Rule 1, Line 1",,input|env
44.2,Proto-Basque to Basque,Basque-h…h,,index_diachronica_original.html:14172,False,syntax_other,True,False,,,,syntax_other,,,,"Syntax Error: The output of a deletion rule must only contain `*` or `∅` | ∅…h | ^ @ Rule 1, Line 1",,,output
44.2,Proto-Basque to Basque,Basque-*-ɾ,,index_diachronica_original.html:14173,False,syntax_other,False,False,,,syntax_other,other,,,"Syntax Error: The input of an insertion rule must only contain `*` or `∅` | *-ɾ | ^ @ Rule 1, Line 1","error: a value is required for '-s <STRING>' but none was supplied For more information, try '--help'.",,,input|output
44.2,Proto-Basque to Basque,Basque-s̻-ts̻,,index_diachronica_original.html:14176,False,unknown_character,False,True,False,,unknown_character,,unknown_grouping,,"Syntax Error: Unknown character '̻' | s̻ ts̻ | ^ @ Rule 1, Line 1",,"Syntax Error: Unknown grouping 'E'. Known groupings are (C)onsonant, (O)bstruent, (S)onorant, (P)losive, (F)ricative, (L)iquid, (N)asal, (G)lide, and (V)owel | {E,j}_ | ^ @ Rule 1, Line 1",,input|env
44.2,Proto-Basque to Basque,Basque-n+-fortis,,index_diachronica_original.html:14196,False,unknown_feature,False,True,,,unknown_feature,,,,"Syntax Error: Unknown feature 'fortis'. Did you mean contin? | n[+ fortis] | ^^^^^^^^ @ Rule 1, Line 1",,,,input
44.2,Proto-Basque to Basque,Basque-e_7,,index_diachronica_original.html:14198,False,unknown_grouping,True,True,False,,,,unknown_grouping,,,,"Syntax Error: Unknown grouping 'U'. Known groupings are (C)onsonant, (O)bstruent, (S)onorant, (P)losive, (F)ricative, (L)iquid, (N)asal, (G)lide, and (V)owel | #Ur_ | ^ @ Rule 1, Line 1",,env
44.2,Proto-Basque to Basque,Basque-a_3,,index_diachronica_original.html:14199,False,syntax_other,True,True,False,,,,syntax_other,,,,"Syntax Error: Expected an IPA character, Primative or Matrix, but received '' | V_# (Guipuscoan | ^ @ Rule 1, Line 1",,env
44.2,Proto-Basque to Basque,Basque-V_3,,index_diachronica_original.html:14200,False,expected_underscore,True,True,False,,,,expected_underscore,,,,"Syntax Error: Expected '_', but received '' | _#, in trisyllables | ^ @ Rule 1, Line 1",,env
44.2,Proto-Basque to Basque,Basque-i_3,,index_diachronica_original.html:14201,False,expected_underscore,True,True,False,,,,expected_underscore,,,,"Syntax Error: Expected '_', but received '' | _#, in disyllables | ^ @ Rule 1, Line 1",,env
44.2,Proto-Basque to Basque,"Basque-u-o,e",,index_diachronica_original.html:14202,False,expected_underscore,True,False,False,,,syntax_other,expected_underscore,,,"Syntax Error: The output of a deletion rule must only contain `*` or `∅` | ∅ a | ^ @ Rule 1, Line 1","Syntax Error: Expected '_', but received '' | _#, in disyllables | ^ @ Rule 1, Line 1",,output|env
44.2,Proto-Basque to Basque,Basque-aʊ,,index_diachronica_original.html:14210,False,unknown_character,True,True,,False,,,,unknown_character,,,,"Syntax Error: Unknown character '̺' | _{ɾ,r,s̺,s̻} | ^ @ Rule 1, Line 1",exception
44.2,Proto-Basque to Basque,Basque-eð,,index_diachronica_original.html:14214,False,prose_or_expected_arrow,,,,,,,,,,,,,multi
44.2,Proto-Basque to Basque,Basque-s̻-ts̺,,index_diachronica_original.html:14225,False,unknown_character,False,False,,,unknown_character,unknown_character,,,"Syntax Error: Unknown character '̻' | s̻ ts̺ | ^ @ Rule 1, Line 1","Syntax Error: Unknown character '̺' | s̺ ts̻ | ^ @ Rule 1, Line 1",,,input|output
44.2,Proto-Basque to Basque,Basque-s̻,,index_diachronica_original.html:14226,False,unknown_character,False,False,True,,unknown_character,unknown_character,,,"Syntax Error: Unknown character '̻' | s̻ | ^ @ Rule 1, Line 1","Syntax Error: Unknown character '̺' | s̺ | ^ @ Rule 1, Line 1",,,input|output
44.2,Proto-Basque to Basque,Basque-its̺,,index_diachronica_original.html:14228,False,unknown_character,False,True,True,,unknown_character,,,,"Syntax Error: Unknown character '̺' | its̺ | ^ @ Rule 1, Line 1",,,,input
44.2,Proto-Basque to Basque,Basque-s̺,,index_diachronica_original.html:14231,False,unknown_character,False,True,True,,unknown_character,,,,"Syntax Error: Unknown character '̺' | s̺ | ^ @ Rule 1, Line 1",,,,input
44.2,Proto-Basque to Basque,Basque-s̺_2,,index_diachronica_original.html:14232,False,unknown_character,False,False,,,unknown_character,unknown_character,,,"Syntax Error: Unknown character '̺' | s̺ | ^ @ Rule 1, Line 1","Syntax Error: Unknown character '̺' | ʃ̺according to Campbell | ^ @ Rule 1, Line 1",,,input|output
46.1,7-to-5 Vowel Merger (Bantu),5-Vowel-Merger-Bantu-S,,index_diachronica_original.html:14293,False,unknown_grouping,True,True,False,,,,unknown_grouping,,,,"Syntax Error: Unknown grouping 'D'. Known groupings are (C)onsonant, (O)bstruent, (S)onorant, (P)losive, (F)ricative, (L)iquid, (N)asal, (G)lide, and (V)owel | _{i,u} (Do not necessarily have to be fricatives at the same POA | ^ @ Rule 1, Line 1",,env
46.5,Old English-to-Scots Vowel Shifts,Scots-Vowel-Shifts-øː_3,,index_diachronica_original.html:14327,False,nested_brackets,False,False,True,,unknown_character,unknown_character,,,"Syntax Error: Unknown character 'ː' | øː | ^ @ Rule 1, Line 1","Syntax Error: Unknown character '(' | (j){u,ʌ} | ^ @ Rule 1, Line 1",,,input|output
46.11,Middle Chinese to Cantonese Vowel Shift (“The Inner-Outer Flip”),Cantonese-Vowel-Shift-∅,,index_diachronica_original.html:14390,False,unknown_feature,False,True,False,,syntax_other,,unknown_feature,,"Syntax Error: The input of an insertion rule must only contain `*` or `∅` | ∅ | ^ @ Rule 1, Line 1",,"Syntax Error: Unknown feature 'labiovelar'. Did you mean labiodental? | C[+ labiovelar]_i | ^^^^^^^^^^^^ @ Rule 1, Line 1",,input|env
46.13,Old Norse to Faroese Vowel Shift,"Faroese-Vowel-Shift-a,æː",,index_diachronica_original.html:14418,False,expected_underscore,False,True,False,,unknown_character,,expected_underscore,,"Syntax Error: Unknown character 'ː' | {a,æː} | ^ @ Rule 1, Line 1",,"Syntax Error: Expected '_', but received '' | a | ^ @ Rule 1, Line 1",,input|env
46.13,Old Norse to Faroese Vowel Shift,Faroese-Vowel-Shift-aː,,index_diachronica_original.html:14419,False,syntax_other,,,,,,,,,,,,,multi
46.13,Old Norse to Faroese Vowel Shift,Faroese-Vowel-Shift-e,,index_diachronica_original.html:14420,False,expected_underscore,True,False,False,,,unknown_character,expected_underscore,,,"Syntax Error: Unknown character 'ː' | eː | ^ @ Rule 1, Line 1","Syntax Error: Expected '_', but received '' | ɛ | ^ @ Rule 1, Line 1",,output|env
46.13,Old Norse to Faroese Vowel Shift,Faroese-Vowel-Shift-eː,,index_diachronica_original.html:14421,False,syntax_other,,,,,,,,,,,,,multi
46.13,Old Norse to Faroese Vowel Shift,"Faroese-Vowel-Shift-i,y",,index_diachronica_original.html:14422,False,expected_underscore,True,False,False,,,unknown_character,expected_underscore,,,"Syntax Error: Unknown character 'ː' | iː | ^ @ Rule 1, Line 1","Syntax Error: Expected '_', but received '' | ɪ | ^ @ Rule 1, Line 1",,output|env
46.13,Old Norse to Faroese Vowel Shift,"Faroese-Vowel-Shift-iː,yː",,index_diachronica_original.html:14423,False,expected_underscore,False,True,False,,unknown_character,,expected_underscore,,"Syntax Error: Unknown character 'ː' | {iː,yː} | ^ @ Rule 1, Line 1",,"Syntax Error: Expected '_', but received '' | ʊ | ^ @ Rule 1, Line 1",,input|env
46.13,Old Norse to Faroese Vowel Shift,Faroese-Vowel-Shift-o,,index_diachronica_original.html:14424,False,expected_underscore,True,False,False,,,unknown_character,expected_underscore,,,"Syntax Error: Unknown character 'ː' | oː | ^ @ Rule 1, Line 1","Syntax Error: Expected '_', but received '' | ɔ | ^ @ Rule 1, Line 1",,output|env
46.13,Old Norse to Faroese Vowel Shift,Faroese-Vowel-Shift-oː,0,index_diachronica_original.html:14425,False,expected_underscore,False,True,False,,unknown_character,,expected_underscore,,"Syntax Error: Unknown character 'ː' | oː | ^ @ Rule 1, Line 1",,"Syntax Error: Expected '_', but received '' | œ | ^ @ Rule 1, Line 1",,input|env
46.13,Old Norse to Faroese Vowel Shift,Faroese-Vowel-Shift-oː,1,index_diachronica_original.html:14425,False,expected_underscore,False,True,False,,unknown_character,,expected_underscore,,"Syntax Error: Unknown character 'ː' | oː | ^ @ Rule 1, Line 1",,"Syntax Error: Expected '_', but received '' | œ | ^ @ Rule 1, Line 1",,input|env
46.13,Old Norse to Faroese Vowel Shift,Faroese-Vowel-Shift-oː,2,index_diachronica_original.html:14425,False,expected_underscore,False,True,False,,unknown_character,,expected_underscore,,"Syntax Error: Unknown character 'ː' | oː | ^ @ Rule 1, Line 1",,"Syntax Error: Expected '_', but received '' | œ | ^ @ Rule 1, Line 1",,input|env
46.13,Old Norse to Faroese Vowel Shift,Faroese-Vowel-Shift-u,,index_diachronica_original.html:14426,False,syntax_other,True,False,False,False,,unknown_character,syntax_other,syntax_other,,"Syntax Error: Unknown character 'ː' | uː | ^ @ Rule 1, Line 1","Syntax Error: Expected '[', but received 'ʊ' | short: ʊ | ^ @ Rule 1, Line 1","Syntax Error: Expected end of line, received ':'. Did you forget a '/' between the output and environment? | _[-stress]: {o,ɔ} | ^ @ Rule 1, Line 1",output|env|exception
46.13,Old Norse to Faroese Vowel Shift,Faroese-Vowel-Shift-uː,,index_diachronica_original.html:14427,False,expected_underscore,False,True,False,,unknown_character,,expected_underscore,,"Syntax Error: Unknown character 'ː' | uː | ^ @ Rule 1, Line 1",,"Syntax Error: Expected '_', but received '' | ʏ | ^ @ Rule 1, Line 1",,input|env
46.13,Old Norse to Faroese Vowel Shift,"Faroese-Vowel-Shift-œ,ɔ",,index_diachronica_original.html:14428,False,prose_or_expected_arrow,,,,,,,,,,,,,multi
46.14,Pre-Slavic Vowel Changes,Pre-Slavic-Vowel-Changes-aj,0,index_diachronica_original.html:14441,False,unknown_character,True,False,,,,unknown_character,,,,"Syntax Error: Unknown character '₂' | æ₂ | ^ @ Rule 1, Line 1",,,output
46.14,Pre-Slavic Vowel Changes,Pre-Slavic-Vowel-Changes-aj,1,index_diachronica_original.html:14441,False,unknown_character,True,False,,,,unknown_character,,,,"Syntax Error: Unknown character '₂' | i₂ | ^ @ Rule 1, Line 1",,,output
46.14,Pre-Slavic Vowel Changes,Pre-Slavic-Vowel-Changes-u,,index_diachronica_original.html:14443,False,unknown_character,,,,,,,,,,,,,multi
46.16,Development of Proto-Lolo-Burmese -i(C)# and -u(C)# to Lahu,"Lahu-i-ip,k-it-im,ŋ-in",,index_diachronica_original.html:14457,False,syntax_other,False,False,,,other,other,,,"error: unexpected argument '-i' found Usage: asca validate [OPTIONS] For more information, try '--help'.","error: unexpected argument '-i' found Usage: asca validate [OPTIONS] For more information, try '--help'.",,,input|output
46.16,Development of Proto-Lolo-Burmese -i(C)# and -u(C)# to Lahu,Lahu-u-up-ut-uk-um-un-uŋ,,index_diachronica_original.html:14458,False,syntax_other,False,False,,,other,other,,,"error: unexpected argument '-u' found Usage: asca validate [OPTIONS] For more information, try '--help'.","error: unexpected argument '-u' found Usage: asca validate [OPTIONS] For more information, try '--help'.",,,input|output
46.19,Southern [United States] Shift (English),Southern-United-States-Shift-English-aɪ_4,,index_diachronica_original.html:14479,False,expected_underscore,True,False,False,,,unknown_character,expected_underscore,,,"Syntax Error: Unknown character 'ː' | aː | ^ @ Rule 1, Line 1","Syntax Error: Expected '_', but received '' | else | ^ @ Rule 1, Line 1",,output|env
46.19,Southern [United States] Shift (English),Southern-United-States-Shift-English-uʊ-oʊ,,index_diachronica_original.html:14482,False,nested_brackets,True,False,,,,nested_brackets,,,,"Syntax Error: Cannot have nested brackets of the same type | ʉʊ̈ əʊ̈ (a bit of a guesstimate based upon the prose description in the article and the mean-formant-value chart cited from Labov, Ash & Bobert (2006)) | ^ @ Rule 1, Line 1",,,output
46.19,Southern [United States] Shift (English),Southern-United-States-Shift-English-æ/ɑː,,index_diachronica_original.html:14490,False,prose_or_expected_arrow,False,True,,,unknown_character,,,,"Syntax Error: Unknown character 'ː' | æ/ɑː | ^ @ Rule 1, Line 1",,,,input
47.1,List 1: Simple Consonant Changes,List-1:-Simple-Consonant-Changes-b,,index_diachronica_original.html:14516,False,unknown_character,True,False,,,,unknown_character,,,,"Syntax Error: Unknown character '#' | #c, -nc- | ^ @ Rule 1, Line 1",,,output
47.2,List 2: Conditional or complex consonant changes,"List-2:-Conditional-or-complex-consonant-changes-t,k",,index_diachronica_original.html:14530,False,unknown_grouping,True,True,False,,,,unknown_grouping,,,,"Syntax Error: Unknown grouping 'M'. Known groupings are (C)onsonant, (O)bstruent, (S)onorant, (P)losive, (F)ricative, (L)iquid, (N)asal, (G)lide, and (V)owel | V_V (Marathi) probably with voiced stops as intermediates, since they also became silent | ^ @ Rule 1, Line 1",,env
