section_index,section_name,rule_id,alt_idx,source,ok,failure_class,error_token,suggested,expected,description
6.1.2.1,South Omotic to Aari,"Aari-x1,x2",,index_diachronica_original.html:1149,False,nested_brackets,,,,"Syntax Error: Cannot have nested brackets of the same type | {{ɣ, ɣʷ, xʷ},x} > ɡ | ^ @ Rule 1, Line 1"
6.2.1.1.4,Proto-Agaw to Xamtanga,Xamtanga-k,0,index_diachronica_original.html:1221,False,panic_other,,,,thread panicked at src/rule/subrule/substitution.rs
6.2.2.1.2,Proto-Boreafrasian to Egypto-Berber,Egypto-Berber-CVʕ,,index_diachronica_original.html:1266,False,expected_number,ɡ,,number,"Syntax Error: Expected number, but received ɡ | CVʕ > ħʔ // C = ɡw | ^ @ Rule 1, Line 1"
6.2.2.1.2,Proto-Boreafrasian to Egypto-Berber,Egypto-Berber-r_2,,index_diachronica_original.html:1286,False,expected_number,{,,number,"Syntax Error: Expected number, but received { | r > ʔ / C_{t,w,j}# // C = {ɡ,m,n,r,w,ʃ,x} | ^ @ Rule 1, Line 1"
6.2.2.1.3,Ancient Egyptian to Coptic,Coptic-r,,index_diachronica_original.html:1300,False,stuff_after_word_bound,,,,"Syntax Error: Cannot have segments after the end of a word | r > l / #(C)_{c,cC}# ? | ^ @ Rule 1, Line 1"
6.2.2.1.13,Classical Arabic to Western Libyan Arabic,Western-Libyan-Arabic-∅,,index_diachronica_original.html:1462,False,grouped_env_insertion,,,,"Runtime Error: Grouped Environments cannot (yet) be used in insertion rules | ∅ > ə / :{CCVC_C,CCVVC_C,CCV:[+long]C_C,CCV:[+long]VC_C}: | ^^^^^^^^^^^^^^^^^^^^^^^^^^^^^^^^^^^^^^^^^^^^^^^^^ @ Rule 1, Line 1"
6.2.2.1.16,Classical Arabic to Sudanese Arabic,Sudanese-Arabic-uː,,index_diachronica_original.html:1496,False,uneven_parallel_sets,,,,"Runtime Error: Two matched sets must have the same number of elements | {u,u:[+long]} > {ɵ,o,ɵ:[+long],o:[+long]} | ^^^^^^^^^^^^^ ^^^^^^^^^^^^^^^^^^^^^^^^^ @ Rule 1, Line 1"
7.1,Proto-Algonquian to Kennebec River Abenaki,Kennebec-River-Abenaki-w_2,,index_diachronica_original.html:1606,False,expected_number,C,,number,"Syntax Error: Expected number, but received C | w > ∅ / C_ // C = C:[-front,+back,+hi,-lo] | ^ @ Rule 1, Line 1"
7.2,Proto-Algonquian to St. Francis Abenaki,St.-Francis-Abenaki-w_2,,index_diachronica_original.html:1632,False,expected_number,C,,number,"Syntax Error: Expected number, but received C | w > ∅ / C_ // C = C:[-front,+back,+hi,-lo] | ^ @ Rule 1, Line 1"
7.3.1,Proto-Arapaho-Atsina to Arapaho,Arapaho-V-longN,,index_diachronica_original.html:1684,False,syntax_other,,,,"Syntax Error: Options can only be used in Environments or Structures | (V[-long])N > ∅ / _# | ^^^^^^^^^^ @ Rule 1, Line 1"
7.3.2,Proto-Arapaho-Atsina to Gros Ventre,Gros-Ventre-j,,index_diachronica_original.html:1699,False,expected_underscore,",",,_,"Syntax Error: Expected '_', but received ',' | j > ∅ / :{ʃ,θ}: | ^ @ Rule 1, Line 1"
7.3.2,Proto-Arapaho-Atsina to Gros Ventre,Gros-Ventre-V-longN,,index_diachronica_original.html:1704,False,syntax_other,,,,"Syntax Error: Options can only be used in Environments or Structures | (V[-long])N > ∅ / _# | ^^^^^^^^^^ @ Rule 1, Line 1"
7.4,Proto-Algonquian to Blackfoot,Blackfoot-e_2,,index_diachronica_original.html:1758,False,stuff_after_word_bound,,,,"Syntax Error: Cannot have segments after the end of a word | e > ∅ / O_ in #% | ^ @ Rule 1, Line 1"
7.4,Proto-Algonquian to Blackfoot,Blackfoot-aː_2,,index_diachronica_original.html:1763,False,expected_underscore,,,_,"Syntax Error: Expected '_', but received '' | a:[+long] > a / else | ^ @ Rule 1, Line 1"
7.9,Proto-Algonquian to Swampy Cree,Swampy-Cree-ʃ,,index_diachronica_original.html:1868,False,expected_underscore,,,_,"Syntax Error: Expected '_', but received '' | ʃ > s / Gest Pwampy Cree | ^ @ Rule 1, Line 1"
7.11,Proto-Algonquian to Munsee Delaware,Munsee-Delaware-ʔ,,index_diachronica_original.html:1907,False,expected_number,l,,number,"Syntax Error: Expected number, but received l | ʔ > h / _C // C = l, or when reduplicated | ^ @ Rule 1, Line 1"
7.11,Proto-Algonquian to Munsee Delaware,Munsee-Delaware-V,,index_diachronica_original.html:1915,False,expected_underscore,",",,_,"Syntax Error: Expected '_', but received ',' | V > ∅ / _# // some monosyllables and analogical developments, in the latter of which long vowels were shortened | ^ @ Rule 1, Line 1"
7.11,Proto-Algonquian to Munsee Delaware,Munsee-Delaware-ə+weak,,index_diachronica_original.html:1917,False,unknown_feature,weak,man,,"Syntax Error: Unknown feature 'weak'. Did you mean man? | ə[+weak] > ∅ / #_C | ^^^^^ @ Rule 1, Line 1"
7.11,Proto-Algonquian to Munsee Delaware,Munsee-Delaware-ə+weak_2,,index_diachronica_original.html:1918,False,unknown_feature,weak,man,,"Syntax Error: Unknown feature 'weak'. Did you mean man? | ə[+weak] > ∅ / _C[+voice] | ^^^^^ @ Rule 1, Line 1"
7.11,Proto-Algonquian to Munsee Delaware,Munsee-Delaware-a+weak-ə+weak,,index_diachronica_original.html:1919,False,unknown_feature,weak,man,,"Syntax Error: Unknown feature 'weak'. Did you mean man? | a[+weak] ə[+weak] > ə / a_[+cont][+voice] | ^^^^^ @ Rule 1, Line 1"
7.15,Proto-Algonquian to Ojibwe,"Ojibwe-j,wV-long",,index_diachronica_original.html:2021,False,syntax_other,,,,"Syntax Error: Only a segment, matrix, group, or reference can be negated | {j,w}V[-long] > ∅ / C_# in disyllables with V:[+long] or in tri(-plus-)syllables | ^^ @ Rule 1, Line 1"
8.3,Proto-Altaic to Proto-Mongolic,Proto-Mongolic-e-o-u-æ-ø-y,,index_diachronica_original.html:2173,False,nested_brackets,,,,"Syntax Error: Cannot have nested brackets of the same type | e o u æ ø y > {a,e} {o,u} {a,o,u a {a,o,u} {o,u,i} / _Ca | ^ @ Rule 1, Line 1"
8.3,Proto-Altaic to Proto-Mongolic,Proto-Mongolic-b,,index_diachronica_original.html:2183,False,multiple_underlines_env,,,,"Syntax Error: Cannot have multiple underlines in an environment | b > h / _ // {r,rʲ,l,lʲ}_ or _ɡ | ^ @ Rule 1, Line 1"
8.3,Proto-Altaic to Proto-Mongolic,Proto-Mongolic-pʰ_3,,index_diachronica_original.html:2186,False,unknown_feature,highpitch,high,,"Syntax Error: Unknown feature 'highpitch'. Did you mean high? | pʰ > b / #_%[+high pitch] | ^^^^^^^^^^^ @ Rule 1, Line 1"
8.4,Proto-Altaic to Proto-Tungusic,Proto-Tungusic-U-long-+low-pitch-U+long-low-pitch,,index_diachronica_original.html:2241,False,unknown_feature,lowpitch,voice,,"Syntax Error: Unknown feature 'lowpitch'. Did you mean voice? | %[-long +low pitch] %[+long -low pitch] > %[+long] %[-long] | ^^^^^^^^^^ @ Rule 1, Line 1"
8.5.1,Proto-Turkic to Proto-Kypchak,Proto-Kypchak-ɡm-rɡ,,index_diachronica_original.html:2291,False,missing_slash_output_env,),,end of line,"Syntax Error: Expected end of line, received ')'. Did you forget a '/' between the output and environment? | mɡ ɡr > rɡ but it might be a typo) | ^ @ Rule 1, Line 2"
10.1.1,Proto-Malayo-Polynesian to Proto-Bali-Sasak-Sumbawan,Proto-Bali-Sasak-Sumbawan-HəS,,index_diachronica_original.html:2540,False,expected_ipa,(,,IPA character,"Syntax Error: Expected an IPA character, Primative or Matrix, but received '(' | [-place]əP > {hə(N)P,ə(N)P} / #_ | ^ @ Rule 1, Line 1"
10.1.2.7.2,Proto-Kalamian to Karamiananen,Karamiananen-s_4,,index_diachronica_original.html:2716,False,missing_slash_output_env,&,,end of line,"Syntax Error: Expected end of line, received '&'. Did you forget a '/' between the output and environment? | s > c& _ | ^ @ Rule 1, Line 1"
10.2.2,Proto-Malayo-Polynesian to Chamorro,Chamorro-i-u_2,,index_diachronica_original.html:2808,False,segments_before_word,,,,"Syntax Error: Cannot have segments before the beginning of a word | i u > e o / CC# | ^ @ Rule 1, Line 1"
10.2.6.1,Proto-North Sarawak to Kiput,Kiput-V+stress,,index_diachronica_original.html:2989,False,expected_number,ə,,number,"Syntax Error: Expected number, but received ə | V[+stress] > V:[+long] / _C# // V = ə and/or C = h | ^ @ Rule 1, Line 1"
10.2.6.1,Proto-North Sarawak to Kiput,Kiput-əi̯-əu̯,,index_diachronica_original.html:3002,False,expected_underscore,,,_,"Syntax Error: Expected '_', but received '' | əi̯ əu̯ > ai̯ au̯ // O[+voice] earlier in the word | ^ @ Rule 1, Line 1"
10.2.6.2.1,Proto-Kenyah to Òma Lóngh,"Òma-Lóngh-p,t-n",,index_diachronica_original.html:3050,False,unknown_character,̚,,,"Syntax Error: Unknown character '̚' | {p,t} n > c̚ ɲ / {i,ɛ}_# | ^ @ Rule 1, Line 1"
10.2.6.2.1,Proto-Kenyah to Òma Lóngh,Òma-Lóngh-ŋ,,index_diachronica_original.html:3057,False,unknown_character,̊,,,"Syntax Error: Unknown character '̊' | ŋ > ŋ̊ / _# | ^ @ Rule 1, Line 1"
10.3.2,Proto-Oceanic to Hiw,Hiw-”V+-higher,,index_diachronica_original.html:3118,False,syntax_other,,,,"Syntax Error: Feature 'er' has no modifier | V:[+stress][+ high(er)] > ∅ / _CV | ^^ @ Rule 1, Line 1"
10.3.3,Proto-Oceanic to Lemerig,Lemerig-—-aCa,,index_diachronica_original.html:3148,False,panic_other,,,,thread panicked at src/rule/subrule/substitution.rs
10.3.5.3,Proto-New Caledonia to Nemi-Pije-Fwai,Nemi-Pije-Fwai-ONV,,index_diachronica_original.html:3236,False,expected_underscore,,,_,"Syntax Error: Expected '_', but received '' | ONV > C:[+labial][+spread]ṽ / C:[+labial]ije and Fwai | ^ @ Rule 1, Line 1"
10.3.5.3,Proto-New Caledonia to Nemi-Pije-Fwai,Nemi-Pije-Fwai-f,,index_diachronica_original.html:3237,False,expected_underscore,,,_,"Syntax Error: Expected '_', but received '' | f > ɸ / C:[+labial]ije and Fwai | ^ @ Rule 1, Line 1"
10.3.5.4.1,Proto-Northern to Nixumwak-Nêlêmwa,Nixumwak-Nêlêmwa-V,,index_diachronica_original.html:3251,False,expected_underscore,,,_,"Syntax Error: Expected '_', but received '' | V > ∅ / _#, often | ^ @ Rule 1, Line 1"
10.3.5.4.1,Proto-Northern to Nixumwak-Nêlêmwa,Nixumwak-Nêlêmwa-pwʰ-pʰ-tʰ-kʰ,,index_diachronica_original.html:3265,False,expected_underscore,,,_,"Syntax Error: Expected '_', but received '' | pʷʰ pʰ tʰ kʰ > fw f r:[+spread,+voice] x / Nelemwa | ^ @ Rule 1, Line 1"
10.3.7,Proto-Oceanic to Shark Bay,Shark-Bay-V,,index_diachronica_original.html:3410,False,expected_number,j,,number,"Syntax Error: Expected number, but received j | V > e / C_# // C = j | ^ @ Rule 1, Line 1"
10.3.8,Proto-Oceanic to Tolomako,Tolomako-m-b,,index_diachronica_original.html:3424,False,unknown_character,̼,,,"Syntax Error: Unknown character '̼' | m b > n̼ t̼ / _{a,e,i} | ^ @ Rule 1, Line 1"
10.3.9.3,Proto-Utupua to Tanibili,"Tanibili-r,l",,index_diachronica_original.html:3481,False,empty_io_panic,,,,"Syntax Error: The output of a deletion rule must only contain `*` or `∅` | l > ∅?) | ^ @ Rule 1, Line 2"
10.3.11.1,Proto-Southern Vanuatu to Anejom,Anejom-C,,index_diachronica_original.html:3548,False,expected_number,t,,number,"Syntax Error: Expected number, but received t | C > ∅ / _# // C = t | ^ @ Rule 1, Line 1"
10.3.11.3,Proto-Southern Vanuatu to Proto-Tanna,Proto-Tanna-s-c-*J,,index_diachronica_original.html:3632,False,prose_or_expected_arrow,,,,"Syntax Error: Expected '>', '->' or '=>', but received '*' | s c *{L,G} > {h,z} {s,z} z | ^ @ Rule 1, Line 1"
10.4.1,Proto-Micronesian to Marshallese,"Marshallese-ç,s-x",,index_diachronica_original.html:3770,False,unknown_character,ᵚ,,,"Syntax Error: Unknown character 'ᵚ' | {ç,s} x > tᵚ | ^ @ Rule 1, Line 1"
10.5,Proto-Austronesian to Proto-Ongan,"Proto-Ongan-c,*C,s,*S",,index_diachronica_original.html:3782,False,expected_ipa,*,,IPA character,"Syntax Error: Expected an IPA character, Primative or Matrix, but received '*' | {c,*C,s,*P} > c | ^ @ Rule 1, Line 1"
10.5,Proto-Austronesian to Proto-Ongan,Proto-Ongan-ɟ-ɡ-*N-*R,,index_diachronica_original.html:3785,False,prose_or_expected_arrow,,,,"Syntax Error: Expected '>', '->' or '=>', but received '*' | ɟ ɡ *N [+son,-syll] > {ɟ,j} {ɟ,ɡ} {l,j} {l,r} | ^ @ Rule 1, Line 1"
10.5.1,Proto-Ongan to Jarawa,Jarawa-∅,,index_diachronica_original.html:3798,False,segments_before_word,,,,"Syntax Error: Cannot have segments before the beginning of a word | ∅ > a / h#_ | ^ @ Rule 1, Line 1"
10.7,Proto-Austronesian to Proto-Rukai,"Proto-Rukai-t1,c-d1,z-d3",,index_diachronica_original.html:3849,False,unknown_character,₁,,,"Syntax Error: Unknown character '₁' | {t₁,c} {d₁,z} d₃ > t d ɖ | ^ @ Rule 1, Line 1"
10.7,Proto-Austronesian to Proto-Rukai,Proto-Rukai-S1-s-d2-*C,,index_diachronica_original.html:3851,False,unknown_character,₂,,,"Syntax Error: Unknown character '₂' | S=1 s d₂ *C > s θ ð ts | ^ @ Rule 1, Line 1"
10.8,Proto-Austronesian to Proto-Tsouic,"Proto-Tsouic-*C,d-j-*R",,index_diachronica_original.html:3863,False,expected_ipa,*,,IPA character,"Syntax Error: Expected an IPA character, Primative or Matrix, but received '*' | {*C,d} j [+son,-syll] > c z r | ^ @ Rule 1, Line 1"
11.5.1,Proto-Lezgic to Agul,Agul-tɬ-tɬː-tɬʼ-tɬːʼ-dɮ,,index_diachronica_original.html:3967,False,expected_ipa,",",,IPA character,"Syntax Error: Expected an IPA character, Primative or Matrix, but received ',' | tɬ tɬ:[+long] tɬ:[+cg] tɬ:[+long,+cg] dɮ > xʲ x k:[+cg] k:[+long] {,j,xʲ} | ^ @ Rule 1, Line 1"
11.5.6,Proto-Lezgic to Udi,Udi-q-qʼ-qːʼ-ɢ,,index_diachronica_original.html:4027,False,empty_io_panic,,,,"Syntax Error: The output of a deletion rule must only contain `*` or `∅` | q q:[+cg] q:[+long,+cg] ɢ > ∅ q:[+cg] ɣ | ^ @ Rule 1, Line 1"
12.1,Proto-Northwest Caucasian to Proto-Abazgi,"Proto-Abazgi-pʷ,pʲ-pʲː,bˤ-bʷ-pʷʲ-bʷʲ",,index_diachronica_original.html:4110,False,unknown_character,ː,,,"Syntax Error: Unknown character 'ː' | {pʷ,pʲ} {pː,pʲː,bˤ} bʷ pʷʲ bʷʲ > p b f tsʲ dzʲ | ^ @ Rule 1, Line 1"
12.1,Proto-Northwest Caucasian to Proto-Abazgi,Proto-Abazgi-qʷʲʼ,,index_diachronica_original.html:4146,False,missing_slash_output_env,(,,end of line,"Syntax Error: Expected end of line, received '('. Did you forget a '/' between the output and environment? | qʷʲ:[+cg] > ʕʷ (qʷ:[+cg]?) | ^ @ Rule 1, Line 1"
12.1,Proto-Northwest Caucasian to Proto-Abazgi,Proto-Abazgi-qˤʷ-qˤʷː-qˤʷʼ-χˤʷ-ʁˤʷ,,index_diachronica_original.html:4152,False,missing_slash_output_env,(,,end of line,"Syntax Error: Expected end of line, received '('. Did you forget a '/' between the output and environment? | qˤʷ qˤʷ:[+long] qˤʷ:[+cg] χˤʷ ʁˤʷ > ħʷ ʕʷ {qʷ:[+cg],qʷ} ħʷ (ħʷ?) | ^ @ Rule 1, Line 1"
12.1.2,Proto-Abazgi to Tapanta Abaza,Tapanta-Abaza-tɕʷʼ-dʑʷ,,index_diachronica_original.html:4168,False,nested_brackets,,,,"Syntax Error: Cannot have nested brackets of the same type | {tɕʷ:[+cg],tɕʷ} dʑʷ > {{tɕ:[+cg],tɕ},{tɕʷ:[+cg],tɕʷ},tʃʷ:[+cg],tʃʷ} {dʑ,dʑʷ,dʒʷ} | ^ @ Rule 1, Line 1"
12.1.2,Proto-Abazgi to Tapanta Abaza,"Tapanta-Abaza-tʷʼ,dʷ",,index_diachronica_original.html:4171,False,nested_brackets,,,,"Syntax Error: Cannot have nested brackets of the same type | {tʷ:[+cg],tʷ,dʷ} > {{tɕ:[+cg],tɕ},{tɕʷ:[+cg],tɕʷ},{tʃ:[+cg],tʃ},{tʃʷ:[+cg],tʃʷ}} {dʒ,dʒʷ,dʑ,dʑʷ} | ^ @ Rule 1, Line 1"
12.2,Proto-Northwest Caucasian to Proto-Circassian,"Proto-Circassian-qʲʷː-qʲʷ-ɢʲʷ,ʁʲʷ-χʲʷ",,index_diachronica_original.html:4265,False,prose_or_expected_arrow,,,,"Syntax Error: Expected '>', '->' or '=>', but received '}' | qʲʷ:[+long] qʲʷ ɢʲʷ,ʁʲʷ} χʲʷ > qʷ:[+long] ʔʷ ʁʷ χʷ | ^ @ Rule 1, Line 1"
12.3,Proto-Northwest Caucasian to Ubykh,Ubykh-tʷː-tʷʲʼ,,index_diachronica_original.html:4379,False,unknown_character,ː,,,"Syntax Error: Unknown character 'ː' | {tː,tʷː} tʷʲ:[+cg] > {t,tʷ} tʷ:[+cg] | ^ @ Rule 1, Line 1"
12.3,Proto-Northwest Caucasian to Ubykh,Ubykh-tsʲː-tsʷː-dzʲ,,index_diachronica_original.html:4383,False,unknown_character,ː,,,"Syntax Error: Unknown character 'ː' | {tsː,tsʲː} tsʷ:[+long] dzʲ > ts tsʷ dz | ^ @ Rule 1, Line 1"
13.1,Proto-Chumash to Barbareño,Barbareño-R-glottalizedVˀR,,index_diachronica_original.html:4437,False,prose_or_expected_arrow,,,,"Syntax Error: Expected '>', '->' or '=>', but received 'ˀ' | [+son,-syll][+place]Vˀ[+son,-syll] > ˀ[+son,-syll]V[+son,-syll][+place] / _$ | ^ @ Rule 1, Line 1"
13.1,Proto-Chumash to Barbareño,Barbareño-R-glottalizedVOʼ,,index_diachronica_original.html:4438,False,unknown_feature,ejective,contin,,"Syntax Error: Unknown feature 'ejective'. Did you mean contin? | [+son,-syll][+place]VO:[+cg] > ˀ[+son,-syll]VO[- ejective] / _$ | ^^^^^^^^^^ @ Rule 1, Line 1"
13.3,Proto-Chumash to Inseño,Inseño-ˀN-ˀw,,index_diachronica_original.html:4449,False,floating_diacritic,,,,"Syntax Error: Floating diacritic. Diacritics can only be used to modify IPA Segments | ˀN ˀw > N w | ^ @ Rule 1, Line 1"
13.4,Proto-Chumash to Obispeño,"Obispeño-ˀm,ˀn",0,index_diachronica_original.html:4456,False,floating_diacritic,,,,"Syntax Error: Floating diacritic. Diacritics can only be used to modify IPA Segments | ˀm > ∅ | ^ @ Rule 1, Line 1"
13.4,Proto-Chumash to Obispeño,"Obispeño-ˀm,ˀn",1,index_diachronica_original.html:4456,False,floating_diacritic,,,,"Syntax Error: Floating diacritic. Diacritics can only be used to modify IPA Segments | ˀn > ʔ | ^ @ Rule 1, Line 1"
13.4,Proto-Chumash to Obispeño,Obispeño-ˀw,,index_diachronica_original.html:4457,False,floating_diacritic,,,,"Syntax Error: Floating diacritic. Diacritics can only be used to modify IPA Segments | ˀw > w | ^ @ Rule 1, Line 1"
13.4,Proto-Chumash to Obispeño,Obispeño-ˀj,,index_diachronica_original.html:4458,False,floating_diacritic,,,,"Syntax Error: Floating diacritic. Diacritics can only be used to modify IPA Segments | ˀj > ∅ | ^ @ Rule 1, Line 1"
13.5,Proto-Chumash to Purisimeño,Purisimeño-ˀj,,index_diachronica_original.html:4463,False,floating_diacritic,,,,"Syntax Error: Floating diacritic. Diacritics can only be used to modify IPA Segments | ˀj > ∅ | ^ @ Rule 1, Line 1"
13.6,Proto-Chumash to Ventureño,Ventureño-ˀm-ˀn-ˀl-ˀj,,index_diachronica_original.html:4471,False,floating_diacritic,,,,"Syntax Error: Floating diacritic. Diacritics can only be used to modify IPA Segments | ˀm ˀn ˀl ˀj > m n l j | ^ @ Rule 1, Line 1"
14.2,Proto-Elamo-Dravidian to Achaemanid Elamite,Achaemanid-Elamite-r̀,,index_diachronica_original.html:4526,False,unknown_character,̀,,,"Syntax Error: Unknown character '̀' | r̀ > r / V_{V,C} | ^ @ Rule 1, Line 1"
14.2,Proto-Elamo-Dravidian to Achaemanid Elamite,Achaemanid-Elamite-ŕ,,index_diachronica_original.html:4527,False,unknown_character,ŕ,,,"Syntax Error: Unknown character 'ŕ' | ŕ > r:[+long] / V_V | ^ @ Rule 1, Line 1"
14.2,Proto-Elamo-Dravidian to Achaemanid Elamite,Achaemanid-Elamite-nr̀,,index_diachronica_original.html:4528,False,unknown_character,̀,,,"Syntax Error: Unknown character '̀' | nr̀ > nr | ^ @ Rule 1, Line 1"
14.3.1,Standard Tamil to Colloquial Tamil,Colloquial-Tamil-l-ɭ,,index_diachronica_original.html:4548,False,stuff_after_word_bound,,,,"Syntax Error: Cannot have segments after the end of a word | l ɭ > l:[+long]ʉ ɭ:[+long]ʉ / _#(C)V[-long] | ^ @ Rule 1, Line 1"
14.3.1,Standard Tamil to Colloquial Tamil,Colloquial-Tamil-∅_2,,index_diachronica_original.html:4549,False,unknown_grouping,M,,,"Syntax Error: Unknown grouping 'M'. Known groupings are (C)onsonant, (O)bstruent, (S)onorant, (P)losive, (F)ricative, (L)iquid, (N)asal, (G)lide, and (V)owel | ∅ > ʉ / {l,ɭ}_# if {M,V:[+long]} previously in the lexeme | ^ @ Rule 1, Line 1"
14.3.1,Standard Tamil to Colloquial Tamil,Colloquial-Tamil-∅_3,0,index_diachronica_original.html:4555,False,expected_underscore,,,_,"Syntax Error: Expected '_', but received '' | ∅ > ɨ / to break up clusters | ^ @ Rule 1, Line 1"
14.3.1,Standard Tamil to Colloquial Tamil,Colloquial-Tamil-∅_3,1,index_diachronica_original.html:4555,False,expected_underscore,,,_,"Syntax Error: Expected '_', but received '' | ∅ > ʉ / to break up clusters | ^ @ Rule 1, Line 1"
14.3.1,Standard Tamil to Colloquial Tamil,Colloquial-Tamil-iː-eː,,index_diachronica_original.html:4557,False,unknown_character,̣,,,"Syntax Error: Unknown character '̣' | {i,i:[+long]} {e,e:[+long]} > {u,u:[+long]} {o,o:[+long]} / {m,v,p}_C̣ | ^ @ Rule 1, Line 1"
15.2.2,Proto-Eskimo to Greenlandic Iñupiaq,Greenlandic-Iñupiaq-Cː,,index_diachronica_original.html:4650,False,unknown_character,₁,,,"Syntax Error: Unknown character '₁' | C:[+long] > C // when CV_V in U₁U₂ | ^ @ Rule 1, Line 1"
15.2.2,Proto-Eskimo to Greenlandic Iñupiaq,"Greenlandic-Iñupiaq-m-n-ŋ-t-ɣ,ʁ«",,index_diachronica_original.html:4654,False,nested_brackets,,,,"Syntax Error: Cannot have nested brackets of the same type | m n ŋ t {{ɣ,ʁ} > {k,q}} / _# | ^ @ Rule 1, Line 1"
15.2.2,Proto-Eskimo to Greenlandic Iñupiaq,Greenlandic-Iñupiaq-lʁ,,index_diachronica_original.html:4661,False,syntax_other,,,,"Syntax Error: Output cannot be empty. Use `*` or '∅' to indicate deletion | Pome metathesis in consonant clusters, the conditions of which are not elaborated upon > | ^ @ Rule 1, Line 1"
15.2.5,Proto-Eskimo to Kuskokwim Yup’ik,Kuskokwim-Yup’ik-i-a-u,,index_diachronica_original.html:4728,False,unknown_feature,initial,nasal,,"Syntax Error: Unknown feature 'initial'. Did you mean nasal? | i a u > ii aa uu / C_ in %[+lo -initial -final] such that %[+lo]_ | ^^^^^^^^^ @ Rule 1, Line 1"
15.2.6,Proto-Eskimo to Nunivak Yup’ik,Nunivak-Yup’ik-i-a-u,,index_diachronica_original.html:4758,False,unknown_feature,initial,nasal,,"Syntax Error: Unknown feature 'initial'. Did you mean nasal? | i a u > ii aa uu / C_ in %[+lo -initial -final] such that %[+lo]_ | ^^^^^^^^^ @ Rule 1, Line 1"
15.2.7,Proto-Eskimo to Siberian Yup’ik,Siberian-Yup’ik-ə,,index_diachronica_original.html:4778,False,expected_underscore,,,_,"Syntax Error: Expected '_', but received '' | ə > a / | ^ @ Rule 1, Line 1"
15.2.8,Proto-Eskimo to Unaaliq Yup’ik,Unaaliq-Yup’ik-C,,index_diachronica_original.html:4802,False,segments_before_word,,,,"Syntax Error: Cannot have segments before the beginning of a word | C > C:[+long] / _V(..)V, after #% | ^ @ Rule 1, Line 1"
15.2.8,Proto-Eskimo to Unaaliq Yup’ik,Unaaliq-Yup’ik-i-a-u,,index_diachronica_original.html:4815,False,unknown_feature,initial,nasal,,"Syntax Error: Unknown feature 'initial'. Did you mean nasal? | i a u > ii aa uu / C_ in %[+lo -initial -final] such that %[+lo]_ | ^^^^^^^^^ @ Rule 1, Line 1"
17.2,Proto-Indo-European to Common Anatolian,Common-Anatolian-Dʱ,,index_diachronica_original.html:5037,False,prose_or_expected_arrow,,,,"Syntax Error: Expected '>', '->' or '=>', but received ':' | C:[+labial]:[+voice,+spread] > P:[+voice] | ^ @ Rule 1, Line 1"
17.2,Proto-Indo-European to Common Anatolian,Common-Anatolian-T-h2_3,,index_diachronica_original.html:5043,False,expected_underscore,,,_,"Syntax Error: Expected '_', but received '' | P:[-voice] x > P:[+voice] ɣʷ / V:[+stress, +long] | ^ @ Rule 1, Line 1"
17.2,Proto-Indo-European to Common Anatolian,Common-Anatolian-T-h2_4,,index_diachronica_original.html:5044,False,expected_underscore,,,_,"Syntax Error: Expected '_', but received '' | P:[-voice] x > P:[+voice] ɣʷ / G:[+stress] | ^ @ Rule 1, Line 1"
17.2,Proto-Indo-European to Common Anatolian,Common-Anatolian-t,,index_diachronica_original.html:5045,False,expected_underscore,,,_,"Syntax Error: Expected '_', but received '' | t > z / j | ^ @ Rule 1, Line 1"
17.2.1,Common Anatolian to Hittite,Hittite-e_2,,index_diachronica_original.html:5061,False,unknown_feature,posttonic,sonor,,"Syntax Error: Unknown feature 'posttonic'. Did you mean sonor? | e > a / _n in %[+lo +posttonic] | ^^^^^^^^^^ @ Rule 1, Line 1"
17.2.2,Common Anatolian to Luwian,Luwian-V_2,,index_diachronica_original.html:5086,False,expected_underscore,,,_,"Syntax Error: Expected '_', but received '' | V > V:[+long] / #%:[+stress] | ^ @ Rule 1, Line 1"
17.2.5,Common Anatolian to Palaic,Palaic-e,,index_diachronica_original.html:5162,False,expected_underscore,,,_,"Syntax Error: Expected '_', but received '' | e > i / pretonic | ^ @ Rule 1, Line 1"
17.2.5,Common Anatolian to Palaic,Palaic-e_2,,index_diachronica_original.html:5163,False,expected_underscore,,,_,"Syntax Error: Expected '_', but received '' | e > a / posttonic in %[+lo] | ^ @ Rule 1, Line 1"
17.2.5,Common Anatolian to Palaic,Palaic-hhy,,index_diachronica_original.html:5168,False,syntax_other,,,,"Syntax Error: Output cannot be empty. Use `*` or '∅' to indicate deletion | hhy > | ^ @ Rule 1, Line 1"
17.5,Proto-Indo-European to Proto-Celtic,Proto-Celtic-—-∅_2,,index_diachronica_original.html:5477,False,expected_underscore,,,_,"Syntax Error: Expected '_', but received '' | ∅ > i / C{l,r}P | ^ @ Rule 1, Line 1"
17.5,Proto-Indo-European to Proto-Celtic,Proto-Celtic-—-C1C2,,index_diachronica_original.html:5485,False,unknown_character,₂,,,"Syntax Error: Unknown character '₂' | C=1 C=2 > x2 / if C₂ was a plosive or s | ^ @ Rule 1, Line 1"
17.5.1,Proto-Indo-European to Old Irish,Old-Irish-p-t-k-kʷ-b-d-ɡ-m-n-l-r-s,,index_diachronica_original.html:5521,False,unknown_grouping,M,,,"Syntax Error: Unknown grouping 'M'. Known groupings are (C)onsonant, (O)bstruent, (S)onorant, (P)losive, (F)ricative, (L)iquid, (N)asal, (G)lide, and (V)owel | p t k kʷ b d ɡ m n l r s > f θ x xʷ v ð ɣ M N L [+son,-syll] h / V(#)_{[+son,-syll],V} | ^ @ Rule 1, Line 1"
17.5.1,Proto-Indo-European to Old Irish,Old-Irish-p-t-k-kʷ-b-d-ɡ-∅,,index_diachronica_original.html:5525,False,segments_before_word,,,,"Syntax Error: Cannot have segments before the beginning of a word | p t k kʷ b d ɡ > b d ɡ ɡʷ mb nd ŋɡ n / n#_V:[+stress] | ^ @ Rule 1, Line 1"
17.5.1,Proto-Indo-European to Old Irish,Old-Irish-—-o,,index_diachronica_original.html:5532,False,expected_ipa,(,,IPA character,"Syntax Error: Expected an IPA character, Primative or Matrix, but received '(' | o > a / _{(C,0),u}# | ^ @ Rule 1, Line 1"
17.5.1,Proto-Indo-European to Old Irish,"Old-Irish-—-p,t_2",,index_diachronica_original.html:5550,False,missing_slash_output_env,),,end of line,"Syntax Error: Expected end of line, received ')'. Did you forget a '/' between the output and environment? | {p,t} > ∅ / #s_ // #_) | ^ @ Rule 1, Line 1"
17.5.1,Proto-Indo-European to Old Irish,"Old-Irish-—-l,hl-l,hr-lp,s,n-rp,s-ln",,index_diachronica_original.html:5555,False,missing_slash_output_env,(,,end of line,"Syntax Error: Expected end of line, received '('. Did you forget a '/' between the output and environment? | {l,h}l {l,h}r l{p,s,n} r{p,s} ln > l:[+long] r:[+long] l:[+long] r:[+long] (l:[+long]?) / []_ | ^ @ Rule 1, Line 1"
17.5.1,Proto-Indo-European to Old Irish,Old-Irish-V,,index_diachronica_original.html:5557,False,expected_number,j,,number,"Syntax Error: Expected number, but received j | V > ∅ / C_# // C = j | ^ @ Rule 1, Line 1"
17.5.1,Proto-Indo-European to Old Irish,Old-Irish-C…C,,index_diachronica_original.html:5558,False,expected_underscore,/,,_,"Syntax Error: Expected '_', but received '/' | C(..)C > ∅ / _# // /l r/ and clusters containing them | ^ @ Rule 1, Line 1"
17.5.1,Proto-Indo-European to Old Irish,Old-Irish-V_3,,index_diachronica_original.html:5570,False,nested_brackets,,,,"Syntax Error: Cannot have nested brackets of the same type | V > ∅ / #%%(_)%(%(_)%) // _[-stress] | ^ @ Rule 1, Line 1"
17.5.2,Proto-Celtic to Middle Welsh,Middle-Welsh-V,,index_diachronica_original.html:5581,False,expected_underscore,,,_,"Syntax Error: Expected '_', but received '' | V > ə / _(C)#, also in proclitics | ^ @ Rule 1, Line 1"
17.5.2,Proto-Celtic to Middle Welsh,Middle-Welsh-V_4,,index_diachronica_original.html:5599,False,unknown_feature,intertonic,anterior,,"Syntax Error: Unknown feature 'intertonic'. Did you mean anterior? | V > ∅ / _[+intertonic] | ^^^^^^^^^^^ @ Rule 1, Line 1"
17.5.2,Proto-Celtic to Middle Welsh,Middle-Welsh-mp-nt-ŋk,,index_diachronica_original.html:5609,False,unknown_character,̊,,,"Syntax Error: Unknown character '̊' | mp nt ŋk > m̥ n̥ ŋ̊ | ^ @ Rule 1, Line 1"
17.7.1,Common Germanic to Gothic,Gothic-—-V-long,,index_diachronica_original.html:5656,False,expected_number,u,,number,"Syntax Error: Expected number, but received u | V[- long] > ∅ / _# // V = u | ^ @ Rule 1, Line 1"
17.7.1,Common Germanic to Gothic,Gothic-—-V-long_2,,index_diachronica_original.html:5657,False,expected_number,u,,number,"Syntax Error: Expected number, but received u | V[- long] > ∅ / %_C# // V = u | ^ @ Rule 1, Line 1"
17.7.1,Common Germanic to Gothic,Gothic-iw,,index_diachronica_original.html:5661,False,expected_underscore,,,_,"Syntax Error: Expected '_', but received '' | iw > ju / [- stress] | ^ @ Rule 1, Line 1"
17.7.1,Common Germanic to Gothic,Gothic-z,,index_diachronica_original.html:5683,False,expected_underscore,,,_,"Syntax Error: Expected '_', but received '' | z > s / _#, thoughthough it | ^ @ Rule 1, Line 1"
17.7.1,Common Germanic to Gothic,Gothic-s_3,,index_diachronica_original.html:5686,False,expected_underscore,",",,_,"Syntax Error: Expected '_', but received ',' | s > ∅ / , though this seems to have been less common | ^ @ Rule 1, Line 1"
17.7.2,Common Germanic to West Germanic,West-Germanic-C,,index_diachronica_original.html:5693,False,expected_number,r,,number,"Syntax Error: Expected number, but received r | C > C:[+long] / _j // C = r | ^ @ Rule 1, Line 1"
17.7.2.1,West Germanic to Anglo-Frisian,Anglo-Frisian-a_2,,index_diachronica_original.html:5702,False,expected_underscore,",",,_,"Syntax Error: Expected '_', but received ',' | a > æ:[+long] / short only, includes diphthongs // V:[+back] or *ã in next syllable | ^ @ Rule 1, Line 1"
17.7.2.1,West Germanic to Anglo-Frisian,Anglo-Frisian-æu,,index_diachronica_original.html:5706,False,missing_slash_output_env,),,end of line,"Syntax Error: Expected end of line, received ')'. Did you forget a '/' between the output and environment? | au > a / _V:[+back] in general?) | ^ @ Rule 1, Line 2"
17.7.2.1,West Germanic to Anglo-Frisian,Anglo-Frisian-a_3,,index_diachronica_original.html:5711,False,expected_underscore,*,,_,"Syntax Error: Expected '_', but received '*' | a > æ // _N or if nasalized, or if *V:[+back] or *ã in next syllable | ^ @ Rule 1, Line 1"
17.7.2.1,West Germanic to Anglo-Frisian,"Anglo-Frisian-i,u",,index_diachronica_original.html:5713,False,syntax_other,,,,"Syntax Error: Only a segment, matrix, group, or reference can be negated | {i,u} > ∅ / -# // VC_ | ^^ @ Rule 1, Line 1"
17.7.2.1.2,Old English to Kentish Middle English,Kentish-Middle-English-ɑ-e-o,,index_diachronica_original.html:5738,False,expected_underscore,/,,_,"Syntax Error: Expected '_', but received '/' | ɑ e o > ɑ:[+long] ɛ:[+long] o:[+long] / _ %[+lo] // #% with the following % containing i:[+long] or ending in one of /m n r l/ | ^ @ Rule 1, Line 1"
17.7.2.1.2,Old English to Kentish Middle English,Kentish-Middle-English-Vː_2,,index_diachronica_original.html:5740,False,expected_underscore,,,_,"Syntax Error: Expected '_', but received '' | V:[+long] > V[-long] / #% before a % with i:[+long] | ^ @ Rule 1, Line 1"
17.7.2.1.3,Old English to Midlands Middle English,Midlands-Middle-English-ɑ-e-o,,index_diachronica_original.html:5760,False,expected_underscore,/,,_,"Syntax Error: Expected '_', but received '/' | ɑ e o > ɑ:[+long] ɛ:[+long] o:[+long] / _ %[+lo] // #% with the following % containing i:[+long] or ending in one of /m n r l/ | ^ @ Rule 1, Line 1"
17.7.2.1.3,Old English to Midlands Middle English,Midlands-Middle-English-Vː_2,,index_diachronica_original.html:5761,False,expected_underscore,,,_,"Syntax Error: Expected '_', but received '' | V:[+long] > V[-long] / #% before a % with i:[+long] | ^ @ Rule 1, Line 1"
17.7.2.1.4,Midlands Middle English to Early Modern English,Early-Modern-English-ʊ,,index_diachronica_original.html:5771,False,invalid_ipa,,,,"Syntax Error: Could not get value of IPA 'ǃ'. | ʊ > ɤ ! C:[+labial]_ and _l | ^ @ Rule 1, Line 1"
17.7.2.1.4,Midlands Middle English to Early Modern English,Early-Modern-English-a_2,,index_diachronica_original.html:5780,False,expected_underscore,,,_,"Syntax Error: Expected '_', but received '' | a > æ / else | ^ @ Rule 1, Line 1"
17.7.2.1.5,Early Modern English to American English,American-English-w,,index_diachronica_original.html:5803,False,syntax_other,{,,:,"Syntax Error: Expected ':', but received '{' | w > ∅ / C_ɹ for some C ({toward,towards}, {quart,quarter}, sword) | ^ @ Rule 1, Line 1"
17.7.2.1.6,Early Modern English to Australian English,Australian-English-ɫ,,index_diachronica_original.html:5821,False,expected_underscore,,,_,"Syntax Error: Expected '_', but received '' | ɫ > əɫ // if one of the above vowel changes after the formation of ɫ apply | ^ @ Rule 1, Line 1"
17.7.2.1.6,Early Modern English to Australian English,Australian-English-æ_2,,index_diachronica_original.html:5839,False,expected_ipa,//,,IPA character,"Syntax Error: Expected an IPA character, Primative or Matrix, but received '//' | æ > æ:[+long] / _{n,m,ɡ,ɫ$ // _n,m,ɡ,ɫ}${j,w} or a form of a strong verb | ^^ @ Rule 1, Line 1"
17.7.2.1.6,Early Modern English to Australian English,Australian-English-æ_3,,index_diachronica_original.html:5840,False,expected_underscore,,,_,"Syntax Error: Expected '_', but received '' | æ > æ:[+long] / _d // form of a strong verb | ^ @ Rule 1, Line 1"
17.7.2.1.8,Old English to Northern Middle English,Northern-Middle-English-ɑ-e-o,,index_diachronica_original.html:5868,False,expected_underscore,/,,_,"Syntax Error: Expected '_', but received '/' | ɑ e o > ɑ:[+long] ɛ:[+long] o:[+long] / _ %[+lo] // #% with the following % containing i:[+long] or ending in one of /m n r l/ | ^ @ Rule 1, Line 1"
17.7.2.1.8,Old English to Northern Middle English,Northern-Middle-English-Vː_2,,index_diachronica_original.html:5870,False,expected_underscore,,,_,"Syntax Error: Expected '_', but received '' | V:[+long] > V[-long] / #% before a % with i:[+long] | ^ @ Rule 1, Line 1"
17.7.2.1.12,Old English to Southern Middle English,Southern-Middle-English-ɑ-e-o,,index_diachronica_original.html:5998,False,expected_underscore,/,,_,"Syntax Error: Expected '_', but received '/' | ɑ e o > ɑ:[+long] ɛ:[+long] o:[+long] / _ %[+lo] // #% with the following % containing i:[+long] or ending in one of /m n r l/ | ^ @ Rule 1, Line 1"
17.7.2.1.12,Old English to Southern Middle English,Southern-Middle-English-Vː_2,,index_diachronica_original.html:6000,False,expected_underscore,,,_,"Syntax Error: Expected '_', but received '' | V:[+long] > V[-long] / #% before a % with i:[+long] | ^ @ Rule 1, Line 1"
17.7.2.1.12,Old English to Southern Middle English,Southern-Middle-English-e,,index_diachronica_original.html:6006,False,expected_underscore,,,_,"Syntax Error: Expected '_', but received '' | e > ∅ / if another e one syllable previous | ^ @ Rule 1, Line 1"
17.7.2.1.13,Middle English to Yola,Yola-F,,index_diachronica_original.html:6014,False,expected_number,ʍ,,number,"Syntax Error: Expected number, but received ʍ | F > F[+ voice] / #_ // F = ʍ | ^ @ Rule 1, Line 1"
17.7.2.2,West Germanic to Old Low Franconian,Old-Low-Franconian-uː_3,,index_diachronica_original.html:6049,False,missing_slash_output_env,),,end of line,"Syntax Error: Expected end of line, received ')'. Did you forget a '/' between the output and environment? | ʉ:[+long] > ʉw / _V) | ^ @ Rule 1, Line 2"
17.7.2.2.1,Old Low Franconian to Middle Dutch,Middle-Dutch-V-long-+stress,,index_diachronica_original.html:6067,False,expected_underscore,,,_,"Syntax Error: Expected '_', but received '' | V[-long +stress] > V:[+long] / open syllables | ^ @ Rule 1, Line 1"
17.7.2.3,Middle High German to Standard German,Standard-German-uː-yː-iː,,index_diachronica_original.html:6109,False,expected_underscore,",",,_,"Syntax Error: Expected '_', but received ',' | u:[+long] y:[+long] i:[+long] > ou øy ei // in certain unstressed endings and monosyllables, _C{C,V,#} , and Low German borrowings | ^ @ Rule 1, Line 1"
17.7.2.3,Middle High German to Standard German,Standard-German-V_4,,index_diachronica_original.html:6119,False,expected_underscore,,,_,"Syntax Error: Expected '_', but received '' | V > V:[+long] / by analogy in some cases | ^ @ Rule 1, Line 1"
17.7.2.3,Middle High German to Standard German,Standard-German-ə,,index_diachronica_original.html:6120,False,expected_underscore,,,_,"Syntax Error: Expected '_', but received '' | ə > ∅ / _[-stress], but not in every case | ^ @ Rule 1, Line 1"
17.7.2.3,Middle High German to Standard German,Standard-German-∅,,index_diachronica_original.html:6121,False,unknown_grouping,M,,,"Syntax Error: Unknown grouping 'M'. Known groupings are (C)onsonant, (O)bstruent, (S)onorant, (P)losive, (F)ricative, (L)iquid, (N)asal, (G)lide, and (V)owel | ∅ > ə / M_r$ | ^ @ Rule 1, Line 1"
17.7.3,Common Germanic to Proto-Norse,"Proto-Norse-æ,eːwa",,index_diachronica_original.html:6165,False,nested_brackets,,,,"Syntax Error: Cannot have nested brackets of the same type | {æ,e}:[+long](w(a)) > a:[+long] | ^ @ Rule 1, Line 1"
17.7.3,Common Germanic to Proto-Norse,Proto-Norse-wuː-iː,,index_diachronica_original.html:6172,False,expected_number,N,,number,"Syntax Error: Expected number, but received N | {wu,wu:[+long],u,u:[+long]} {i,i:[+long]} > {wo,wo:[+long],o,o:[+long]} {e,e:[+long]} / _(C)(C)a // CC = NC or one C = {ʀ,j} | ^ @ Rule 1, Line 1"
17.7.3.1,Proto-Norse to Old Norse,Old-Norse-ʀ,,index_diachronica_original.html:6199,False,missing_slash_output_env,_,,end of line,"Syntax Error: Expected end of line, received '_'. Did you forget a '/' between the output and environment? | ʀ > r_n | ^ @ Rule 1, Line 1"
17.7.3.1,Proto-Norse to Old Norse,Old-Norse-a_4,,index_diachronica_original.html:6204,False,expected_underscore,/,,_,"Syntax Error: Expected '_', but received '/' | a > u / $u / // :{#_#, #<.._>}: | ^ @ Rule 1, Line 1"
17.7.3.1,Proto-Norse to Old Norse,Old-Norse-waː-naː,,index_diachronica_original.html:6205,False,segments_before_word,,,,"Syntax Error: Cannot have segments before the beginning of a word | wa:[+long] na:[+long] > o:[+long] no:[+long] / $u in #% | ^ @ Rule 1, Line 1"
17.7.3.1,Proto-Norse to Old Norse,"Old-Norse-B,E",,index_diachronica_original.html:6210,False,expected_number,ɒ,,number,"Syntax Error: Expected number, but received ɒ | {V:[+back],V:[+front]} > ∅ / CC_{ʀ,s,t,θ}# // V:[+back] = ɒ | ^ @ Rule 1, Line 1"
17.7.3.1,Proto-Norse to Old Norse,"Old-Norse-B,E_2",,index_diachronica_original.html:6215,False,expected_number,ɒ,,number,"Syntax Error: Expected number, but received ɒ | {V:[+back],V:[+front]} > ∅ / CC_%# // V:[+back] = ɒ | ^ @ Rule 1, Line 1"
17.7.3.1,Proto-Norse to Old Norse,"Old-Norse-B,E_3",,index_diachronica_original.html:6219,False,expected_number,ɒ,,number,"Syntax Error: Expected number, but received ɒ | {V:[+back],V:[+front]} > ∅ / _%# // V:[+back] = ɒ | ^ @ Rule 1, Line 1"
17.7.3.1,Proto-Norse to Old Norse,Old-Norse-k_3,,index_diachronica_original.html:6241,False,expected_underscore,,,_,"Syntax Error: Expected '_', but received '' | k > ∅ / s_l,t | ^ @ Rule 1, Line 1"
17.7.3.1.1,Old Norse to Early Icelandic,Early-Icelandic-O,,index_diachronica_original.html:6361,False,syntax_other,α,,ASCII character,"Syntax Error: Expected ASCII character, but received 'α' | O:[α PLACE] > ∅ / {F:[- α PLACE],r,l}_O | ^ @ Rule 1, Line 1"
17.7.3.1.1,Old Norse to Early Icelandic,Early-Icelandic-r,,index_diachronica_original.html:6366,False,expected_underscore,//,,_,"Syntax Error: Expected '_', but received '//' | r > r̥ / P[- voice] // _# | ^^ @ Rule 1, Line 1"
17.7.3.1.1,Old Norse to Early Icelandic,Early-Icelandic-V_2,,index_diachronica_original.html:6379,False,expected_underscore,,,_,"Syntax Error: Expected '_', but received '' | V > V:[+long] // _CCV, in polysyllables | ^ @ Rule 1, Line 1"
17.7.3.1.1,Old Norse to Early Icelandic,"Early-Icelandic-n̥n,nn̥",,index_diachronica_original.html:6380,False,expected_ipa,>,,IPA character,"Syntax Error: Expected an IPA character, Primative or Matrix, but received '>' | {n̥n,nn̥ > tn̥ / V_ | ^ @ Rule 1, Line 1"
17.7.3.1.1,Old Norse to Early Icelandic,"Early-Icelandic-r̥n,r̥n̥,rn̥",,index_diachronica_original.html:6385,False,expected_ipa,>,,IPA character,"Syntax Error: Expected an IPA character, Primative or Matrix, but received '>' | {r̥n,r̥n̥,rn̥ > tn̥ | ^ @ Rule 1, Line 1"
17.7.3.1.1,Old Norse to Early Icelandic,"Early-Icelandic-ɬl,ɬː",,index_diachronica_original.html:6389,False,expected_ipa,>,,IPA character,"Syntax Error: Expected an IPA character, Primative or Matrix, but received '>' | {ɬl,ɬ:[+long] > tɬ | ^ @ Rule 1, Line 1"
17.7.3.1.2,Old Norse to Orkney Norn,Orkney-Norn-ð_2,,index_diachronica_original.html:6425,False,syntax_other,,,,"Syntax Error: Output cannot be empty. Use `*` or '∅' to indicate deletion | ð > /{a,V:[+front]}_ | ^ @ Rule 1, Line 1"
17.7.3.1.2,Old Norse to Orkney Norn,Orkney-Norn-l_3,,index_diachronica_original.html:6433,False,stuff_after_word_bound,,,,"Syntax Error: Cannot have segments after the end of a word | l > ∅ / _# ? | ^ @ Rule 1, Line 1"
17.7.3.1.3,Old Norse to Shetland Norn,Shetland-Norn-ɒ_2,,index_diachronica_original.html:6518,False,syntax_other,,,,"Syntax Error: Feature 'alveolar' has no modifier | ɒ > ø / _O[+cor,+anterior,+dist/alveolar] | ^^^^^^^^ @ Rule 1, Line 1"
17.7.3.1.3,Old Norse to Shetland Norn,Shetland-Norn-a,,index_diachronica_original.html:6521,False,syntax_other,,,,"Syntax Error: Feature 'alveolar' has no modifier | a > ∅ / C[+cor,+anterior,+dist/alveolar]_u | ^^^^^^^^ @ Rule 1, Line 1"
17.7.3.1.3,Old Norse to Shetland Norn,Shetland-Norn-a_2,0,index_diachronica_original.html:6522,False,expected_number,w,,number,"Syntax Error: Expected number, but received w | a > o / _{C:[-front,+back,+hi,-lo],r} // C:[-front,+back,+hi,-lo] = w ?) | ^ @ Rule 1, Line 1"
17.7.3.1.3,Old Norse to Shetland Norn,Shetland-Norn-a_2,1,index_diachronica_original.html:6522,False,expected_number,w,,number,"Syntax Error: Expected number, but received w | a > ɔ / _{C:[-front,+back,+hi,-lo],r} // C:[-front,+back,+hi,-lo] = w ?) | ^ @ Rule 1, Line 1"
17.7.3.1.3,Old Norse to Shetland Norn,Shetland-Norn-yː,,index_diachronica_original.html:6528,False,syntax_other,,,,"Syntax Error: Feature 'alveolar' has no modifier | y:[+long] > ø / _O[+cor,+anterior,+dist/alveolar] | ^^^^^^^^ @ Rule 1, Line 1"
17.10,Proto-Indo-European to Proto-Indo-Iranian,"Proto-Indo-Iranian-h1,h3",,index_diachronica_original.html:6825,False,empty_io_panic,,,,"Syntax Error: The output of a deletion rule must only contain `*` or `∅` | {h,ɣʷ} > *[-place] | ^ @ Rule 1, Line 1"
17.10,Proto-Indo-European to Proto-Indo-Iranian,Proto-Indo-Iranian-*H,,index_diachronica_original.html:6826,False,empty_io_panic,,,,"Syntax Error: The input of an insertion rule must only contain `*` or `∅` | *[-place] > ∅ / P_ | ^ @ Rule 1, Line 1"
17.10,Proto-Indo-European to Proto-Indo-Iranian,Proto-Indo-Iranian-s,,index_diachronica_original.html:6828,False,expected_underscore,",",,_,"Syntax Error: Expected '_', but received ',' | s > ʃ / :{u,i,l,r,C:[-front,+back,+hi,-lo],C:[+front,+hi,-lo]}: | ^ @ Rule 1, Line 1"
17.10,Proto-Indo-European to Proto-Indo-Iranian,Proto-Indo-Iranian-Bʱ1P2,,index_diachronica_original.html:6830,False,unknown_character,₁,,,"Syntax Error: Unknown character '₁' | V:[+back]ʱ₁P=2 > B=1 V:[+back]ʱ₂ | ^ @ Rule 1, Line 1"
17.10,Proto-Indo-European to Proto-Indo-Iranian,Proto-Indo-Iranian-BʱBʱ,,index_diachronica_original.html:6831,False,prose_or_expected_arrow,,,,"Syntax Error: Expected '>', '->' or '=>', but received 'ʱ' | V:[+back,+spread,+voice]V:[+back]ʱ > V:[+back]V:[+back,+spread,+voice] | ^ @ Rule 1, Line 1"
17.10,Proto-Indo-European to Proto-Indo-Iranian,Proto-Indo-Iranian-k-ɡ-ɡʱ,,index_diachronica_original.html:6837,False,expected_underscore,",",,_,"Syntax Error: Expected '_', but received ',' | k ɡ ɡʱ > c ɟ ɟʱ / _e,i,j | ^ @ Rule 1, Line 1"
17.10,Proto-Indo-European to Proto-Indo-Iranian,"Proto-Indo-Iranian-e,o,o2,N̊",,index_diachronica_original.html:6839,False,unknown_character,₂,,,"Syntax Error: Unknown character '₂' | {e,o,o₂,N̊} > a | ^ @ Rule 1, Line 1"
17.10.1,Proto-Indo-Iranian to Proto-Indo-Aryan,Proto-Indo-Aryan-h2,,index_diachronica_original.html:6846,False,empty_io_panic,,,,"Syntax Error: The output of a deletion rule must only contain `*` or `∅` | x > *[-place] | ^ @ Rule 1, Line 1"
17.10.1,Proto-Indo-Iranian to Proto-Indo-Aryan,Proto-Indo-Aryan-R̊H,,index_diachronica_original.html:6848,False,unknown_character,̊,,,"Syntax Error: Unknown character '̊' | R̊[-place] > {u,i}[+son,-syll] / _V | ^ @ Rule 1, Line 1"
17.10.1,Proto-Indo-Iranian to Proto-Indo-Aryan,Proto-Indo-Aryan-R̊H_2,,index_diachronica_original.html:6849,False,unknown_character,̊,,,"Syntax Error: Unknown character '̊' | R̊[-place] > {u,i}:[+long][+son,-syll] / _C | ^ @ Rule 1, Line 1"
17.10.1,Proto-Indo-Iranian to Proto-Indo-Aryan,Proto-Indo-Aryan-t-dʱ-n,,index_diachronica_original.html:6852,False,unknown_character,̣,,,"Syntax Error: Unknown character '̣' | t {d,dʱ} n > ʈ {ɖ,ɖʱ} ɳ / C̣_ // _r | ^ @ Rule 1, Line 1"
17.10.1,Proto-Indo-Iranian to Proto-Indo-Aryan,Proto-Indo-Aryan-s-t-dʱ-n,,index_diachronica_original.html:6853,False,unknown_character,̣,,,"Syntax Error: Unknown character '̣' | s t {d,dʱ} n > ʂ ʈ {ɖ,ɖʱ} ɳ / _C̣ | ^ @ Rule 1, Line 1"
17.10.1.1,Proto-Indo-Aryan to Central Middle Indo-Aryan,Central-Middle-Indo-Aryan-C,,index_diachronica_original.html:6877,False,incomplete_matrix,,,,"Runtime Error: An incomplete matrix cannot be inserted | C > C[+voice] / V_V | ^^^^^^^^ @ Rule 1, Line 1"
17.10.1.1,Proto-Indo-Aryan to Central Middle Indo-Aryan,Central-Middle-Indo-Aryan-Cn,,index_diachronica_original.html:6888,False,expected_number,d,,number,"Syntax Error: Expected number, but received d | Cn > CC / V_V // C = dʒ | ^ @ Rule 1, Line 1"
17.10.1.2,Proto-Indo-Aryan to Eastern Middle Indo-Aryan,Eastern-Middle-Indo-Aryan-C,,index_diachronica_original.html:6898,False,incomplete_matrix,,,,"Runtime Error: An incomplete matrix cannot be inserted | C > C[+voice] / V_V | ^^^^^^^^ @ Rule 1, Line 1"
17.10.1.2,Proto-Indo-Aryan to Eastern Middle Indo-Aryan,Eastern-Middle-Indo-Aryan-Cn,,index_diachronica_original.html:6911,False,expected_number,d,,number,"Syntax Error: Expected number, but received d | Cn > CC / V_V // C = dʒ | ^ @ Rule 1, Line 1"
17.10.1.3,Proto-Indo-Aryan to Northwestern Middle Indo-Aryan,Northwestern-Middle-Indo-Aryan-C,,index_diachronica_original.html:6921,False,incomplete_matrix,,,,"Runtime Error: An incomplete matrix cannot be inserted | C > C[+voice] / V_V | ^^^^^^^^ @ Rule 1, Line 1"
17.10.1.3,Proto-Indo-Aryan to Northwestern Middle Indo-Aryan,Northwestern-Middle-Indo-Aryan-Cn,,index_diachronica_original.html:6933,False,expected_number,d,,number,"Syntax Error: Expected number, but received d | Cn > CC / V_V // C = dʒ | ^ @ Rule 1, Line 1"
17.10.1.4,Proto-Indo-Aryan to Western Middle Indo-Aryan,Western-Middle-Indo-Aryan-C,,index_diachronica_original.html:6943,False,incomplete_matrix,,,,"Runtime Error: An incomplete matrix cannot be inserted | C > C[+voice] / V_V | ^^^^^^^^ @ Rule 1, Line 1"
17.10.1.4,Proto-Indo-Aryan to Western Middle Indo-Aryan,Western-Middle-Indo-Aryan-Cn,,index_diachronica_original.html:6954,False,expected_number,d,,number,"Syntax Error: Expected number, but received d | Cn > CC / V_V // C = dʒ | ^ @ Rule 1, Line 1"
17.10.1.5,Proto-Indo-Aryan to Vedic Sanskrit,"Vedic-Sanskrit-s,ʂ",,index_diachronica_original.html:6960,False,stuff_after_word_bound,,,,"Syntax Error: Cannot have segments after the end of a word | {s,ʂ} > h / _#C[- voice] | ^ @ Rule 1, Line 1"
17.10.1.5,Proto-Indo-Aryan to Vedic Sanskrit,"Vedic-Sanskrit-s,ʂ_2",,index_diachronica_original.html:6961,False,stuff_after_word_bound,,,,"Syntax Error: Cannot have segments after the end of a word | {s,ʂ} > r / _#C[+ voice] | ^ @ Rule 1, Line 1"
17.11,Proto-Indo-European to Proto-Slavic,Proto-Slavic-k-ɡ-x,,index_diachronica_original.html:6986,False,nested_brackets,,,,"Syntax Error: Cannot have nested brackets of the same type | k ɡ x > tʃ ʒ ʃ / _{{e(i,e:[+long](i}),i,i:[+long]} | ^ @ Rule 1, Line 1"
17.11.1,Proto-Slavic to Polish,Polish-ɛl,,index_diachronica_original.html:7018,False,missing_slash_output_env,),,end of line,"Syntax Error: Expected end of line, received ')'. Did you forget a '/' between the output and environment? | ɛl > lɔ / P:[-voice]_P:[-voice]) | ^ @ Rule 1, Line 1"
17.11.1,Proto-Slavic to Polish,Polish-C,,index_diachronica_original.html:7022,False,expected_underscore,/,,_,"Syntax Error: Expected '_', but received '/' | C > C:[+cor,+dist] / _V:[+front] // /j ɕ ʑ | ^ @ Rule 1, Line 1"
17.11.1,Proto-Slavic to Polish,Polish-ɛ-ɛ̃-ɛː,,index_diachronica_original.html:7024,False,unknown_feature,palatalized,latrl,,"Syntax Error: Unknown feature 'palatalized'. Did you mean latrl? | ɛ ɛ̃ ɛ:[+long] > ɔ ɔ̃ a / _C[-palatalized +cor,+anterior,+dist] | ^^^^^^^^^^^^^ @ Rule 1, Line 1"
17.11.1,Proto-Slavic to Polish,"Polish-—-ь,ъ",,index_diachronica_original.html:7027,False,segments_before_word,,,,"Syntax Error: Cannot have segments before the beginning of a word | {ɪ,ɤ} > e / iambic counting from %# or a syllable not containing a yer | ^ @ Rule 1, Line 1"
17.11.1,Proto-Slavic to Polish,"Polish-—-ь,ъ_2",,index_diachronica_original.html:7028,False,empty_io_panic,,,,"Syntax Error: The output of a deletion rule must only contain `*` or `∅` | {ɪ,ɤ} > ∅] / even syllables counting iambic from %# or a syllable not containing a yer | ^ @ Rule 1, Line 1"
17.11.1,Proto-Slavic to Polish,Polish-ьl_2,,index_diachronica_original.html:7035,False,unknown_feature,palatalized,latrl,,"Syntax Error: Unknown feature 'palatalized'. Did you mean latrl? | ɪl > ɛɫ / C:[+labial]_C[+cor,+anterior,+dist -palatalized] | ^^^^^^^^^^^^ @ Rule 1, Line 1"
17.11.1,Proto-Slavic to Polish,Polish-ь,,index_diachronica_original.html:7038,False,unknown_feature,palatalized,latrl,,"Syntax Error: Unknown feature 'palatalized'. Did you mean latrl? | ɪ > a:[+long] / r_C[+cor,+anterior,+dist -palatalized] | ^^^^^^^^^^^^ @ Rule 1, Line 1"
17.11.1,Proto-Slavic to Polish,Polish-a-ɛ-i-ɔ-u-ɨ-ã,,index_diachronica_original.html:7041,False,syntax_other,,,,"Syntax Error: Feature 'lost' has no modifier | a ɛ i ɔ u ɨ ã > a:[+long] ɛ:[+long] i:[+long] ɔ:[+long] u:[+long] ɨ:[+long] ã:[+long] / _{C,%}[+voice][lost yer] | ^^^^ @ Rule 1, Line 1"
17.11.1,Proto-Slavic to Polish,Polish-jь,,index_diachronica_original.html:7047,False,expected_underscore,,,_,"Syntax Error: Expected '_', but received '' | jɪ > i / utterance-initially | ^ @ Rule 1, Line 1"
17.11.1,Proto-Slavic to Polish,Polish-ã,,index_diachronica_original.html:7063,False,expected_underscore,,,_,"Syntax Error: Expected '_', but received '' | ã > ɛ̃ / short only | ^ @ Rule 1, Line 1"
17.11.1,Proto-Slavic to Polish,Polish-Vː,,index_diachronica_original.html:7066,False,syntax_other,,,,"Syntax Error: Negation cannot be used in the output | V:[+long] > V in certain frequently-used words | ^ @ Rule 1, Line 1"
17.11.1,Proto-Slavic to Polish,Polish-r̝,,index_diachronica_original.html:7073,False,diacritic_prereq,,,,"Syntax Error: Segment does not have prerequisite properties to have this diacritic. Must be [-sonorant] | r̝ > ʂ / C[-voice]_ | ^^ @ Rule 1, Line 1"
17.11.1,Proto-Slavic to Polish,Polish-r̝_2,,index_diachronica_original.html:7074,False,diacritic_prereq,,,,"Syntax Error: Segment does not have prerequisite properties to have this diacritic. Must be [-sonorant] | r̝ > ʂ / _C[+voice] | ^^ @ Rule 1, Line 1"
17.11.1,Proto-Slavic to Polish,Polish-ŕ,,index_diachronica_original.html:7075,False,unknown_character,ŕ,,,"Syntax Error: Unknown character 'ŕ' | ŕ > ʐ // _C[+voice] | ^ @ Rule 1, Line 1"
17.11.1,Proto-Slavic to Polish,Polish-Cʲ_2,,index_diachronica_original.html:7097,False,unknown_grouping,M,,,"Syntax Error: Unknown grouping 'M'. Known groupings are (C)onsonant, (O)bstruent, (S)onorant, (P)losive, (F)ricative, (L)iquid, (N)asal, (G)lide, and (V)owel | C:[+cor,+dist] > C in select words due to prestige influence of Czech in the Middle O:[+delrel]ges | ^ @ Rule 1, Line 1"
17.11.1,Proto-Slavic to Polish,Polish-tɕts-ʑr̝,,index_diachronica_original.html:7110,False,diacritic_prereq,,,,"Syntax Error: Segment does not have prerequisite properties to have this diacritic. Must be [-sonorant] | tɕts ʑr̝ > jts jr̝ | ^^ @ Rule 1, Line 1"
17.11.1,Proto-Slavic to Polish,Polish-ɕtɕ,,index_diachronica_original.html:7111,False,unknown_character,͜,,,"Syntax Error: Unknown character '͜' | ɕtɕ > js / _{t͜s,s} | ^ @ Rule 1, Line 1"
17.11.1,Proto-Slavic to Polish,Polish-v-r̝,,index_diachronica_original.html:7116,False,diacritic_prereq,,,,"Syntax Error: Segment does not have prerequisite properties to have this diacritic. Must be [-sonorant] | v r̝ > f r̥ / C[-voice]_ | ^^ @ Rule 1, Line 1"
17.11.1,Proto-Slavic to Polish,Polish-v-r̝_2,,index_diachronica_original.html:7117,False,diacritic_prereq,,,,"Syntax Error: Segment does not have prerequisite properties to have this diacritic. Must be [-sonorant] | v r̝ > f r̥ / _{C[-voice],#} | ^^ @ Rule 1, Line 1"
17.11.1,Proto-Slavic to Polish,Polish-r̝̊-r̝,,index_diachronica_original.html:7118,False,unknown_character,̊,,,"Syntax Error: Unknown character '̊' | r̝̊ r̝ > ʂ ʐ | ^ @ Rule 1, Line 1"
17.11.1,Proto-Slavic to Polish,Polish-r̝_3,,index_diachronica_original.html:7127,False,diacritic_prereq,,,,"Syntax Error: Segment does not have prerequisite properties to have this diacritic. Must be [-sonorant] | r̝ > r / {ɕ,ʑ}_ | ^^ @ Rule 1, Line 1"
17.11.1,Proto-Slavic to Polish,Polish-ɕr̝-ʑr̝,,index_diachronica_original.html:7129,False,diacritic_prereq,,,,"Syntax Error: Segment does not have prerequisite properties to have this diacritic. Must be [-sonorant] | ɕr̝ ʑr̝ > ʂr ʐr / , respectively | ^^ @ Rule 1, Line 1"
17.11.1,Proto-Slavic to Polish,Polish-ʈʂ,,index_diachronica_original.html:7131,False,diacritic_prereq,,,,"Syntax Error: Segment does not have prerequisite properties to have this diacritic. Must be [-sonorant] | ʈʂ > t / _r̝ | ^^ @ Rule 1, Line 1"
17.11.1,Proto-Slavic to Polish,Polish-ɕ,,index_diachronica_original.html:7132,False,diacritic_prereq,,,,"Syntax Error: Segment does not have prerequisite properties to have this diacritic. Must be [-sonorant] | ɕ > ∅ / tr̝_tɕ | ^^ @ Rule 1, Line 1"
17.11.1,Proto-Slavic to Polish,Polish-trk,,index_diachronica_original.html:7144,False,expected_underscore,,,_,"Syntax Error: Expected '_', but received '' | trk > kr / the name of the river | ^ @ Rule 1, Line 1"
17.11.1,Proto-Slavic to Polish,Polish-dz-ts,,index_diachronica_original.html:7152,False,unknown_character,͜,,,"Syntax Error: Unknown character '͜' | dz ts > d͜z t͜s | ^ @ Rule 1, Line 1"
17.11.1,Proto-Slavic to Polish,Polish-C+sibilantP,,index_diachronica_original.html:7153,False,unknown_feature,alveolopalatal,consonantal,,"Syntax Error: Unknown feature 'alveolopalatal'. Did you mean consonantal? | C[+strident]C:[+labial] > C[+alveolopalatal] / _C[+coronal] | ^^^^^^^^^^^^^^^ @ Rule 1, Line 1"
17.11.1,Proto-Slavic to Polish,Polish-rʲ,,index_diachronica_original.html:7166,False,unknown_character,͜,,,"Syntax Error: Unknown character '͜' | rʲ > r / _{s,t͜s,l,w,n,ɲ} | ^ @ Rule 1, Line 1"
17.12.1.1.1,Classical Latin vs. Vulgar Latin,"Classical-Latin-vs.-Vulgar-Latin-uː-ɔ,oː-eː-iː",,index_diachronica_original.html:7338,False,format_error,,,,format_error: no compile steps from stages
17.12.1.1.2,Latin to Catalan,Catalan-b,,index_diachronica_original.html:7392,False,unknown_character,̈,,,"Syntax Error: Unknown character '̈' | b > v / V̈$_j | ^ @ Rule 1, Line 1"
17.12.1.1.2,Latin to Catalan,Catalan-C,,index_diachronica_original.html:7439,False,unknown_character,₂,,,"Syntax Error: Unknown character '₂' | C > ∅ / C=1 _C=2 // C₂ = L | ^ @ Rule 1, Line 1"
17.12.1.1.2,Latin to Catalan,Catalan-ɛj-ɔj,,index_diachronica_original.html:7447,False,expected_underscore,//,,_,"Syntax Error: Expected '_', but received '//' | ɛj ɔj > jɛj uei / i {u,ui} // _[+stress] | ^^ @ Rule 1, Line 1"
17.12.1.1.2,Latin to Catalan,Catalan-ɛ,,index_diachronica_original.html:7448,False,multiple_underlines_env,,,,"Syntax Error: Cannot have multiple underlines in an environment | ɛ > e // _{r:[+long],l,rC[-labial],nr} or _ ? w# | ^ @ Rule 1, Line 1"
17.12.1.1.3,Latin to French,"French-—-m,n",,index_diachronica_original.html:7460,False,stuff_after_word_bound,,,,"Syntax Error: Cannot have segments after the end of a word | {m,n} > ∅ / _# in polysyllables | ^ @ Rule 1, Line 1"
17.12.1.1.3,Latin to French,French-—-V_2,,index_diachronica_original.html:7465,False,missing_slash_output_env,*,,end of line,"Syntax Error: Expected end of line, received '*'. Did you forget a '/' between the output and environment? | V > V:[+stress] / _C*{i:[+stress],e:[+stress]}V | ^ @ Rule 1, Line 1"
17.12.1.1.3,Latin to French,French-j,,index_diachronica_original.html:7493,False,missing_slash_output_env,:,,end of line,"Syntax Error: Expected end of line, received ':'. Did you forget a '/' between the output and environment? | j > ∅ / V_V:[+front]:[+stress] | ^ @ Rule 1, Line 1"
17.12.1.1.3,Latin to French,French-V,,index_diachronica_original.html:7500,False,expected_underscore,,,_,"Syntax Error: Expected '_', but received '' | V > ∅ / the unstressed penult | ^ @ Rule 1, Line 1"
17.12.1.1.3,Latin to French,French-V_2,,index_diachronica_original.html:7501,False,expected_underscore,//,,_,"Syntax Error: Expected '_', but received '//' | V > ∅ / intertonic // V = a | ^^ @ Rule 1, Line 1"
17.12.1.1.3,Latin to French,French-a,,index_diachronica_original.html:7502,False,expected_underscore,,,_,"Syntax Error: Expected '_', but received '' | a > ə / intertonic | ^ @ Rule 1, Line 1"
17.12.1.1.3,Latin to French,French-∅_3,,index_diachronica_original.html:7504,False,expected_ipa,_,,IPA character,"Syntax Error: Expected an IPA character, Primative or Matrix, but received '_' | ∅ > d / {n,l,ɲ,z_r | ^ @ Rule 1, Line 1"
17.12.1.1.3,Latin to French,French-C,,index_diachronica_original.html:7509,False,unknown_character,₂,,,"Syntax Error: Unknown character '₂' | C > ∅ / C=1 _C=2 // C₂ = {r,l} | ^ @ Rule 1, Line 1"
17.12.1.1.3,Latin to French,French-t_3,,index_diachronica_original.html:7534,False,expected_underscore,",",,_,"Syntax Error: Expected '_', but received ',' | t > ∅ / :{ʃ,s}: | ^ @ Rule 1, Line 1"
17.12.1.1.3,Latin to French,French-j_3,,index_diachronica_original.html:7539,False,expected_ipa,_,,IPA character,"Syntax Error: Expected an IPA character, Primative or Matrix, but received '_' | j > ∅ / s_ (s:[+long]_?) | ^ @ Rule 1, Line 1"
17.12.1.1.3,Latin to French,French-e,,index_diachronica_original.html:7550,False,missing_slash_output_env,:,,end of line,"Syntax Error: Expected end of line, received ':'. Did you forget a '/' between the output and environment? | e > ə / #(C,0)_($,0):[+stress] in %[+lo] | ^ @ Rule 1, Line 1"
17.12.1.1.3,Latin to French,French-e_2,,index_diachronica_original.html:7551,False,missing_slash_output_env,:,,end of line,"Syntax Error: Expected end of line, received ':'. Did you forget a '/' between the output and environment? | e > ɛ / #(C,0)_($,0):[+stress] in %[+hi] or _V | ^ @ Rule 1, Line 1"
17.12.1.1.3,Latin to French,French-a_2,,index_diachronica_original.html:7553,False,missing_slash_output_env,:,,end of line,"Syntax Error: Expected end of line, received ':'. Did you forget a '/' between the output and environment? | a > ə / #{tʃ,dʒ}_($,0):[+stress] in %[+lo] | ^ @ Rule 1, Line 1"
17.12.1.1.3,Latin to French,French-V_3,,index_diachronica_original.html:7559,False,expected_number,a,,number,"Syntax Error: Expected number, but received a | V > ∅ / _# // V = a | ^ @ Rule 1, Line 1"
17.12.1.1.3,Latin to French,"French-ei,ɔi",,index_diachronica_original.html:7571,False,expected_underscore,,,_,"Syntax Error: Expected '_', but received '' | {ei,ɔi} > oi / C[-nas] | ^ @ Rule 1, Line 1"
17.12.1.1.4,Vulgar Latin to Italian,Italian-ɔ,,index_diachronica_original.html:7605,False,multiple_underlines_env,,,,"Syntax Error: Cannot have multiple underlines in an environment | ɔ > uo / _[+stress] // j_ or _{dʒ,L} | ^ @ Rule 1, Line 1"
17.12.1.1.4,Vulgar Latin to Italian,"Italian-skj,stj,sːj",,index_diachronica_original.html:7614,False,expected_ipa,>,,IPA character,"Syntax Error: Expected an IPA character, Primative or Matrix, but received '>' | {skj,stj,s:[+long]j > ʃ | ^ @ Rule 1, Line 1"
17.12.1.1.5,Latin to Portuguese,Portuguese-V,,index_diachronica_original.html:7625,False,segments_before_word,,,,"Syntax Error: Cannot have segments before the beginning of a word | V > ∅ / V:[+stress]$L(C)(C){V,VC}# | ^ @ Rule 1, Line 1"
17.12.1.1.5,Latin to Portuguese,Portuguese-N,,index_diachronica_original.html:7654,False,expected_number,P,,number,"Syntax Error: Expected number, but received P | N > ∅ / V[+nas]_$C // C = P | ^ @ Rule 1, Line 1"
17.12.1.1.5,Latin to Portuguese,"Portuguese-e,i",,index_diachronica_original.html:7669,False,stuff_after_word_bound,,,,"Syntax Error: Cannot have segments after the end of a word | {e,i} > ∅ / {l,m,r}_ when between #% and %[+stress] | ^ @ Rule 1, Line 1"
17.12.1.1.5,Latin to Portuguese,"Portuguese-e,i_2",,index_diachronica_original.html:7670,False,stuff_after_word_bound,,,,"Syntax Error: Cannot have segments after the end of a word | {e,i} > ∅ / k_t when between #% and %[+stress] | ^ @ Rule 1, Line 1"
17.12.1.1.5,Latin to Portuguese,Portuguese-o_2,,index_diachronica_original.html:7671,False,unknown_feature,tonic,cons,,"Syntax Error: Unknown feature 'tonic'. Did you mean cons? | o > ∅ / _{r,l} when between #% and %[+tonic] | ^^^^^^ @ Rule 1, Line 1"
17.12.1.1.5,Latin to Portuguese,Portuguese-C0C0,,index_diachronica_original.html:7715,False,expected_number,r,,number,"Syntax Error: Expected number, but received r | C=0 0 > 0 // C = r | ^ @ Rule 1, Line 1"
17.12.1.1.5,Latin to Portuguese,Portuguese-C,,index_diachronica_original.html:7716,False,unknown_character,₂,,,"Syntax Error: Unknown character '₂' | C > ∅ / C=1 _C=2 // C₂ = L | ^ @ Rule 1, Line 1"
17.12.1.1.5,Latin to Portuguese,Portuguese-k_6,,index_diachronica_original.html:7722,False,unknown_character,₂,,,"Syntax Error: Unknown character '₂' | k > ɡ / V=1 _V=2 // V₂ = ɔ | ^ @ Rule 1, Line 1"
17.12.1.1.6,Vulgar Latin to Old Provençal,Old-Provençal-—-a_2,,index_diachronica_original.html:7748,False,stuff_after_word_bound,,,,"Syntax Error: Cannot have segments after the end of a word | a > a / _# in monosyllables and oxytones | ^ @ Rule 1, Line 1"
17.12.1.1.6,Vulgar Latin to Old Provençal,Old-Provençal-—-e_2,,index_diachronica_original.html:7753,False,expected_ipa,(,,IPA character,"Syntax Error: Expected an IPA character, Primative or Matrix, but received '(' | e > i / _(C,0)i{C(C,0)V,#} | ^ @ Rule 1, Line 1"
17.12.1.1.6,Vulgar Latin to Old Provençal,Old-Provençal-—-V_4,,index_diachronica_original.html:7776,False,expected_underscore,",",,_,"Syntax Error: Expected '_', but received ',' | V > ∅ / , though a often remainedprobably ə | ^ @ Rule 1, Line 1"
17.12.1.1.6,Vulgar Latin to Old Provençal,Old-Provençal-—-a_4,,index_diachronica_original.html:7786,False,expected_underscore,,,_,"Syntax Error: Expected '_', but received '' | a > o in most dialects // Gascon and Languedoc | ^ @ Rule 1, Line 1"
17.12.1.1.6,Vulgar Latin to Old Provençal,Old-Provençal-—-V_7,,index_diachronica_original.html:7792,False,syntax_other,End Of Line,,[,"Syntax Error: Expected '[', but received 'End Of Line' | V > if dropping it would create ugly consonant clusters: | ^ @ Rule 1, Line 1"
17.12.1.1.6,Vulgar Latin to Old Provençal,Old-Provençal-j,,index_diachronica_original.html:7807,False,missing_slash_output_env,:,,end of line,"Syntax Error: Expected end of line, received ':'. Did you forget a '/' between the output and environment? | j > ∅ / V_V:[+front]:[+stress] | ^ @ Rule 1, Line 1"
17.12.1.1.6,Vulgar Latin to Old Provençal,Old-Provençal-β_3,,index_diachronica_original.html:7834,False,missing_slash_output_env,),,end of line,"Syntax Error: Expected end of line, received ')'. Did you forget a '/' between the output and environment? | v > ɡw instead if analogy interfered) | ^ @ Rule 1, Line 2"
17.12.1.1.6,Vulgar Latin to Old Provençal,Old-Provençal-n_3,,index_diachronica_original.html:7848,False,stuff_after_word_bound,,,,"Syntax Error: Cannot have segments after the end of a word | n > ∅ / r_(s)#? | ^ @ Rule 1, Line 1"
17.12.1.1.6,Vulgar Latin to Old Provençal,Old-Provençal-β_6,,index_diachronica_original.html:7860,False,expected_underscore,,,_,"Syntax Error: Expected '_', but received '' | β > ∅ / when pretonic and immediately adjacent to a back vowel | ^ @ Rule 1, Line 1"
17.12.1.1.6,Vulgar Latin to Old Provençal,Old-Provençal-ð_5,,index_diachronica_original.html:7869,False,empty_io_panic,,,,"Syntax Error: The output of a deletion rule must only contain `*` or `∅` | z > ∅) | ^ @ Rule 1, Line 2"
17.12.1.1.6,Vulgar Latin to Old Provençal,Old-Provençal-j_4,,index_diachronica_original.html:7876,False,missing_slash_output_env,:,,end of line,"Syntax Error: Expected end of line, received ':'. Did you forget a '/' between the output and environment? | j > dʒ / _V:[+front]:[+stress] | ^ @ Rule 1, Line 1"
17.12.1.1.6,Vulgar Latin to Old Provençal,Old-Provençal-j_5,,index_diachronica_original.html:7877,False,missing_slash_output_env,:,,end of line,"Syntax Error: Expected end of line, received ':'. Did you forget a '/' between the output and environment? | j > ∅ / _V:[+front]:[+stress] | ^ @ Rule 1, Line 1"
17.12.1.1.6,Vulgar Latin to Old Provençal,Old-Provençal-rtʃj,,index_diachronica_original.html:7916,False,missing_slash_output_env,),,end of line,"Syntax Error: Expected end of line, received ')'. Did you forget a '/' between the output and environment? | rts > rs ?) | ^ @ Rule 1, Line 2"
17.12.1.1.6,Vulgar Latin to Old Provençal,"Old-Provençal-sːj,stʃj,stj",,index_diachronica_original.html:7926,False,nested_brackets,,,,"Syntax Error: Cannot have nested brackets of the same type | ʃ > is (except in the west or extreme east, where the outcome was some flavor of (i)(t)ʃ) | ^ @ Rule 1, Line 2"
17.12.1.1.6,Vulgar Latin to Old Provençal,Old-Provençal-sj,,index_diachronica_original.html:7927,False,expected_ipa,(,,IPA character,"Syntax Error: Expected an IPA character, Primative or Matrix, but received '(' | ʒ > {i(d)ʒ,(d)ʒ} | ^ @ Rule 1, Line 2"
17.12.1.1.6,Vulgar Latin to Old Provençal,Old-Provençal-tj,,index_diachronica_original.html:7932,False,unknown_character,—,,,"Syntax Error: Unknown character '—' | djʒ > dz or idz —medial {idz,dz} became {iz,z} | ^ @ Rule 1, Line 4"
17.12.1.1.6,Vulgar Latin to Old Provençal,Old-Provençal-ndt-ndtʃ-ntʃ-nkt-nf,,index_diachronica_original.html:7936,False,prose_or_expected_arrow,,,,"Syntax Error: Expected '>', '->' or '=>', but received ')' | nz),ndʒ} n(t)s {ɲ,int,nt,ntʃ} {nf,f:[+long] > f)} | ^ @ Rule 1, Line 3"
17.12.1.1.6,Vulgar Latin to Old Provençal,Old-Provençal-stʃ_2,,index_diachronica_original.html:7945,False,expected_ipa,(,,IPA character,"Syntax Error: Expected an IPA character, Primative or Matrix, but received '(' | stʃ > {i(t)ʃ,(t)ʃ} | ^ @ Rule 1, Line 1"
17.12.1.1.6,Vulgar Latin to Old Provençal,Old-Provençal-t_3,,index_diachronica_original.html:7984,False,expected_underscore,",",,_,"Syntax Error: Expected '_', but received ',' | t > ∅ / _# // , though it tended to drop | ^ @ Rule 1, Line 1"
17.12.1.1.8,Latin to Romanian,"Romanian-m,n,s",,index_diachronica_original.html:8009,False,stuff_after_word_bound,,,,"Syntax Error: Cannot have segments after the end of a word | {m,n,s} > ∅ / _# in polysyllables | ^ @ Rule 1, Line 1"
17.12.1.1.8,Latin to Romanian,Romanian-kj-ɡj,,index_diachronica_original.html:8057,False,expected_ipa,∅,,IPA character,"Syntax Error: Expected an IPA character, Primative or Matrix, but received '∅' | tʃ {j,∅} (ɡj > is rare) | ^ @ Rule 1, Line 2"
17.12.1.1.8,Latin to Romanian,Romanian-dj,,index_diachronica_original.html:8062,False,missing_slash_output_env,:,,end of line,"Syntax Error: Expected end of line, received ':'. Did you forget a '/' between the output and environment? | dj > ʒ / _V:[+back]:[+stress] | ^ @ Rule 1, Line 1"
17.12.1.1.8,Latin to Romanian,Romanian-a-o,,index_diachronica_original.html:8070,False,multiple_underlines_env,,,,"Syntax Error: Cannot have multiple underlines in an environment | a o > ə u / _ %:[+stress]…_# | ^ @ Rule 1, Line 1"
17.12.1.1.8,Latin to Romanian,Romanian-e_2,,index_diachronica_original.html:8071,False,multiple_underlines_env,,,,"Syntax Error: Cannot have multiple underlines in an environment | e > ə / _ %:[+stress]…C:[+labial]_(C,0)V# // V = i | ^ @ Rule 1, Line 1"
17.12.1.1.8,Latin to Romanian,Romanian-e_6,,index_diachronica_original.html:8079,False,expected_underscore,:,,_,"Syntax Error: Expected '_', but received ':' | e > ə / C:[+labial]:[+stress]_(C,0)V:[+back] | ^ @ Rule 1, Line 1"
17.12.1.1.8,Latin to Romanian,Romanian-a_4,,index_diachronica_original.html:8083,False,missing_slash_output_env,#,,end of line,"Syntax Error: Expected end of line, received '#'. Did you forget a '/' between the output and environment? | a > ə #C(C,0)_…%:[+stress] | ^ @ Rule 1, Line 1"
17.12.1.1.10,Vulgar Latin to Spanish,Spanish-V_5,,index_diachronica_original.html:8163,False,expected_number,a,,number,"Syntax Error: Expected number, but received a | V > ∅ / _[-stress] // V = a | ^ @ Rule 1, Line 1"
17.12.1.1.10,Vulgar Latin to Spanish,"Spanish-/b/-b,",,index_diachronica_original.html:8192,False,syntax_other,,,,"Syntax Error: Feature 'b' has no modifier | b [b], β {[b,β]} > b {[b,β]} | ^ @ Rule 1, Line 1"
17.12.1.1.10,Vulgar Latin to Spanish,Spanish-h,,index_diachronica_original.html:8199,False,missing_slash_output_env,),,end of line,"Syntax Error: Expected end of line, received ')'. Did you forget a '/' between the output and environment? | ∅ > h change above) | ^ @ Rule 1, Line 2"
17.12.1.1.10,Vulgar Latin to Spanish,Spanish-/dɾ/-ðɾ,,index_diachronica_original.html:8201,False,unknown_character,ð,,,"Syntax Error: Unknown character 'ð' | dɾ [ðɾ] > ɾ / V_V | ^ @ Rule 1, Line 1"
17.12.1.1.10,Vulgar Latin to Spanish,Spanish-/ʝ/-ʝ~dʒ,0,index_diachronica_original.html:8204,False,unknown_character,ʝ,,,"Syntax Error: Unknown character 'ʝ' | ʝ {[ʝ,dʒ]} > [ʒ | ^ @ Rule 1, Line 1"
17.12.1.1.10,Vulgar Latin to Spanish,Spanish-/ʝ/-ʝ~dʒ,1,index_diachronica_original.html:8204,False,unknown_character,ʝ,,,"Syntax Error: Unknown character 'ʝ' | ʝ {[ʝ,dʒ]} > dʒ] | ^ @ Rule 1, Line 1"
17.12.1.1.10,Vulgar Latin to Spanish,"Spanish-s̪,s",,index_diachronica_original.html:8206,False,syntax_other,,,,"Syntax Error: Feature 's' has no modifier | {s̪,s} > s [s̪] | ^ @ Rule 1, Line 1"
17.12.1.1.10,Vulgar Latin to Spanish,"Spanish-s̪,s_4",,index_diachronica_original.html:8210,False,syntax_other,],,ASCII character,"Syntax Error: Expected ASCII character, but received ']' | {s̪,s} > θ [θ] | ^ @ Rule 1, Line 1"
17.13,Proto-Indo-European to Proto-Tocharian,Proto-Tocharian-Kʷ,,index_diachronica_original.html:8254,False,expected_number,s,,number,"Syntax Error: Expected number, but received s | C:[-front,+back,+hi,-lo,+round] > C:[-front,+back,+hi,-lo] / _{C,o,a} // C = syllabic | ^ @ Rule 1, Line 1"
17.13,Proto-Indo-European to Proto-Tocharian,"Proto-Tocharian-p-ts,kʷ-m-n-l-r-y",,index_diachronica_original.html:8257,False,syntax_other,:,,[,"Syntax Error: Expected '[', but received ':' | p {ts,k,kʷ} m n l r y > pj sʲ ʂ mj ɲ lj rj wj / _{V:[+front],V::[+front],y} | ^ @ Rule 1, Line 1"
17.13,Proto-Indo-European to Proto-Tocharian,Proto-Tocharian-Dʱ,,index_diachronica_original.html:8260,False,expected_ipa,ʱ,,IPA character,"Syntax Error: Expected an IPA character, Primative or Matrix, but received 'ʱ' | {P:[+voice],Pʱ:[+voice]} > P:[-voice] | ^ @ Rule 1, Line 1"
17.13,Proto-Indo-European to Proto-Tocharian,Proto-Tocharian-H,,index_diachronica_original.html:8264,False,expected_number,s,,number,"Syntax Error: Expected number, but received s | [-place] > ɛ / _[+son,-syll], when [+son,-syll] = syllabic | ^ @ Rule 1, Line 1"
17.13.1,Proto-Tocharian to Tocharian A,Tocharian-A-Cʲj,,index_diachronica_original.html:8295,False,missing_slash_output_env,ʲ,,end of line,"Syntax Error: Expected end of line, received 'ʲ'. Did you forget a '/' between the output and environment? | C:[+cor,+dist]j > Cʲ:[+long] | ^ @ Rule 1, Line 1"
17.13.1,Proto-Tocharian to Tocharian A,Tocharian-A-V,,index_diachronica_original.html:8297,False,expected_number,V,,number,"Syntax Error: Expected number, but received V | V > j / V_nʲtʲ // V = V:[+front] | ^ @ Rule 1, Line 1"
18.1.1,Pre-Bakairi to Eastern Bakairi,Eastern-Bakairi-ʔ,,index_diachronica_original.html:8333,False,unknown_feature,fricative,rhotic,,"Syntax Error: Unknown feature 'fricative'. Did you mean rhotic? | ʔ > ∅ / _C[+ fricative -voice] | ^^^^^^^^^^^^ @ Rule 1, Line 1"
18.1.1,Pre-Bakairi to Eastern Bakairi,Eastern-Bakairi-ɾ,,index_diachronica_original.html:8334,False,expected_underscore,,,_,"Syntax Error: Expected '_', but received '' | ɾ > ∅ / V_V, when neither vowel is stressed | ^ @ Rule 1, Line 1"
18.1.2,Pre-Bakairi to Western Bakairi,Western-Bakairi-C+-fricative-voiced,,index_diachronica_original.html:8342,False,unknown_feature,fricative,rhotic,,"Syntax Error: Unknown feature 'fricative'. Did you mean rhotic? | C[+ fricative -voice] > ∅ / ʔ_ | ^^^^^^^^^^^^ @ Rule 1, Line 1"
18.1.2,Pre-Bakairi to Western Bakairi,Western-Bakairi-ɾ,,index_diachronica_original.html:8346,False,expected_underscore,,,_,"Syntax Error: Expected '_', but received '' | ɾ > ∅ / V_V, where at least one of the vowels is nasalized | ^ @ Rule 1, Line 1"
18.4.3,Proto-Tupí-Guaraní to Guajajara,Guajajara-a_2,,index_diachronica_original.html:8527,False,segments_before_word,,,,"Syntax Error: Cannot have segments before the beginning of a word | a > ə / if N in %# | ^ @ Rule 1, Line 1"
18.4.8,Proto-Tupí-Guaraní to Sirionó,Sirionó-aN-eN-iN-ɨN-uN,,index_diachronica_original.html:8596,False,unknown_character,ĩ,,,"Syntax Error: Unknown character 'ĩ' | aN eN iN ɨN uN > ã ẽ j̃ {ɨ̃,ĩ} õ / _# | ^ @ Rule 1, Line 1"
20.1.1,Proto-Khoe to Ç̬Ana,Ç̬Ana-ǀ̃n,,index_diachronica_original.html:8726,False,invalid_ipa,,,,"Syntax Error: Could not get value of IPA 'ǀ'. | {ǀ̃,ǀ̃n} > ǂ̃n | ^ @ Rule 1, Line 1"
20.1.1,Proto-Khoe to Ç̬Ana,Ç̬Ana-!,0,index_diachronica_original.html:8727,False,invalid_ipa,,,,"Syntax Error: Could not get value of IPA 'ǃ'. | ! > ! | ^ @ Rule 1, Line 1"
20.1.1,Proto-Khoe to Ç̬Ana,Ç̬Ana-!,1,index_diachronica_original.html:8727,False,invalid_ipa,,,,"Syntax Error: Could not get value of IPA 'ǃ'. | ! > k | ^ @ Rule 1, Line 1"
20.1.1,Proto-Khoe to Ç̬Ana,Ç̬Ana-!x,,index_diachronica_original.html:8728,False,invalid_ipa,,,,"Syntax Error: Could not get value of IPA 'ǃ'. | !x > x | ^ @ Rule 1, Line 1"
20.1.1,Proto-Khoe to Ç̬Ana,Ç̬Ana-!̬,,index_diachronica_original.html:8729,False,invalid_ipa,,,,"Syntax Error: Could not get value of IPA 'ǃ'. | !̬ > ɡ | ^ @ Rule 1, Line 1"
20.1.1,Proto-Khoe to Ç̬Ana,Ç̬Ana-!̃n,,index_diachronica_original.html:8730,False,invalid_ipa,,,,"Syntax Error: Could not get value of IPA 'ǃ'. | !̃(n) > ŋ | ^ @ Rule 1, Line 1"
20.1.2,Proto-Khoe to ÇAni,ÇAni-ǀ̃n,,index_diachronica_original.html:8737,False,invalid_ipa,,,,"Syntax Error: Could not get value of IPA 'ǀ'. | {ǀ̃,ǀ̃n} > ǂ̃n | ^ @ Rule 1, Line 1"
20.1.2,Proto-Khoe to ÇAni,ÇAni-!-!̬-!̃,,index_diachronica_original.html:8738,False,invalid_ipa,,,,"Syntax Error: Could not get value of IPA 'ǃ'. | ! !̬ !̃ > {!,k} {!̬,ɡ} {!̃(n),ŋɡ} | ^ @ Rule 1, Line 1"
20.1.2,Proto-Khoe to ÇAni,ÇAni-!x,0,index_diachronica_original.html:8739,False,invalid_ipa,,,,"Syntax Error: Could not get value of IPA 'ǃ'. | !x > !x | ^ @ Rule 1, Line 1"
20.1.2,Proto-Khoe to ÇAni,ÇAni-!x,1,index_diachronica_original.html:8739,False,invalid_ipa,,,,"Syntax Error: Could not get value of IPA 'ǃ'. | !x > x | ^ @ Rule 1, Line 1"
20.1.3,Proto-Khoe to Buga,Buga-ǀ̃n,,index_diachronica_original.html:8747,False,invalid_ipa,,,,"Syntax Error: Could not get value of IPA 'ǀ'. | {ǀ̃,ǀ̃n} > ǂ̃ | ^ @ Rule 1, Line 1"
20.1.3,Proto-Khoe to Buga,Buga-!-!ˀ-!̬-!̃,,index_diachronica_original.html:8748,False,invalid_ipa,,,,"Syntax Error: Could not get value of IPA 'ǃ'. | ! !ˀ !̬ !̃ > k ɡ ŋɡ | ^ @ Rule 1, Line 1"
20.1.3,Proto-Khoe to Buga,Buga-!x,,index_diachronica_original.html:8749,False,invalid_ipa,,,,"Syntax Error: Could not get value of IPA 'ǃ'. | !x > x | ^ @ Rule 1, Line 1"
20.1.3,Proto-Khoe to Buga,Buga-!̃n,0,index_diachronica_original.html:8750,False,invalid_ipa,,,,"Syntax Error: Could not get value of IPA 'ǃ'. | !̃n > ŋɡj | ^ @ Rule 1, Line 1"
20.1.3,Proto-Khoe to Buga,Buga-!̃n,1,index_diachronica_original.html:8750,False,invalid_ipa,,,,"Syntax Error: Could not get value of IPA 'ǃ'. | !̃n > !̃ | ^ @ Rule 1, Line 1"
20.1.4,Proto-Khoe to Kxoe,Kxoe-!̃n,,index_diachronica_original.html:8757,False,invalid_ipa,,,,"Syntax Error: Could not get value of IPA 'ǃ'. | !̃(n) > ǂ̃ | ^ @ Rule 1, Line 1"
20.1.4,Proto-Khoe to Kxoe,Kxoe-!-!ˀ-!-!̃,,index_diachronica_original.html:8758,False,invalid_ipa,,,,"Syntax Error: Could not get value of IPA 'ǃ'. | ! !ˀ ! !̃ > k ɡ ŋɡ | ^ @ Rule 1, Line 1"
20.1.4,Proto-Khoe to Kxoe,Kxoe-!x-!̃n,,index_diachronica_original.html:8759,False,invalid_ipa,,,,"Syntax Error: Could not get value of IPA 'ǃ'. | !x !̃n > x {ŋɡj,!̃} | ^ @ Rule 1, Line 1"
20.1.5,Proto-Khoe to Nama,"Nama-ǀˀ,ǀxʼ",,index_diachronica_original.html:8768,False,invalid_ipa,,,,"Syntax Error: Could not get value of IPA 'ǀ'. | {ǀˀ,ǀx:[+cg]} > ǀ | ^ @ Rule 1, Line 1"
20.1.5,Proto-Khoe to Nama,Nama-ǀ̃n,0,index_diachronica_original.html:8769,False,invalid_ipa,,,,"Syntax Error: Could not get value of IPA 'ǀ'. | {ǀ̃,ǀ̃n} > ǂ̃ | ^ @ Rule 1, Line 1"
20.1.5,Proto-Khoe to Nama,Nama-ǀ̃n,1,index_diachronica_original.html:8769,False,invalid_ipa,,,,"Syntax Error: Could not get value of IPA 'ǀ'. | {ǀ̃,ǀ̃n} > ǂ | ^ @ Rule 1, Line 1"
20.1.5,Proto-Khoe to Nama,Nama-!-!ˀ-!̃n,0,index_diachronica_original.html:8770,False,invalid_ipa,,,,"Syntax Error: Could not get value of IPA 'ǃ'. | ! !ˀ !̃n > !ɡ | ^ @ Rule 1, Line 1"
20.1.5,Proto-Khoe to Nama,Nama-!-!ˀ-!̃n,1,index_diachronica_original.html:8770,False,invalid_ipa,,,,"Syntax Error: Could not get value of IPA 'ǃ'. | ! !ˀ !̃n > !̃ | ^ @ Rule 1, Line 1"
20.1.5,Proto-Khoe to Nama,"Nama-ǂ-ǂ̃n,ǂˀ,ǂxʼ",,index_diachronica_original.html:8771,False,invalid_ipa,,,,"Syntax Error: Could not get value of IPA 'ǂ'. | ǂ {ǂ̃n,ǂˀ,ǂx:[+cg]} > ǂɡ ǂ | ^ @ Rule 1, Line 1"
20.1.5,Proto-Khoe to Nama,"Nama-ǁˀ,ǁxʼ",,index_diachronica_original.html:8772,False,invalid_ipa,,,,"Syntax Error: Could not get value of IPA 'ǁ'. | {ǁˀ,ǁx:[+cg]} > ǁ | ^ @ Rule 1, Line 1"
20.1.6,Proto-Khoe to Naro,Naro-ǀ̃n,,index_diachronica_original.html:8778,False,invalid_ipa,,,,"Syntax Error: Could not get value of IPA 'ǀ'. | {ǀ̃,ǀ̃n} > ǂ̃ | ^ @ Rule 1, Line 1"
20.1.7,Proto-Khoe to !Ora,!Ora-ǀ̃n,,index_diachronica_original.html:8785,False,invalid_ipa,,,,"Syntax Error: Could not get value of IPA 'ǀ'. | {ǀ̃,ǀ̃n} > ǂ̃ | ^ @ Rule 1, Line 1"
20.1.7,Proto-Khoe to !Ora,!Ora-!-!̃n,,index_diachronica_original.html:8786,False,invalid_ipa,,,,"Syntax Error: Could not get value of IPA 'ǃ'. | ! !̃n > ! !̃ | ^ @ Rule 1, Line 1"
20.1.7,Proto-Khoe to !Ora,!Ora-ǂ̃n,,index_diachronica_original.html:8787,False,invalid_ipa,,,,"Syntax Error: Could not get value of IPA 'ǂ'. | ǂ̃n > ǂ | ^ @ Rule 1, Line 1"
20.1.7,Proto-Khoe to !Ora,!Ora-ǁˀ,0,index_diachronica_original.html:8788,False,invalid_ipa,,,,"Syntax Error: Could not get value of IPA 'ǁ'. | ǁˀ > ǁˀ | ^ @ Rule 1, Line 1"
20.1.7,Proto-Khoe to !Ora,!Ora-ǁˀ,1,index_diachronica_original.html:8788,False,invalid_ipa,,,,"Syntax Error: Could not get value of IPA 'ǁ'. | ǁˀ > ǁ | ^ @ Rule 1, Line 1"
20.1.8,Proto-Khoe to Teti,Teti-ǀ̃n,,index_diachronica_original.html:8794,False,invalid_ipa,,,,"Syntax Error: Could not get value of IPA 'ǀ'. | {ǀ̃,ǀ̃n} > j | ^ @ Rule 1, Line 1"
20.1.8,Proto-Khoe to Teti,Teti-!-!ˀ-!̬-!̃n-!x,,index_diachronica_original.html:8795,False,invalid_ipa,,,,"Syntax Error: Could not get value of IPA 'ǃ'. | ! !ˀ !̬ !̃(n) !x > k ɡ ŋ x | ^ @ Rule 1, Line 1"
20.1.8,Proto-Khoe to Teti,Teti-ǂ-ǂ̃n-ǂˀ,,index_diachronica_original.html:8796,False,invalid_ipa,,,,"Syntax Error: Could not get value of IPA 'ǂ'. | ǂ ǂ̃n ǂˀ > c ɲ ʔj | ^ @ Rule 1, Line 1"
20.1.8,Proto-Khoe to Teti,Teti-ǁˀ-ǁxʼ,0,index_diachronica_original.html:8797,False,invalid_ipa,,,,"Syntax Error: Could not get value of IPA 'ǁ'. | ǁˀ ǁx:[+cg] > ǁˀ ǁˀ | ^ @ Rule 1, Line 1"
20.1.8,Proto-Khoe to Teti,Teti-ǁˀ-ǁxʼ,1,index_diachronica_original.html:8797,False,invalid_ipa,,,,"Syntax Error: Could not get value of IPA 'ǁ'. | ǁˀ ǁx:[+cg] > ǁˀ | ^ @ Rule 1, Line 1"
20.1.9,Proto-Khoe to TsÊixa,TsÊixa-ǀ̃n-ǀxʼ,,index_diachronica_original.html:8805,False,invalid_ipa,,,,"Syntax Error: Could not get value of IPA 'ǀ'. | {ǀ̃,ǀ̃n} ǀx:[+cg] > j ǀˀ | ^ @ Rule 1, Line 1"
20.1.9,Proto-Khoe to TsÊixa,TsÊixa-!-!ˀ-!̬-!̃n-!x,,index_diachronica_original.html:8806,False,invalid_ipa,,,,"Syntax Error: Could not get value of IPA 'ǃ'. | ! !ˀ !̬ !̃(n) !x > k ɡ ŋɡ x | ^ @ Rule 1, Line 1"
20.1.9,Proto-Khoe to TsÊixa,TsÊixa-ǂ̃n-ǂxʼ,,index_diachronica_original.html:8807,False,invalid_ipa,,,,"Syntax Error: Could not get value of IPA 'ǂ'. | ǂ̃n ǂx:[+cg] > ɲ ǂˀ | ^ @ Rule 1, Line 1"
20.1.9,Proto-Khoe to TsÊixa,TsÊixa-ǁxʼ,,index_diachronica_original.html:8808,False,invalid_ipa,,,,"Syntax Error: Could not get value of IPA 'ǁ'. | ǁx:[+cg] > ǁˀ | ^ @ Rule 1, Line 1"
20.1.10,Proto-Khoe to Ç̬Ui,Ç̬Ui-ǀ̃n,,index_diachronica_original.html:8816,False,invalid_ipa,,,,"Syntax Error: Could not get value of IPA 'ǀ'. | {ǀ̃,ǀ̃n} > ǂ̃n | ^ @ Rule 1, Line 1"
20.1.10,Proto-Khoe to Ç̬Ui,Ç̬Ui-!̃-!x,,index_diachronica_original.html:8817,False,invalid_ipa,,,,"Syntax Error: Could not get value of IPA 'ǃ'. | !̃ !x > !̃(n) {!x,x} | ^ @ Rule 1, Line 1"
20.2.1,Proto-Kx’a to ÇHoan,ÇHoan-!!,,index_diachronica_original.html:8837,False,invalid_ipa,,,,"Syntax Error: Could not get value of IPA 'ǃ'. | !! > ǁ | ^ @ Rule 1, Line 1"
20.2.1,Proto-Kx’a to ÇHoan,ÇHoan-ⁿQʰ-Q͡ɢ,,index_diachronica_original.html:8838,False,unknown_character,͡,,,"Syntax Error: Unknown character '͡' | N Q:[+spread,+voice] Q͡ɢ > {C:[-front:[+spread],+back:[+spread],-hi:[+spread],-lo]:[+spread],[+click]:[+spread]} {C:[-front,+back,-hi,-lo],[+click]} | ^ @ Rule 1, Line 1"
20.2.2,Proto-Kx’a to Northwestern !Xun,Northwestern-!Xun-!!-ʘ,,index_diachronica_original.html:8855,False,invalid_ipa,,,,"Syntax Error: Could not get value of IPA 'ǃ'. | !! ʘ > ǁ ǀ | ^ @ Rule 1, Line 1"
20.2.2,Proto-Kx’a to Northwestern !Xun,Northwestern-!Xun-ǂ,,index_diachronica_original.html:8856,False,invalid_ipa,,,,"Syntax Error: Could not get value of IPA 'ǂ'. | ǂ > !! | ^ @ Rule 1, Line 1"
20.2.3,Proto-Kx’a to Southeastern !Xun,Southeastern-!Xun-!!-ʘ,,index_diachronica_original.html:8873,False,invalid_ipa,,,,"Syntax Error: Could not get value of IPA 'ǃ'. | !! ʘ > ǁ ǀ | ^ @ Rule 1, Line 1"
20.2.3,Proto-Kx’a to Southeastern !Xun,"Southeastern-!Xun-ⁿQʰ-ǀʰ͜q,ǀʰ͜ɢ-Q͡q",,index_diachronica_original.html:8875,False,unknown_character,͜,,,"Syntax Error: Unknown character '͜' | N Q:[+spread,+voice] {ǀ:[+spread,+voice]͜q,ǀ:[+spread,+voice]͜ɢ} Q͡q > ⁿ{C:[-front,+back,-hi,-lo],[+click]}(ʰ) ⁿǀ:[+spread,+voice] {C:[-front,+back,-hi,-lo],[+click]}[+voice] | ^ @ Rule 1, Line 1"
21.1,Proto-Lakes Plain to Proto-Far West,Proto-Far-West-CV,,index_diachronica_original.html:8901,False,runtime_delete_only_segment,,,,Runtime Error: Can't delete a word's only segment
21.2.1.2,Proto-Central Tariku to Iau,Iau-CV,,index_diachronica_original.html:8963,False,runtime_delete_only_segment,,,,Runtime Error: Can't delete a word's only segment
21.2.2.1,Proto-East Tariku to Biritai,Biritai-k,,index_diachronica_original.html:8988,False,unknown_character,̂,,,"Syntax Error: Unknown character '̂' | k > ∅ / _V̂ | ^ @ Rule 1, Line 1"
21.2.2.2,Proto-East Tariku to Doutai,Doutai-V,,index_diachronica_original.html:8997,False,unknown_character,̂,,,"Syntax Error: Unknown character '̂' | V > dz / _V̂ | ^ @ Rule 1, Line 1"
21.2.2.5,Proto-East Tariku to Obokuitai,Obokuitai-b-C,,index_diachronica_original.html:9023,False,unknown_character,̚,,,"Syntax Error: Unknown character '̚' | b C > b̚ ɡ̚ / _# | ^ @ Rule 1, Line 1"
21.2.2.5,Proto-East Tariku to Obokuitai,Obokuitai-∅,,index_diachronica_original.html:9026,False,expected_underscore,,,_,"Syntax Error: Expected '_', but received '' | ∅ > dz / iV | ^ @ Rule 1, Line 1"
21.2.2.7,Proto-East Tariku to Waritai,Waritai-k,,index_diachronica_original.html:9046,False,unknown_character,̂,,,"Syntax Error: Unknown character '̂' | k > ∅ / _V̂ | ^ @ Rule 1, Line 1"
22.6,Proto-Arawá to Sorowahá,"Sorowahá-tʰ,ɗ",,index_diachronica_original.html:9200,False,expected_ipa,>,,IPA character,"Syntax Error: Expected an IPA character, Primative or Matrix, but received '>' | {tʰ,ɗ > t | ^ @ Rule 1, Line 1"
22.6,Proto-Arawá to Sorowahá,Sorowahá-ʔ,,index_diachronica_original.html:9203,False,expected_underscore,,,_,"Syntax Error: Expected '_', but received '' | ʔ > ∅ / #_, possibly everywhere? | ^ @ Rule 1, Line 1"
23.1.1.1.3,Proto-Chibchan to Kogi,Kogi-nVs-dVs,,index_diachronica_original.html:9306,False,nested_brackets,,,,"Syntax Error: Cannot have nested brackets of the same type | nVs dVs > n(V(s)) {ʒ,ʒVʒ} | ^ @ Rule 1, Line 1"
23.1.1.1.6,Proto-Chibchan to Tunebo,Tunebo-ai,,index_diachronica_original.html:9360,False,expected_underscore,*,,_,"Syntax Error: Expected '_', but received '*' | ai > e / if the *a is not stressed | ^ @ Rule 1, Line 1"
24.1.1,Proto-Paman to AritinÅitiÉ£,AritinÅitiÉ£-a-longC,,index_diachronica_original.html:9413,False,missing_slash_output_env,),,end of line,"Syntax Error: Expected end of line, received ')'. Did you forget a '/' between the output and environment? | a[-long]C > Ca / #_ // _a?) | ^ @ Rule 1, Line 1"
24.1.4,Proto-Paman to Mbiywom,Mbiywom-a-longC,,index_diachronica_original.html:9443,False,missing_slash_output_env,),,end of line,"Syntax Error: Expected end of line, received ')'. Did you forget a '/' between the output and environment? | a[-long]C > Ca / #_ // _a?) | ^ @ Rule 1, Line 1"
24.1.7,Proto-Paman to Yinwum,Yinwum-#”UU,,index_diachronica_original.html:9465,False,other,,,,DiachronicSeries has no active SoundChangeRule lines to validate
25.1.1,Proto-Tacanan to Cavineña,Cavineña-*ŕ,,index_diachronica_original.html:9500,False,unknown_character,ŕ,,,"Syntax Error: Unknown character 'ŕ' | *ŕ > r | ^ @ Rule 1, Line 1"
25.1.2,Proto-Tacanan to Chama,"Chama-r,*ŕ",,index_diachronica_original.html:9512,False,unknown_character,ŕ,,,"Syntax Error: Unknown character 'ŕ' | {r,*ŕ} > {∅,w,j} | ^ @ Rule 1, Line 1"
25.1.3,Proto-Tacanan to Reyesano,Reyesano-*ŕ,,index_diachronica_original.html:9523,False,unknown_character,ŕ,,,"Syntax Error: Unknown character 'ŕ' | *ŕ > ∅ | ^ @ Rule 1, Line 1"
25.1.4,Proto-Tacanan to Tacana,Tacana-*ŕ,,index_diachronica_original.html:9539,False,unknown_character,ŕ,,,"Syntax Error: Unknown character 'ŕ' | *ŕ > ∅ | ^ @ Rule 1, Line 1"
27.3,Proto-Mayan to Huastecan,Huastecan-kV+roundC+glide,,index_diachronica_original.html:9737,False,unknown_feature,glide,click,,"Syntax Error: Unknown feature 'glide'. Did you mean click? | kV[+round]C[+glide] > kʷ | ^^^^^^ @ Rule 1, Line 1"
28,Muskogean,Muskogean-V,,index_diachronica_original.html:9820,False,unknown_character,̂,,,"Syntax Error: Unknown character '̂' | V > V̂:[+long] / _Cko, ko lost? | ^ @ Rule 1, Line 1"
28.1,Proto-Muskogean to Proto-Eastern Muskogean,Proto-Eastern-Muskogean-VC+-weak,,index_diachronica_original.html:9829,False,unknown_feature,weak,man,,"Syntax Error: Unknown feature 'weak'. Did you mean man? | VC[+ weak] > ∅ / _V# | ^^^^^^ @ Rule 1, Line 1"
28.1.2,Proto-Eastern Muskogean to Creek,Creek-V1kV2,,index_diachronica_original.html:9842,False,nested_brackets,,,,"Syntax Error: Cannot have nested brackets of the same type | V=1 kV=2 > 2:[+long] / #((C)V(C))(C)_# | ^ @ Rule 1, Line 1"
28.1.2,Proto-Eastern Muskogean to Creek,Creek-S,,index_diachronica_original.html:9847,False,incomplete_matrix,,,,"Runtime Error: An incomplete matrix cannot be inserted | P > P[+ voice] / V_V | ^^^^^^^^^ @ Rule 1, Line 1"
28.2,Proto-Muskogean to Proto-Western Muskogean,Proto-Western-Muskogean-C1+-weak-C2+-weak,,index_diachronica_original.html:9897,False,unknown_feature,weak,man,,"Syntax Error: Unknown feature 'weak'. Did you mean man? | C:[+ weak]=1 C:[+ weak]=2 > ʔ h / V_V# | ^^^^^^ @ Rule 1, Line 1"
29.1.1.1.1,Proto-Athabaskan to Ahtna,Ahtna-Vˀ,,index_diachronica_original.html:9983,False,prose_or_expected_arrow,,,,"Syntax Error: Expected '>', '->' or '=>', but received 'ˀ' | Vˀ > V[+place] | ^ @ Rule 1, Line 1"
29.1.1.1.2,Proto-Athabaskan to Babine,Babine-Vˀ,,index_diachronica_original.html:9990,False,prose_or_expected_arrow,,,,"Syntax Error: Expected '>', '->' or '=>', but received 'ˀ' | Vˀ > V[+place] | ^ @ Rule 1, Line 1"
29.1.1.1.3,Proto-Athabaskan to Beaver,Beaver-T,,index_diachronica_original.html:9998,False,expected_underscore,,,_,"Syntax Error: Expected '_', but received '' | P:[-voice] > P:[-voice]ʃ / _{i,e,u}, in the V:[+back]ritish Columbian dialect | ^ @ Rule 1, Line 1"
29.1.1.1.3,Proto-Athabaskan to Beaver,Beaver-Vˀ,,index_diachronica_original.html:10001,False,prose_or_expected_arrow,,,,"Syntax Error: Expected '>', '->' or '=>', but received 'ˀ' | Vˀ > V:[tone: 55] | ^ @ Rule 1, Line 1"
29.1.1.1.4,Proto-Athabaskan to Chilcotin,Chilcotin-V,0,index_diachronica_original.html:10007,False,missing_slash_output_env,ˀ,,end of line,"Syntax Error: Expected end of line, received 'ˀ'. Did you forget a '/' between the output and environment? | V > Vˀ | ^ @ Rule 1, Line 1"
29.1.1.1.4,Proto-Athabaskan to Chilcotin,Chilcotin-V,1,index_diachronica_original.html:10007,False,incomplete_matrix,,,,"Runtime Error: An incomplete matrix cannot be inserted | V > V[+rtr] | ^^^^^^ @ Rule 1, Line 1"
29.1.1.1.4,Proto-Athabaskan to Chilcotin,Chilcotin-Vˀ,,index_diachronica_original.html:10011,False,prose_or_expected_arrow,,,,"Syntax Error: Expected '>', '->' or '=>', but received 'ˀ' | Vˀ > V:[tone: 55] | ^ @ Rule 1, Line 1"
29.1.1.1.5,Proto-Athabaskan to Chipewyan,Chipewyan-Vˀ,,index_diachronica_original.html:10020,False,prose_or_expected_arrow,,,,"Syntax Error: Expected '>', '->' or '=>', but received 'ˀ' | Vˀ > V:[tone: 55] | ^ @ Rule 1, Line 1"
29.1.1.1.6,Proto-Athabaskan to Dakelh,Dakelh-Vˀ,,index_diachronica_original.html:10027,False,prose_or_expected_arrow,,,,"Syntax Error: Expected '>', '->' or '=>', but received 'ˀ' | Vˀ > V[+place] | ^ @ Rule 1, Line 1"
29.1.1.1.7,Proto-Athabaskan to Deg Hit’an,Deg-Hit’an-TŠʷ,,index_diachronica_original.html:10033,False,missing_slash_output_env,),,end of line,"Syntax Error: Expected end of line, received ')'. Did you forget a '/' between the output and environment? | P:[-voice]ʂ > P:[-voice]P in C:[-front,+back,+hi,-lo]uskokwim dialect) | ^ @ Rule 1, Line 2"
29.1.1.1.7,Proto-Athabaskan to Deg Hit’an,Deg-Hit’an-w,,index_diachronica_original.html:10035,False,missing_slash_output_env,),,end of line,"Syntax Error: Expected end of line, received ')'. Did you forget a '/' between the output and environment? | v > w in Phageluk dialect) | ^ @ Rule 1, Line 2"
29.1.1.1.7,Proto-Athabaskan to Deg Hit’an,Deg-Hit’an-R-F,,index_diachronica_original.html:10037,False,stuff_after_word_bound,,,,"Syntax Error: Cannot have segments after the end of a word | [+son,-syll] F > [+son,-syll][-voice] F[-voice] / _# in suffixes | ^ @ Rule 1, Line 1"
29.1.1.1.7,Proto-Athabaskan to Deg Hit’an,Deg-Hit’an-Vˀ,,index_diachronica_original.html:10040,False,prose_or_expected_arrow,,,,"Syntax Error: Expected '>', '->' or '=>', but received 'ˀ' | Vˀ > V[+place] | ^ @ Rule 1, Line 1"
29.1.1.1.8,Proto-Athabaskan to Dena’ina,"Dena’ina-TŠ,TŠʷ",,index_diachronica_original.html:10045,False,unknown_grouping,I,,,"Syntax Error: Unknown grouping 'I'. Known groupings are (C)onsonant, (O)bstruent, (S)onorant, (P)losive, (F)ricative, (L)iquid, (N)asal, (G)lide, and (V)owel | P:[-voice]ʃ > P:[-voice]P in %pper Inlet dialect) | ^ @ Rule 1, Line 2"
29.1.1.1.8,Proto-Athabaskan to Dena’ina,Dena’ina-Vˀ,,index_diachronica_original.html:10048,False,prose_or_expected_arrow,,,,"Syntax Error: Expected '>', '->' or '=>', but received 'ˀ' | Vˀ > V[+place] | ^ @ Rule 1, Line 1"
29.1.1.1.10,Proto-Athabaskan to Easter Gwich’in,Easter-Gwich’in-Vˀ,,index_diachronica_original.html:10070,False,prose_or_expected_arrow,,,,"Syntax Error: Expected '>', '->' or '=>', but received 'ˀ' | Vˀ > V:[tone: 11] | ^ @ Rule 1, Line 1"
29.1.1.1.11,Proto-Athabaskan to Han,Han-n,,index_diachronica_original.html:10078,False,unknown_character,(,,,"Syntax Error: Unknown character '(' | n > (ⁿ)d / $_V[-nas] | ^ @ Rule 1, Line 1"
29.1.1.1.11,Proto-Athabaskan to Han,Han-a-ɑ-ə-ʊ,,index_diachronica_original.html:10080,False,unknown_character,ë,,,"Syntax Error: Unknown character 'ë' | a ɑ ə ʊ > æ a {ə,ë} o | ^ @ Rule 1, Line 1"
29.1.1.1.11,Proto-Athabaskan to Han,Han-Vˀ,,index_diachronica_original.html:10082,False,prose_or_expected_arrow,,,,"Syntax Error: Expected '>', '->' or '=>', but received 'ˀ' | Vˀ > V:[tone: 11] | ^ @ Rule 1, Line 1"
29.1.1.1.12,Proto-Athabaskan to Holikachuk,Holikachuk-e,,index_diachronica_original.html:10089,False,expected_underscore,,,_,"Syntax Error: Expected '_', but received '' | e > a / prefixes | ^ @ Rule 1, Line 1"
29.1.1.1.12,Proto-Athabaskan to Holikachuk,Holikachuk-Vˀ,,index_diachronica_original.html:10093,False,prose_or_expected_arrow,,,,"Syntax Error: Expected '>', '->' or '=>', but received 'ˀ' | Vˀ > V:[tone: 11] | ^ @ Rule 1, Line 1"
29.1.1.1.14,Proto-Athabaskan to Lower Koyukon,Lower-Koyukon-Vˀ,,index_diachronica_original.html:10114,False,prose_or_expected_arrow,,,,"Syntax Error: Expected '>', '->' or '=>', but received 'ˀ' | Vˀ > V:[tone: 11] | ^ @ Rule 1, Line 1"
29.1.1.1.15,Proto-Athabaskan to Upper Koyukon,Upper-Koyukon-Vˀ,,index_diachronica_original.html:10126,False,syntax_other,,,,"Syntax Error: Tones cannot be ±; they can only be used with numeric values. | V:[tone: 11] > V[-tone] | ^ @ Rule 1, Line 2"
29.1.1.1.16,Proto-Athabaskan to Upper Kuskokwim Kolchan,Upper-Kuskokwim-Kolchan-Vˀ,,index_diachronica_original.html:10135,False,prose_or_expected_arrow,,,,"Syntax Error: Expected '>', '->' or '=>', but received 'ˀ' | Vˀ > V[+place] | ^ @ Rule 1, Line 1"
29.1.1.1.17,Proto-Athabaskan to Sarcee,Sarcee-ɑ́-ə́-ʊ́,,index_diachronica_original.html:10141,False,unknown_character,́,,,"Syntax Error: Unknown character '́' | ɑ́ ə́ ʊ́ > ɑ̄ ə̄ ʊ̄ | ^ @ Rule 1, Line 1"
29.1.1.1.17,Proto-Athabaskan to Sarcee,Sarcee-Vˀ,,index_diachronica_original.html:10143,False,prose_or_expected_arrow,,,,"Syntax Error: Expected '>', '->' or '=>', but received 'ˀ' | Vˀ > V:[tone: 11] | ^ @ Rule 1, Line 1"
29.1.1.1.18,Proto-Athabaskan to Sekani,Sekani-TS,,index_diachronica_original.html:10148,False,missing_slash_output_env,),,end of line,"Syntax Error: Expected end of line, received ')'. Did you forget a '/' between the output and environment? | P:[-voice][-place] > P:[-voice]P again in some areas) | ^ @ Rule 1, Line 2"
29.1.1.1.18,Proto-Athabaskan to Sekani,Sekani-Vˀ,,index_diachronica_original.html:10152,False,prose_or_expected_arrow,,,,"Syntax Error: Expected '>', '->' or '=>', but received 'ˀ' | Vˀ > V:[tone: 55] | ^ @ Rule 1, Line 1"
29.1.1.1.19,Proto-Athabaskan to Proto-Southern Athabaskan,Proto-Southern-Athabaskan-K,,index_diachronica_original.html:10157,False,incomplete_matrix,,,,"Runtime Error: An incomplete matrix cannot be inserted | C:[-front,+back,+hi,-lo] > P:[-voice]P | ^ @ Rule 1, Line 1"
29.1.1.1.19,Proto-Athabaskan to Proto-Southern Athabaskan,Proto-Southern-Athabaskan-ɣ,,index_diachronica_original.html:10159,False,expected_underscore,,,_,"Syntax Error: Expected '_', but received '' | ɣ > h / prefixes relating to word derivation | ^ @ Rule 1, Line 1"
29.1.1.1.19,Proto-Athabaskan to Proto-Southern Athabaskan,Proto-Southern-Athabaskan-VnC,,index_diachronica_original.html:10160,False,expected_number,ʔ,,number,"Syntax Error: Expected number, but received ʔ | VnC > V[+ nas]C / _#, unless C = ʔ | ^ @ Rule 1, Line 1"
29.1.1.1.19,Proto-Athabaskan to Proto-Southern Athabaskan,Proto-Southern-Athabaskan-t-n-x,,index_diachronica_original.html:10161,False,expected_underscore,,,_,"Syntax Error: Expected '_', but received '' | t n x > d n h / prefixes relating to word derivation | ^ @ Rule 1, Line 1"
29.1.1.1.27,Proto-Western Southern Athabaskan to Navajo,"Navajo-ɣ,h",,index_diachronica_original.html:10237,False,expected_underscore,,,_,"Syntax Error: Expected '_', but received '' | {ɣ,h} > j / prefixes related to word derivation | ^ @ Rule 1, Line 1"
29.1.1.1.34,Tahltan-Kaska-Tagish to Kaska,Kaska-Vˀ,,index_diachronica_original.html:10298,False,prose_or_expected_arrow,,,,"Syntax Error: Expected '>', '->' or '=>', but received 'ˀ' | Vˀ > V:[tone: 55] | ^ @ Rule 1, Line 1"
29.1.1.1.37,Proto-Athabaskan to Tanacross,Tanacross-Vˀ,,index_diachronica_original.html:10318,False,prose_or_expected_arrow,,,,"Syntax Error: Expected '>', '->' or '=>', but received 'ˀ' | Vˀ > V:[tone: 55] | ^ @ Rule 1, Line 1"
29.1.1.1.37,Proto-Athabaskan to Tanacross,Tanacross-ʃ,,index_diachronica_original.html:10323,False,expected_underscore,,,_,"Syntax Error: Expected '_', but received '' | ʃ > h / the | ^ @ Rule 1, Line 1"
29.1.1.1.37,Proto-Athabaskan to Tanacross,Tanacross-ɬ,,index_diachronica_original.html:10324,False,expected_underscore,,,_,"Syntax Error: Expected '_', but received '' | ɬ > h / the grammatical classifier | ^ @ Rule 1, Line 1"
29.1.1.1.38,Proto-Athabaskan to Lower Tanana,Lower-Tanana-TS-TŠ-TŠᵚ-Q,,index_diachronica_original.html:10331,False,unknown_character,ᵚ,,,"Syntax Error: Unknown character 'ᵚ' | P:[-voice]P P:[-voice]ʃ P:[-voice]ʃᵚ {C:[-front,+back,-hi,-lo],[+click]} > P:[-voice][-place] P:[-voice]P P:[-voice]ʂ C:[-front,+back,+hi,-lo] | ^ @ Rule 1, Line 1"
29.1.1.1.38,Proto-Athabaskan to Lower Tanana,Lower-Tanana-Vˀ,,index_diachronica_original.html:10333,False,prose_or_expected_arrow,,,,"Syntax Error: Expected '>', '->' or '=>', but received 'ˀ' | Vˀ > V:[tone: 11] | ^ @ Rule 1, Line 1"
29.1.1.1.39,Proto-Athabaskan to Upper Tanana,Upper-Tanana-ʃ,,index_diachronica_original.html:10346,False,expected_underscore,,,_,"Syntax Error: Expected '_', but received '' | ʃ > h / the | ^ @ Rule 1, Line 1"
29.1.1.1.39,Proto-Athabaskan to Upper Tanana,Upper-Tanana-ɬ,,index_diachronica_original.html:10347,False,expected_underscore,,,_,"Syntax Error: Expected '_', but received '' | ɬ > h / the grammatical classifier | ^ @ Rule 1, Line 1"
29.1.1.1.39,Proto-Athabaskan to Upper Tanana,Upper-Tanana-ə,,index_diachronica_original.html:10349,False,missing_slash_output_env,),,end of line,"Syntax Error: Expected end of line, received ')'. Did you forget a '/' between the output and environment? | {a,ɨ} > ø in the Northway dialect) | ^ @ Rule 1, Line 2"
29.1.1.1.39,Proto-Athabaskan to Upper Tanana,Upper-Tanana-Vˀ,,index_diachronica_original.html:10350,False,syntax_other,,,,"Syntax Error: Tones cannot be ±; they can only be used with numeric values. | V:[tone: 11] > V[-tone] in) | ^ @ Rule 1, Line 2"
29.1.1.1.41,Proto-Athabaskan to Northern Tutchone,Northern-Tutchone-Vˀ,,index_diachronica_original.html:10370,False,prose_or_expected_arrow,,,,"Syntax Error: Expected '>', '->' or '=>', but received 'ˀ' | Vˀ > V:[tone: 55] | ^ @ Rule 1, Line 1"
29.1.1.1.42,Proto-Athabaskan to Southern Tutchone,Southern-Tutchone-Vˀ,,index_diachronica_original.html:10383,False,prose_or_expected_arrow,,,,"Syntax Error: Expected '>', '->' or '=>', but received 'ˀ' | Vˀ > V:[tone: 11] | ^ @ Rule 1, Line 1"
30.1.1,Pre-Proto-Bantu to Proto-Bantu,Proto-Bantu_2-d2,,index_diachronica_original.html:10464,False,unknown_character,₂,,,"Syntax Error: Unknown character '₂' | d₂ > d / _ C=2 position | ^ @ Rule 1, Line 1"
30.1.1.1,Proto-Bantu to Sebirwa,Sebirwa-S,,index_diachronica_original.html:10470,False,incomplete_matrix,,,,"Runtime Error: An incomplete matrix cannot be inserted | P > C:[+labial][+spread] | ^^^^^^^^^ @ Rule 1, Line 1"
30.1.2,Pre-Proto-Bantu to Proto-Manenguba,Proto-Manenguba-’p-’t-’d/d2-c-’ɟ-’k-ɡ,0,index_diachronica_original.html:10541,False,unknown_character,₂,,,"Syntax Error: Unknown character '₂' | p:[+cg] t:[+cg] d:[+cg]/d₂ c ɟ:[+cg] k:[+cg] ɡ > f l ɟ s w k / _ C=1 position | ^ @ Rule 1, Line 1"
30.1.2,Pre-Proto-Bantu to Proto-Manenguba,Proto-Manenguba-’p-’t-’d/d2-c-’ɟ-’k-ɡ,1,index_diachronica_original.html:10541,False,unknown_character,₂,,,"Syntax Error: Unknown character '₂' | p:[+cg] t:[+cg] d:[+cg]/d₂ c ɟ:[+cg] k:[+cg] ɡ > f l ɟ s w / _ C=1 position | ^ @ Rule 1, Line 1"
30.1.2,Pre-Proto-Bantu to Proto-Manenguba,"Proto-Manenguba-p-t-’t-’d,d2-c-k-’k",1,index_diachronica_original.html:10543,False,unknown_character,₂,,,"Syntax Error: Unknown character '₂' | p t t:[+cg] d₂ c k k:[+cg] > b d l ɟ ɡ / _ C=2 position | ^ @ Rule 1, Line 1"
30.2,Proto-Potou-Akanic-Bantu to Proto-Potou-Akanic,Proto-Potou-Akanic-C_2,,index_diachronica_original.html:10555,False,panic_other,,,,thread panicked at src/rule/subrule/substitution.rs
30.2,Proto-Potou-Akanic-Bantu to Proto-Potou-Akanic,"Proto-Potou-Akanic-V+nasʋ̃,l̃",,index_diachronica_original.html:10559,False,syntax_other,l,,:,"Syntax Error: Expected ':', but received 'l' | V[+nas](ʋ̃,l̃) > V[-nas](m,n) / #{L,G}[+voice]_ | ^ @ Rule 1, Line 1"
30.2.1,Proto-Potou-Akanic to Proto-Akanic,Proto-Akanic-V+high-+ATRCV+high-ATR,,index_diachronica_original.html:10564,False,nested_brackets,,,,"Syntax Error: Cannot have nested brackets of the same type | V[+high +atr](C(V[+high -atr])) > #(C)V[-high +atr](CV[+high +atr]) / #{L,G}[+dorsal -voice]_ | ^ @ Rule 1, Line 1"
30.2.1.1,Proto-Akanic to Akan,"Akan-p,ʋ̃-c-k͜p",,index_diachronica_original.html:10582,False,unknown_character,͜,,,"Syntax Error: Unknown character '͜' | {p,ʋ̃} c k͜p > f s p / #_ | ^ @ Rule 1, Line 1"
30.3.1.1.8,Proto-Vhe to Adángbe,Adángbe-V,,index_diachronica_original.html:10664,False,incomplete_matrix,,,,"Runtime Error: An incomplete matrix cannot be inserted | V > V[+ nas] / N_ | ^^^^^^^ @ Rule 1, Line 1"
30.3.1.1.8,Proto-Vhe to Adángbe,Adángbe-V+-nas,,index_diachronica_original.html:10665,False,expected_number,N,,number,"Syntax Error: Expected number, but received N | V[+ nas] > V[- nas] / C_ // C = N | ^ @ Rule 1, Line 1"
31.1,Proto-Nyulnyulan to Bardi,Bardi-V0,,index_diachronica_original.html:10752,False,expected_ipa,(,,IPA character,"Syntax Error: Expected an IPA character, Primative or Matrix, but received '(' | V=0 > ∅ / {V(C)0,VC(C)0} {C(C)_#,(C)_#} | ^ @ Rule 1, Line 1"
32.1.1,Proto-Chatino to Papabuco Chatino,Papabuco-Chatino-h,,index_diachronica_original.html:10797,False,expected_ipa,…,,IPA character,"Syntax Error: Expected an IPA character, Primative or Matrix, but received '…' | h > d / _a (…lolwut) | ^ @ Rule 1, Line 1"
32.1.1,Proto-Chatino to Papabuco Chatino,Papabuco-Chatino-h_2,,index_diachronica_original.html:10798,False,expected_ipa,…,,IPA character,"Syntax Error: Expected an IPA character, Primative or Matrix, but received '…' | h > t // _a (…lolwut) | ^ @ Rule 1, Line 1"
32.1.1,Proto-Chatino to Papabuco Chatino,Papabuco-Chatino-e_3,,index_diachronica_original.html:10804,False,expected_underscore,,,_,"Syntax Error: Expected '_', but received '' | e > i / a few data sets | ^ @ Rule 1, Line 1"
32.1.2,Proto-Chatino to Tataltepec Chatino,Tataltepec-Chatino-t,,index_diachronica_original.html:10814,False,expected_ipa,…,,IPA character,"Syntax Error: Expected an IPA character, Primative or Matrix, but received '…' | t > tʲ / _õ (…again…lolwut) | ^ @ Rule 1, Line 1"
32.1.2,Proto-Chatino to Tataltepec Chatino,Tataltepec-Chatino-ç,,index_diachronica_original.html:10824,False,nested_brackets,,,,"Syntax Error: Cannot have nested brackets of the same type | ç > ʔ (? Not sure if I:[+cg]m reading the phone(me)s right on this one) | ^ @ Rule 1, Line 1"
32.1.3,Proto-Chatino to Yaitepec Chatino,Yaitepec-Chatino-s_2,,index_diachronica_original.html:10850,False,expected_underscore,,,_,"Syntax Error: Expected '_', but received '' | s > ʃ / if l is present in the same syllable | ^ @ Rule 1, Line 1"
32.2,Proto-Oto-Manguean to Tlapanec,Tlapanec-Yt-Ynt-Ys,,index_diachronica_original.html:10880,False,unknown_grouping,Y,,,"Syntax Error: Unknown grouping 'Y'. Known groupings are (C)onsonant, (O)bstruent, (S)onorant, (P)losive, (F)ricative, (L)iquid, (N)asal, (G)lide, and (V)owel | Yt Ynt Ys > tʃ dʒ ʃ | ^ @ Rule 1, Line 1"
33.1.1,Proto-Utian to Proto-Costanoan (Ohlone),Proto-Costanoan-Ohlone-l,,index_diachronica_original.html:10923,False,multiple_underlines_env,,,,"Syntax Error: Cannot have multiple underlines in an environment | l > ɾ // _$ or o_ | ^ @ Rule 1, Line 1"
33.1.1,Proto-Utian to Proto-Costanoan (Ohlone),Proto-Costanoan-Ohlone-o,,index_diachronica_original.html:10925,False,multiple_underlines_env,,,,"Syntax Error: Cannot have multiple underlines in an environment | o > a // o(C,0)_ or _(C,0){o,i} | ^ @ Rule 1, Line 1"
33.2.1,Proto-Wintuan to Nomlaki,Nomlaki-VrV,1,index_diachronica_original.html:11003,False,unknown_grouping,M,,,"Syntax Error: Unknown grouping 'M'. Known groupings are (C)onsonant, (O)bstruent, (S)onorant, (P)losive, (F)ricative, (L)iquid, (N)asal, (G)lide, and (V)owel | VrV > M | ^ @ Rule 1, Line 1"
34.8,Proto-Quechumaran to Santiago,Santiago-ʃ,,index_diachronica_original.html:11332,False,multiple_underlines_env,,,,"Syntax Error: Cannot have multiple underlines in an environment | ʃ > s // i_i or _P | ^ @ Rule 1, Line 1"
35.1.2,Proto-Central Salish to Chilliwack Halkomelem,Chilliwack-Halkomelem-V3ʔ,,index_diachronica_original.html:11417,False,unknown_character,ː,,,"Syntax Error: Unknown character 'ː' | V:[tone: 55]ʔ > {V:[tone: 55],Vː:[tone: 55]} / _# | ^ @ Rule 1, Line 1"
35.1.2,Proto-Central Salish to Chilliwack Halkomelem,Chilliwack-Halkomelem-∅,,index_diachronica_original.html:11420,False,expected_underscore,:,,_,"Syntax Error: Expected '_', but received ':' | ∅ > 0 / V:[+stress]=0:[tone: 55]_ | ^ @ Rule 1, Line 1"
35.1.6,Proto-Central Salish to Lushootseed,Lushootseed-Rʔ,,index_diachronica_original.html:11503,False,expected_underscore,,,_,"Syntax Error: Expected '_', but received '' | [+son,-syll]ʔ > ʔ[+son,-syll] / V:[tone: 55]C | ^ @ Rule 1, Line 1"
35.1.7,Proto-Central Salish to Nooksack,Nooksack-∅,,index_diachronica_original.html:11520,False,expected_underscore,:,,_,"Syntax Error: Expected '_', but received ':' | ∅ > 0 / V:[+stress]=0:[tone: 55]ʔ_ | ^ @ Rule 1, Line 1"
35.1.9,Proto-Central Salish to Saanich Northern Straits,Saanich-Northern-Straits-V3h,,index_diachronica_original.html:11576,False,unknown_character,ː,,,"Syntax Error: Unknown character 'ː' | V:[tone: 55]h > {V:[tone: 55],Vː:[tone: 55]} / _C | ^ @ Rule 1, Line 1"
35.1.9,Proto-Central Salish to Saanich Northern Straits,Saanich-Northern-Straits-a3,,index_diachronica_original.html:11579,False,expected_ipa,ʷ,,IPA character,"Syntax Error: Expected an IPA character, Primative or Matrix, but received 'ʷ' | a:[tone: 55] > e:[tone: 55] // {C[-fr,+bk,-hi,-lo]ʷ,C:[-front,+back,+hi,-lo,+round],w}_,_{Cu,C[-fr,+bk,-hi,-lo]ʷ,w} | ^ @ Rule 1, Line 1"
36.1.1,Late Middle Chinese to Old Mandarin,Old-Mandarin-Cʲ,,index_diachronica_original.html:11756,False,unknown_character,Ạ,,,"Syntax Error: Unknown character 'Ạ' | C:[+cor,+dist] > C {Ạ,F̣}_ | ^ @ Rule 1, Line 1"
36.1.1,Late Middle Chinese to Old Mandarin,Old-Mandarin-Cʲ_2,,index_diachronica_original.html:11757,False,unknown_character,̣,,,"Syntax Error: Unknown character '̣' | C:[+cor,+dist] > C̣ | ^ @ Rule 1, Line 1"
36.1.1,Late Middle Chinese to Old Mandarin,Old-Mandarin-V1,,index_diachronica_original.html:11759,False,expected_underscore,",",,_,"Syntax Error: Expected '_', but received ',' | V1 > V2 / syllables with ɦ, a nasal, or a liquid | ^ @ Rule 1, Line 1"
36.1.1,Late Middle Chinese to Old Mandarin,Old-Mandarin-V3,,index_diachronica_original.html:11760,False,expected_underscore,,,_,"Syntax Error: Expected '_', but received '' | V3 > V4 / syllables with ɦ | ^ @ Rule 1, Line 1"
36.1.1,Late Middle Chinese to Old Mandarin,Old-Mandarin-V5,,index_diachronica_original.html:11762,False,expected_underscore,,,_,"Syntax Error: Expected '_', but received '' | V5 > V2 / syllables with ɦ | ^ @ Rule 1, Line 1"
36.1.1,Late Middle Chinese to Old Mandarin,Old-Mandarin-V5_2,,index_diachronica_original.html:11763,False,expected_underscore,,,_,"Syntax Error: Expected '_', but received '' | V5 > V4 / syllables with a nasal or liquid | ^ @ Rule 1, Line 1"
36.1.1,Late Middle Chinese to Old Mandarin,Old-Mandarin-V5_3,,index_diachronica_original.html:11764,False,expected_underscore,,,_,"Syntax Error: Expected '_', but received '' | V5 > V3 // syllables with a nasal or liquid | ^ @ Rule 1, Line 1"
36.1.1,Late Middle Chinese to Old Mandarin,Old-Mandarin-i,,index_diachronica_original.html:11769,False,expected_ipa,ʷ,,IPA character,"Syntax Error: Expected an IPA character, Primative or Matrix, but received 'ʷ' | i > ∅ / {C,Cʷ}_a | ^ @ Rule 1, Line 1"
36.1.1,Late Middle Chinese to Old Mandarin,Old-Mandarin-ia,,index_diachronica_original.html:11770,False,expected_ipa,ʷ,,IPA character,"Syntax Error: Expected an IPA character, Primative or Matrix, but received 'ʷ' | ia > e // {C,Cʷ}_a | ^ @ Rule 1, Line 1"
36.1.1,Late Middle Chinese to Old Mandarin,Old-Mandarin-o,,index_diachronica_original.html:11772,False,expected_number,{,,number,"Syntax Error: Expected number, but received { | o > a / C_w // C = {C:[-front,+back,+hi,-lo],C[+pharyngeal]} | ^ @ Rule 1, Line 1"
36.1.1,Late Middle Chinese to Old Mandarin,Old-Mandarin-∅_2,,index_diachronica_original.html:11785,False,expected_number,{,,number,"Syntax Error: Expected number, but received { | ∅ > w / C_o# // C = {C:[-front,+back,+hi,-lo],C[+pharyngeal]} | ^ @ Rule 1, Line 1"
36.1.1,Late Middle Chinese to Old Mandarin,Old-Mandarin-w_2,,index_diachronica_original.html:11786,False,unknown_character,̣,,,"Syntax Error: Unknown character '̣' | w > ∅ / C̣Cʲ_?w | ^ @ Rule 1, Line 1"
36.1.1,Late Middle Chinese to Old Mandarin,Old-Mandarin-wʲ,,index_diachronica_original.html:11790,False,missing_slash_output_env,ʲ,,end of line,"Syntax Error: Expected end of line, received 'ʲ'. Did you forget a '/' between the output and environment? | wʲ > w / _?Cʲ | ^ @ Rule 1, Line 1"
36.1.1,Late Middle Chinese to Old Mandarin,Old-Mandarin-∅_3,,index_diachronica_original.html:11791,False,unknown_character,̣,,,"Syntax Error: Unknown character '̣' | ∅ > w / C̣_aŋ | ^ @ Rule 1, Line 1"
36.1.1,Late Middle Chinese to Old Mandarin,Old-Mandarin-wʲ_3,,index_diachronica_original.html:11794,False,unknown_character,̣,,,"Syntax Error: Unknown character '̣' | wʲ > w / C̣_oŋ | ^ @ Rule 1, Line 1"
36.1.1.1,Old Mandarin to Modern Pekingese,Modern-Pekingese-#r…î#,,index_diachronica_original.html:11806,False,other,,,,DiachronicSeries has no active SoundChangeRule lines to validate
36.1.1.1,Old Mandarin to Modern Pekingese,Modern-Pekingese-j_2,,index_diachronica_original.html:11808,False,unknown_character,̣,,,"Syntax Error: Unknown character '̣' | j > ∅ / C̣_ | ^ @ Rule 1, Line 1"
36.1.1.1,Old Mandarin to Modern Pekingese,Modern-Pekingese-î,,index_diachronica_original.html:11810,False,expected_number,r,,number,"Syntax Error: Expected number, but received r | i > e / _C# // C = r | ^ @ Rule 1, Line 1"
36.1.1.1,Old Mandarin to Modern Pekingese,Modern-Pekingese-kʰ-h,,index_diachronica_original.html:11812,False,unknown_character,͡,,,"Syntax Error: Unknown character '͡' | {k,kʰ} h > {ɕ͡,ɕ͡ʰ} ɕ / _j | ^ @ Rule 1, Line 1"
36.2,Sin Sukchu to Guānhuà,Guānhuà-ŋ_3,,index_diachronica_original.html:11833,False,format_error,,,,format_error: no compile steps from stages
36.2,Sin Sukchu to Guānhuà,Guānhuà-i,,index_diachronica_original.html:11840,False,syntax_other,,,,"Syntax Error: Feature 'long' has no modifier | i > [long-tail vowel thing] / C̣_ | ^^^^ @ Rule 1, Line 1"
36.2,Sin Sukchu to Guānhuà,Guānhuà-iʔ-iw,,index_diachronica_original.html:11841,False,unknown_character,̣,,,"Syntax Error: Unknown character '̣' | iʔ iw > eʔ ew / C̣_ | ^ @ Rule 1, Line 1"
36.2,Sin Sukchu to Guānhuà,Guānhuà-iʔ,,index_diachronica_original.html:11842,False,syntax_other,,,,"Syntax Error: Feature 'truncated' has no modifier | ieʔ > i[truncated vowel-thing]ʔ?) | ^^^^^^^^^ @ Rule 1, Line 2"
36.2,Sin Sukchu to Guānhuà,Guānhuà-uʔ,,index_diachronica_original.html:11843,False,missing_slash_output_env,),,end of line,"Syntax Error: Expected end of line, received ')'. Did you forget a '/' between the output and environment? | oʔ > uɛʔ?) | ^ @ Rule 1, Line 2"
36.2,Sin Sukchu to Guānhuà,Guānhuà-uj_3,,index_diachronica_original.html:11845,False,expected_ipa,∅,,IPA character,"Syntax Error: Expected an IPA character, Primative or Matrix, but received '∅' | uj > uɛi / {C:[+labial],C[+laryngeal],∅}_ | ^ @ Rule 1, Line 1"
36.2,Sin Sukchu to Guānhuà,Guānhuà-ujʔ,,index_diachronica_original.html:11847,False,missing_slash_output_env,),,end of line,"Syntax Error: Expected end of line, received ')'. Did you forget a '/' between the output and environment? | uɛʔ > uɔʔ?) | ^ @ Rule 1, Line 2"
36.2,Sin Sukchu to Guānhuà,Guānhuà-juŋ,,index_diachronica_original.html:11851,False,expected_ipa,∅,,IPA character,"Syntax Error: Expected an IPA character, Primative or Matrix, but received '∅' | juŋ > iuŋ / _{∅,x,ʋ,ʔ} | ^ @ Rule 1, Line 1"
36.2,Sin Sukchu to Guānhuà,Guānhuà-juŋ_2,,index_diachronica_original.html:11852,False,syntax_other,í,,ASCII character,"Syntax Error: Expected ASCII character, but received 'í' | juŋ > iuŋ / _ɡ[+píng tone] | ^ @ Rule 1, Line 1"
36.2,Sin Sukchu to Guānhuà,Guānhuà-juŋ_3,,index_diachronica_original.html:11853,False,missing_slash_output_env,),,end of line,"Syntax Error: Expected end of line, received ')'. Did you forget a '/' between the output and environment? | uŋ > oŋ dialectally?) | ^ @ Rule 1, Line 2"
36.2,Sin Sukchu to Guānhuà,Guānhuà-y,,index_diachronica_original.html:11855,False,unknown_character,̣,,,"Syntax Error: Unknown character '̣' | y > ɥ / C̣_ | ^ @ Rule 1, Line 1"
36.2,Sin Sukchu to Guānhuà,Guānhuà-yʔ,,index_diachronica_original.html:11856,False,expected_underscore,,,_,"Syntax Error: Expected '_', but received '' | yʔ > yɛʔ / {l,C[+cor,+anterior,+dist +strident]}_ infinals, dialectally? | ^ @ Rule 1, Line 1"
36.2,Sin Sukchu to Guānhuà,Guānhuà-yʔ_2,,index_diachronica_original.html:11857,False,nested_brackets,,,,"Syntax Error: Cannot have nested brackets of the same type | oʔ > {ʊʔ,(i)uʔ?) / {l,C[+cor,+anterior,+dist +strident]}_, in | ^ @ Rule 1, Line 2"
36.2,Sin Sukchu to Guānhuà,Guānhuà-yʔ_3,0,index_diachronica_original.html:11858,False,expected_ipa,∅,,IPA character,"Syntax Error: Expected an IPA character, Primative or Matrix, but received '∅' | yʔ > yʔ / {∅,C[+laryngeal]}, in -juət-types | ^ @ Rule 1, Line 1"
36.2,Sin Sukchu to Guānhuà,Guānhuà-yʔ_3,1,index_diachronica_original.html:11858,False,expected_ipa,∅,,IPA character,"Syntax Error: Expected an IPA character, Primative or Matrix, but received '∅' | yʔ > yɛʔ? / {∅,C[+laryngeal]}, in -juət-types | ^ @ Rule 1, Line 1"
36.2,Sin Sukchu to Guānhuà,Guānhuà-yʔ_4,,index_diachronica_original.html:11859,False,expected_ipa,∅,,IPA character,"Syntax Error: Expected an IPA character, Primative or Matrix, but received '∅' | yʔ > ioʔ / {∅,C[+laryngeal]}_, in -k-types | ^ @ Rule 1, Line 1"
36.2,Sin Sukchu to Guānhuà,Guānhuà-yʔ_5,0,index_diachronica_original.html:11860,False,unknown_character,̣,,,"Syntax Error: Unknown character '̣' | yʔ > ɥʔ / C̣, in -juət-types | ^ @ Rule 1, Line 1"
36.2,Sin Sukchu to Guānhuà,Guānhuà-yʔ_5,1,index_diachronica_original.html:11860,False,unknown_character,̣,,,"Syntax Error: Unknown character '̣' | yʔ > yʔ / C̣, in -juət-types | ^ @ Rule 1, Line 1"
36.2,Sin Sukchu to Guānhuà,Guānhuà-yʔ_5,2,index_diachronica_original.html:11860,False,unknown_character,̣,,,"Syntax Error: Unknown character '̣' | yʔ > uʔ / C̣, in -juət-types | ^ @ Rule 1, Line 1"
36.2,Sin Sukchu to Guānhuà,Guānhuà-yʔ_6,,index_diachronica_original.html:11861,False,unknown_character,̣,,,"Syntax Error: Unknown character '̣' | oʔ > ʊʔ?) / C̣_, in -k-types | ^ @ Rule 1, Line 2"
36.2,Sin Sukchu to Guānhuà,Guānhuà-yn,,index_diachronica_original.html:11863,False,unknown_character,̣,,,"Syntax Error: Unknown character '̣' | yn > un / C̣_ | ^ @ Rule 1, Line 1"
36.2,Sin Sukchu to Guānhuà,Guānhuà-je-jeʔ-yeʔ,,index_diachronica_original.html:11864,False,unknown_character,̣,,,"Syntax Error: Unknown character '̣' | je jeʔ yeʔ > ɛ ɛʔ uɛʔ / C̣_ | ^ @ Rule 1, Line 1"
36.2,Sin Sukchu to Guānhuà,Guānhuà-yeʔ,,index_diachronica_original.html:11866,False,missing_slash_output_env,),,end of line,"Syntax Error: Expected end of line, received ')'. Did you forget a '/' between the output and environment? | yɛʔ > {uɔʔ,yɔʔ} in southern speech?) | ^ @ Rule 1, Line 2"
36.2,Sin Sukchu to Guānhuà,Guānhuà-jew,,index_diachronica_original.html:11868,False,unknown_character,̣,,,"Syntax Error: Unknown character '̣' | jew > au / {C̣,C̣C}_ | ^ @ Rule 1, Line 1"
36.2,Sin Sukchu to Guānhuà,Guānhuà-jew_2,,index_diachronica_original.html:11869,False,unknown_character,̣,,,"Syntax Error: Unknown character '̣' | jew > iau // {C̣,C̣C}_ | ^ @ Rule 1, Line 1"
36.2,Sin Sukchu to Guānhuà,"Guānhuà-jem,jen",,index_diachronica_original.html:11870,False,unknown_character,̣,,,"Syntax Error: Unknown character '̣' | {jem,jen} > iɛn / sometimes after C̣_ // ʐ_) | ^ @ Rule 1, Line 1"
36.2,Sin Sukchu to Guānhuà,Guānhuà-yen,,index_diachronica_original.html:11871,False,unknown_character,̣,,,"Syntax Error: Unknown character '̣' | yen > uɛn / C̣_ | ^ @ Rule 1, Line 1"
36.2,Sin Sukchu to Guānhuà,Guānhuà-wɔ,,index_diachronica_original.html:11874,False,missing_slash_output_env,),,end of line,"Syntax Error: Expected end of line, received ')'. Did you forget a '/' between the output and environment? | ɔ > uɔ after a guttural?) | ^ @ Rule 1, Line 2"
36.2,Sin Sukchu to Guānhuà,"Guānhuà-jawʔ,wawʔ",,index_diachronica_original.html:11885,False,unknown_character,̣,,,"Syntax Error: Unknown character '̣' | {jawʔ,wawʔ} > ɔʔ / C̣_ | ^ @ Rule 1, Line 1"
36.2,Sin Sukchu to Guānhuà,Guānhuà-aŋ-jaŋ,,index_diachronica_original.html:11891,False,unknown_character,̣,,,"Syntax Error: Unknown character '̣' | aŋ jaŋ > uaŋ aŋ / C̣_ | ^ @ Rule 1, Line 1"
36.3.1.1,Proto-Naish to Laze,"Laze-r,sl-r,sn",,index_diachronica_original.html:11926,False,missing_slash_output_env,̥,,end of line,"Syntax Error: Expected end of line, received '̥'. Did you forget a '/' between the output and environment? | {r,s}l {r,s}n > l̥ N̥ / $_V | ^ @ Rule 1, Line 1"
36.3.1.1,Proto-Naish to Laze,Laze-N̥V,,index_diachronica_original.html:11928,False,prose_or_expected_arrow,,,,"Syntax Error: Expected '>', '->' or '=>', but received '̥' | N̥V > hṽ | ^ @ Rule 1, Line 1"
36.3.1.3,Proto-Naish to Naxi,"Naxi-r,sN",,index_diachronica_original.html:11974,False,prose_or_expected_arrow,,,,"Syntax Error: Expected '>', '->' or '=>', but received '̥' | N̥ > hṽ | ^ @ Rule 1, Line 2"
36.3.2.1,Proto-rGyalrongic to bTshan La,bTshan-La-w,,index_diachronica_original.html:11999,False,expected_underscore,,,_,"Syntax Error: Expected '_', but received '' | w > ʔ / something to do with either back vowels or prefixes | ^ @ Rule 1, Line 1"
36.3.2.1.1,Proto-rGyalrongic to Chos Kia,Chos-Kia-t-st-tr-d-sd-çdr-Nt-çT-KT,,index_diachronica_original.html:12018,False,missing_slash_output_env,(,,end of line,"Syntax Error: Expected end of line, received '('. Did you forget a '/' between the output and environment? | t st tr d sd dr Nt çP:[-voice] C:[-front,+back,+hi,-lo]P:[-voice] > t sd tr t st (ç)tr mt ndr ɡt | ^ @ Rule 1, Line 1"
36.3.2.2.2,Proto-rGyalrongic to lCog Rtse,lCog-Rtse-*w,,index_diachronica_original.html:12128,False,empty_io_panic,,,,"Syntax Error: The input of an insertion rule must only contain `*` or `∅` | *w > ʔ / something to do either with back vowels or prefixes | ^ @ Rule 1, Line 1"
36.3.2.2.4,Proto-rGyalrongic to Suo Mo,Suo-Mo-ɡj,,index_diachronica_original.html:12154,False,missing_slash_output_env,),,end of line,"Syntax Error: Expected end of line, received ')'. Did you forget a '/' between the output and environment? | cç ? > tsç?) | ^ @ Rule 1, Line 2"
36.3.2.2.6,Proto-rGyalrongic to Tsa Ku Nao,Tsa-Ku-Nao-an,,index_diachronica_original.html:12215,False,unknown_character,ɿ,,,"Syntax Error: Unknown character 'ɿ' | an > ɿɛ | ^ @ Rule 1, Line 1"
36.3.2.2.6,Proto-rGyalrongic to Tsa Ku Nao,Tsa-Ku-Nao-iŋ,,index_diachronica_original.html:12219,False,unknown_character,ʅ,,,"Syntax Error: Unknown character 'ʅ' | iŋ > ʅ | ^ @ Rule 1, Line 1"
36.3.3.1,Old Tibetan to Amdo dialects,"Amdo-dialects-d,ɡ,s,l,r",,index_diachronica_original.html:12288,False,uneven_parallel_sets,,,,"Runtime Error: Two matched sets must have the same number of elements | {d,ɡ,s,l,r} > {h,r} / #_ | ^^^^^^^^^^^ ^^^^^ @ Rule 1, Line 1"
37.1,Proto-Siouan-Iroquoian to Proto-Iroquoian,Proto-Iroquoian-p_2,,index_diachronica_original.html:12335,False,expected_underscore,,,_,"Syntax Error: Expected '_', but received '' | p > kʷ / else | ^ @ Rule 1, Line 1"
37.1.1,Proto-Iroquoian to Cherokee,Cherokee-aːwẽː,,index_diachronica_original.html:12354,False,nested_brackets,,,,"Syntax Error: Cannot have nested brackets of the same type | {awẽ,awẽ:[+long],a:[+long]{wẽ,wẽ:[+long]}} > {ama,ama:[+long],a:[+long]{ma,ma:[+long]}} | ^ @ Rule 1, Line 1"
37.1.2.1,Proto-Northern Iroquoian to Cayuga,Cayuga-”VCCCaCV,,index_diachronica_original.html:12394,False,nested_brackets,,,,"Syntax Error: Cannot have nested brackets of the same type | {V:[+stress](C)CaCV,VC:[+stress](C)CaCV} > {V:[+stress]((C)CaCV,VC:[+stress]((C)CaCV} / _# | ^ @ Rule 1, Line 1"
37.1.2.1,Proto-Northern Iroquoian to Cayuga,Cayuga-V1”V2-”V1ːV2,,index_diachronica_original.html:12414,False,unknown_character,ː,,,"Syntax Error: Unknown character 'ː' | V=1 V:[+stress]=2 1:[+stress] ː2 > 1:[+stress] 2 1:[+stress] [-long]2 | ^ @ Rule 1, Line 1"
37.1.2.1,Proto-Northern Iroquoian to Cayuga,Cayuga-”V0V0,,index_diachronica_original.html:12417,False,unknown_feature,accent,cont,,"Syntax Error: Unknown feature 'accent'. Did you mean cont? | V:[+stress]=0 0 > 0:[+long][-accent] | ^^^^^^^ @ Rule 1, Line 1"
37.1.2.3,Proto-Northern Iroquoian to Onondaga,Onondaga-”VːCCVː,,index_diachronica_original.html:12508,False,nested_brackets,,,,"Syntax Error: Cannot have nested brackets of the same type | {V:[+stress](C)V:[+long],VC:[+stress](C)V:[+long],V:[+stress,+long](C)V:[+long],VC:[+stress,+long](C)V:[+long]} > V[-long](C):[+stress]((C)CV[-long] / _# | ^ @ Rule 1, Line 1"
37.1.2.3,Proto-Northern Iroquoian to Onondaga,Onondaga-”VCCCaCV,,index_diachronica_original.html:12512,False,nested_brackets,,,,"Syntax Error: Cannot have nested brackets of the same type | {V:[+stress](C)CaCV,VC:[+stress](C)CaCV} > {V:[+stress]((C)CaCV,VC:[+stress]((C)CaCV} / _# | ^ @ Rule 1, Line 1"
37.1.2.4.1,Proto-Mohawk-Oneida to Mohawk,Mohawk-—-s_2,,index_diachronica_original.html:12581,False,expected_number,j,,number,"Syntax Error: Expected number, but received j | s > z / {#,V}_{V,[+son,-syll]} // [+son,-syll] = j | ^ @ Rule 1, Line 1"
37.1.2.6,Proto-Northern Iroquoian to Tuscarora,Tuscarora-t,,index_diachronica_original.html:12684,False,floating_diacritic,,,,"Syntax Error: Floating diacritic. Diacritics can only be used to modify IPA Segments | t > ˀt | ^ @ Rule 1, Line 1"
37.1.2.6,Proto-Northern Iroquoian to Tuscarora,Tuscarora-ˀt,,index_diachronica_original.html:12691,False,floating_diacritic,,,,"Syntax Error: Floating diacritic. Diacritics can only be used to modify IPA Segments | ˀt > tʔ / _ˀt | ^ @ Rule 1, Line 1"
37.1.2.6,Proto-Northern Iroquoian to Tuscarora,Tuscarora-ˀt_2,,index_diachronica_original.html:12692,False,floating_diacritic,,,,"Syntax Error: Floating diacritic. Diacritics can only be used to modify IPA Segments | ˀt > ∅ / _t | ^ @ Rule 1, Line 1"
37.1.2.6,Proto-Northern Iroquoian to Tuscarora,Tuscarora-ˀt_3,,index_diachronica_original.html:12693,False,floating_diacritic,,,,"Syntax Error: Floating diacritic. Diacritics can only be used to modify IPA Segments | ˀt > ʔ / _r | ^ @ Rule 1, Line 1"
37.1.2.6,Proto-Northern Iroquoian to Tuscarora,Tuscarora-ˀt_4,,index_diachronica_original.html:12694,False,floating_diacritic,,,,"Syntax Error: Floating diacritic. Diacritics can only be used to modify IPA Segments | ˀt > ʔn / V_{V,w,j} | ^ @ Rule 1, Line 1"
37.1.2.6,Proto-Northern Iroquoian to Tuscarora,Tuscarora-ˀt_5,,index_diachronica_original.html:12695,False,floating_diacritic,,,,"Syntax Error: Floating diacritic. Diacritics can only be used to modify IPA Segments | ˀt > n / {#,C}_{V,w,j} | ^ @ Rule 1, Line 1"
37.1.2.6,Proto-Northern Iroquoian to Tuscarora,Tuscarora-ˀt_6,,index_diachronica_original.html:12696,False,floating_diacritic,,,,"Syntax Error: Floating diacritic. Diacritics can only be used to modify IPA Segments | ˀt > t | ^ @ Rule 1, Line 1"
37.1.2.6,Proto-Northern Iroquoian to Tuscarora,Tuscarora-n-r-w-j,,index_diachronica_original.html:12710,False,unknown_character,̊,,,"Syntax Error: Unknown character '̊' | n r w j > n̥ r̥ w̥ j̊ / _{#,O} | ^ @ Rule 1, Line 1"
37.1.2.6.1,Tuscarora to Western Tuscarora,Western-Tuscarora-r̥-w̥-j̊,,index_diachronica_original.html:12718,False,unknown_character,̊,,,"Syntax Error: Unknown character '̊' | r̥ w̥ j̊ > s f ʃ | ^ @ Rule 1, Line 1"
37.2.4,Proto-Siouan to Proto-Čiwere-Winnebago,Proto-Čiwere-Winnebago-t,,index_diachronica_original.html:12822,False,missing_slash_output_env,:,,end of line,"Syntax Error: Expected end of line, received ':'. Did you forget a '/' between the output and environment? | t > tʃ / _V:[+front]:[+stress] | ^ @ Rule 1, Line 1"
37.2.5,Proto-Siouan to Proto-Crow-Hidatsa,Proto-Crow-Hidatsa-Lʲ,,index_diachronica_original.html:12880,False,expected_ipa,ʲ,,IPA character,"Syntax Error: Expected an IPA character, Primative or Matrix, but received 'ʲ' | {L,Lʲ} > r | ^ @ Rule 1, Line 1"
37.2.6.1,Proto-Dhegiha to Kansa,Kansa-r-Lʲ,,index_diachronica_original.html:12939,False,expected_ipa,ʲ,,IPA character,"Syntax Error: Expected an IPA character, Primative or Matrix, but received 'ʲ' | r {L,Lʲ} > d j / #_ | ^ @ Rule 1, Line 1"
37.2.6.1,Proto-Dhegiha to Kansa,Kansa-V,,index_diachronica_original.html:12941,False,incomplete_matrix,,,,"Runtime Error: An incomplete matrix cannot be inserted | V > V[+nas] / N_ | ^^^^^^ @ Rule 1, Line 1"
37.2.7.1,Proto-Ohio-Valley to Biloxi,Biloxi-p_2,,index_diachronica_original.html:13017,False,expected_underscore,",",,_,"Syntax Error: Expected '_', but received ',' | p > w / V_V, apparently as a result of some dissimilation, as this appears to be an allophone of p here, II%C | ^ @ Rule 1, Line 1"
38.1.1.1,Proto-Tai to Ahom,Ahom-ŋ̊,,index_diachronica_original.html:13080,False,unknown_character,̊,,,"Syntax Error: Unknown character '̊' | ŋ̊ > h | ^ @ Rule 1, Line 1"
38.1.1.3,Proto-Tai to Central Tai,"Central-Tai-l,r",,index_diachronica_original.html:13111,False,expected_underscore,",",,_,"Syntax Error: Expected '_', but received ',' | {l,r} > ∅ / n,ɗ_ | ^ @ Rule 1, Line 1"
38.1.1.3,Proto-Tai to Central Tai,Central-Tai-tr,,index_diachronica_original.html:13119,False,missing_slash_output_env,_,,end of line,"Syntax Error: Expected end of line, received '_'. Did you forget a '/' between the output and environment? | tr > {tʰ,tʰr}_ | ^ @ Rule 1, Line 1"
38.1.1.3.1,Central Tai to Lungchow,Lungchow-a,,index_diachronica_original.html:13158,False,expected_underscore,,,_,"Syntax Error: Expected '_', but received '' | a > a:[+long] / _u,i | ^ @ Rule 1, Line 1"
38.1.1.4,Proto-Tai to North Tai,North-Tai-l,,index_diachronica_original.html:13215,False,expected_underscore,",",,_,"Syntax Error: Expected '_', but received ',' | l > ∅ / {p,pʰ},b_V:[+front] | ^ @ Rule 1, Line 1"
38.1.1.4,Proto-Tai to North Tai,North-Tai-l_2,,index_diachronica_original.html:13216,False,expected_underscore,",",,_,"Syntax Error: Expected '_', but received ',' | l > j / {p,pʰ},b_V | ^ @ Rule 1, Line 1"
38.1.1.4,Proto-Tai to North Tai,"North-Tai-xr-x-x,ɣʷ",,index_diachronica_original.html:13226,False,prose_or_expected_arrow,,,,"Syntax Error: Expected '>', '->' or '=>', but received 'ʷ' | xr x {x,ɣ}ʷ > r̥ h {w,v,h} | ^ @ Rule 1, Line 1"
38.1.1.4.2,North Tai to Po-Ai,Po-Ai-ua~u@̯,,index_diachronica_original.html:13279,False,expected_ipa,@,,IPA character,"Syntax Error: Expected an IPA character, Primative or Matrix, but received '@' | {ua,u@̯} > u:[+long] | ^ @ Rule 1, Line 1"
38.1.1.5,Proto-Tai to Southwest Tai,"Southwest-Tai-l,r",,index_diachronica_original.html:13315,False,expected_underscore,",",,_,"Syntax Error: Expected '_', but received ',' | {l,r} > ∅ / t,ɗ_ | ^ @ Rule 1, Line 1"
40.2,Proto-Totozoquean to Proto-Totonacan,Proto-Totonacan-o-o̰,,index_diachronica_original.html:13513,False,unknown_character,ṵ,,,"Syntax Error: Unknown character 'ṵ' | o o̰ > u ṵ | ^ @ Rule 1, Line 1"
40.2,Proto-Totozoquean to Proto-Totonacan,"Proto-Totonacan-e,ɨ-ḛ-ɨ̰",,index_diachronica_original.html:13515,False,unknown_character,ḛ,,,"Syntax Error: Unknown character 'ḛ' | {e,ɨ} {ḛ ɨ̰} > i ḭ | ^ @ Rule 1, Line 1"
41.5.1.2,Proto-Gorokan to North Fore,North-Fore-ʔ,,index_diachronica_original.html:13588,False,expected_underscore,,,_,"Syntax Error: Expected '_', but received '' | ʔ > n / before modal suffixes | ^ @ Rule 1, Line 1"
41.5.1.3,Proto-Gorokan to South Fore,South-Fore-ʔ,,index_diachronica_original.html:13595,False,expected_underscore,,,_,"Syntax Error: Expected '_', but received '' | ʔ > n / before modal suffixes | ^ @ Rule 1, Line 1"
41.5.2.3,Proto-Kainantu to Gadsup,"Gadsup-D,Y",,index_diachronica_original.html:13668,False,unknown_grouping,Y,,,"Syntax Error: Unknown grouping 'Y'. Known groupings are (C)onsonant, (O)bstruent, (S)onorant, (P)losive, (F)ricative, (L)iquid, (N)asal, (G)lide, and (V)owel | {P:[+voice],Y} > ∅ / _n | ^ @ Rule 1, Line 1"
41.5.2.3,Proto-Kainantu to Gadsup,Gadsup-YO+-voice-YO-voice,,index_diachronica_original.html:13669,False,unknown_grouping,Y,,,"Syntax Error: Unknown grouping 'Y'. Known groupings are (C)onsonant, (O)bstruent, (S)onorant, (P)losive, (F)ricative, (L)iquid, (N)asal, (G)lide, and (V)owel | YO[+ voice] YO[- voice] > Y t | ^ @ Rule 1, Line 1"
42.1,Proto-Uralic to Pre-Finnic,Pre-Finnic-ŋ,,index_diachronica_original.html:13762,False,expected_underscore,,,_,"Syntax Error: Expected '_', but received '' | ŋ > k / _#, in latives | ^ @ Rule 1, Line 1"
42.1,Proto-Uralic to Pre-Finnic,Pre-Finnic-ŋ_2,,index_diachronica_original.html:13763,False,stuff_after_word_bound,,,,"Syntax Error: Cannot have segments after the end of a word | ŋ > n / _# else | ^ @ Rule 1, Line 1"
42.1,Proto-Uralic to Pre-Finnic,Pre-Finnic-ɤː?-ɑː-æː,,index_diachronica_original.html:13767,False,unknown_character,ː,,,"Syntax Error: Unknown character 'ː' | {ɤ,ɤː} ɑ:[+long] æ:[+long] > {ɑ,ɑː} o:[+long] e:[+long] / _[+stress] | ^ @ Rule 1, Line 1"
42.1,Proto-Uralic to Pre-Finnic,Pre-Finnic-a,,index_diachronica_original.html:13768,False,unknown_grouping,X,,,"Syntax Error: Unknown grouping 'X'. Known groupings are (C)onsonant, (O)bstruent, (S)onorant, (P)losive, (F)ricative, (L)iquid, (N)asal, (G)lide, and (V)owel | a > æ / {a,aX,e,eX,e,eX,i,iX,y,yX}(C)(C)_ when unstressed | ^ @ Rule 1, Line 1"
42.1.1.1,Proto-Finnic to Proto-Finnish,Proto-Finnish-pː-tː-tsː-kː,,index_diachronica_original.html:13830,False,unknown_character,ˑ,,,"Syntax Error: Unknown character 'ˑ' | p:[+long] t:[+long] ts:[+long] k:[+long] > pˑ tˑ tsˑ kˑ | ^ @ Rule 1, Line 1"
42.1.1.1,Proto-Finnic to Proto-Finnish,Proto-Finnish-tːsn-kxtx-rn-ln,,index_diachronica_original.html:13843,False,nested_brackets,,,,"Syntax Error: Cannot have nested brackets of the same type | (t(ː))sn {kx,kxtx} rn ln > s:[+long] x:[+long] r:[+long] l:[+long] | ^ @ Rule 1, Line 1"
42.1.1.1,Proto-Finnic to Proto-Finnish,Proto-Finnish-ts-tsˑ-tsː,,index_diachronica_original.html:13847,False,unknown_character,ˑ,,,"Syntax Error: Unknown character 'ˑ' | ts tsˑ ts:[+long] > s θˑ θ:[+long] | ^ @ Rule 1, Line 1"
42.1.2,Proto-Finnic to Livonian,Livonian-V,,index_diachronica_original.html:13910,False,expected_number,ɑ,,number,"Syntax Error: Expected number, but received ɑ | V > ə / _[-stress] // V = ɑ | ^ @ Rule 1, Line 1"
42.1.2,Proto-Finnic to Livonian,Livonian-Vh,,index_diachronica_original.html:13912,False,expected_underscore,//,,_,"Syntax Error: Expected '_', but received '//' | Vh > V:[+long]ɦ / _C, except maybe // _j and/or _ʋ | ^^ @ Rule 1, Line 1"
42.1.2,Proto-Finnic to Livonian,Livonian-∅,,index_diachronica_original.html:13915,False,grouped_env_insertion,,,,"Runtime Error: Grouped Environments cannot (yet) be used in insertion rules | ∅ > ʔ / :{CV_CV,V_CV}: | ^^^^^^^^^^^^^^ @ Rule 1, Line 1"
42.1.2,Proto-Finnic to Livonian,Livonian-dj-lj-rj-ɡj,,index_diachronica_original.html:13919,False,missing_slash_output_env,ʲ,,end of line,"Syntax Error: Expected end of line, received 'ʲ'. Did you forget a '/' between the output and environment? | dj lj rj ɡj > dʲ l:[+long]ʲ r:[+long]ʲ jɡ | ^ @ Rule 1, Line 1"
42.1.2,Proto-Finnic to Livonian,Livonian-y-ø,,index_diachronica_original.html:13930,False,expected_underscore,,,_,"Syntax Error: Expected '_', but received '' | y ø > i e / else | ^ @ Rule 1, Line 1"
43.1,Proto-Uto-Aztecan to Comanche,Comanche-∅,,index_diachronica_original.html:13966,False,unknown_character,ᵤ,,,"Syntax Error: Unknown character 'ᵤ' | ∅ > h / Vᵤ_k | ^ @ Rule 1, Line 1"
43.1,Proto-Uto-Aztecan to Comanche,Comanche-s,,index_diachronica_original.html:13967,False,unknown_character,ₙ,,,"Syntax Error: Unknown character 'ₙ' | s > ∅ / Vₙ_ | ^ @ Rule 1, Line 1"
43.2,Proto-Uto-Aztecan to Hopi,Hopi-p,,index_diachronica_original.html:13974,False,unknown_character,ₙ,,,"Syntax Error: Unknown character 'ₙ' | p > v / Vₙ_ | ^ @ Rule 1, Line 1"
43.2,Proto-Uto-Aztecan to Hopi,Hopi-w_2,,index_diachronica_original.html:13979,False,unknown_character,ₙ,,,"Syntax Error: Unknown character 'ₙ' | w > ŋʷ / ɨₙ_ | ^ @ Rule 1, Line 1"
43.3,Proto-Uto-Aztecan to Luiseño,Luiseño-p,,index_diachronica_original.html:13985,False,unknown_character,ₙ,,,"Syntax Error: Unknown character 'ₙ' | p > v / {Vₙ,ɨ}_ | ^ @ Rule 1, Line 1"
43.3,Proto-Uto-Aztecan to Luiseño,Luiseño-k_2,,index_diachronica_original.html:13990,False,unknown_character,ₙ,,,"Syntax Error: Unknown character 'ₙ' | k > q / aₙ_ | ^ @ Rule 1, Line 1"
43.4,Proto-Uto-Aztecan to Nahuatl,Nahuatl-p,,index_diachronica_original.html:14003,False,unknown_character,ₛ,,,"Syntax Error: Unknown character 'ₛ' | p > ∅ / {#,Vₛ}_ | ^ @ Rule 1, Line 1"
43.6,Proto-Uto-Aztecan to Tohono O’odham,Tohono-O’odham-p,,index_diachronica_original.html:14049,False,unknown_character,ₛ,,,"Syntax Error: Unknown character 'ₛ' | p > w / {#,Vₛ}_ | ^ @ Rule 1, Line 1"
44.1,Proto-Vasconic to Aquitanian,Aquitanian-S+-fortis,,index_diachronica_original.html:14094,False,missing_slash_output_env,(,,end of line,"Syntax Error: Expected end of line, received '('. Did you forget a '/' between the output and environment? | P[+tense] > P[- voice, +long] (specifically, the source lists t[+tense] k[+tense] | ^ @ Rule 1, Line 1"
44.2,Proto-Basque to Basque,Basque-Sʰ,,index_diachronica_original.html:14114,False,empty_io_panic,,,,"Syntax Error: The output of a deletion rule must only contain `*` or `∅` | h > ∅) / #_ | ^ @ Rule 1, Line 3"
44.2,Proto-Basque to Basque,Basque-S,,index_diachronica_original.html:14115,False,incomplete_matrix,,,,"Runtime Error: An incomplete matrix cannot be inserted | P > P[+voice] / #_ | ^^^^^^^^ @ Rule 1, Line 1"
44.2,Proto-Basque to Basque,Basque-Vn,,index_diachronica_original.html:14117,False,expected_underscore,),,_,"Syntax Error: Expected '_', but received ')' | Vn > ṽ / _# // for Pouletin) | ^ @ Rule 1, Line 1"
44.2,Proto-Basque to Basque,Basque-*L,,index_diachronica_original.html:14134,False,missing_slash_output_env,(,,end of line,"Syntax Error: Expected end of line, received '('. Did you forget a '/' between the output and environment? | L > l (or *lh | ^ @ Rule 1, Line 1"
44.2,Proto-Basque to Basque,Basque-u-ũ,,index_diachronica_original.html:14142,False,nested_brackets,,,,"Syntax Error: Cannot have nested brackets of the same type | u ũ > y ỹ / _r(p(ʰ),β,{k,kʰ},ɣ,l,s̺,s̻,ʃ,h) | ^ @ Rule 1, Line 1"
44.2,Proto-Basque to Basque,Basque-u-ũ_2,,index_diachronica_original.html:14143,False,unknown_character,̻,,,"Syntax Error: Unknown character '̻' | u ũ > y ỹ / _{s̻,ts̺,ts̻} | ^ @ Rule 1, Line 1"
44.2,Proto-Basque to Basque,Basque-∅_3,,index_diachronica_original.html:14147,False,unknown_character,̺,,,"Syntax Error: Unknown character '̺' | ∅ > e / #_{s̺,s̻}C | ^ @ Rule 1, Line 1"
44.2,Proto-Basque to Basque,Basque-∅_4,,index_diachronica_original.html:14160,False,unknown_character,̺,,,"Syntax Error: Unknown character '̺' | ∅ > j / V_{N,s̺,s̻}P | ^ @ Rule 1, Line 1"
44.2,Proto-Basque to Basque,Basque-h…h,,index_diachronica_original.html:14172,False,empty_io_panic,,,,"Syntax Error: The output of a deletion rule must only contain `*` or `∅` | h…h > ∅…h | ^ @ Rule 1, Line 1"
44.2,Proto-Basque to Basque,Basque-*-ɾ,,index_diachronica_original.html:14173,False,empty_io_panic,,,,"Syntax Error: The input of an insertion rule must only contain `*` or `∅` | *-ɾ > -h stuff in compounds | ^ @ Rule 1, Line 1"
44.2,Proto-Basque to Basque,Basque-s̻-ts̻,,index_diachronica_original.html:14176,False,unknown_character,̻,,,"Syntax Error: Unknown character '̻' | s̻ ts̻ > ʃ tʃ / {V:[+front],j}_ | ^ @ Rule 1, Line 1"
44.2,Proto-Basque to Basque,Basque-V_3,,index_diachronica_original.html:14200,False,expected_underscore,,,_,"Syntax Error: Expected '_', but received '' | V > ∅ / _#, in trisyllables | ^ @ Rule 1, Line 1"
44.2,Proto-Basque to Basque,Basque-i_3,,index_diachronica_original.html:14201,False,expected_underscore,,,_,"Syntax Error: Expected '_', but received '' | i > ∅ / _#, in disyllables | ^ @ Rule 1, Line 1"
44.2,Proto-Basque to Basque,"Basque-u-o,e",,index_diachronica_original.html:14202,False,expected_underscore,,,_,"Syntax Error: Expected '_', but received '' | u {o,e} > a / _#, in disyllables | ^ @ Rule 1, Line 1"
44.2,Proto-Basque to Basque,Basque-aʊ,,index_diachronica_original.html:14210,False,unknown_character,̺,,,"Syntax Error: Unknown character '̺' | aʊ > aɪ // _{ɾ,r,s̺,s̻} | ^ @ Rule 1, Line 1"
44.2,Proto-Basque to Basque,Basque-eð,,index_diachronica_original.html:14214,False,prose_or_expected_arrow,,,,"Syntax Error: Expected '>', '->' or '=>', but received ')' | e ?) > j / #_V | ^ @ Rule 1, Line 2"
44.2,Proto-Basque to Basque,Basque-s̻-ts̺,,index_diachronica_original.html:14225,False,unknown_character,̻,,,"Syntax Error: Unknown character '̻' | s̻ ts̺ > s̺ ts̻ | ^ @ Rule 1, Line 1"
44.2,Proto-Basque to Basque,Basque-s̻,,index_diachronica_original.html:14226,False,unknown_character,̻,,,"Syntax Error: Unknown character '̻' | s̻ > s̺ / _{C,#} | ^ @ Rule 1, Line 1"
44.2,Proto-Basque to Basque,Basque-its̺,,index_diachronica_original.html:14228,False,unknown_character,̺,,,"Syntax Error: Unknown character '̺' | its̺ > tʃ / _# | ^ @ Rule 1, Line 1"
44.2,Proto-Basque to Basque,Basque-s̺,,index_diachronica_original.html:14231,False,unknown_character,̺,,,"Syntax Error: Unknown character '̺' | s̺ > tʃ / #_ | ^ @ Rule 1, Line 1"
44.2,Proto-Basque to Basque,Basque-s̺_2,,index_diachronica_original.html:14232,False,unknown_character,̺,,,"Syntax Error: Unknown character '̺' | s̺ > ʃ̺according to Campbell | ^ @ Rule 1, Line 1"
46.11,Middle Chinese to Cantonese Vowel Shift (“The Inner-Outer Flip”),Cantonese-Vowel-Shift-∅,,index_diachronica_original.html:14390,False,unknown_feature,labiovelar,labiodental,,"Syntax Error: Unknown feature 'labiovelar'. Did you mean labiodental? | ∅ > ə / C[+ labiovelar]_i | ^^^^^^^^^^^^ @ Rule 1, Line 1"
46.14,Pre-Slavic Vowel Changes,Pre-Slavic-Vowel-Changes-aj,0,index_diachronica_original.html:14441,False,unknown_character,₂,,,"Syntax Error: Unknown character '₂' | aj > æ₂ | ^ @ Rule 1, Line 1"
46.14,Pre-Slavic Vowel Changes,Pre-Slavic-Vowel-Changes-aj,1,index_diachronica_original.html:14441,False,unknown_character,₂,,,"Syntax Error: Unknown character '₂' | aj > i₂ | ^ @ Rule 1, Line 1"
46.14,Pre-Slavic Vowel Changes,Pre-Slavic-Vowel-Changes-u,,index_diachronica_original.html:14443,False,unknown_character,ɤ,,,"Syntax Error: Unknown character 'ɤ' | u [ɤ?] > {e,o,ɤ,a} (strong)/∅ | ^ @ Rule 1, Line 2"
46.16,Development of Proto-Lolo-Burmese -i(C)# and -u(C)# to Lahu,"Lahu-i-ip,k-it-im,ŋ-in",,index_diachronica_original.html:14457,False,syntax_other,,,,"Syntax Error: Negation cannot be used in the output | -i -i{p,k} -it -i{m,ŋ} -in > -i -ɨʔ -iʔ -ɛ -ɨ | ^ @ Rule 1, Line 1"
46.16,Development of Proto-Lolo-Burmese -i(C)# and -u(C)# to Lahu,Lahu-u-up-ut-uk-um-un-uŋ,,index_diachronica_original.html:14458,False,syntax_other,,,,"Syntax Error: Negation cannot be used in the output | -u -up -ut -uk -um -un -uŋ > -u -ɔʔ -əʔ -uʔ -ɔ -ə -ɛ | ^ @ Rule 1, Line 1"
46.19,Southern [United States] Shift (English),Southern-United-States-Shift-English-aɪ_4,,index_diachronica_original.html:14479,False,expected_underscore,,,_,"Syntax Error: Expected '_', but received '' | aɪ > a:[+long] / else | ^ @ Rule 1, Line 1"
46.19,Southern [United States] Shift (English),Southern-United-States-Shift-English-uʊ-oʊ,,index_diachronica_original.html:14482,False,nested_brackets,,,,"Syntax Error: Cannot have nested brackets of the same type | uʊ oʊ > ʉʊ̈ əʊ̈ (a bit of a guesstimate based upon the prose description in the article and the mean-formant-value chart cited from Labov, O:[+delrel]sh & V:[+back]obert (2006)) | ^ @ Rule 1, Line 1"
46.19,Southern [United States] Shift (English),Southern-United-States-Shift-English-æ/ɑː,,index_diachronica_original.html:14490,False,prose_or_expected_arrow,,,,"Syntax Error: Expected '>', '->' or '=>', but received '/' | æ/ɑ:[+long] > æɪ | ^ @ Rule 1, Line 1"
47.1,List 1: Simple Consonant Changes,List-1:-Simple-Consonant-Changes-b,,index_diachronica_original.html:14516,False,unknown_character,#,,,"Syntax Error: Unknown character '#' | b > #c, -nc- | ^ @ Rule 1, Line 1"
47.2,List 2: Conditional or complex consonant changes,"List-2:-Conditional-or-complex-consonant-changes-t,k",,index_diachronica_original.html:14530,False,unknown_grouping,M,,,"Syntax Error: Unknown grouping 'M'. Known groupings are (C)onsonant, (O)bstruent, (S)onorant, (P)losive, (F)ricative, (L)iquid, (N)asal, (G)lide, and (V)owel | {t,k} > ∅ / V_V (Marathi) probably with voiced stops as intermediates, since they also became silent | ^ @ Rule 1, Line 1"
