,error,count
0,"Syntax Error: Cannot have nested brackets of the same type     |     { z, d͡z, ɡ } > { ɡ, {z,d͡z}, ɡʷ }     |                          ^     @ Rule 1, Line 1",1
1,"Syntax Error: Cannot have nested brackets of the same type     |     { kʼ, kʷʼ } > { {ɣ,q}, ɣʷ }     |                     ^     @ Rule 1, Line 1",1
2,"Syntax Error: Cannot have nested brackets of the same type     |     { {t͡s,t͡ʃ}, z, d͡z } > { ʃ, d, d͡ʒ }     |       ^     @ Rule 1, Line 1",1
3,"Syntax Error: Cannot have nested brackets of the same type     |     { {t͡s,t͡ʃ}, d͡z } > { ʃ, d͡ʒ }     |       ^     @ Rule 1, Line 1",1
4,"Syntax Error: Cannot have nested brackets of the same type     |     { {e,o}, {i,u} } > { a, ə }     |       ^     @ Rule 1, Line 1",1
5,thread '<unnamed>' (3003360) panicked at /home/pappa/.cargo/registry/src/index.crates.io-1949cf8c6b5b557f/asca-0.9.3/src/rule/subrule.rs:2134:56: Output is not empty note: run with `RUST_BACKTRACE=1` environment variable to display a backtrace  thread '<unnamed>' (3003361) panicked at /home/pappa/.cargo/registry/src/index.crates.io-1949cf8c6b5b557f/asca-0.9.3/src/rule/subrule.rs:2134:56: Output is not empty  thread '<unnamed>' (3003374) panicked at /home/pappa/.cargo/registry/src/index.crates.io-1949cf8c6b5b557f/asca-0.9.3/src/rule/subrule.rs:2134:56: Output is not empty  thread '<unnamed>' (3003366) panicked at /home/pappa/.cargo/registry/src/index.crates.io-1949cf8c6b5b557f/asca-0.9.3/src/rule/subrule.rs:2134:56: Output is not empty  thread '<unnamed>' (3003366) panicked at /home/pappa/.cargo/registry/src/index.crates.io-1949cf8c6b5b557f/asca-0.9.3/src/rule/subrule.rs:2134:56: Output is not empty  thread '<unnamed>' (3003366) panicked at /home/pappa/.cargo/registry/src/index.crates.io-1949cf8c6b5b557f/asca-0.9.3/src/rule/subrule.rs:2134:56: Output is not empty  thread '<unnamed>' (3003374) panicked at /home/pappa/.cargo/registry/src/index.crates.io-1949cf8c6b5b557f/asca-0.9.3/src/rule/subrule.rs:2134:56: Output is not empty  thread '<unnamed>' (3003367) panicked at /home/pappa/.cargo/registry/src/index.crates.io-1949cf8c6b5b557f/asca-0.9.3/src/rule/subrule.rs:2134:56: Output is not empty  thread '<unnamed>' (3003373) panicked at /home/pappa/.cargo/registry/src/index.crates.io-1949cf8c6b5b557f/asca-0.9.3/src/rule/subrule.rs:2134:56: Output is not empty  thread '<unnamed>' (3003359) panicked at /home/pappa/.cargo/registry/src/index.crates.io-1949cf8c6b5b557f/asca-0.9.3/src/rule/subrule.rs:2134:56: Output is not empty  thread '<unnamed>' (3003362) panicked at /home/pappa/.cargo/registry/src/index.crates.io-1949cf8c6b5b557f/asca-0.9.3/src/rule/subrule.rs:2134:56: Output is not empty  thread '<unnamed>' (3003372) panicked at /home/pappa/.cargo/registry/src/index.crates.io-1949cf8c6b5b557f/asca-0.9.3/src/rule/subrule.rs:2134:56: Output is not empty  thread '<unnamed>' (3003368) panicked at /home/pappa/.cargo/registry/src/index.crates.io-1949cf8c6b5b557f/asca-0.9.3/src/rule/subrule.rs:2134:56: Output is not empty  thread '<unnamed>' (3003370) panicked at /home/pappa/.cargo/registry/src/index.crates.io-1949cf8c6b5b557f/asca-0.9.3/src/rule/subrule.rs:2134:56: Output is not empty  thread '<unnamed>' (3003363) panicked at /home/pappa/.cargo/registry/src/index.crates.io-1949cf8c6b5b557f/asca-0.9.3/src/rule/subrule.rs:2134:56: Output is not empty  thread '<unnamed>' (3003361) panicked at /home/pappa/.cargo/registry/src/index.crates.io-1949cf8c6b5b557f/asca-0.9.3/src/rule/subrule.rs:2134:56: Output is not empty  thread '<unnamed>' (3003361) panicked at /home/pappa/.cargo/registry/src/index.crates.io-1949cf8c6b5b557f/asca-0.9.3/src/rule/subrule.rs:2134:56: Output is not empty  thread '<unnamed>' (3003365) panicked at /home/pappa/.cargo/registry/src/index.crates.io-1949cf8c6b5b557f/asca-0.9.3/src/rule/subrule.rs:2134:56: Output is not empty  thread '<unnamed>' (3003364) panicked at /home/pappa/.cargo/registry/src/index.crates.io-1949cf8c6b5b557f/asca-0.9.3/src/rule/subrule.rs:2134:56: Output is not empty  thread '<unnamed>' (3003374) panicked at /home/pappa/.cargo/registry/src/index.crates.io-1949cf8c6b5b557f/asca-0.9.3/src/rule/subrule.rs:2134:56: Output is not empty  thread '<unnamed>' (3003360) panicked at /home/pappa/.cargo/registry/src/index.crates.io-1949cf8c6b5b557f/asca-0.9.3/src/rule/subrule.rs:2134:56: Output is not empty  thread '<unnamed>' (3003364) panicked at /home/pappa/.cargo/registry/src/index.crates.io-1949cf8c6b5b557f/asca-0.9.3/src/rule/subrule.rs:2134:56: Output is not empty,1
6,"Syntax Error: Expected '->', but received -'f' at 0:0:61     |     z > d / when another strident is in the word nearby and (word-finally?) when noun-stem final     |                                                                  ^     @ Rule 1, Line 1",1
7,"Syntax Error: Cannot have nested brackets of the same type     |     { {ʃ,t͡s,z}, d͡z, t͡ʃ, {tʼ,t͡ʃʼ}, d͡ʒ } > { s, z, t͡s, t͡sʼ, d͡ʒ }     |       ^     @ Rule 1, Line 1",1
8,"Syntax Error: Expected number, but received ɡ      |     CVʕ > ħʔ // C = ɡʷ     |                     ^     @ Rule 1, Line 1",1
9,"Syntax Error: Expected '>', '->' or '=>', but received 'ʷ'     |     [+ cons, - fr, + bk, + hi, - lo]ʷ > [+ cons, - fr, + bk, + hi, - lo]     |                                     ^     @ Rule 1, Line 1",1
10,"Syntax Error: Unknown feature 'dental' at 0:29-36. Did you mean ldental?      |     q > i / #_V{[+continuant],C:[+dental]}     |                                  ^^^^^^^     @ Rule 1, Line 1",1
11,"Syntax Error: Unknown feature 'dental' at 0:12-19. Did you mean ldental?      |     q > ʔ / _C:[+dental]     |                 ^^^^^^^     @ Rule 1, Line 1",1
12,"Syntax Error: Segment does not have prerequisite properties to have this diacritic. Must be [-sonorant]     |     tlʼ > dl / #_Vħr     |      ^^     @ Rule 1, Line 1",1
13,"Syntax Error: Unknown feature 'palatal' at 0:18-26. Did you mean latrl?      |     O:[+lateral] > O:[+palatal]     |                       ^^^^^^^^     @ Rule 1, Line 1",1
14,"Syntax Error: Expected '_', but received ','     |     r > ʔ / :{ C_t# ,m,n,r,w,ʃ,x}, C_w# ,m,n,r,w,ʃ,x}, C_j# ,m,n,r,w,ʃ,x} }: // C = {ɡ     |                       ^     @ Rule 1, Line 1",1
15,"Syntax Error: Can't have segments after the end of a word     |     r > l / #(C)_c(C)# ?     |                      ^     @ Rule 1, Line 1",1
16,"Syntax Error: Segment does not have prerequisite properties to have this diacritic. Must be [-sonorant]     |     tlʼ > ɬ / _C:[+strident]     |      ^^     @ Rule 1, Line 1",1
17,"Syntax Error: Expected '..', but received .' ' at 0:0:56     |     s > ʃ, h / in anaphora and certain derivational prefixes. . .:[t]his is common to many other Semitic languages as well     |                                                             ^     @ Rule 1, Line 1",1
18,"Syntax Error: Expected '_', but received ','     |     m > n / in certain context͡s, notably in the nunation     |                                 ^     @ Rule 1, Line 1",1
19,"Syntax Error: Expected '_', but received ''     |     V{j,w}V > a:[+long] / some sequences     |                                         ^     @ Rule 1, Line 1",1
20,"Syntax Error: Unknown character : at '0:0:2'.     |     S > :[+voice] / :{ V_V, S_V }:     |       ^     @ Rule 1, Line 1",1
21,"Syntax Error: Unknown character : at '0:0:2'.     |     S > :[+voice] / V_S     |       ^     @ Rule 1, Line 1",1
22,"Syntax Error: Expected ',', but received ':'     |     { k, x } > { c, ç } / :{ _j, _:[+front] }:     |                                   ^     @ Rule 1, Line 1",1
23,"Syntax Error: Expected '_', but received ''     |     j > c / {O,r}     |                  ^     @ Rule 1, Line 1",1
24,"Runtime Error: Grouped Environments cannot (yet) be used in insertion rules     |     ∅ > F / :{ N_O, N_r }: // m_f     |             ^^^^^^^^^^^^^^     @ Rule 1, Line 1",1
25,"Syntax Error: Expected end of line, received ':'. Did you forget a '/' between the output and environment?     |     { j, j:[+long] } > ∅ / V_:[+front]     |                              ^     @ Rule 1, Line 1",1
26,"Syntax Error: Unknown feature 'phargyn' at 0:14-22. Did you mean pharyn?      |     i > a / :{ C:[+phargyn]_q, C:[+phargyn]_ɣ, C:[+phargyn]_ʕ }:     |                   ^^^^^^^^     @ Rule 1, Line 1",1
27,"Syntax Error: Expected ',', but received 'ˤ'     |     i > a / :{ q_Cˤ, ɣ_Cˤ, ʕ_Cˤ }:     |                   ^     @ Rule 1, Line 1",1
28,"Syntax Error: Expected '_', but received ''     |     a > i / _C(C),     |                   ^     @ Rule 1, Line 1",1
29,"Syntax Error: Expected '_', but received ''     |     {u,a,i} > ∅ / _%, ()     |                         ^     @ Rule 1, Line 1",1
30,"Syntax Error: Expected '_', but received ''     |     a > ∅ / _t, in the feminine ending     |                                       ^     @ Rule 1, Line 1",1
31,"Syntax Error: Unknown feature 'phargyn' at 0:22-30. Did you mean pharyn?      |     a:[+long] > a / :{ C:[+phargyn]_#, w_# }:     |                           ^^^^^^^^     @ Rule 1, Line 1",1
32,"Syntax Error: Unknown character ’ at '0:0:93'.     |     { θ, ð } > { t, d } / usually in numbers or cases where a short vowel has been deleted and it’s in contact with another stop, e.g. C:[+affricate]/MS:[+affricate] kaˈθi:[+long]r →:[+front]:[+affricate] kti:[+long]r     |                                                                                                  ^     @ Rule 1, Line 1",1
33,"Syntax Error: Expected '..', but received .'g' at 0:0:68     |     dˤ > zˤ (seems to be a sporadic change only affecting a few words, e.g. C:[+affricate]/MS:[+affricate] ˈdˤa:[+long]bitˤ     |                                                                         ^     @ Rule 1, Line 1",1
34,"Syntax Error: Expected '..', but received .'g' at 0:0:63     |     zˤ (seems to be a sporadic change only affecting a few words, e.g. C:[+affricate]/MS:[+affricate] ˈdˤa:[+long]bitˤ > :[+front]:[+affricate] ˈzˤa:[+long]bitˤ)     |                                                                    ^     @ Rule 1, Line 1",1
35,"Syntax Error: Expected '_', but received ','     |     { i, u } > { e, o } / , // _#     |                           ^     @ Rule 1, Line 1",1
36,"Syntax Error: Expected '_', but received ','     |     u > o, u / , _#     |                ^     @ Rule 1, Line 1",1
37,"Syntax Error: Unknown feature 'closed' at 0:46-53. Did you mean cons?      |     { aj, aw } > { e:[+long], o:[+long] } / in %:[+closed]     |                                                   ^^^^^^^     @ Rule 1, Line 1",1
38,"Syntax Error: Expected an IPA character, Primative or Matrix, but received ':'     |     V:[+long] > V / C_C{:[+long],C}V     |                         ^     @ Rule 1, Line 1",1
39,"Syntax Error: Expected an IPA character, Primative or Matrix, but received ''     |     { a, a:[+long] } > { æ, æ:[+long] } / (     |                                            ^     @ Rule 1, Line 1",1
40,"Syntax Error: Expected '->', but received -':' at 0:0:52     |     q > ʔ / except in several words, two of which are al-:[+click]âhira and musîqâ     |                                                         ^     @ Rule 1, Line 1",1
41,"Syntax Error: Cannot have nested brackets of the same type     |     {{s,z}(ˤ),ʒ}ʃ > ʃ:[+long]     |      ^     @ Rule 1, Line 1",1
42,"Syntax Error: Expected '_', but received ''     |     V:[-long] > ∅ / #C_C, in some words     |                                        ^     @ Rule 1, Line 1",1
43,"Syntax Error: Unknown character ’ at '0:0:27'.     |     f θ > v z̪ (the article isn’t exactly clear on what this second phone is)     |                                ^     @ Rule 1, Line 1",1
44,"Syntax Error: Expected end of line, received '('. Did you forget a '/' between the output and environment?     |     x > χ (conjectured based upon the following but not outright stated in the article)     |           ^     @ Rule 1, Line 1",1
45,"Syntax Error: Can't have segments after the end of a word     |     V:[-long] > ∅ / :{ C_C(except for the feminine marker), C_#(except for the feminine marker) }:     |                                                               ^     @ Rule 1, Line 1",1
46,"Syntax Error: Expected end of line, received 'ʲ'. Did you forget a '/' between the output and environment?     |     aj aw > e:[+long]ʲ o:[+long]ʷ (sometimes, the article is unclear)     |                      ^     @ Rule 1, Line 1",1
47,"Syntax Error: Unknown character — at '0:0:0'.     |     — j w > i u / #_CV     |     ^     @ Rule 1, Line 1",1
48,"Syntax Error: Unknown character — at '0:0:0'.     |     — j w > i:[+long] u:[+long] / #_CC     |     ^     @ Rule 1, Line 1",1
49,"Syntax Error: Expected end of line, received '('. Did you forget a '/' between the output and environment?     |     k q > t͡ʃ {ɡ,q} (ɡ is more common)     |                     ^     @ Rule 1, Line 1",1
50,"Syntax Error: Expected ',', but received 'j'     |     { aj, aw } > { e:[+long], o:[+long] }     |        ^     @ Rule 1, Line 1",1
51,"Syntax Error: Expected ',', but received 'j'     |     { aj, aw } > { e(:[+long],j), o(:[+long],w) }     |        ^     @ Rule 1, Line 1",1
52,"Syntax Error: Expected an IPA character, Primative or Matrix, but received ':'     |     ∅ > ə / C_CV(:[+long],V)CC     |                  ^     @ Rule 1, Line 1",1
53,"Syntax Error: Expected ',', but received '('     |     { θ, ð(ˤ) } > { t, d(ˤ) }     |           ^     @ Rule 1, Line 1",1
54,"Syntax Error: Expected an IPA character, Primative or Matrix, but received ':'     |     ∅ > ə / CCV(:[+long],V)C_C     |                 ^     @ Rule 1, Line 1",1
55,"Syntax Error: Unknown character ͜ at '0:0:5'.     |     t > t͜s / plain t only, distinguishable from the sequence t͡s     |          ^     @ Rule 1, Line 1",1
56,"Syntax Error: Malformed Comment: Expected ';;', but received '; ' at 0:0:13     |     {a,i} > ə / ; the change of short a blocked for some speakers before ħ ʕ     |                  ^     @ Rule 1, Line 1",1
57,"Syntax Error: Unknown feature 'velar' at 0:11-17. Did you mean delay?      |     C:[+labial/+velar] > ʷ / adjacent to short u     |                ^^^^^^     @ Rule 1, Line 1",1
58,"Syntax Error: Unknown feature 'phargyn' at 0:3-11. Did you mean pharyn?      |     C:[+phargyn]C > CCˤ     |        ^^^^^^^^     @ Rule 1, Line 1",1
59,"Syntax Error: Unknown feature 'phargyn' at 0:3-11. Did you mean pharyn?      |     C:[+phargyn] > C / :{ #_V, V_V }:     |        ^^^^^^^^     @ Rule 1, Line 1",1
60,"Syntax Error: Expected '_', but received ''     |     d͡ʒ > d, ɡ / if s or z occur somewhere in the word     |                                                       ^     @ Rule 1, Line 1",1
61,"Syntax Error: Expected '_', but received ''     |     s > ʃ / if ʃ is somewhere in the stem after it     |                                                   ^     @ Rule 1, Line 1",1
62,"Syntax Error: Expected '_', but received ''     |     z > ʒ / if ʒ is somewhere in the stem after it     |                                                   ^     @ Rule 1, Line 1",1
63,"Syntax Error: Expected end of line, received '('. Did you forget a '/' between the output and environment?     |     { u, u:[+long] } > {ɵ,o}(:[+long])     |                             ^     @ Rule 1, Line 1",1
64,"Syntax Error: Expected end of line, received '('. Did you forget a '/' between the output and environment?     |     a > ɛ (sometimes)     |           ^     @ Rule 1, Line 1",1
65,"Syntax Error: Cannot have nested brackets of the same type     |     { dˤ, q } > { ðˤ, {ɡ,q} }     |                       ^     @ Rule 1, Line 1",1
66,"Syntax Error: Can't have segments after the end of a word     |     V:[+long] > V:[-long] / _# (except as below)     |                              ^     @ Rule 1, Line 1",1
67,"Syntax Error: Expected '_', but received ''     |     { V, V:[+long] } > V:[+long] / in accented or stressed monosyllables     |                                                                         ^     @ Rule 1, Line 1",1
68,"Syntax Error: Unknown character — at '0:0:0'.     |     — a:[+long] > o:[+long] // _#     |     ^     @ Rule 1, Line 1",1
69,"Syntax Error: Unknown character — at '0:0:0'.     |     — i i:[+long] u u:[+long] > eə i:[+long]ə oə u:[+long]ə / _S     |     ^     @ Rule 1, Line 1",1
70,"Syntax Error: Unknown character — at '0:0:0'.     |     — i:[+long] > e:[+long] / _#     |     ^     @ Rule 1, Line 1",1
71,"Syntax Error: Unknown character — at '0:0:0'.     |     — a > a:[+long] / _$     |     ^     @ Rule 1, Line 1",1
72,"Syntax Error: Unknown character — at '0:0:0'.     |     — a > {a,ɛ} (not common)     |     ^     @ Rule 1, Line 1",1
73,"Syntax Error: Unknown character — at '0:0:0'.     |     — i u > e a / _S{$,#} (     |     ^     @ Rule 1, Line 1",1
74,"Syntax Error: Unknown character — at '0:0:0'.     |     — i u > e o / _C{$,#} (     |     ^     @ Rule 1, Line 1",1
75,"Syntax Error: Unknown character — at '0:0:2'.     |     { —, i } > { e:[+long], o:[+long] }     |       ^     @ Rule 1, Line 1",1
76,"Syntax Error: Unknown character — at '0:0:0'.     |     — aw > a:[+long]w     |     ^     @ Rule 1, Line 1",1
77,"Syntax Error: Unknown character — at '0:0:0'.     |     — aj > e:[+long] / _$     |     ^     @ Rule 1, Line 1",1
78,"Syntax Error: Unknown character — at '0:0:0'.     |     — aj > ɛ:[+long] / _#     |     ^     @ Rule 1, Line 1",1
79,"Syntax Error: Unknown character — at '0:0:0'.     |     — {o,u}(:[+long]) > i:[+long] / _$%o:[+long]     |     ^     @ Rule 1, Line 1",1
80,"Syntax Error: Unknown character — at '0:0:0'.     |     — o:[+long] > u:[+long]     |     ^     @ Rule 1, Line 1",1
81,"Syntax Error: Unknown character — at '0:0:0'.     |     — a > ∅ / _#     |     ^     @ Rule 1, Line 1",1
82,"Syntax Error: Unknown character — at '0:0:0'.     |     — a > _$%%(…)”     |     ^     @ Rule 1, Line 1",1
83,"Syntax Error: Unknown character — at '0:0:0'.     |     — a > ə / _S if ə in an adjacent syllable     |     ^     @ Rule 1, Line 1",1
84,"Syntax Error: Unknown character — at '0:0:0'.     |     — a > ə / S_ if ə in an adjacent syllable     |     ^     @ Rule 1, Line 1",1
85,"Syntax Error: Unknown character — at '0:0:0'.     |     — i > ə / _S if a frontal allophone of ə in an adjacent syllable     |     ^     @ Rule 1, Line 1",1
86,"Syntax Error: Unknown character — at '0:0:0'.     |     — i > ə / S_ if a frontal allophone of ə in an adjacent syllable     |     ^     @ Rule 1, Line 1",1
87,"Syntax Error: Unknown character — at '0:0:0'.     |     — u > ə / _S if a backed allophone of ə in an adjacent syllable     |     ^     @ Rule 1, Line 1",1
88,"Syntax Error: Unknown character — at '0:0:0'.     |     — u > ə / S_ if a backed allophone of ə in an adjacent syllable     |     ^     @ Rule 1, Line 1",1
89,"Syntax Error: Unknown character — at '0:0:0'.     |     — i > a / _S     |     ^     @ Rule 1, Line 1",1
90,"Syntax Error: Unknown character — at '0:0:0'.     |     — i > a / S_     |     ^     @ Rule 1, Line 1",1
91,"Syntax Error: Unknown character — at '0:0:0'.     |     — a i > a:[+long] e:[+long] / _%     |     ^     @ Rule 1, Line 1",1
92,"Syntax Error: Unknown character — at '0:0:0'.     |     — u > ɔ / _C{$,#}     |     ^     @ Rule 1, Line 1",1
93,"Syntax Error: Unknown character — at '0:0:0'.     |     — u > ∅ // _C:[+long]     |     ^     @ Rule 1, Line 1",1
94,"Syntax Error: Unknown character — at '0:0:0'.     |     — aj aw > e:[+long] o:[+long]     |     ^     @ Rule 1, Line 1",1
95,"Syntax Error: Expected '->', but received -'i' at 0:0:49     |     { p, b, t, d, k, ɡ } > { b, v, θ, ð, x, ɣ } / non-intial singletons     |                                                      ^     @ Rule 1, Line 1",1
96,"Syntax Error: Can't have segments after the end of a word     |     at > a:[+long] / _# (in feminine noun endings)     |                       ^     @ Rule 1, Line 1",1
97,"Syntax Error: Cannot have nested brackets of the same type     |     {{ e, e:[+long] },ɛ} > ɛ     |      ^     @ Rule 1, Line 1",1
98,"Syntax Error: Expected '->', but received -'c' at 0:0:64     |     ə > ɛ / #S_C or when breaking up what would otherwise be a three-consonant cluster; in the case of two schwas, only the first one is dropped     |                                                                     ^     @ Rule 1, Line 1",1
99,"Syntax Error: Expected end of line, received '('. Did you forget a '/' between the output and environment?     |     w θ ð ɣ > v t d ɡ (sometimes)     |                       ^     @ Rule 1, Line 1",1
100,"Syntax Error: Expected '_', but received ''     |     ʔ > ∅ // in onset of %:[+stress] (colloquial)     |                                                  ^     @ Rule 1, Line 1",1
101,"Syntax Error: The output of a deletion rule must only contain `*` or `∅`     |     h > ∅ (colloquial)     |           ^     @ Rule 1, Line 1",1
102,"Syntax Error: Expected '_', but received '}'     |     w > ∅ / _# , k:[+long] }_ // { k     |                            ^     @ Rule 1, Line 1",1
103,"Syntax Error: Expected number, but received [      |     w > ∅ / C_ // C = [+ cons, - fr, + bk, + hi, - lo]     |                       ^     @ Rule 1, Line 1",1
104,"Syntax Error: Expected ',', but received 's'     |     { ʔs, ʔt͡s } > { s:[+long], t͡s:[+long] }     |        ^     @ Rule 1, Line 1",1
105,"Syntax Error: Cannot have nested brackets of the same type     |     { nθ, nl } > { s:[+long], {s:[+long],hl} }     |                               ^     @ Rule 1, Line 1",1
106,"Syntax Error: Options can only be used in Environments or Structures     |     ([+approximant])V > ∅ / _#     |     ^^^^^^^^^^^^^^^^     @ Rule 1, Line 1",1
107,"Syntax Error: Expected ',', but received '_'     |     [+approximant] > ∅ / { C_i, C_i:[+long] }     |                             ^     @ Rule 1, Line 1",1
108,"Syntax Error: Options can only be used in Environments or Structures     |     ({C,#}V)ʔ > ({C,#}V:[+long])∅ / _C     |     ^^^^^^^^     @ Rule 1, Line 1",1
109,"Syntax Error: Unknown feature 'dental' at 0:58-65. Did you mean ldental?      |     { i, i:[+long] } > { u, u:[+long] } / { o, o:[+long] }(C:[-dental])(C:[-dental])_     |                                                               ^^^^^^^     @ Rule 1, Line 1",1
110,"Syntax Error: Expected end of line, received ':'. Did you forget a '/' between the output and environment?     |     { ʃ, m } > { x, w } / _:[+back]     |                            ^     @ Rule 1, Line 1",1
111,"Syntax Error: Expected an IPA character, Primative or Matrix, but received '_'     |     { ʃ, m } > { x, b } / { o, o:[+long] }{ _e, _e:[+long] }     |                                             ^     @ Rule 1, Line 1",1
112,"Syntax Error: Options can only be used in Environments or Structures     |     (V:[-long])N > ∅ / _#     |     ^^^^^^^^^^^     @ Rule 1, Line 1",1
113,"Syntax Error: Unknown feature 'fallingtone' at 0:37-50. Did you mean manner?      |     ({C,#}V:[-long])ʔ > ({C,#}V:[+long]:[+falling tone])∅ / _C     |                                          ^^^^^^^^^^^^^     @ Rule 1, Line 1",1
114,"Syntax Error: Expected '_', but received ''     |     j > ∅ / {ʃ,θ}     |                  ^     @ Rule 1, Line 1",1
115,"Syntax Error: Cannot have nested brackets of the same type     |     { ʃ, {θ,t}, m, k } > { s, t͡s, tʲ, bʲ } / :{ _{ i,j,#}, _i:[+long],j,#} }:     |          ^     @ Rule 1, Line 1",1
116,"Syntax Error: Expected '_', but received ','     |     {θ,t͡ʃ,ʃ,r} > t / , _C // C_     |                       ^     @ Rule 1, Line 1",1
117,"Syntax Error: Expected '_', but received '}'     |     ∅ > x / _s ,#} // _C{C     |                  ^     @ Rule 1, Line 1",1
118,"Syntax Error: Expected ',', but received 'θ'     |     {ʔθ,ʔr} > {ʔ,j,∅}     |       ^     @ Rule 1, Line 1",1
119,"Syntax Error: Expected ',', but received 'θ'     |     { nθ, hs } > { s:[+long]t, s:[+long] }     |        ^     @ Rule 1, Line 1",1
120,"Syntax Error: Cannot have nested brackets of the same type     |     { ns, sk } > { {x,s}, {x,s:[+long]} }     |                    ^     @ Rule 1, Line 1",1
121,"Syntax Error: Cannot have nested brackets of the same type     |     { θp, t͡ʃp, ʃp } > { {x,s:[+long]}, ʔp, s:[+long]p }     |                          ^     @ Rule 1, Line 1",1
122,"Syntax Error: Cannot have nested brackets of the same type     |     ∅ > s / {{ i, i:[+long] },#e}_t     |              ^     @ Rule 1, Line 1",1
123,"Syntax Error: Expected '_', but received '}'     |     t > t͡s / :{ _{ i,a}, _e,a}, _i,a}, _e:[+long],a} }:     |                               ^     @ Rule 1, Line 1",1
124,"Syntax Error: Expected ',', but received '_'     |     ∅ > s / { k_i, k_i:[+long] }     |                ^     @ Rule 1, Line 1",1
125,"Syntax Error: Expected '>', '->' or '=>', but received ':'     |     s:[+long]:[+long] > s:[+long]     |              ^     @ Rule 1, Line 1",1
126,"Runtime Error: Grouped Environments cannot (yet) be used in insertion rules     |     ∅ > j / :{ o:[+long]w_i#, i:[+long]j_i# }:     |             ^^^^^^^^^^^^^^^^^^^^^^^^^^^^^^^^^^     @ Rule 1, Line 1",1
127,"Syntax Error: Cannot have nested brackets of the same type     |     { {ji:[+long],ja,ahi}, {owa:[+long],awa,awe}, awi, {i:[+long]wa,e:[+long]wa,aji,aje,ani} } > { i, o:[+long], o(ji), i:[+long] } / C_C     |       ^     @ Rule 1, Line 1",1
128,"Syntax Error: Expected ',', but received 'j'     |     {i:[+long],ij,j} > j / C_:[+back]     |                 ^     @ Rule 1, Line 1",1
129,"Syntax Error: Cannot have nested brackets of the same type     |     { tem, {k,p}en } > { m:[+long], n:[+long] }     |            ^     @ Rule 1, Line 1",1
130,"Syntax Error: Expected end of line, received '('. Did you forget a '/' between the output and environment?     |     ket > t:[+long] (     |                     ^     @ Rule 1, Line 1",1
131,"Syntax Error: Expected an IPA character, Primative or Matrix, but received '>'     |     t:[+long] ( > s:[+long]?)     |                 ^     @ Rule 1, Line 1",1
132,"Syntax Error: Options can only be used in Environments or Structures     |     ke(h) > t:[+long] ?     |       ^^^     @ Rule 1, Line 1",1
133,"Syntax Error: Expected ',', but received 'e'     |     {kʷes,keθ} > s:[+long]     |        ^     @ Rule 1, Line 1",1
134,"Syntax Error: Can't have segments after the end of a word     |     e > ∅ / O_ in #% (not universal)     |                   ^     @ Rule 1, Line 1",1
135,"Syntax Error: Expected ',', but received 'e'     |     {me,ne} > ∅ / #_O (followed by truncation of following x)     |       ^     @ Rule 1, Line 1",1
136,"Syntax Error: Expected ',', but received 'e'     |     {we,wi:[+long]} > o / #_     |       ^     @ Rule 1, Line 1",1
137,"Syntax Error: Malformed Comment: Expected ';;', but received '; ' at 0:0:33     |     t͡si > ∅ / $_OO (before a prefix; the first obstruent of the follow:[ing] cluster then becomes ʔ)     |                                      ^     @ Rule 1, Line 1",1
138,"Syntax Error: Cannot have nested brackets of the same type     |     a:[+long] > aa / [+approximant]_ ,:[+long]},#} // when _{C{C     |                                                               ^     @ Rule 1, Line 1",1
139,"Syntax Error: Cannot have nested brackets of the same type     |     { p, t, k } > { {hp,∅}, ht, {hk,∅} }     |                     ^     @ Rule 1, Line 1",1
140,"Syntax Error: Expected an IPA character, Primative or Matrix, but received '('     |     {(t)l,θ} > t     |      ^     @ Rule 1, Line 1",1
141,"Syntax Error: Cannot have nested brackets of the same type     |     { ʃ, t͡ʃ } > { {ʃ,x}, s }     |                    ^     @ Rule 1, Line 1",1
142,"Syntax Error: Cannot have nested brackets of the same type     |     { w, j } > { {v,o}, {t,e} }     |                  ^     @ Rule 1, Line 1",1
143,"Syntax Error: Expected ',', but received 'C'     |     {kC,Ck} > ʔ     |       ^     @ Rule 1, Line 1",1
144,"Syntax Error: Options can only be used in Environments or Structures     |     (t)ʃp > sp     |     ^^^     @ Rule 1, Line 1",1
145,"Syntax Error: Cannot have nested brackets of the same type     |     { {n,q,h}ʃ, {n,q,h}l } > { s, {h,j,hʲ} }     |       ^     @ Rule 1, Line 1",1
146,"Syntax Error: Expected '_', but received ''     |     a > i / in some unaccented syllables ()     |                                            ^     @ Rule 1, Line 1",1
147,"Syntax Error: Expected end of line, received '('. Did you forget a '/' between the output and environment?     |     e > i (short only)     |           ^     @ Rule 1, Line 1",1
148,"Syntax Error: Cannot have nested brackets of the same type     |     { {n,q,h}ʃ, {n,q,h}l } > { ʃ, l }     |       ^     @ Rule 1, Line 1",1
149,"Syntax Error: Malformed Comment: Expected ';;', but received '; ' at 0:0:31     |     ʃ > ʃ, s / in inland varieties; remains /ʃ/ in coastal varieties     |                                    ^     @ Rule 1, Line 1",1
150,"Syntax Error: Expected end of line, received '('. Did you forget a '/' between the output and environment?     |     e > i (short only in southern dialect͡s, both short and long in northern dialect͡s)     |           ^     @ Rule 1, Line 1",1
151,"Syntax Error: Expected an IPA character, Primative or Matrix, but received '/'     |     ʃ > s / in:[+approximant]est Swampy Cree (remains /ʃ/ in:[+front]ast Swampy Cree)     |                                                       ^     @ Rule 1, Line 1",1
152,"Syntax Error: Expected '_', but received ''     |     t͡ʃ > t / in nouns     |                       ^     @ Rule 1, Line 1",1
153,"Syntax Error: Expected '_', but received ''     |     { t, s } > { t͡ʃ, ʃ } / in diminutives     |                                           ^     @ Rule 1, Line 1",1
154,"Syntax Error: Expected '_', but received ','     |     w > ∅ / ,p,m}_ // {k     |             ^     @ Rule 1, Line 1",1
155,"Syntax Error: Cannot have nested brackets of the same type     |     Cʷ > C / _ə{(C){p,kʷ},m,w}     |                    ^     @ Rule 1, Line 1",1
156,"Syntax Error: Expected '_', but received ','     |     we > wə / ,m,k} // adjacent to {p     |               ^     @ Rule 1, Line 1",1
157,"Syntax Error: Expected '_', but received ','     |     wə > o:[+long] / ,m,k} // adjacent to {p     |                      ^     @ Rule 1, Line 1",1
158,"Syntax Error: Expected '_', but received '//'     |     ʔ > h / _C , or when reduplicated // C = l     |                                       ^^     @ Rule 1, Line 1",1
159,"Syntax Error: Expected ',', but received 'θ'     |     {nθ,nl} > hl     |       ^     @ Rule 1, Line 1",1
160,"Syntax Error: Expected an IPA character, Primative or Matrix, but received ''     |     k > ∅ / h_ (     |                 ^     @ Rule 1, Line 1",1
161,"Syntax Error: Expected '_', but received '//'     |     V > ∅ / _# , in the latter of which long vowels were shortened // some monosyllables and analogical development͡s     |                                                                    ^^     @ Rule 1, Line 1",1
162,"Syntax Error: Unknown character “ at '0:0:17'.     |     {a,ə} > ∅ / :{ _x“in the odd-numbered of any sequence of one or more short-vowel open syllables”; such vowels are considered “weak”, _h“in the odd-numbered of any sequence of one or more short-vowel open syllables”; such vowels are considered “weak” }:     |                      ^     @ Rule 1, Line 1",1
163,"Syntax Error: Unknown feature 'weak' at 0:3-8. Did you mean man?      |     ə:[+weak] > ∅ / #_C     |        ^^^^^     @ Rule 1, Line 1",1
164,"Syntax Error: Unknown feature 'weak' at 0:3-8. Did you mean man?      |     ə:[+weak] > ∅ / _C:[+voice] (sporadic)     |        ^^^^^     @ Rule 1, Line 1",1
165,"Syntax Error: Unknown feature 'weak' at 0:3-8. Did you mean man?      |     a:[+weak] > ə / a_:[+continuant]:[+voice]     |        ^^^^^     @ Rule 1, Line 1",1
166,"Syntax Error: Unknown feature 'weak' at 0:3-8. Did you mean man?      |     ə:[+weak] > ∅ / a_:[+continuant]:[+voice]     |        ^^^^^     @ Rule 1, Line 1",1
167,"Syntax Error: Feature 'i' has no modifier at 0:13-14.     |     ə > a / _x :[i]n a nonrounding environment     |                  ^     @ Rule 1, Line 1",1
168,"Syntax Error: Expected ',', but received 'e'     |     { we, je } > { o, i } / _C     |        ^     @ Rule 1, Line 1",1
169,"Syntax Error: Feature 'does' has no modifier at 0:21-25.     |     V:[-long] > ∅ / _# :[does not apply in disyllabic words containing two short vowels]     |                          ^^^^     @ Rule 1, Line 1",1
170,"Syntax Error: Unknown character “ at '0:0:14'.     |     V > V:[+long] “when V is the second vowel of a word and follows a short-vowel syllable. P:[+voice]oes not apply in glottal words”     |                   ^     @ Rule 1, Line 1",1
171,"Syntax Error: Expected end of line, received ':'. Did you forget a '/' between the output and environment?     |     e > i / V:[+long]%_ // _:[+laryngeal]     |                             ^     @ Rule 1, Line 1",1
172,"Syntax Error: Expected end of line, received ':'. Did you forget a '/' between the output and environment?     |     e > i / #(C)_ // _:[+laryngeal]     |                       ^     @ Rule 1, Line 1",1
173,"Syntax Error: Unknown character “ at '0:0:13'.     |     e > i / :{ _k“when in the second syllable of glottal words”, _m“when in the second syllable of glottal words” }:     |                  ^     @ Rule 1, Line 1",1
174,"Syntax Error: Expected ',', but received 'i'     |     { wi, wi:[+long] } > { o, o:[+long] } / C_w     |        ^     @ Rule 1, Line 1",1
175,"Syntax Error: Feature 'i' has no modifier at 0:39-40.     |     V:[+long] > V:[-long] / CC(G)_C{V,#} :[i.e., when following a cluster but not followed by a cluster. Only applies ‘after the first long vowel of a nonglottal word, and everywhere in a glottal word’]     |                                            ^     @ Rule 1, Line 1",1
176,"Syntax Error: Malformed Comment: Expected ';;', but received '; ' at 0:0:50     |     V:[+long] > V:[-long] / _C{V,#} in even syllables; does not apply in the second syllable of a non-glottal word     |                                                       ^     @ Rule 1, Line 1",1
177,"Syntax Error: Cannot have nested brackets of the same type     |     { {, e,, e:[+long], }, i } > { {, æ,, æ:[+long], }, e }     |       ^     @ Rule 1, Line 1",1
178,"Syntax Error: Unknown character “ at '0:0:48'.     |     i:[+long] o:[+long] oʔ > e:[+long] u:[+long] uʔ “:[blocked when i:[+long] or a C+G sequence follows anywhere in the word, but does apply if { æ, æ:[+long] } intervenes before any following i:[+long] or C+G]”     |                                                     ^     @ Rule 1, Line 1",1
179,"Syntax Error: Cannot have nested brackets of the same type     |     { {wi:[+long],ji:[+long],we:[+long],je:[+long],wæ:[+long],jæ:[+long]}, {wi,ji,we,je,wæ,jæ} } > { i:[+long], i } / C_     |       ^     @ Rule 1, Line 1",1
180,"Syntax Error: Expected '_', but received ','     |     æ > e / in odd syllables ,j,:[+laryngeal]} // _{w     |                              ^     @ Rule 1, Line 1",1
181,"Syntax Error: Expected ',', but received 'a'     |     { wa, ja } > { uə̯, iə̯ } / C_     |        ^     @ Rule 1, Line 1",1
182,"Syntax Error: Expected '_', but received ''     |     t͡ʃ > t / in nominal suffixes     |                                  ^     @ Rule 1, Line 1",1
183,"Syntax Error: Expected '_', but received ''     |     t > t͡ʃ / in diminutives     |                             ^     @ Rule 1, Line 1",1
184,"Syntax Error: Unknown character “ at '0:0:37'.     |     mV:[-long] > ∅ / :{ #_ʰC(allophonic, “optional”), #_s(allophonic, “optional”), #_ʃ(allophonic, “optional”) }:     |                                          ^     @ Rule 1, Line 1",1
185,"Syntax Error: Expected ',', but received 's'     |     { hs, hʃ } > { s:[+long], ʃ:[+long] } / sporadic, usually {#,V:[+front]}_     |        ^     @ Rule 1, Line 1",1
186,"Syntax Error: Expected ',', but received 'N'     |     { VNs, VNʃ } > { V:[+nas]z, V:[+nas]ʒ } / not universal?     |        ^     @ Rule 1, Line 1",1
187,"Syntax Error: Could not get value of IPA 'ⁿ'.     |     S > ⁿS / #NV_ (sporadic)     |         ^     @ Rule 1, Line 1",1
188,"Syntax Error: Could not get value of IPA 'ⁿ'.     |     { s, ʃ } > { ⁿs, ⁿʃ } / %:[-nas] (highly sporadic)     |                  ^     @ Rule 1, Line 1",1
189,"Syntax Error: Expected an IPA character, Primative or Matrix, but received 'ʷ'     |     k > χ / _{ ʷa, ʷa:[+long] } // #_     |                ^     @ Rule 1, Line 1",1
190,"Syntax Error: Options can only be used in Environments or Structures     |     (aw)aha > a:[+long]     |     ^^^^     @ Rule 1, Line 1",1
191,"Syntax Error: Expected ',', but received 'w'     |     {awa,iwa,iwi} > u:[+long]     |       ^     @ Rule 1, Line 1",1
192,"Syntax Error: Expected ',', but received 'j'     |     {aja,iha,iji,ihi,ija} > i:[+long]     |       ^     @ Rule 1, Line 1",1
193,"Syntax Error: Expected ',', but received 'e'     |     { we, e } > { o, i }     |        ^     @ Rule 1, Line 1",1
194,"Syntax Error: Expected '->', but received -'p' at 0:0:65     |     {j,w}V:[-long] > ∅ / C_# in disyllables with V:[+long] or in tri(-plus-)syllables     |                                                                      ^     @ Rule 1, Line 1",1
195,"Syntax Error: Expected '->', but received -'t' at 0:0:90     |     {w,j}V:[-long] > ∅ / V:[+long]_# ([+approximant]himemsz is unsure if this change is across-the-board or not)     |                                                                                               ^     @ Rule 1, Line 1",1
196,"Syntax Error: Expected '->', but received -'t' at 0:0:90     |     V:[-long] > ∅ / V:[-long]{w,j}_# ([+approximant]himemsz is unsure if this change is across-the-board or not)     |                                                                                               ^     @ Rule 1, Line 1",1
197,"Syntax Error: Unknown character 〈 at '0:0:32'.     |     {θ,ʃ} > ɬ (conjectured based on 〈z〉 in the Piscataway source and on the lack of voicing in the original reconstructed sounds)     |                                     ^     @ Rule 1, Line 1",1
198,"Syntax Error: Expected '_', but received ''     |     e > o / unclear conditioning     |                                 ^     @ Rule 1, Line 1",1
199,"Syntax Error: Expected ',', but received '_'     |     j > ∅ / { C_i, C_i:[+long] }     |                ^     @ Rule 1, Line 1",1
200,"Runtime Error: Grouped Environments cannot (yet) be used in insertion rules     |     ∅ > ʔ / :{ C{v,d}_ʃp, C{v,d}_ʃk, C{v,d}_hV }:     |             ^^^^^^^^^^^^^^^^^^^^^^^^^^^^^^^^^^^^^     @ Rule 1, Line 1",1
201,"Syntax Error: Unknown character “ at '0:0:6'.     |     ʃ > s “(for many speakers)”     |           ^     @ Rule 1, Line 1",1
202,"Syntax Error: Cannot have nested brackets of the same type     |     { {a,e,o,æ}, i, u, y, ø } > { ə, i, ua, {u,ə}, {ə,u} } / _Ce     |       ^     @ Rule 1, Line 1",1
203,"Syntax Error: Cannot have nested brackets of the same type     |     { {a,æ,e,ø,i,y}, o } > { i, u } / _Ci     |       ^     @ Rule 1, Line 1",1
204,"Syntax Error: Cannot have nested brackets of the same type     |     { e, i, {o,u}, æ, ø, y } > { {ə,a}, {i,ə}, ə, a, {ə,u}, {u,ə} } / _Co     |             ^     @ Rule 1, Line 1",1
205,"Syntax Error: Expected '_', but received ','     |     b > w / ,ə,Vj} // _{a     |             ^     @ Rule 1, Line 1",1
206,"Syntax Error: Expected '_', but received '//'     |     t͡ʃ > s / maybe // _#?     |                     ^^     @ Rule 1, Line 1",1
207,"Syntax Error: Expected an IPA character, Primative or Matrix, but received '∅'     |     ŋ > {∅,n} #_ else     |          ^     @ Rule 1, Line 1",1
208,"Syntax Error: A syllable can only have parameters stress and tone     |     %:[+long] > %:[-long]     |        ^^^^^     @ Rule 1, Line 1",1
209,"Syntax Error: Floating diacritic. Diacritics can only be used to modify IPA Segments     |     ʷe > je     |     ^     @ Rule 1, Line 1",1
210,"Syntax Error: Expected '_', but received ','     |     w > ∅ / ,o} // _{a     |             ^     @ Rule 1, Line 1",1
211,"Syntax Error: Expected ',', but received 'u'     |     { au, iu, uu, eu, ou } > { ɔ:[+long], ju:[+long], u:[+long], jo:[+long], o:[+long] }     |        ^     @ Rule 1, Line 1",1
212,"Syntax Error: Cannot have nested brackets of the same type     |     { {tʰ,d}, {k,ɡ} } > { r, {h,∅} } / :{ {C,V}_C, {C,V}_V }:     |       ^     @ Rule 1, Line 1",1
213,"Syntax Error: Cannot have nested brackets of the same type     |     { pʰ, tʰ, kʰ } > { p, t, {k,h} }     |                              ^     @ Rule 1, Line 1",1
214,"Syntax Error: Cannot have nested brackets of the same type     |     { e, o, u, æ, ø, y } > { {a,e}, {o,u}, {a,o,u, a, {a,o,u}, {o,u,i} } / _Ca     |                              ^     @ Rule 1, Line 1",1
215,"Syntax Error: Cannot have nested brackets of the same type     |     { a, e, i, o, u, æ, ø, y } > { {a,i}, {e,ja}, {e,i}, {ø,y,o}, {o,u,y}, {i,a,e}, {e,ø}, {ø,y,o,u} } / _Ce     |                                    ^     @ Rule 1, Line 1",1
216,"Syntax Error: Cannot have nested brackets of the same type     |     { a, e, u, æ, ø, y } > { {a,e}, {e,i}, {y,ø}, {i,e}, {i,e,ø}, {ø,y,o,u} } / _Ci     |                              ^     @ Rule 1, Line 1",1
217,"Syntax Error: Cannot have nested brackets of the same type     |     { a, e, o, i, æ, ø, y } > { {a,i,e}, {a,e}, u, {o,u}, e, {ø,y,o,u}, {o,u} } / _Co     |                                 ^     @ Rule 1, Line 1",1
218,"Syntax Error: Cannot have nested brackets of the same type     |     { a, e, {o,u}, æ, ø, y } > { {a,o,u}, {e,a}, {o,u}, {a,o,u}, {e,i,u}, {i,o,u,y,ø} } / _Cu     |             ^     @ Rule 1, Line 1",1
219,"Syntax Error: Expected '_', but received ','     |     b > h / , ,lʲ}_ or _ɡ // {rʲ     |             ^     @ Rule 1, Line 1",1
220,"Syntax Error: Unknown feature 'highpitch' at 0:14-25. Did you mean high?      |     pʰ > b / #_%:[+high pitch]     |                   ^^^^^^^^^^^     @ Rule 1, Line 1",1
221,"Syntax Error: Expected end of line, received '('. Did you forget a '/' between the output and environment?     |     p > h (sporadic)     |           ^     @ Rule 1, Line 1",1
222,"Syntax Error: Expected ',', but received '('     |     { t(ʰ), d } > { t͡ʃ, d͡ʒ } / _i     |        ^     @ Rule 1, Line 1",1
223,"Syntax Error: Expected '_', but received ','     |     ɡ > h / ,V}_h // {C     |             ^     @ Rule 1, Line 1",1
224,"Syntax Error: Cannot have nested brackets of the same type     |     { {u,ø,y}, æ } > { {o,u}, ia } / _Ca     |       ^     @ Rule 1, Line 1",1
225,"Syntax Error: Cannot have nested brackets of the same type     |     { æ, ø } > { i, {o,u} } / _Ce     |                     ^     @ Rule 1, Line 1",1
226,"Syntax Error: Cannot have nested brackets of the same type     |     { æ, ø, y } > { ia, {o,u}, i } / _Ci     |                         ^     @ Rule 1, Line 1",1
227,"Syntax Error: Cannot have nested brackets of the same type     |     { {u,æ}, ø } > { {o,u}, i } / _Co     |       ^     @ Rule 1, Line 1",1
228,"Syntax Error: Cannot have nested brackets of the same type     |     { {u,æ,y}, ø } > { {o,u}, ia } / _Cu     |       ^     @ Rule 1, Line 1",1
229,"Syntax Error: Unknown feature 'lowpitch' at 0:9-19. Did you mean voice?      |     %:[-long +low pitch] %:[+long -low pitch] > %:[+long] %:[-long]     |              ^^^^^^^^^^     @ Rule 1, Line 1",1
230,"Syntax Error: Cannot have nested brackets of the same type     |     { a, ø } > { {a,ʌ}, a } / P_Ca     |                  ^     @ Rule 1, Line 1",1
231,"Syntax Error: Cannot have nested brackets of the same type     |     { a, e, i, u, æ, ø, y } > { a, {a,ʌ,e}, {ɯ,i}, {u,o}, {ia,ja,ɛ}, {ia,ja}, ɯ } / _Ca     |                                    ^     @ Rule 1, Line 1",1
232,"Syntax Error: Cannot have nested brackets of the same type     |     { a, {e,i}, o, u, æ, ø, y } > { {ɛ,a}, ɛ, {ø,o}, {y,u}, {ia,ja,ɛ}, {ia,ja}, {y,ø} } / _Ci     |          ^     @ Rule 1, Line 1",1
233,"Syntax Error: Cannot have nested brackets of the same type     |     { a, e, i, æ, ø, y } > { {o,ja,aj}, {ʌ,ɜ}, ɯ, {ia,ja}, {o,u}, {u,o} } / _Co     |                              ^     @ Rule 1, Line 1",1
234,"Syntax Error: Cannot have nested brackets of the same type     |     { e, i, æ, ø, y } > { {ɛ,a,ʌ}, {ɯ,i}, {e,a}, {u,o}, ɯ } / _Cu     |                           ^     @ Rule 1, Line 1",1
235,"Syntax Error: Expected an IPA character, Primative or Matrix, but received '∅'     |     {pʰ,ŋ} > {∅,j} / #_     |               ^     @ Rule 1, Line 1",1
236,"Syntax Error: Expected '->', but received -'P' at 0:0:34     |     {ʒ,d͡ʒ} > j / #_ (marked as to Pre-Proto-P:[-voice]urkic)     |                                       ^     @ Rule 1, Line 1",1
237,"Syntax Error: Expected '->', but received -'P' at 0:0:36     |     {d,n} > j / #_ (?) (marked as to Pre-Proto-P:[-voice]urkic)     |                                         ^     @ Rule 1, Line 1",1
238,"Syntax Error: Malformed Comment: Expected ';;', but received '; ' at 0:0:56     |     d ɡ > t k (may have been part of a more sweeping merger; Firespeaker calls it “lenis-fortis”)     |                                                             ^     @ Rule 1, Line 1",1
239,"Syntax Error: The output of a deletion rule must only contain `*` or `∅`     |     V:[-long] > ∅ (shared with Old P:[-voice]urkic)     |                   ^     @ Rule 1, Line 1",1
240,"Syntax Error: The output of a deletion rule must only contain `*` or `∅`     |     h > ∅ (shared with Old P:[-voice]urkic)     |           ^     @ Rule 1, Line 1",1
241,"Syntax Error: Expected ':', but received 's'     |     d > t / #_ (kind of, something about evidence from borrowings)     |                          ^     @ Rule 1, Line 1",1
242,"Syntax Error: Expected end of line, received '('. Did you forget a '/' between the output and environment?     |     ɡm rɡ > mɡ ɡr (this second one is listed as     |                   ^     @ Rule 1, Line 1",1
243,"Syntax Error: Expected an IPA character, Primative or Matrix, but received '>'     |     mɡ ɡr (this second one is listed as > rɡ but it might be a typo)     |                                         ^     @ Rule 1, Line 1",1
244,"Syntax Error: Expected end of line, received '('. Did you forget a '/' between the output and environment?     |     rd > dr (possibly sporadic and/or confined to [+ cons, - fr, + bk, + hi, - lo]azakh)     |             ^     @ Rule 1, Line 1",1
245,"Syntax Error: Cannot have nested brackets of the same type     |     { {e,æ}b, ub } > { ew, uw }     |       ^     @ Rule 1, Line 1",1
246,"Syntax Error: Expected an IPA character, Primative or Matrix, but received '>'     |     ew ( > øj)     |          ^     @ Rule 1, Line 1",1
247,"Syntax Error: Expected '>', '->' or '=>', but received ')'     |     øj) > yj     |       ^     @ Rule 1, Line 1",1
248,"Syntax Error: Expected end of line, received ':'. Did you forget a '/' between the output and environment?     |     a > æ // _:[+back]     |               ^     @ Rule 1, Line 1",1
249,"Syntax Error: Expected '->', but received -'f' at 0:0:16     |     ŋ > ɡ / syllable-final     |                     ^     @ Rule 1, Line 1",1
250,"Syntax Error: Cannot have nested brackets of the same type     |     { {u,ɯ}w, {i,y}w, aw, {æ,e}w } > { u:[+long], y:[+long], o:[+long], ø:[+long] }     |       ^     @ Rule 1, Line 1",1
251,"Syntax Error: Expected end of line, received '∅'. Did you forget a '/' between the output and environment?     |     æ Vh {ʕ,h} > ɑ:[+long] V:[+long] ∅ (seems to have largely been confined to loanwords from Persian)     |                                      ^     @ Rule 1, Line 1",1
252,"Syntax Error: Unknown character 〈 at '0:0:29'.     |     ∅ > % / :{ #_l(not sure what 〈%〉 represent͡s here; maybe just some sort of back vowel?), #_r(not sure what 〈%〉 represent͡s here; maybe just some sort of back vowel?) }:     |                                  ^     @ Rule 1, Line 1",1
253,"Syntax Error: Expected an IPA character, Primative or Matrix, but received '_'     |     e > i / k_y (maybe they mean k_j?)     |                                   ^     @ Rule 1, Line 1",1
254,"Syntax Error: Malformed Comment: Expected ';;', but received '; ' at 0:0:110     |     {e,ɤ}:[+long] > je (the second one is conjectured based on my admittedly sparse knowledge of P:[-voice]urkish; I can only guess that 〈ė〉 is some sort of back unrounded vowel)     |                                                                                                                   ^     @ Rule 1, Line 1",1
255,"Syntax Error: Expected ',', but received 'ɡ'     |     { o, oɡ, ø, øɡ, iɡ } > { wo, ɥø, o:[+long], ø:[+long], i:[+long] }     |           ^     @ Rule 1, Line 1",1
256,"Syntax Error: Cannot have nested brackets of the same type     |     { a{ɡ̌(ɯ),b}, {o{ɡ̌,b},aɡ̌u}, u{ɡ̌,b} } > { ɰa, wo, u:[+long] }     |        ^     @ Rule 1, Line 1",1
257,"Syntax Error: Unknown character ̌ at '0:0:2'.     |     iɡ̌ > ɯ:[+long]     |       ^     @ Rule 1, Line 1",1
258,"Syntax Error: Expected end of line, received '('. Did you forget a '/' between the output and environment?     |     ɯ:[+long] > i:[+long] (but original ɯ:[+long] unaffected?)     |                           ^     @ Rule 1, Line 1",1
259,"Syntax Error: Expected end of line, received '('. Did you forget a '/' between the output and environment?     |     j > s (possibly only initially?)     |           ^     @ Rule 1, Line 1",1
260,"Syntax Error: Expected '->', but received -'r' at 0:0:46     |     tʰ > h (Only seems to have occurred with first-register tones)     |                                                   ^     @ Rule 1, Line 1",1
261,"Syntax Error: Unknown character ’ at '0:0:29'.     |     {kʰ,ɡʱ} > x (Presyllables don’t seem to have affected this much)     |                                  ^     @ Rule 1, Line 1",1
262,"Syntax Error: Expected '->', but received -'r' at 0:0:49     |     m n > b d (Only seems to have occurred with first-register tones)     |                                                      ^     @ Rule 1, Line 1",1
263,"Syntax Error: Cannot have nested brackets of the same type     |     { {pʲ,bʲ}, {tʲ,dʲ}, {cʲ,ɟʲ} } > { b, d, j }     |       ^     @ Rule 1, Line 1",1
264,"Syntax Error: Expected '->', but received -'r' at 0:0:49     |     ɓ ɗ > b d (Only seems to have occurred with first-register tones)     |                                                      ^     @ Rule 1, Line 1",1
265,"Syntax Error: Unknown character ̊ at '0:0:9'.     |     {n̥j,nʲ,ɲ̊j,ɲʲ} > ɲ j     |              ^     @ Rule 1, Line 1",1
266,"Syntax Error: Expected '>', '->' or '=>', but received ':'     |     N:[-voice]:[+approximant]:[-voice] > N:[+voice]:[+approximant]:[+voice]     |               ^     @ Rule 1, Line 1",1
267,"Syntax Error: Options can only be used in Environments or Structures     |     (h)ə{p,b} > t / _l     |     ^^^     @ Rule 1, Line 1",1
268,"Syntax Error: Expected an IPA character, Primative or Matrix, but received ''     |     w > ∅ / tʰV_k (     |                    ^     @ Rule 1, Line 1",1
269,"Syntax Error: Expected '->', but received -'r' at 0:0:68     |     bʱ {tʰ,dʱ} {t*ʰ,d*ʱ} {kʰ,ɡʱ} > pʰ t tʰ kʰ (after *kʰ *ɡʱ, only first-register tones may occur)     |                                                                         ^     @ Rule 1, Line 1",1
270,"Syntax Error: Cannot have nested brackets of the same type     |     { (h)ə{p,b}, (h)ə{t,d}, (h)ə{c,ɟ}, (h)ə{k,ɡ} } > { β, dʲ, ɟ, ɡ }     |           ^     @ Rule 1, Line 1",1
271,"Syntax Error: Cannot have nested brackets of the same type     |     { {pʲ,bʲ}, {tʲ,dʲ}, {cʲ,ɟʲ} } > { {β,w}, dʲ, ɟ }     |       ^     @ Rule 1, Line 1",1
272,"Syntax Error: Expected '->', but received -'r' at 0:0:51     |     ɓ ɗ > m n (For some reason it seems that only first-register tones can occur in this environment)     |                                                        ^     @ Rule 1, Line 1",1
273,"Syntax Error: Unknown character ̊ at '0:0:9'.     |     {n̥j,nʲ,ɲ̊j,ɲʲ} > ɲ (P:[-voice]hompson appears to me to have hedged a bit on the last one; based on other evidence in the paper I’m sticking this one as a palatal nasal)     |              ^     @ Rule 1, Line 1",1
274,"Syntax Error: Unknown character Ω at '0:0:6'.     |     t͡ʃ > Ω (P:[-voice]his is my own notation. I don’t have a clue what the intermediate form was; became something else in different dialect͡s)     |           ^     @ Rule 1, Line 1",1
275,"Syntax Error: Cannot have nested brackets of the same type     |     { ((h)ə)p, d } > { b, t } / _l     |        ^     @ Rule 1, Line 1",1
276,"Syntax Error: Expected '->', but received -'r' at 0:0:22     |     t > ∅ / _ɹ (only first-register tones can occur in this environment)     |                           ^     @ Rule 1, Line 1",1
277,"Syntax Error: Expected ',', but received '*'     |     { t*ʰ, d, ɡ } > { tʰ, t, k } / _w     |        ^     @ Rule 1, Line 1",1
278,"Syntax Error: Expected end of line, received '('. Did you forget a '/' between the output and environment?     |     s > t(ʰ?)     |          ^     @ Rule 1, Line 1",1
279,"Syntax Error: Expected ',', but received 'k'     |     {əkʰ,əɡɦj} > ɟ (I think P:[-voice]hompson implied this was just a bit of a kludge)     |       ^     @ Rule 1, Line 1",1
280,"Syntax Error: Expected '_', but received ':'     |     { c, ɲ } > { t, n } // :[+front]_ (apparently the precursor to Vietnamese short *a was treated as a short vowel here)     |                            ^     @ Rule 1, Line 1",1
281,"Syntax Error: Expected ',', but received 'ə'     |     { a, ɔ } > { ɨə, uə }     |                   ^     @ Rule 1, Line 1",1
282,"Syntax Error: Expected '->', but received -'r' at 0:0:46     |     kʰ > x (only seems to have occurred with first-register tones)     |                                                   ^     @ Rule 1, Line 1",1
283,"Syntax Error: Cannot have nested brackets of the same type     |     { {β,w}, {dʲ,ɟ} } > { v, z }     |       ^     @ Rule 1, Line 1",1
284,"Syntax Error: Expected '->', but received -'r' at 0:0:45     |     ɹ > z (only seems to have occurred with first-register tones)     |                                                  ^     @ Rule 1, Line 1",1
285,"Syntax Error: Feature 'l' has no modifier at 0:71-72.     |     mɲ > ɲ (P:[-voice]hompson seems to indicate that this may have become:[l] as well; only seems to have occurred with second-register tones)     |                                                                            ^     @ Rule 1, Line 1",1
286,"Syntax Error: Unknown character Ω at '0:0:2'.     |     { Ω, cʰ } > { s, t͡ɕ }     |       ^     @ Rule 1, Line 1",1
287,"Syntax Error: Unknown feature 'palatal' at 0:12-20. Did you mean latrl?      |     ɛ > a / _C:[+palatal]     |                 ^^^^^^^^     @ Rule 1, Line 1",1
288,"Syntax Error: Expected an IPA character, Primative or Matrix, but received ''     |     w > ∅ / tV_wk (     |                    ^     @ Rule 1, Line 1",1
289,"Syntax Error: Expected end of line, received '~'. Did you forget a '/' between the output and environment?     |     {β,w} > bʲ~vʲ~v     |               ^     @ Rule 1, Line 1",1
290,"Syntax Error: Expected ',', but received 'l'     |     {bl,tl} > ʈ (?)     |       ^     @ Rule 1, Line 1",1
291,"Syntax Error: Unknown character Ω at '0:0:2'.     |     { Ω, cʰ } > { ʂ, ʈʂ }     |       ^     @ Rule 1, Line 1",1
292,"Syntax Error: Expected end of line, received '('. Did you forget a '/' between the output and environment?     |     ɹ > ʐ (sometimes?)     |           ^     @ Rule 1, Line 1",1
293,"Syntax Error: Expected an IPA character, Primative or Matrix, but received '/'     |     { c, ɲ, t, n } > { t, n, k, ŋ } / a_ (short /a/ only)     |                                                 ^     @ Rule 1, Line 1",1
294,"Syntax Error: Expected '..', but received .'w' at 0:0:27     |     ə > ∅ / :{ {i,ɨ}_p, {i,ɨ}_m.w }:     |                                ^     @ Rule 1, Line 1",1
295,"Syntax Error: Cannot have nested brackets of the same type     |     { iw, uj } > { {i,?}, i } / _#     |                    ^     @ Rule 1, Line 1",1
296,"Syntax Error: Unknown character — at '0:0:0'.     |     — aj aw > ej ow / _#     |     ^     @ Rule 1, Line 1",1
297,"Syntax Error: Unknown character — at '0:0:0'.     |     — aj aw > e ow / _#     |     ^     @ Rule 1, Line 1",1
298,"Syntax Error: Unknown character ( at '0:0:6'.     |     [+laryngeal]əS > (h)ə(N)S / #_     |           ^     @ Rule 1, Line 1",1
299,"Syntax Error: Expected an IPA character, Primative or Matrix, but received '∅'     |     {r,h} > {∅,h}     |              ^     @ Rule 1, Line 1",1
300,"Syntax Error: Expected ',', but received 'j'     |     { ej, ow } > { i, u }     |        ^     @ Rule 1, Line 1",1
301,"Syntax Error: Unknown character ’ at '0:0:17'.     |     h > q / _# (might’ve been a retention?)     |                      ^     @ Rule 1, Line 1",1
302,"Syntax Error: Expected ',', but received 'w'     |     { iw, ow, ej } > { i, o, e } / _#     |        ^     @ Rule 1, Line 1",1
303,"Syntax Error: Unknown character ’ at '0:0:30'.     |     V(h) > V(q) / _# (again, might’ve been a retention?)     |                                   ^     @ Rule 1, Line 1",1
304,"Syntax Error: Expected '->', but received -'m' at 0:0:16     |     a > ə / _# (Meno-mene and Mriak-mriku only)     |                     ^     @ Rule 1, Line 1",1
305,"Syntax Error: Expected '->', but received -'m' at 0:0:20     |     d > r / medial (Meno-mene and Mriak-mriku only)     |                         ^     @ Rule 1, Line 1",1
306,"Syntax Error: Expected '->', but received -'m' at 0:0:16     |     r > h / _# (Meno-mene and Mriak-mriku only)     |                     ^     @ Rule 1, Line 1",1
307,"Syntax Error: Expected ',', but received 'j'     |     { ej, ow } > { e, o } / _#     |        ^     @ Rule 1, Line 1",1
308,"Syntax Error: Expected '_', but received ''     |     b > ∅ / medial (sporadic)     |                              ^     @ Rule 1, Line 1",1
309,"Syntax Error: The input of an insertion rule must only contain `*` or `∅`     |     *P:[-voice] > t     |      ^     @ Rule 1, Line 1",1
310,"Syntax Error: Expected an IPA character, Primative or Matrix, but received '*'     |     {*P:[+voice],*:[+continuant],z} > d / #_     |      ^     @ Rule 1, Line 1",1
311,"Syntax Error: The input of an insertion rule must only contain `*` or `∅`     |     *P:[+voice] > d / _#     |      ^     @ Rule 1, Line 1",1
312,"Syntax Error: The input of an insertion rule must only contain `*` or `∅`     |     *S > ɡ / #_     |      ^     @ Rule 1, Line 1",1
313,"Syntax Error: The input of an insertion rule must only contain `*` or `∅`     |     *S > l, ɡ / _#     |      ^     @ Rule 1, Line 1",1
314,"Syntax Error: Cannot have nested brackets of the same type     |     { *j, {*P:[+voice],z} } > { r, d } / V_V     |           ^     @ Rule 1, Line 1",1
315,"Syntax Error: The input of an insertion rule must only contain `*` or `∅`     |     *j > ɡ / #_     |      ^     @ Rule 1, Line 1",1
316,"Syntax Error: The input of an insertion rule must only contain `*` or `∅`     |     *j > d / _#     |      ^     @ Rule 1, Line 1",1
317,"Syntax Error: The input of an insertion rule must only contain `*` or `∅`     |     *S > ɡ     |      ^     @ Rule 1, Line 1",1
318,"Syntax Error: Expected an IPA character, Primative or Matrix, but received '*'     |     { *P:[+voice], d } > { l, r } / V_V     |       ^     @ Rule 1, Line 1",1
319,"Syntax Error: The input of an insertion rule must only contain `*` or `∅`     |     *j > d / #_     |      ^     @ Rule 1, Line 1",1
320,"Syntax Error: Cannot have nested brackets of the same type     |     { {*j,*:[+continuant]}, z } > { l, r } / V_V     |       ^     @ Rule 1, Line 1",1
321,"Syntax Error: The input of an insertion rule must only contain `*` or `∅`     |     *P:[+voice] > l     |      ^     @ Rule 1, Line 1",1
322,"Syntax Error: Cannot have nested brackets of the same type     |     { {*:[+continuant],*j}, z } > { l, r } / V_V     |       ^     @ Rule 1, Line 1",1
323,"Syntax Error: The input of an insertion rule must only contain `*` or `∅`     |     *P:[+voice] > r     |      ^     @ Rule 1, Line 1",1
324,"Syntax Error: Expected '->', but received -'i' at 0:0:35     |     *j > ɡ / possible exception in word-initial position?     |                                        ^     @ Rule 1, Line 1",1
325,"Syntax Error: The input of an insertion rule must only contain `*` or `∅`     |     *:[+continuant] > r     |      ^     @ Rule 1, Line 1",1
326,"Syntax Error: The input of an insertion rule must only contain `*` or `∅`     |     *j > ɡ / _#     |      ^     @ Rule 1, Line 1",1
327,"Syntax Error: Expected an IPA character, Primative or Matrix, but received '*'     |     {z,*:[+continuant],*P:[+voice],*j} > d     |        ^     @ Rule 1, Line 1",1
328,"Syntax Error: The input of an insertion rule must only contain `*` or `∅`     |     *P:[+voice] > d     |      ^     @ Rule 1, Line 1",1
329,"Syntax Error: Expected an IPA character, Primative or Matrix, but received '*'     |     {z,*:[+continuant],*j} > d / V_V     |        ^     @ Rule 1, Line 1",1
330,"Syntax Error: The input of an insertion rule must only contain `*` or `∅`     |     *j > ɡ     |      ^     @ Rule 1, Line 1",1
331,"Syntax Error: Expected an IPA character, Primative or Matrix, but received '*'     |     { *S, ɲ } > { l, n }     |       ^     @ Rule 1, Line 1",1
332,"Syntax Error: Unknown character ’ at '0:0:32'.     |     aɪ ai > ɪɪ ii (not sure if there’s a long vowel or hiatus here)     |                                     ^     @ Rule 1, Line 1",1
333,"Syntax Error: Expected end of line, received ':'. Did you forget a '/' between the output and environment?     |     s > t / _V // _:[+front]     |                    ^     @ Rule 1, Line 1",1
334,"Syntax Error: Cannot have nested brackets of the same type     |     { {t,k}, q } > { ʔ, k } / _C     |       ^     @ Rule 1, Line 1",1
335,"Syntax Error: Unknown character ’ at '0:0:25'.     |     s > c& _ (the paper doesn’t explain what this represent͡s)     |                              ^     @ Rule 1, Line 1",1
336,"Syntax Error: Expected an IPA character, Primative or Matrix, but received '*'     |     {*P:[+voice],*:[+continuant]} > d     |      ^     @ Rule 1, Line 1",1
337,"Syntax Error: Expected an IPA character, Primative or Matrix, but received '*'     |     {z,*j} > d / V_V     |        ^     @ Rule 1, Line 1",1
338,"Syntax Error: Cannot have nested brackets of the same type     |     { {*P:[+voice],*j}, {d,z} } > { l, r } / V_V     |       ^     @ Rule 1, Line 1",1
339,"Syntax Error: Expected '->', but received -'f' at 0:0:33     |     q > ∅ (not sure what happens word-finally to it)     |                                      ^     @ Rule 1, Line 1",1
340,"Syntax Error: Expected ',', but received 'j'     |     { uj, iw } > { oj, uj } / _#     |        ^     @ Rule 1, Line 1",1
341,"Syntax Error: Expected an IPA character, Primative or Matrix, but received '*'     |     {*P:[+voice],*:[+continuant]} > r / V_V     |      ^     @ Rule 1, Line 1",1
342,"Syntax Error: Expected an IPA character, Primative or Matrix, but received '*'     |     {*P:[+voice],*:[+continuant],z} > d     |      ^     @ Rule 1, Line 1",1
343,"Syntax Error: The input of an insertion rule must only contain `*` or `∅`     |     *j > r / V_V     |      ^     @ Rule 1, Line 1",1
344,"Syntax Error: The input of an insertion rule must only contain `*` or `∅`     |     *j > d     |      ^     @ Rule 1, Line 1",1
345,"Syntax Error: The input of an insertion rule must only contain `*` or `∅`     |     *c > s     |      ^     @ Rule 1, Line 1",1
346,"Syntax Error: Malformed Comment: Expected ';;', but received '; ' at 0:0:79     |     {t͡s,ʈ} {ɟ͡ʝ,ɖ} {lʲ,ɲ} {ʔ,x,s,h} ʀ > t d n ∅ r (velar fricative is conjectured; changes     |                                                                                    ^     @ Rule 1, Line 1",1
347,"Syntax Error: Malformed Comment: Expected ';;', but received '; ' at 0:0:42     |     t d n ∅ r (velar fricative is conjectured; changes > d “unsure”)     |                                               ^     @ Rule 1, Line 1",1
348,"Syntax Error: Expected an IPA character, Primative or Matrix, but received ''     |     q > ∅ / #_ (     |                 ^     @ Rule 1, Line 1",1
349,"Syntax Error: Expected end of line, received '('. Did you forget a '/' between the output and environment?     |     z > j (fricative changes to approximant)     |           ^     @ Rule 1, Line 1",1
350,"Syntax Error: Expected ',', but received 'w'     |     { i, iw, u } > { ɔj, ?, ɔw } / _#     |           ^     @ Rule 1, Line 1",1
351,"Syntax Error: Expected end of line, received '('. Did you forget a '/' between the output and environment?     |     d j > r ɭ (sporadic)     |               ^     @ Rule 1, Line 1",1
352,"Syntax Error: Expected an IPA character, Primative or Matrix, but received ''     |     a > a:[+long] / _C# (     |                          ^     @ Rule 1, Line 1",1
353,"Syntax Error: Can't have segments before the beginning of a word     |     { i, u } > { e, o } / CC# (sporadic)     |                             ^     @ Rule 1, Line 1",1
354,"Syntax Error: Unknown character “ at '0:0:6'.     |     a > æ “(in some forms; environment and conditioning unclear)”     |           ^     @ Rule 1, Line 1",1
355,"Syntax Error: Can't have segments after the end of a word     |     k > ∅ / _# (sporadic)     |              ^     @ Rule 1, Line 1",1
356,"Syntax Error: Expected an IPA character, Primative or Matrix, but received ''     |     h > ʔ / _# (     |                 ^     @ Rule 1, Line 1",1
357,"Syntax Error: Expected ',', but received 'w'     |     {iw,uj} > i / _#     |       ^     @ Rule 1, Line 1",1
358,"Syntax Error: Unknown character — at '0:0:0'.     |     — aj aw > i u / _#     |     ^     @ Rule 1, Line 1",1
359,"Syntax Error: Unknown character — at '0:0:0'.     |     — aj aw > aj aw / _#     |     ^     @ Rule 1, Line 1",1
360,"Syntax Error: Expected ASCII character, but received ':' at 0:0:6.     |     { C:[+:[+affricate], PO:[+affricate]]C:[+:[+back], PO:[+affricate]] } > { C:[+:[+back], PO:[+affricate]]C:[+:[+back], PO:[+affricate]] }     |           ^     @ Rule 1, Line 1",1
361,"Syntax Error: Expected end of line, received '/'. Did you forget a '/' between the output and environment?     |     [+laryngeal] > ∅ / _əNS / #_     |                             ^     @ Rule 1, Line 1",1
362,"Syntax Error: Expected end of line, received '/'. Did you forget a '/' between the output and environment?     |     [+laryngeal] > h / _əNS / #_     |                             ^     @ Rule 1, Line 1",1
363,"Syntax Error: Expected an IPA character, Primative or Matrix, but received '…'     |     V > ə / _(C…)%%#     |                ^     @ Rule 1, Line 1",1
364,"Syntax Error: Expected an IPA character, Primative or Matrix, but received '…'     |     ə > a / _(C…)#     |                ^     @ Rule 1, Line 1",1
365,"Syntax Error: Expected '_', but received ''     |     n > ɲ / in the environment of i (sporadic)     |                                               ^     @ Rule 1, Line 1",1
366,"Syntax Error: Can't have segments after the end of a word     |     h > ∅ // _# (sporadic)     |               ^     @ Rule 1, Line 1",1
367,"Syntax Error: Unknown character — at '0:0:0'.     |     — aw aj > əw əj / _#     |     ^     @ Rule 1, Line 1",1
368,"Syntax Error: Unknown character — at '0:0:0'.     |     — aw aj > aw aj / _#     |     ^     @ Rule 1, Line 1",1
369,"Syntax Error: Cannot have nested brackets of the same type     |     { {l,d}, z } > { r, d }     |       ^     @ Rule 1, Line 1",1
370,"Syntax Error: Expected '_', but received ''     |     b > w // adjacent to another consonant     |                                           ^     @ Rule 1, Line 1",1
371,"Syntax Error: Expected ',', but received 'w'     |     { iw, uj } > { ju, i } / _#     |        ^     @ Rule 1, Line 1",1
372,"Syntax Error: Unknown character — at '0:0:0'.     |     — əw əj > i u / _#     |     ^     @ Rule 1, Line 1",1
373,"Syntax Error: Unknown character — at '0:0:0'.     |     — aw aj > e ó / _#     |     ^     @ Rule 1, Line 1",1
374,"Syntax Error: Unknown character ( at '0:0:6'.     |     [+laryngeal]əS > (h)əNS     |           ^     @ Rule 1, Line 1",1
375,"Syntax Error: Segment does not have prerequisite properties to have this diacritic. Must be [-voice]     |     z > jʰ     |         ^^     @ Rule 1, Line 1",1
376,"Syntax Error: Expected '_', but received ''     |     h > ʔ / VV     |               ^     @ Rule 1, Line 1",1
377,"Syntax Error: Cannot have nested brackets of the same type     |     { {p,t,k}, b, d, ɡ } > { ʔ, p, t, k } / _#     |       ^     @ Rule 1, Line 1",1
378,"Syntax Error: Cannot have nested brackets of the same type     |     { ij, uw } > { uj, {uj,ój} } / _#     |                        ^     @ Rule 1, Line 1",1
379,"Syntax Error: Expected an IPA character, Primative or Matrix, but received '…'     |     V > V:[+long] / ə(C…?)_     |                        ^     @ Rule 1, Line 1",1
380,"Syntax Error: Unknown character ( at '0:0:6'.     |     [+laryngeal]əS > (h)əNS / #_     |           ^     @ Rule 1, Line 1",1
381,"Syntax Error: Cannot have nested brackets of the same type     |     { {l,j}, z } > { r, j }     |       ^     @ Rule 1, Line 1",1
382,"Syntax Error: Cannot have nested brackets of the same type     |     { iw, uj } > { {ju,i}, oj } / _#     |                    ^     @ Rule 1, Line 1",1
383,"Syntax Error: Unknown character — at '0:0:0'.     |     — əw əj > o e / _#     |     ^     @ Rule 1, Line 1",1
384,"Syntax Error: Unknown character — at '0:0:0'.     |     — aw aj > o aj / _#     |     ^     @ Rule 1, Line 1",1
385,"Syntax Error: Expected ',', but received 'j'     |     { aj, aw, uj } > { e, o, i }     |        ^     @ Rule 1, Line 1",1
386,"Syntax Error: Unknown character ’ at '0:0:70'.     |     ∅ > ə / C_C (for certain consonant combinations, which the paper doesn’t specify)     |                                                                           ^     @ Rule 1, Line 1",1
387,"Syntax Error: Malformed Comment: Expected ';;', but received '; ' at 0:0:20     |     ə > e, o / stressed; (result of /e/ or /o/ unpredictable)     |                         ^     @ Rule 1, Line 1",1
388,"Syntax Error: Expected '_', but received ''     |     V > ə / unstressed     |                       ^     @ Rule 1, Line 1",1
389,"Syntax Error: Expected ',', but received 'w'     |     {aw,əw} > o / _#     |       ^     @ Rule 1, Line 1",1
390,"Syntax Error: Unknown character “ at '0:0:6'.     |     ə > ∅ “(sporadic)”     |           ^     @ Rule 1, Line 1",1
391,"Syntax Error: Expected '_', but received ''     |     t > ð // adjacent to S     |                           ^     @ Rule 1, Line 1",1
392,"Syntax Error: Unknown feature 'dental' at 0:12-19. Did you mean ldental?      |     ʀ > r / _C:[+dental]     |                 ^^^^^^^     @ Rule 1, Line 1",1
393,"Syntax Error: Unknown character “ at '0:0:6'.     |     ɖ > ɽ “(only one example)”     |           ^     @ Rule 1, Line 1",1
394,"Syntax Error: Expected end of line, received '('. Did you forget a '/' between the output and environment?     |     ɲ > n (except possibly to n when #_)     |           ^     @ Rule 1, Line 1",1
395,"Syntax Error: Expected '_', but received ','     |     t > s, ð / unpredictably, to eliminate sV(C)t and tV(C)s sequences     |                             ^     @ Rule 1, Line 1",1
396,"Syntax Error: Expected end of line, received '('. Did you forget a '/' between the output and environment?     |     q > χ (     |           ^     @ Rule 1, Line 1",1
397,"Syntax Error: Expected an IPA character, Primative or Matrix, but received '>'     |     χ ( > ʕ)     |         ^     @ Rule 1, Line 1",1
398,"Syntax Error: Expected '_', but received ''     |     ə > ∅ / adjacent to a vowel     |                                ^     @ Rule 1, Line 1",1
399,"Syntax Error: Expected an IPA character, Primative or Matrix, but received '…'     |     a > ə / _%%(%…)#     |                  ^     @ Rule 1, Line 1",1
400,"Syntax Error: The output of a deletion rule must only contain `*` or `∅`     |     ə > ∅ VC_CV     |           ^     @ Rule 1, Line 1",1
401,"Syntax Error: Unknown character “ at '0:0:99'.     |     b:[+long] d:[+long] d͡z:[+long] ɡ:[+long] > bʱ dʱ d͡zʱ ɡʱ ([+approximant]himemsz says these become “voiced stops with voiceless releases. . .treated as unit phonemes, not clusters)”     |                                                                                                        ^     @ Rule 1, Line 1",1
402,"Syntax Error: Expected '..', but received .'e' at 0:0:20     |     ə > ∅ / #_%%(%…)# (i.e., in word-initial position in prepenultimate syllables)     |                         ^     @ Rule 1, Line 1",1
403,"Syntax Error: Expected ',', but received 'i'     |     { ai, au } > { ai̯, au̯ } / _#     |        ^     @ Rule 1, Line 1",1
404,"Syntax Error: Expected ',', but received 'i'     |     { ai, au } > { ɛ:[+long], ɔ:[+long] } / _…#     |        ^     @ Rule 1, Line 1",1
405,"Syntax Error: Expected ',', but received 'i'     |     { i, u } > { əi̯, əu̯ } / _#     |                   ^     @ Rule 1, Line 1",1
406,"Syntax Error: Feature 's' has no modifier at 0:94-95.     |     V:[+stress] > V:[+long] / _C# // V = ə and/or C = h (applies to diphthongal nuclei as well a:[s] monophthongs)     |                                                                                                   ^     @ Rule 1, Line 1",1
407,"Syntax Error: Can't have segments after the end of a word     |     ʀ > l, ɾ // _# (the latter is more common)     |                  ^     @ Rule 1, Line 1",1
408,"Syntax Error: Can't have segments after the end of a word     |     l > ∅ // _# (irregular)     |               ^     @ Rule 1, Line 1",1
409,"Syntax Error: Cannot have nested brackets of the same type     |     u > əw / _V (also cases of (C)u → w /_V)     |                                ^     @ Rule 1, Line 1",1
410,"Syntax Error: Cannot have nested brackets of the same type     |     i > əj / _V (also cases of (C)i → j /_V)     |                                ^     @ Rule 1, Line 1",1
411,"Syntax Error: Can't have segments after the end of a word     |     ʀ > ʔ / _# (in a handful of forms)     |              ^     @ Rule 1, Line 1",1
412,"Syntax Error: Expected ':', but received 'a'     |     a > i / O:[+voice]…_(C)# (blocked if there was an intervening nasal, and     |                                                                          ^     @ Rule 1, Line 1",1
413,"Syntax Error: Expected ',', but received 'i'     |     { i, u } > { əi̯, əu̯ } / _(ʔ)#     |                   ^     @ Rule 1, Line 1",1
414,"Syntax Error: Expected ',', but received 'i'     |     { əi̯, əu̯ } > { ai̯, au̯ } // O:[+voice] earlier in the word     |        ^     @ Rule 1, Line 1",1
415,"Syntax Error: Cannot have nested brackets of the same type     |     { bʱ, {dʱ,d͡zʱ}, ɡʱ } > { f, s, k }     |           ^     @ Rule 1, Line 1",1
416,"Syntax Error: Cannot have nested brackets of the same type     |     { {i,ɛ}, {u,ɔ} } > { iə̯, uə̯ } / :{ _k# “(and also sporadically before final *t and *n and some other consonant͡s), _ŋ# “(and also sporadically before final *t and *n and some other consonant͡s) }:     |       ^     @ Rule 1, Line 1",1
417,"Syntax Error: Can't have segments after the end of a word     |     ə > ə, a / _C# (free variant͡s)     |                  ^     @ Rule 1, Line 1",1
418,"Syntax Error: Options can only be used in Environments or Structures     |     (C)V > ∅ / #_C… (irregular)     |     ^^^     @ Rule 1, Line 1",1
419,"Syntax Error: Expected an IPA character, Primative or Matrix, but received ''     |     d͡z > d / #_ (     |                   ^     @ Rule 1, Line 1",1
420,"Syntax Error: Can't have segments after the end of a word     |     u > o / _ŋ# (sporadically failed to occur)     |               ^     @ Rule 1, Line 1",1
421,"Syntax Error: Can't have segments after the end of a word     |     a > o / _# (not in all forms)     |              ^     @ Rule 1, Line 1",1
422,"Syntax Error: Unknown character → at '0:0:19'.     |     ʔ > ∅ / _# (but aʔ → əʔ in some forms)     |                        ^     @ Rule 1, Line 1",1
423,"Syntax Error: Cannot have nested brackets of the same type     |     { {p,t}, n } > { c̚, ɲ } / :{ i_#, ɛ_# }:     |       ^     @ Rule 1, Line 1",1
424,"Syntax Error: Expected ',', but received 'i'     |     { ai̯, au̯ } > { ɛ, ɔ }     |        ^     @ Rule 1, Line 1",1
425,"Syntax Error: Expected ',', but received 'i'     |     {ui̯,iu̯} > e     |       ^     @ Rule 1, Line 1",1
426,"Syntax Error: Unknown feature 'close' at 0:27-33. Did you mean cons?      |     { i, u } > { e, o } / _CV:[+close-mid](C)# (iə is treated as close mid for this change)     |                                ^^^^^^     @ Rule 1, Line 1",1
427,"Syntax Error: Unknown feature 'open' at 0:27-32. Did you mean ten?      |     { i, u } > { ɛ, ɔ } / _CV:[+open-mid](C)#     |                                ^^^^^     @ Rule 1, Line 1",1
428,"Syntax Error: Unknown character ̊ at '0:0:5'.     |     ŋ > ŋ̊ / _#     |          ^     @ Rule 1, Line 1",1
429,"Syntax Error: Cannot have nested brackets of the same type     |     { {p,t}, {m,n} } > { k, ŋ } / ɯ_#     |       ^     @ Rule 1, Line 1",1
430,"Syntax Error: Expected ',', but received 'j'     |     { i, u } > { əj, əw } / _V(C)#     |                   ^     @ Rule 1, Line 1",1
431,"Syntax Error: Expected '_', but received ''     |     n > ɲ / in the environment of i     |                                    ^     @ Rule 1, Line 1",1
432,"Syntax Error: Can't have segments after the end of a word     |     h > ∅ // _# (some exceptions)     |               ^     @ Rule 1, Line 1",1
433,"Syntax Error: Expected an IPA character, Primative or Matrix, but received '…'     |     a > o / _(C…)#     |                ^     @ Rule 1, Line 1",1
434,"Syntax Error: Expected end of line, received '('. Did you forget a '/' between the output and environment?     |     u i > o e (sporadic)     |               ^     @ Rule 1, Line 1",1
435,"Syntax Error: Unknown character — at '0:0:0'.     |     — ə > a / _(C…)# (eventually spread to everywhere)     |     ^     @ Rule 1, Line 1",1
436,"Syntax Error: Unknown character — at '0:0:0'.     |     — m p > n t / :{ u_, i_ }:     |     ^     @ Rule 1, Line 1",1
437,"Syntax Error: Unknown character — at '0:0:0'.     |     — a u > e uj / :{ _t#, _s# }:     |     ^     @ Rule 1, Line 1",1
438,"Syntax Error: Unknown character — at '0:0:0'.     |     — a > o / _p#     |     ^     @ Rule 1, Line 1",1
439,"Syntax Error: Unknown character — at '0:0:0'.     |     — u i > uə iə / :{ _k#, _ŋ#, _h#, _l#, _r# }:     |     ^     @ Rule 1, Line 1",1
440,"Syntax Error: Unknown character — at '0:0:0'.     |     — {p,t,k} s > ʔ h / _#     |     ^     @ Rule 1, Line 1",1
441,"Syntax Error: Unknown character — at '0:0:0'.     |     — {l,r} > ∅ / _# (retained across morpheme boundaries)     |     ^     @ Rule 1, Line 1",1
442,"Syntax Error: Cannot have nested brackets of the same type     |     { {nt͡s,ns,nz,nɡʲ}, {t͡s,z,ɡʲ} } > { ɡʲ, s }     |       ^     @ Rule 1, Line 1",1
443,"Syntax Error: Cannot have nested brackets of the same type     |     { {ŋk,ŋɡ}, ɡ } > { ɡ, k }     |       ^     @ Rule 1, Line 1",1
444,"Syntax Error: Cannot have nested brackets of the same type     |     { e, {uj,iw} } > { o, i }     |          ^     @ Rule 1, Line 1",1
445,"Syntax Error: Expected an IPA character, Primative or Matrix, but received '*'     |     {c,*j} > s     |        ^     @ Rule 1, Line 1",1
446,"Syntax Error: Expected '_', but received ''     |     { β, b, m } > { βʷ, bʷ, mʷ } / typically     |                                             ^     @ Rule 1, Line 1",1
447,"Syntax Error: Expected ',', but received 'r'     |     { dr, *r } > { d, r }     |        ^     @ Rule 1, Line 1",1
448,"Syntax Error: The output of a deletion rule must only contain `*` or `∅`     |     h > ∅ (sporadic)     |           ^     @ Rule 1, Line 1",1
449,"Syntax Error: Unknown character ” at '0:0:0'.     |     ”V:[+high(er)] > ∅ / _CV     |     ^     @ Rule 1, Line 1",1
450,"Syntax Error: Unknown character ” at '0:0:0'.     |     ”V > ə / _CV     |     ^     @ Rule 1, Line 1",1
451,"Syntax Error: Unknown feature 'mid' at 0:13-17. Did you mean man?      |     a > e / _CV:[+mid] (sporadic)     |                  ^^^^     @ Rule 1, Line 1",1
452,"Syntax Error: Unknown feature 'mid' at 0:24-28. Did you mean man?      |     { a(C)V:[+high], a(C)V:[+mid], aCa } > { ɔ(C), a(C), {ɔ,a}(C)ə }     |                             ^^^^     @ Rule 1, Line 1",1
453,"Syntax Error: Cannot have nested brackets of the same type     |     { e(C){V:[-low]}, e(C)a } > { e(C), e(C)ə }     |           ^     @ Rule 1, Line 1",1
454,"Syntax Error: Unknown feature 'mid' at 0:24-28. Did you mean man?      |     { i(C)V:[+high], i(C)V:[+mid], i(C)a } > { i(C), i(C)ə, {e,i}(C)ə }     |                             ^^^^     @ Rule 1, Line 1",1
455,"Syntax Error: Unknown feature 'mid' at 0:24-28. Did you mean man?      |     { o(C)V:[+high], o(C)V:[+mid], o(C)a } > { ɵ(C), o(C), ɔ(C)ə }     |                             ^^^^     @ Rule 1, Line 1",1
456,"Syntax Error: Cannot have nested brackets of the same type     |     { u(C)V:[+high], u(C)e, u(C)o, u(C)a } > { {u,i}(C), u(C)ə, e(C)ə, {u,ɵ}(C)ə }     |                                                ^     @ Rule 1, Line 1",1
457,"Syntax Error: Expected end of line, received '('. Did you forget a '/' between the output and environment?     |     {e,i} > ɪ (sporadic)     |               ^     @ Rule 1, Line 1",1
458,"Syntax Error: Expected ',', but received 'd'     |     { ndr, *S } > { d, r }     |        ^     @ Rule 1, Line 1",1
459,"Syntax Error: Cannot have nested brackets of the same type     |     { {c,*j}, ɲ } > { s, n }     |       ^     @ Rule 1, Line 1",1
460,"Syntax Error: Unknown character “ at '0:0:6'.     |     t > ʔ “often”     |           ^     @ Rule 1, Line 1",1
461,"Syntax Error: Expected ',', but received 'p'     |     { b, bʷ, d, ɡ } > { p, kpʷ, t, k }     |                             ^     @ Rule 1, Line 1",1
462,"Syntax Error: Unknown character — at '0:0:0'.     |     — iCV:[-high] > aC     |     ^     @ Rule 1, Line 1",1
463,"Syntax Error: Unknown character — at '0:0:0'.     |     — eCV:[+mid] > ɛC     |     ^     @ Rule 1, Line 1",1
464,"Syntax Error: Unknown character — at '0:0:0'.     |     — eCV:[+low] > aC     |     ^     @ Rule 1, Line 1",1
465,"Syntax Error: Unknown character — at '0:0:0'.     |     — aCV:[+high] > {ɛ,œ}C     |     ^     @ Rule 1, Line 1",1
466,"Syntax Error: Unknown character — at '0:0:0'.     |     — aCa > {ɘ,a}C     |     ^     @ Rule 1, Line 1",1
467,"Syntax Error: Unknown character — at '0:0:0'.     |     — oCV:[+high] > øC     |     ^     @ Rule 1, Line 1",1
468,"Syntax Error: Unknown character — at '0:0:2'.     |     { —, oCo } > { œC, (sporadic) }     |       ^     @ Rule 1, Line 1",1
469,"Syntax Error: Unknown character — at '0:0:0'.     |     — oCV:[-high] > ɔC     |     ^     @ Rule 1, Line 1",1
470,"Syntax Error: Unknown character — at '0:0:0'.     |     — uCV:[-high] > oC     |     ^     @ Rule 1, Line 1",1
471,"Syntax Error: Unknown character “ at '0:0:7'.     |     ia > ɪ “(only somoetimes?)”     |            ^     @ Rule 1, Line 1",1
472,"Syntax Error: Unknown character ” at '0:0:3'.     |     CVC”V > CVC”V     |        ^     @ Rule 1, Line 1",1
473,"Syntax Error: Expected end of line, received '('. Did you forget a '/' between the output and environment?     |     d > r (sporadic)     |           ^     @ Rule 1, Line 1",1
474,"Syntax Error: Expected ',', but received 'p'     |     { p, pʷ, bʷ, k, ɡ } > { β, w, kpʷ, ɣ, k }     |                                    ^     @ Rule 1, Line 1",1
475,"Syntax Error: Expected ',', but received 'm'     |     { mʷ, ɲ } > { ŋmʷ, n }     |                    ^     @ Rule 1, Line 1",1
476,"Syntax Error: Unknown character “ at '0:0:6'.     |     s > h “(often)”     |           ^     @ Rule 1, Line 1",1
477,"Syntax Error: Expected end of line, received '('. Did you forget a '/' between the output and environment?     |     uCi > iC (sporadic)     |              ^     @ Rule 1, Line 1",1
478,"Syntax Error: Expected '_', but received ''     |     aCV:[+high] > ɪ / unless primarily stressed     |                                                ^     @ Rule 1, Line 1",1
479,"Syntax Error: Unknown character ” at '0:0:5'.     |     (C)VC”V > (C)VV     |          ^     @ Rule 1, Line 1",1
480,"Syntax Error: The input of an insertion rule must only contain `*` or `∅`     |     *S > ∅     |      ^     @ Rule 1, Line 1",1
481,"Syntax Error: Could not get value of IPA 'ⁿ'.     |     NS > ⁿS     |          ^     @ Rule 1, Line 1",1
482,"Syntax Error: Expected end of line, received '('. Did you forget a '/' between the output and environment?     |     CC > C:[+long] (fortis)     |                    ^     @ Rule 1, Line 1",1
483,"Syntax Error: Expected ',', but received 'w'     |     { p:[+long], pʷ:[+long], t:[+long], ʈ:[+long], q:[+long], k:[+long] } > { pʰ, pwʰ, cʰ, tʰ, h, jʰ }     |                                                                                    ^     @ Rule 1, Line 1",1
484,"Syntax Error: Cannot have nested brackets of the same type     |     { q, {k,t}, {s,ʈ} } > { k, c, t }     |          ^     @ Rule 1, Line 1",1
485,"Syntax Error: Segment does not have prerequisite properties to have this diacritic. Must be [-voice]     |     jʰ > h / _i     |     ^^     @ Rule 1, Line 1",1
486,"Syntax Error: Unknown character Ṽ at '0:0:6'.     |     VnV > ṼlṼ     |           ^     @ Rule 1, Line 1",1
487,"Syntax Error: Could not get value of IPA 'ⁿ'.     |     ⁿS > N / _#     |     ^     @ Rule 1, Line 1",1
488,"Syntax Error: Expected end of line, received '('. Did you forget a '/' between the output and environment?     |     u > i (typical)     |           ^     @ Rule 1, Line 1",1
489,"Syntax Error: Expected end of line, received '('. Did you forget a '/' between the output and environment?     |     u i > o e (not always)     |               ^     @ Rule 1, Line 1",1
490,"Syntax Error: Cannot have nested brackets of the same type     |     { q, k, {ʈ,s} } > { k, c, t̪ }     |             ^     @ Rule 1, Line 1",1
491,"Syntax Error: Segment does not have prerequisite properties to have this diacritic. Must be [-voice]     |     { p:[+long], pʷ:[+long], t̪:[+long], t:[+long], k:[+long], c:[+long] } > { pʰ, hʷ, t̪ʰ, tʰ, h, jʰ }     |                                                                                                    ^^     @ Rule 1, Line 1",1
492,"Syntax Error: Expected end of line, received 'ʰ'. Did you forget a '/' between the output and environment?     |     C:[+long] > Cʰ     |                  ^     @ Rule 1, Line 1",1
493,"Syntax Error: Segment does not have prerequisite properties to have this diacritic. Must be [-voice]     |     { p:[+long], pʷ:[+long], t:[+long], t̪:[+long], k:[+long], c:[+long] } > { f, hʷ, t̪ʰ, tʰ, h, jʰ }     |                                                                                                   ^^     @ Rule 1, Line 1",1
494,"Syntax Error: Expected end of line, received ':'. Did you forget a '/' between the output and environment?     |     { t, tʰ } > { c, h } / _:[+front]     |                             ^     @ Rule 1, Line 1",1
495,"Syntax Error: Unknown character ̊ at '0:0:18'.     |     { n, n̥ } > { ɲ, ɲ̊ } / _:[+front]     |                       ^     @ Rule 1, Line 1",1
496,"Syntax Error: Unknown character Ṽ at '0:0:8'.     |     ONV > SʰṼ / Pije and Fwai     |             ^     @ Rule 1, Line 1",1
497,"Syntax Error: Expected '_', but received ''     |     f > ɸ / Pije and Fwai     |                          ^     @ Rule 1, Line 1",1
498,"Syntax Error: Expected '_', but received ''     |     V > ∅ / _#, often     |                      ^     @ Rule 1, Line 1",1
499,"Syntax Error: Segment does not have prerequisite properties to have this diacritic. Must be [-voice]     |     cʰ > ʃ, jʰ     |             ^^     @ Rule 1, Line 1",1
500,"Syntax Error: Expected an IPA character, Primative or Matrix, but received '('     |     { pʷ, p, t, ʈ, k, c } > { (v)w, v, r, l, ɣ, j } / V_V     |                               ^     @ Rule 1, Line 1",1
501,"Syntax Error: Expected ',', but received 'w'     |     { pwʰ, pʰ, tʰ, kʰ } > { fʷ, f, rʰ, x } / in Nelemwa     |        ^     @ Rule 1, Line 1",1
502,"Syntax Error: Unknown feature 'mid' at 0:3-7. Did you mean man?      |     V:[+mid] > a     |        ^^^^     @ Rule 1, Line 1",1
503,"Syntax Error: Expected '_', but received ''     |     { u, i } > { o, e } / in monosyllabic forms almost always     |                                                              ^     @ Rule 1, Line 1",1
504,"Syntax Error: Unknown character ” at '0:0:0'.     |     ”V > V:[+long] (usually)     |     ^     @ Rule 1, Line 1",1
505,"Syntax Error: Expected an IPA character, Primative or Matrix, but received '('     |     { p, pʷ, t̪, ʈ, c } > { v, (v)w, r, l, j } / V_V     |                                ^     @ Rule 1, Line 1",1
506,"Syntax Error: Expected end of line, received '('. Did you forget a '/' between the output and environment?     |     pʷ > w (sporadic)     |            ^     @ Rule 1, Line 1",1
507,"Syntax Error: Expected ',', but received 'w'     |     { p:[+long], pʷ:[+long], t:[+long], q:[+long], c:[+long] } > { pʰ, pwʰ, tʰ, h, cʰ }     |                                                                         ^     @ Rule 1, Line 1",1
508,"Syntax Error: Expected end of line, received '('. Did you forget a '/' between the output and environment?     |     w > ɣ (sporadic, conditioning unknown)     |           ^     @ Rule 1, Line 1",1
509,"Syntax Error: Unknown character Ṽ at '0:0:4'.     |     V > Ṽ / _N     |         ^     @ Rule 1, Line 1",1
510,"Syntax Error: Unknown character Ṽ at '0:0:10'.     |     ⁿS > N / _Ṽ     |               ^     @ Rule 1, Line 1",1
511,"Syntax Error: Unknown character “ at '0:0:6'.     |     u > i “often”     |           ^     @ Rule 1, Line 1",1
512,"Syntax Error: Can't have segments after the end of a word     |     V > ∅ / _# (sporadic?)     |              ^     @ Rule 1, Line 1",1
513,"Syntax Error: Segment does not have prerequisite properties to have this diacritic. Must be [-voice]     |     { p:[+long], pʷ:[+long], t:[+long], ʈ, k:[+long], c:[+long] } > { f, hʷ, tʰ, lʰ, h, s }     |                                                                                  ^^     @ Rule 1, Line 1",1
514,"Syntax Error: Expected an IPA character, Primative or Matrix, but received '∅'     |     c > {j,∅} / V_V     |            ^     @ Rule 1, Line 1",1
515,"Syntax Error: Segment does not have prerequisite properties to have this diacritic. Must be [-voice]     |     { jʰ, j } > { s, z }     |       ^^     @ Rule 1, Line 1",1
516,"Syntax Error: Expected ',', but received '('     |     { t̪(ʰ), t(ʰ) } > { cʰ, tʰ }     |         ^     @ Rule 1, Line 1",1
517,"Syntax Error: Expected an IPA character, Primative or Matrix, but received '∅'     |     p > {v,∅} / V_V     |            ^     @ Rule 1, Line 1",1
518,"Syntax Error: Unknown feature 'rounded' at 0:22-30. Did you mean round?      |     bʷ mʷ > ɡʷ ŋʷ ( / _V:[+rounded])     |                           ^^^^^^^^     @ Rule 1, Line 1",1
519,"Syntax Error: Unknown feature 'rounded' at 0:20-28. Did you mean round?      |     ɡʷ ŋʷ ( > ɡ ŋ / _V:[+rounded])     |                         ^^^^^^^^     @ Rule 1, Line 1",1
520,"Syntax Error: Expected ',', but received 'w'     |     { p:[+long], pʷ:[+long], t̪:[+long], t:[+long], ʈ:[+long], c:[+long], k:[+long] } > { pʰ, pwʰ, t̪ʰ, tʰ, ʈʰ, jʰ, h }     |                                                                                                ^     @ Rule 1, Line 1",1
521,"Syntax Error: Expected an IPA character, Primative or Matrix, but received 'ʰ'     |     t(ʰ) > k(ʰ)     |       ^     @ Rule 1, Line 1",1
522,"Syntax Error: Expected '_', but received ''     |     { u, i } > { o, e } / in monosyllables     |                                           ^     @ Rule 1, Line 1",1
523,"Syntax Error: Expected ',', but received 'u'     |     { au, ai } > { ɔ, ɛ }     |        ^     @ Rule 1, Line 1",1
524,"Syntax Error: Unknown character “ at '0:0:6'.     |     o > ɔ “sometimes”     |           ^     @ Rule 1, Line 1",1
525,"Syntax Error: Unknown character “ at '0:0:10'.     |     a > {ɛ,e} “in some words”     |               ^     @ Rule 1, Line 1",1
526,"Syntax Error: Unknown character Ṽ at '0:0:4'.     |     V > Ṽ / _N#     |         ^     @ Rule 1, Line 1",1
527,"Syntax Error: Segment does not have prerequisite properties to have this diacritic. Must be [-voice]     |     jʰ > θ     |     ^^     @ Rule 1, Line 1",1
528,"Runtime Error: A Set in output must have a matching Set in input     |     j > {ð,z} ?     |         ^^^^^     @ Rule 1, Line 1",1
529,"Syntax Error: Expected end of line, received ':'. Did you forget a '/' between the output and environment?     |     p > ∅ / _:[+back]     |              ^     @ Rule 1, Line 1",1
530,"Syntax Error: The input of an insertion rule must only contain `*` or `∅`     |     *S > l     |      ^     @ Rule 1, Line 1",1
531,"Syntax Error: The input of an insertion rule must only contain `*` or `∅`     |     *S > {l,∅}     |      ^     @ Rule 1, Line 1",1
532,"Syntax Error: The input of an insertion rule must only contain `*` or `∅`     |     *S > r     |      ^     @ Rule 1, Line 1",1
533,"Syntax Error: Expected an IPA character, Primative or Matrix, but received '*'     |     { ɲ, c, *j } > { n, s, z }     |             ^     @ Rule 1, Line 1",1
534,"Syntax Error: Expected '_', but received ','     |     V:[+high] > ∅ / _# ,z,d(r)}_ // {p     |                          ^     @ Rule 1, Line 1",1
535,"Syntax Error: Expected ',', but received 'r'     |     { v, t, l, r } > { p, dr, n, w } / _#     |                            ^     @ Rule 1, Line 1",1
536,"Syntax Error: Unknown character ” at '0:0:0'.     |     ”a > i / _CV:[-high]     |     ^     @ Rule 1, Line 1",1
537,"Syntax Error: Unknown character ” at '0:0:0'.     |     ”a > e / _CV:[+high]     |     ^     @ Rule 1, Line 1",1
538,"Syntax Error: Expected ',', but received '/'     |     s > {j / _#     |            ^     @ Rule 1, Line 1",1
539,"Syntax Error: Expected end of line, received '}'. Did you forget a '/' between the output and environment?     |     d > dr} / _#     |           ^     @ Rule 1, Line 1",1
540,"Syntax Error: Expected '->', but received -'t' at 0:0:21     |     ɣ > ∅ / before a post-tonic vowel     |                          ^     @ Rule 1, Line 1",1
541,"Syntax Error: Expected '->', but received -'t' at 0:0:22     |     s > {j / before a post-tonic vowel     |                           ^     @ Rule 1, Line 1",1
542,"Syntax Error: Expected '->', but received -'t' at 0:0:23     |     d > dr} / before a post-tonic vowel     |                            ^     @ Rule 1, Line 1",1
543,"Syntax Error: Expected number, but received j      |     V > e / C_# // C = j     |                        ^     @ Rule 1, Line 1",1
544,"Syntax Error: Unknown character ” at '0:0:11'.     |     V > ∅ / :{ ”V_, j_ }:     |                ^     @ Rule 1, Line 1",1
545,"Syntax Error: Unknown character ’ at '0:0:19'.     |     ∅ > h / #_V (it isn’t clear if this happens unconditionally)     |                        ^     @ Rule 1, Line 1",1
546,"Syntax Error: The input of an insertion rule must only contain `*` or `∅`     |     *S > {∅,r} (the former seems more common)     |      ^     @ Rule 1, Line 1",1
547,"Syntax Error: Unknown character ̼ at '0:0:14'.     |     { m, b } > { n̼, t̼ } / :{ _a, _e, _i }:     |                   ^     @ Rule 1, Line 1",1
548,"Syntax Error: Unknown character ̼ at '0:0:3'.     |     { n̼, t̼ } > { n, t } / :{ _a, _e, _i }:     |        ^     @ Rule 1, Line 1",1
549,"Syntax Error: Expected ',', but received 'r'     |     {z,dr} > t͡s     |         ^     @ Rule 1, Line 1",1
550,"Syntax Error: Unknown character “ at '0:0:7'.     |     u > i (“sporadic”)     |            ^     @ Rule 1, Line 1",1
551,"Syntax Error: Expected end of line, received '('. Did you forget a '/' between the output and environment?     |     a > e (rare?)     |           ^     @ Rule 1, Line 1",1
552,"Syntax Error: Expected end of line, received '∅'. Did you forget a '/' between the output and environment?     |     p q > v ∅ (in general, seems like there was something going on with conditioning in the case of *p?)     |             ^     @ Rule 1, Line 1",1
553,"Syntax Error: Feature 'w' has no modifier at 0:28-29.     |     w > ∅ (? P:[-voice]anibili:[w] may just be phonetically determined)     |                                 ^     @ Rule 1, Line 1",1
554,"Syntax Error: Expected an IPA character, Primative or Matrix, but received '*'     |     C > ∅ / _# (except for *k?)     |                            ^     @ Rule 1, Line 1",1
555,"Syntax Error: Expected end of line, received ':'. Did you forget a '/' between the output and environment?     |     p > w / _:[+back]     |              ^     @ Rule 1, Line 1",1
556,"Syntax Error: Cannot have nested brackets of the same type     |     { dr, s, l } > { {d,ɟ}, {∅,s}, {n,∅} }     |                      ^     @ Rule 1, Line 1",1
557,"Syntax Error: Cannot have nested brackets of the same type     |     { t, r, l } > { {j,s}, {j,∅}, j } / _u     |                     ^     @ Rule 1, Line 1",1
558,"Syntax Error: Expected an IPA character, Primative or Matrix, but received ''     |     t > r / #_ (     |                 ^     @ Rule 1, Line 1",1
559,"Syntax Error: Expected an IPA character, Primative or Matrix, but received ''     |     k > ∅ / #_ (     |                 ^     @ Rule 1, Line 1",1
560,"Syntax Error: Expected end of line, received ':'. Did you forget a '/' between the output and environment?     |     t > r, t / _:[+back]     |                 ^     @ Rule 1, Line 1",1
561,"Syntax Error: The output of a deletion rule must only contain `*` or `∅`     |     l > ∅ (occasionally?)     |           ^     @ Rule 1, Line 1",1
562,"Syntax Error: Expected an IPA character, Primative or Matrix, but received '*'     |     {s,*S} > ∅     |        ^     @ Rule 1, Line 1",1
563,"Syntax Error: Unknown character ’ at '0:0:20'.     |     t > t, r, kʷ / #_ (I’m not kidding. P:[-voice]hat’s what’s listed as the reflexes.)     |                         ^     @ Rule 1, Line 1",1
564,"Syntax Error: Expected an IPA character, Primative or Matrix, but received '∅'     |     t > {t,r,kʷ,∅} / V_V     |                 ^     @ Rule 1, Line 1",1
565,"Syntax Error: Cannot have nested brackets of the same type     |     { d, c, ɲ } > { ɟ, {s,∅}, n }     |                        ^     @ Rule 1, Line 1",1
566,"Syntax Error: Expected end of line, received '('. Did you forget a '/' between the output and environment?     |     {r,l} > l (occasionally     |               ^     @ Rule 1, Line 1",1
567,"Syntax Error: Expected an IPA character, Primative or Matrix, but received '>'     |     l (occasionally > ∅?)     |                     ^     @ Rule 1, Line 1",1
568,"Runtime Error: A Set in output must have a matching Set in input     |     p > {v,p}     |         ^^^^^     @ Rule 1, Line 1",1
569,"Syntax Error: Expected an IPA character, Primative or Matrix, but received '*'     |     {s,*S} > r / _#     |        ^     @ Rule 1, Line 1",1
570,"Runtime Error: A Set in output must have a matching Set in input     |     t > {s,k} / _u     |         ^^^^^     @ Rule 1, Line 1",1
571,"Syntax Error: Expected end of line, received '('. Did you forget a '/' between the output and environment?     |     ŋ > {ŋ,ɡ} (ŋ remains when _i)     |               ^     @ Rule 1, Line 1",1
572,"Syntax Error: Expected '_', but received ''     |     t > l / #_, in nouns     |                         ^     @ Rule 1, Line 1",1
573,"Syntax Error: Expected '_', but received ','     |     r > l / ,#} // _{u     |             ^     @ Rule 1, Line 1",1
574,"Syntax Error: Cannot have nested brackets of the same type     |     { c, *S } > { {j,∅}, l }     |                   ^     @ Rule 1, Line 1",1
575,"Syntax Error: Expected end of line, received '('. Did you forget a '/' between the output and environment?     |     p > bʷ (sporadic)     |            ^     @ Rule 1, Line 1",1
576,"Syntax Error: Unknown character “ at '0:0:11'.     |     k *S > ɣ r “(frequently)”     |                ^     @ Rule 1, Line 1",1
577,"Syntax Error: Expected end of line, received ':'. Did you forget a '/' between the output and environment?     |     t > c / _:[+front]     |              ^     @ Rule 1, Line 1",1
578,"Syntax Error: Expected an IPA character, Primative or Matrix, but received '('     |     { q, ( } > { kʷ, ?) }     |          ^     @ Rule 1, Line 1",1
579,"Syntax Error: Expected ',', but received ')'     |     { kʷ, ?) } > { v, (rare) }     |            ^     @ Rule 1, Line 1",1
580,"Syntax Error: Expected number, but received t      |     C > ∅ / _# // C = t     |                       ^     @ Rule 1, Line 1",1
581,"Syntax Error: Expected '_', but received ''     |     s > h / rarely     |                   ^     @ Rule 1, Line 1",1
582,"Syntax Error: Expected '_', but received ','     |     s > θ / , occasionally // _i     |             ^     @ Rule 1, Line 1",1
583,"Syntax Error: Cannot have nested brackets of the same type     |     { d, {c,*j} } > { t͡ʃ, s }     |          ^     @ Rule 1, Line 1",1
584,"Syntax Error: Expected end of line, received ':'. Did you forget a '/' between the output and environment?     |     {n,ŋ} > ɲ / _:[+front]     |                  ^     @ Rule 1, Line 1",1
585,"Syntax Error: Expected ',', but received ':'     |     l > t͡ʃ / :{ _o, _:[+front] }:     |                       ^     @ Rule 1, Line 1",1
586,"Syntax Error: Can't have segments after the end of a word     |     V > ∅ / _# (with very few exceptions)     |              ^     @ Rule 1, Line 1",1
587,"Syntax Error: Unknown character “ at '0:0:11'.     |     au > {u,o} “sometimes”     |                ^     @ Rule 1, Line 1",1
588,"Syntax Error: Unknown character Ḱ at '0:0:8'.     |     e > i / Ḱ_ :[tendency]     |             ^     @ Rule 1, Line 1",1
589,"Syntax Error: Unknown character Ḱ at '0:0:9'.     |     e > i / _Ḱ :[tendency]     |              ^     @ Rule 1, Line 1",1
590,"Syntax Error: Feature 'tendency' has no modifier at 0:13-21.     |     a > o / P_ :[tendency]     |                  ^^^^^^^^     @ Rule 1, Line 1",1
591,"Syntax Error: Feature 'tendency' has no modifier at 0:13-21.     |     a > o / _P :[tendency]     |                  ^^^^^^^^     @ Rule 1, Line 1",1
592,"Syntax Error: Expected '_', but received ''     |     v > f / C:[+strident]%     |                           ^     @ Rule 1, Line 1",1
593,"Syntax Error: Expected '_', but received ''     |     v > f / %C:[+strident]     |                           ^     @ Rule 1, Line 1",1
594,"Syntax Error: The output of a deletion rule must only contain `*` or `∅`     |     r > *L (some sort of lateral?) / occasionally     |          ^     @ Rule 1, Line 1",1
595,"Syntax Error: Cannot have nested brackets of the same type     |     { s, {c,*j} } > { h, s }     |          ^     @ Rule 1, Line 1",1
596,"Syntax Error: The input of an insertion rule must only contain `*` or `∅`     |     *L > r     |      ^     @ Rule 1, Line 1",1
597,"Syntax Error: Expected ',', but received 'p'     |     { b, d, ɡ } > { mp, nt, ŋk }     |                      ^     @ Rule 1, Line 1",1
598,"Syntax Error: Unknown character “ at '0:0:6'.     |     s > h “often”     |           ^     @ Rule 1, Line 1",1
599,"Syntax Error: The input of an insertion rule must only contain `*` or `∅`     |     *L > l     |      ^     @ Rule 1, Line 1",1
600,"Syntax Error: Can't have segments after the end of a word     |     u > e / ɣ_# (? this change is a bit unclear)     |               ^     @ Rule 1, Line 1",1
601,"Syntax Error: Unknown character ’ at '0:0:20'.     |     k > ∅ (perhaps doesn’t always happen but happens often)     |                         ^     @ Rule 1, Line 1",1
602,"Syntax Error: Cannot have nested brackets of the same type     |     { s, c, *:[+approximant] } > { {h,z}, {s,z}, z }     |                                    ^     @ Rule 1, Line 1",1
603,"Syntax Error: Cannot have nested brackets of the same type     |     { o, e } > { {u,ə}, i }     |                  ^     @ Rule 1, Line 1",1
604,"Syntax Error: Unknown character “ at '0:0:6'.     |     s > h “irregularly”     |           ^     @ Rule 1, Line 1",1
605,"Syntax Error: Can't have segments before the beginning of a word     |     ə > a / in %#     |                 ^     @ Rule 1, Line 1",1
606,"Syntax Error: Expected end of line, received ':'. Did you forget a '/' between the output and environment?     |     ɣ > ∅ / _:[+front]     |              ^     @ Rule 1, Line 1",1
607,"Syntax Error: Cannot have nested brackets of the same type     |     { c, *j } > { s, {z,s} }     |                      ^     @ Rule 1, Line 1",1
608,"Syntax Error: Unknown character “ at '0:0:11'.     |     v > {w,u} (“sporadically”)     |                ^     @ Rule 1, Line 1",1
609,"Syntax Error: Expected ',', but received ':'     |     r > l / :{ _o, _:[+front] }:     |                     ^     @ Rule 1, Line 1",1
610,"Syntax Error: Expected end of line, received '('. Did you forget a '/' between the output and environment?     |     d > t (often)     |           ^     @ Rule 1, Line 1",1
611,"Syntax Error: Expected '_', but received ':'     |     ɣ > ∅ / :{ #_, :[+front]_ }:     |                    ^     @ Rule 1, Line 1",1
612,"Syntax Error: Expected '_', but received ''     |     β > f / (rarely)     |                     ^     @ Rule 1, Line 1",1
613,"Syntax Error: Expected ',', but received 'p'     |     { bʷ, ɡ } > { kpʷ, k }     |                    ^     @ Rule 1, Line 1",1
614,"Syntax Error: Options can only be used in Environments or Structures     |     i(C)V:[+high] > i(C)     |      ^^^     @ Rule 1, Line 1",1
615,"Syntax Error: Options can only be used in Environments or Structures     |     i(C)V:[-high] > i(C)ɪ     |      ^^^     @ Rule 1, Line 1",1
616,"Syntax Error: Options can only be used in Environments or Structures     |     e(C)V:[-low] > e(C)     |      ^^^     @ Rule 1, Line 1",1
617,"Syntax Error: Options can only be used in Environments or Structures     |     e(C)V:[+low] > ɛCɛ     |      ^^^     @ Rule 1, Line 1",1
618,"Syntax Error: Cannot have nested brackets of the same type     |     { a(C)i, a(C)u } > { {a,ɛ}(C), {ɔ,a,ɛ}(C) }     |                          ^     @ Rule 1, Line 1",1
619,"Syntax Error: Options can only be used in Environments or Structures     |     a(C){o,e} > a(C)     |      ^^^     @ Rule 1, Line 1",1
620,"Syntax Error: Unknown character “ at '0:0:17'.     |     uCV:[+high] > iC “sometimes”     |                      ^     @ Rule 1, Line 1",1
621,"Syntax Error: Cannot have nested brackets of the same type     |     { oa, {ae,ea} } > { uɔ, iɛ }     |           ^     @ Rule 1, Line 1",1
622,"Syntax Error: Expected end of line, received 'ʷ'. Did you forget a '/' between the output and environment?     |     [+ cons, - fr, + bk, + hi, - lo] > [+ cons, - fr, + bk, + hi, - lo]ʷ / :{ _C:[+round], _V:[+round] }:     |                                                                        ^     @ Rule 1, Line 1",1
623,"Syntax Error: Unknown feature 'mid' at 0:3-7. Did you mean man?      |     V:[+mid] > ɘ / _C:[+high]     |        ^^^^     @ Rule 1, Line 1",1
624,"Syntax Error: Expected '_', but received ''     |     V > ∅ / in CV reduplications     |                                 ^     @ Rule 1, Line 1",1
625,"Runtime Error: Grouped Environments cannot (yet) be used in insertion rules     |     ∅ > j / :{ #_aC:[+low], #_V:[-back], #_C:[-back] }:     |             ^^^^^^^^^^^^^^^^^^^^^^^^^^^^^^^^^^^^^^^^^^^     @ Rule 1, Line 1",1
626,"Runtime Error: Grouped Environments cannot (yet) be used in insertion rules     |     ∅ > w / :{ #_C:[+round], #_V:[+round] }:     |             ^^^^^^^^^^^^^^^^^^^^^^^^^^^^^^^^     @ Rule 1, Line 1",1
627,"Syntax Error: Cannot have nested brackets of the same type     |     { {i,u}, {e,o} } > { ɨ, ɜ }     |       ^     @ Rule 1, Line 1",1
628,"Syntax Error: Cannot have nested brackets of the same type     |     { p, {t,t͡s}, c } > { pʲ, tʲ, rʲ }     |          ^     @ Rule 1, Line 1",1
629,"Syntax Error: Unknown character ᵚ at '0:0:9'.     |     {ç,s} > tᵚ     |              ^     @ Rule 1, Line 1",1
630,"Syntax Error: Unknown feature 'affricate' at 0:30-40. Did you mean stridnt?      |     {qʷ,ku,qu} > kʷ (note that P:[+affricate]n might have had *qʷ *kʷ     |                                   ^^^^^^^^^^     @ Rule 1, Line 1",1
631,"Syntax Error: Unknown feature 'affricate' at 0:17-27. Did you mean stridnt?      |     kʷ (note that P:[+affricate]n might have had *qʷ *kʷ > q {k,w} instead; may be a change from POn-P:[+affricate]n, if it existed)     |                      ^^^^^^^^^^     @ Rule 1, Line 1",1
632,"Syntax Error: Expected '->', but received -'P' at 0:0:50     |     {c,*C,s,*S} > c (again, possibly a change from POn-P:[+affricate]n, if it existed)     |                                                       ^     @ Rule 1, Line 1",1
633,"Syntax Error: Cannot have nested brackets of the same type     |     { u, a, ə } > { {u,o}, {a,e}, e }     |                     ^     @ Rule 1, Line 1",1
634,"Syntax Error: Cannot have nested brackets of the same type     |     { ɟ, ɡ, *N, *S } > { {ɟ,j}, {ɟ,ɡ}, {l,j}, {l,r} }     |                          ^     @ Rule 1, Line 1",1
635,"Syntax Error: Expected '->', but received -'P' at 0:0:52     |     z > c (again, possibly evidence of a change from POn-P:[+affricate]n, if it existed)     |                                                         ^     @ Rule 1, Line 1",1
636,"Syntax Error: Unknown character ’ at '0:0:65'.     |     h > {h,j,∅} ([+back]levins has marked what apparently is *ɟ but I’m assuming it’s an error)     |                                                                      ^     @ Rule 1, Line 1",1
637,"Syntax Error: Unknown character Ḱ at '0:0:75'.     |     e > ə / _N when unstressed , but not listed on the correspondence list) // Ḱ_ (?; included here based on a comment earlier in the paper     |                                                                                ^     @ Rule 1, Line 1",1
638,"Syntax Error: Cannot have nested brackets of the same type     |     { {m,ɲ}, n } > { {ɲ,∅}, {ŋ,∅} } / _# (first change marked in progress?)     |       ^     @ Rule 1, Line 1",1
639,"Syntax Error: Expected '_', but received ''     |     e > ə / _N, when unstressed (?)     |                                    ^     @ Rule 1, Line 1",1
640,"Syntax Error: Can't have segments after the end of a word     |     n > ŋ / _# (?)     |              ^     @ Rule 1, Line 1",1
641,"Syntax Error: Unknown character ’ at '0:0:17'.     |     ∅ > a / h#_ (that’s not a typo; this happens across the word boundary)     |                      ^     @ Rule 1, Line 1",1
642,"Syntax Error: Can't have segments after the end of a word     |     e > ∅ / _# (?)     |              ^     @ Rule 1, Line 1",1
643,"Syntax Error: Expected ',', but received 'd'     |     { ɡd, ɡl } > { d:[+long], l:[+long] }     |        ^     @ Rule 1, Line 1",1
644,"Syntax Error: Expected an IPA character, Primative or Matrix, but received '*'     |     { l, *L } > { ɭ, ʎ }     |          ^     @ Rule 1, Line 1",1
645,"Syntax Error: Cannot have nested brackets of the same type     |     { b, d } > { {v,b}, z }     |                  ^     @ Rule 1, Line 1",1
646,"Syntax Error: Cannot have nested brackets of the same type     |     { {t,c}, {d,z}, d } > { t, d, ɖ }     |       ^     @ Rule 1, Line 1",1
647,"Syntax Error: Cannot have nested brackets of the same type     |     { S, l, L } > { {r,ʔ}, ɭ, l }     |                     ^     @ Rule 1, Line 1",1
648,"Syntax Error: Expected '>', '->' or '=>', but received '*'     |     S s d *C > s θ ð t͡s (not sure what *C stands for here)     |           ^     @ Rule 1, Line 1",1
649,"Syntax Error: Cannot have nested brackets of the same type     |     { {*C,d}, j, *S } > { c, z, r }     |       ^     @ Rule 1, Line 1",1
650,"Syntax Error: Cannot have nested brackets of the same type     |     { d͡z, d͡ʒ } > { {t͡s:[+long]ʼ,z}, {t͡s:[+long]ʼ,d͡ʒ} }     |                      ^     @ Rule 1, Line 1",1
651,"Syntax Error: Expected ',', but received 't'     |     {t͡s,st} > t͡ʃ     |           ^     @ Rule 1, Line 1",1
652,"Syntax Error: Cannot have nested brackets of the same type     |     { k:[+long], ɢ } > { xʲ, {q:[+long]ʼ,ɣ} }     |                              ^     @ Rule 1, Line 1",1
653,"Syntax Error: The output of a deletion rule must only contain `*` or `∅`     |     {l,r} > ∅ (sometimes, only from original *l)     |               ^     @ Rule 1, Line 1",1
654,"Syntax Error: Cannot have nested brackets of the same type     |     { {t͡s,st}, d͡z } > { s, {t͡s:[+long]ʼ,z} }     |       ^     @ Rule 1, Line 1",1
655,"Syntax Error: Expected end of line, received 'ʼ'. Did you forget a '/' between the output and environment?     |     d͡ʒ > t͡ʃ:[+long]ʼ, d͡ʒ     |                      ^     @ Rule 1, Line 1",1
656,"Syntax Error: Cannot have nested brackets of the same type     |     { t͡ɬ, {, t͡ɬ,, t͡ɬ:[+long], }, {, t͡ɬʼ,, t͡ɬ:[+long]ʼ, }, d͡ʒ } > { ɬ, {, t͡ɬ,, t͡ɬ:[+long], }, {, t͡ɬʼ,, t͡ɬ:[+long]ʼ, }, t͡ɬ:[+long] }     |            ^     @ Rule 1, Line 1",1
657,"Syntax Error: Cannot have nested brackets of the same type     |     { q, ɢ } > { x, {q:[+long]ʼ,ɣ} }     |                     ^     @ Rule 1, Line 1",1
658,"Syntax Error: Expected '>', '->' or '=>', but received 'ʼ'     |     t͡s t͡s:[+long] t͡sʼ t͡s:[+long]ʼ d͡z > sh t͡s t͡ʃʼ { t͡sʼ, t͡s:[+long]ʼ } t͡sʼ     |                                     ^     @ Rule 1, Line 1",1
659,"Syntax Error: Expected ',', but received 't'     |     { st, st:[+long] } > t͡s     |        ^     @ Rule 1, Line 1",1
660,"Syntax Error: Expected '>', '->' or '=>', but received 'ʼ'     |     t͡ʃ t͡ʃ:[+long] t͡ʃ:[+long]ʼ d͡ʒ > t͡s(?) t͡ʃ { t͡ʃʼ, t͡ʃ:[+long]ʼ } t͡sʼ     |                                ^     @ Rule 1, Line 1",1
661,"Syntax Error: Expected '>', '->' or '=>', but received 'ʼ'     |     t͡ɬ t͡ɬʼ t͡ɬ:[+long] t͡ɬ:[+long]ʼ > ɬ tʼ t͡ɬ { t͡ɬʼ, t͡ɬ:[+long]ʼ }     |                                     ^     @ Rule 1, Line 1",1
662,"Syntax Error: Cannot have nested brackets of the same type     |     q q:[+long]ʼ ɢ > x { { qʼ, q:[+long]ʼ },ɡh} qʼ (not sure if that last 〈gh〉 should be ɣ)     |                          ^     @ Rule 1, Line 1",1
663,"Syntax Error: Cannot have nested brackets of the same type     |     { s, s:[+long], ɬ:[+long], x, x:[+long] } > { {s,ʃ}, x, ɬ, {x,h}, x }     |                                                   ^     @ Rule 1, Line 1",1
664,"Syntax Error: Cannot have nested brackets of the same type     |     { {t͡s:[+long],st}, t͡s:[+long]ʼ, d͡z, st:[+long] } > { t͡s, z, t͡s:[+long], s }     |       ^     @ Rule 1, Line 1",1
665,"Syntax Error: Cannot have nested brackets of the same type     |     { t͡ʃ, t͡ʃ:[+long], d͡ʒ } > { {t͡sʼ,t͡ʃʼ}, ʒ, t͡s }     |                                   ^     @ Rule 1, Line 1",1
666,"Syntax Error: Cannot have nested brackets of the same type     |     { t͡ɬ, t͡ɬ:[+long], t͡ɬʼ, t͡ɬ:[+long]ʼ } > { k, {xʲ:[+long],k:[+long]}, kʰ, {ɡ,q}(?) }     |                                                     ^     @ Rule 1, Line 1",1
667,"Syntax Error: Expected '>', '->' or '=>', but received 'ʼ'     |     q:[+long]ʼ > ʕ     |              ^     @ Rule 1, Line 1",1
668,"Syntax Error: Cannot have nested brackets of the same type     |     { ʃ, ʃ:[+long], ɬ, ɬ:[+long] } > { {s,ʃ}, ʃ, xʲ, {xʲ,ʃ} }     |                                        ^     @ Rule 1, Line 1",1
669,"Syntax Error: Cannot have nested brackets of the same type     |     { b, d } > { {b,v}, z }     |                  ^     @ Rule 1, Line 1",1
670,"Syntax Error: Cannot have nested brackets of the same type     |     { {t͡s:[+long],st}, {t͡s:[+long]ʼ,d͡z} } > { t͡s, t͡sʼ }     |       ^     @ Rule 1, Line 1",1
671,"Syntax Error: Cannot have nested brackets of the same type     |     {{ t͡ʃ, t͡ʃ:[+long] },d͡ʒ} > t͡ʃʼ     |      ^     @ Rule 1, Line 1",1
672,"Syntax Error: Cannot have nested brackets of the same type     |     { t͡ɬ, t͡ɬ:[+long], t͡ɬʼ, t͡ɬ:[+long]ʼ, d͡ɮ } > { k, {k,xʲ}, {kʼ,ɡ}, {kʼ,k:[+long]}, kʼ }     |                                                          ^     @ Rule 1, Line 1",1
673,"Syntax Error: Cannot have nested brackets of the same type     |     { k:[+long], kʼ, ɡ } > { k, {kʼ,ɡ}, {kʼ,k:[+long]} }     |                                 ^     @ Rule 1, Line 1",1
674,"Syntax Error: Expected ',', but received 'ʼ'     |     {q:[+long]ʼ,ɢ} > qʼ     |               ^     @ Rule 1, Line 1",1
675,"Syntax Error: Unknown character “ at '0:0:45'.     |     b d > {p:[+long],b} {t:[+long],d} (but *b is “:[p]rone to change to *m”)     |                                                  ^     @ Rule 1, Line 1",1
676,"Syntax Error: Cannot have nested brackets of the same type     |     { {t͡s:[+long],st:[+long]}, d͡z, st } > { s:[+long], {t͡s:[+long],z}, t͡s }     |       ^     @ Rule 1, Line 1",1
677,"Syntax Error: Expected ',', but received 'ʼ'     |     t͡ʃ t͡ʃ:[+long] d͡ʒ > {t͡s,t͡ʃ} {t͡sʼ,t͡ʃʼ} { t͡ʃʼ, t͡ʃ:[+long]ʼ }     |                                                                    ^     @ Rule 1, Line 1",1
678,"Syntax Error: Expected ',', but received 'ʼ'     |     t͡ɬ t͡ɬ:[+long] { t͡ɬʼ, t͡ɬ:[+long]ʼ } d͡ɮ > xʲ x:[+long] kʼ {k:[+long],l}     |                                        ^     @ Rule 1, Line 1",1
679,"Syntax Error: Cannot have nested brackets of the same type     |     { qʼ, qʼ:[+long], ɡ } > { {qʼ,j}, qʼ, {q:[+long],ɣ} }     |                               ^     @ Rule 1, Line 1",1
680,"Syntax Error: Cannot have nested brackets of the same type     |     { ʃ, ɬ, ɬ:[+long] } > { s, {xʲ,ʃ}, x:[+long] }     |                                ^     @ Rule 1, Line 1",1
681,"Syntax Error: Cannot have nested brackets of the same type     |     { m, l } > { {m,n}, {l,∅} }     |                  ^     @ Rule 1, Line 1",1
682,"Syntax Error: Cannot have nested brackets of the same type     |     { q, ɢ } > { {x,q}, ɣ }     |                  ^     @ Rule 1, Line 1",1
683,"Syntax Error: Cannot have nested brackets of the same type     |     { b, d } > { {b,w}, {d,z} }     |                  ^     @ Rule 1, Line 1",1
684,"Syntax Error: Cannot have nested brackets of the same type     |     { {t͡s,st}, t͡s:[+long], t͡s:[+long]ʼ, st:[+long], d͡z } > { {s,t͡s}, {t͡s,t͡ʃ}, t:[+long], s, z }     |       ^     @ Rule 1, Line 1",1
685,"Syntax Error: Expected '>', '->' or '=>', but received 'ʼ'     |     t͡ʃ:[+long]ʼ > t͡ʃ:[+long]     |                ^     @ Rule 1, Line 1",1
686,"Syntax Error: Cannot have nested brackets of the same type     |     { t͡ɬ, t͡ɬ:[+long], t͡ɬʼ, t͡ɬ:[+long]ʼ, d͡ɮ } > { xʲ, x, kʼ, k:[+long], {,j,xʲ} }     |                                                                             ^     @ Rule 1, Line 1",1
687,"Syntax Error: Expected '>', '->' or '=>', but received 'ʼ'     |     q:[+long]ʼ > q:[+long]     |              ^     @ Rule 1, Line 1",1
688,"Syntax Error: Cannot have nested brackets of the same type     |     { {t͡s,st}, t͡s:[+long], t͡s:[+long]ʼ, st:[+long], d͡z } > { s, {s,ʃ}, t͡sʼ, s:[+long], t͡s }     |       ^     @ Rule 1, Line 1",1
689,"Syntax Error: Expected '>', '->' or '=>', but received 'ʼ'     |     t͡ɬ t͡ɬ:[+long] t͡ɬʼ t͡ɬ:[+long]ʼ d͡ɮ > ɬ { ɬ, ɬ:[+long] } kʼ t͡ɬʼ t͡ɬ:[+long]     |                                     ^     @ Rule 1, Line 1",1
690,"Syntax Error: Cannot have nested brackets of the same type     |     { k:[+long], ɡ } > { x, {k:[+long],ɡ} }     |                             ^     @ Rule 1, Line 1",1
691,"Syntax Error: Expected end of line, received '('. Did you forget a '/' between the output and environment?     |     ɣ > q (more likely, *ɢ     |           ^     @ Rule 1, Line 1",1
692,"Syntax Error: Expected ':', but received '*'     |     q (more likely, *ɢ > q instead of     |                     ^     @ Rule 1, Line 1",1
693,"Syntax Error: Expected end of line, received ')'. Did you forget a '/' between the output and environment?     |     q instead of > ɣ)     |                     ^     @ Rule 1, Line 1",1
694,"Syntax Error: Expected '>', '->' or '=>', but received 'ʼ'     |     q q:[+long]ʼ > x { qʼ, q:[+long]ʼ }     |                ^     @ Rule 1, Line 1",1
695,"Syntax Error: Cannot have nested brackets of the same type     |     { s:[+long], x:[+long] } > { {s:[+long],h}, x }     |                                  ^     @ Rule 1, Line 1",1
696,"Syntax Error: Cannot have nested brackets of the same type     |     { b, d } > { {p:[+long],b}, {t:[+long],d} }     |                  ^     @ Rule 1, Line 1",1
697,"Syntax Error: Expected ',', but received 't'     |     {t͡s,st} t͡s:[+long] t͡s:[+long]ʼ d͡z > {ʃ,t͡ʃ} t͡ʃʼ {t͡ʃ:[+long],d͡ʒ}     |           ^     @ Rule 1, Line 1",1
698,"Syntax Error: Cannot have nested brackets of the same type     |     { t͡ɬ, t͡ɬ:[+long], t͡ɬʼ, t͡ɬ:[+long]ʼ, d͡ɮ } > { xʲ, {ɣʲ,ɡ}, qʼ, kʼ, {k:[+long],ɣʲ} }     |                                                           ^     @ Rule 1, Line 1",1
699,"Syntax Error: Expected end of line, received '('. Did you forget a '/' between the output and environment?     |     ɣ > {q:[+long],ɣ} (again, probably a difference in the development of *ɢ than this strict sound change)     |                       ^     @ Rule 1, Line 1",1
700,"Syntax Error: Expected '>', '->' or '=>', but received 'ʼ'     |     q:[+long]ʼ > qʼ     |              ^     @ Rule 1, Line 1",1
701,"Syntax Error: Cannot have nested brackets of the same type     |     { {t͡s,st}, t͡s:[+long]ʼ, d͡z } > { {s,t͡s}, {d,t}, z }     |       ^     @ Rule 1, Line 1",1
702,"Syntax Error: Cannot have nested brackets of the same type     |     { t͡ʃ, t͡ʃ:[+long], t͡ʃ:[+long]ʼ } > { {ʃ,t͡ʃ}, ʃ, t͡ʃ }     |                                            ^     @ Rule 1, Line 1",1
703,"Syntax Error: Cannot have nested brackets of the same type     |     { t͡ɬ:[+long], t͡ɬʼ, t͡ɬ:[+long]ʼ, d͡ɮ } > { xʲ, qʼ, qʼ, {w,xʲ,j} }     |                                                              ^     @ Rule 1, Line 1",1
704,"Syntax Error: Cannot have nested brackets of the same type     |     { {t͡s,st}, t͡s:[+long], t͡s:[+long]ʼ } > { {s,t͡s}, {t͡s,t͡ʃ}, t͡s:[+long] }     |       ^     @ Rule 1, Line 1",1
705,"Syntax Error: Cannot have nested brackets of the same type     |     { t͡ʃ, t͡ʃ:[+long], t͡ʃ:[+long]ʼ } > { {ʃ,t͡ʃ}, {t͡ʃ,d͡ʒ}, {t͡ʃ:[+long],t͡ʃʼ}(?) }     |                                            ^     @ Rule 1, Line 1",1
706,"Syntax Error: Cannot have nested brackets of the same type     |     { t͡ɬ, t͡ɬ:[+long], t͡ɬʼ, t͡ɬ:[+long]ʼ, d͡ɮ } > { xʲ, {ɣʲ,ɡ}, k, k:[+long], ɣʲ }     |                                                           ^     @ Rule 1, Line 1",1
707,"Syntax Error: Cannot have nested brackets of the same type     |     { ɬ, {ʃ:[+long],ɬ:[+long]}, x:[+long] } > { xʲ, ʃ, x }     |          ^     @ Rule 1, Line 1",1
708,"Syntax Error: Cannot have nested brackets of the same type     |     { t͡s, t͡s:[+long], t͡sʼ, t͡s:[+long]ʼ, d͡z } > { {∅,s}, t͡ʃ, {∅,t͡sʼ}, {t͡sʼ,t͡ʃʼ}, z }     |                                                       ^     @ Rule 1, Line 1",1
709,"Syntax Error: Expected an IPA character, Primative or Matrix, but received '∅'     |     t͡ʃ > {∅,ʃ}     |            ^     @ Rule 1, Line 1",1
710,"Syntax Error: Expected '>', '->' or '=>', but received 'ʼ'     |     t͡ʃ:[+long]ʼ > t͡ʃʼ     |                ^     @ Rule 1, Line 1",1
711,"Syntax Error: Cannot have nested brackets of the same type     |     { t͡ɬ, t͡ɬ:[+long], t͡ɬʼ, t͡ɬ:[+long]ʼ, d͡ɮ } > { {∅,x}, q, {∅,qʼ}, qʼ, {ɣ,l} }     |                                                       ^     @ Rule 1, Line 1",1
712,"Syntax Error: The output of a deletion rule must only contain `*` or `∅`     |     q > ∅(?)     |          ^     @ Rule 1, Line 1",1
713,"Syntax Error: Cannot have nested brackets of the same type     |     {{ ɬ, ɬ:[+long] },x:[+long]} > x     |      ^     @ Rule 1, Line 1",1
714,"Syntax Error: Expected ',', but received 't'     |     { st, st:[+long] } > { stʼ, st }     |        ^     @ Rule 1, Line 1",1
715,"Syntax Error: Expected '>', '->' or '=>', but received 'ʼ'     |     t͡s:[+long]ʼ > t͡s:[+long]     |                ^     @ Rule 1, Line 1",1
716,"Syntax Error: Expected '>', '->' or '=>', but received 'ʼ'     |     { t͡ɬ, t͡ɬ:[+long] } t͡ɬʼ t͡ɬ:[+long]ʼ > x qʼ ʕ     |                                          ^     @ Rule 1, Line 1",1
717,"Syntax Error: Expected ',', but received 'ʼ'     |     { k:[+long], q:[+long]ʼ } > { xk(?), qʼ }     |                           ^     @ Rule 1, Line 1",1
718,"Syntax Error: Cannot have nested brackets of the same type     |     { {t͡s,st}, {t͡s:[+long]ʼ,d͡z} } > { s, t͡s }     |       ^     @ Rule 1, Line 1",1
719,"Syntax Error: Unknown character ’ at '0:0:187'.     |     t͡ʃ {t͡ʃ:[+long],d͡ʒ} > ʃ t͡ʃ (the change of *t͡ʃ:[+long]ʼ is conjectured for:[+back]ezhta, as the change is only listed in P:[-voice]sez, but given the development of *t͡s:[+long]ʼ I don’t find it unreasonable to put it here)     |                                                                                                                                                                                                ^     @ Rule 1, Line 1",1
720,"Syntax Error: Expected ',', but received 'ʼ'     |     { t͡ɬ, t͡ɬ:[+long]ʼ } > { ɬ, t͡ɬ }     |                       ^     @ Rule 1, Line 1",1
721,"Syntax Error: Expected ',', but received 'ʼ'     |     { k:[+long]ʼ, ɡ } > { k, kʼ }     |                ^     @ Rule 1, Line 1",1
722,"Syntax Error: Expected ',', but received 'ʼ'     |     { q, q:[+long]ʼ } > { x(?), q }     |                   ^     @ Rule 1, Line 1",1
723,"Syntax Error: Cannot have nested brackets of the same type     |     { {pʷ,pʲ}, {pʲ:[+long],bˤ}, bʷ, pʷʲ, bʷʲ } > { p, b, f, t͡sʲ, d͡zʲ }     |       ^     @ Rule 1, Line 1",1
724,"Syntax Error: Expected end of line, received '('. Did you forget a '/' between the output and environment?     |     t͡sʲ:[+long] > d͡zʲ (marked as dubious in the source)     |                         ^     @ Rule 1, Line 1",1
725,"Syntax Error: Expected an IPA character, Primative or Matrix, but received '('     |     { t͡sʷ:[+long], t͡sʷʲ } > { t͡sʷ, (t͡ʃ) }     |                                       ^     @ Rule 1, Line 1",1
726,"Syntax Error: Expected ',', but received '~'     |     { zʷʲ, t͡sʷʲʼ, d͡zʷʲ } > { d͡zʲ~zʲ, t͡ʃʼ, d͡ʒ~ʒ }     |                                    ^     @ Rule 1, Line 1",1
727,"Syntax Error: Expected ',', but received '('     |     { ʃ(~ʃ:[+long]), ʒ } > { sʲ, sʲ }     |        ^     @ Rule 1, Line 1",1
728,"Syntax Error: Expected end of line, received '('. Did you forget a '/' between the output and environment?     |     t͡ɕ:[+long] > d͡zʲ(~t͡ɕ)     |                       ^     @ Rule 1, Line 1",1
729,"Syntax Error: Expected end of line, received '('. Did you forget a '/' between the output and environment?     |     { ɕ, ɕ:[+long] } ʑ > ʃ ʒ (the change of singleton *ɕ to ʃ is marked as dubious)     |                              ^     @ Rule 1, Line 1",1
730,"Syntax Error: Expected ',', but received '~'     |     { t͡ʃʷʼ, t͡ʃʷ:[+long], d͡ʒʷ } > { t͡ʃʼ, zʷ, d͡zʷ~zʷ }     |                                                     ^     @ Rule 1, Line 1",1
731,"Syntax Error: Expected end of line, received '('. Did you forget a '/' between the output and environment?     |     ʃʷ ʃʷ:[+long] ʒʷ > sʷ ʃ zʲ (this final change is marked as dubious)     |                                ^     @ Rule 1, Line 1",1
732,"Syntax Error: Expected ',', but received '~'     |     { t͡ɕʷʼ, t͡ɕʷ:[+long] } > { t͡ʃʼ, d͡ʒ~ʒ }     |                                          ^     @ Rule 1, Line 1",1
733,"Syntax Error: Cannot have nested brackets of the same type     |     { t͡ɬ, t͡ɬ:[+long], t͡ɬʼ, d͡ɮ } > { x, t͡s, {x,t͡sʼ}, l }     |                                                 ^     @ Rule 1, Line 1",1
734,"Syntax Error: Expected ',', but received '('     |     { ɬʲ(~ɬʲʷ:[+long]), ɮʲ } > { ɕ, ʑ }     |         ^     @ Rule 1, Line 1",1
735,"Syntax Error: Expected end of line, received '~'. Did you forget a '/' between the output and environment?     |     lʲ > l~ɣʲ     |           ^     @ Rule 1, Line 1",1
736,"Syntax Error: Expected an IPA character, Primative or Matrix, but received '~'     |     ɬʷʲ(~ɬʷ:[+long]) > ʃ     |         ^     @ Rule 1, Line 1",1
737,"Syntax Error: Expected end of line, received '('. Did you forget a '/' between the output and environment?     |     xʷʲ ɣʷʲ > sʷ zʷ (*ɣʷʲ is marked as dubious)     |                     ^     @ Rule 1, Line 1",1
738,"Syntax Error: Unknown character ( at '0:0:8'.     |     q q:[+long] ɢ > (ħ) q ɣ (*ɢ is marked as *G in the document)     |             ^     @ Rule 1, Line 1",1
739,"Syntax Error: Segment does not have prerequisite properties to have this diacritic. Must be [-voice]     |     { qʷʲ, ɢʷʰ } > { ħʷ, ɣʷ }     |            ^ ^     @ Rule 1, Line 1",1
740,"Syntax Error: Expected end of line, received '('. Did you forget a '/' between the output and environment?     |     qʷʲʼ > ʕʷ (qʷʼ?)     |               ^     @ Rule 1, Line 1",1
741,"Syntax Error: Expected end of line, received '('. Did you forget a '/' between the output and environment?     |     qˤ:[+long] qˤʼ > ʕ ħ (this latter is marked as dubious)     |                          ^     @ Rule 1, Line 1",1
742,"Syntax Error: Expected ',', but received '('     |     { qˤʲ, qˤʲ:[+long], qˤʲʼ } > { q, ʔ, ħ(?) }     |                                           ^     @ Rule 1, Line 1",1
743,"Syntax Error: Expected an IPA character, Primative or Matrix, but received '('     |     { qˤʷ, qˤʷ:[+long], qˤʷʼ, χˤʷ, ʁˤʷ } > { ħʷ, ʕʷ, qʷʼ, ħʷ, (ħʷ?) }     |                                                               ^     @ Rule 1, Line 1",1
744,"Syntax Error: Unknown character ” at '0:0:0'.     |     ”Vʕ ʕ”V > ”aa a”a (but stays /ʕ/ sometimes?)     |     ^     @ Rule 1, Line 1",1
745,"Syntax Error: Cannot have nested brackets of the same type     |     { tʷʼ, dʷ } > { {tʷʼ,pʼ}, {dʷ,b} }     |                     ^     @ Rule 1, Line 1",1
746,"Syntax Error: Cannot have nested brackets of the same type     |     { {t͡ʃʷʼ,t͡ɕ}, {d͡ʒʷ,d͡ʑ} } > { t͡sʼ, d͡z }     |       ^     @ Rule 1, Line 1",1
747,"Syntax Error: Cannot have nested brackets of the same type     |     { t͡ɕʷʼ, d͡ʑʷ } > { {t͡ɕʷʼ,t͡ʃʷʼ}, {d͡ʑʷ,d͡ʒʷ} }     |                         ^     @ Rule 1, Line 1",1
748,"Syntax Error: Cannot have nested brackets of the same type     |     { ʃʷ, ʒʷ, ɕʷ, ʑʷ } > { {ɕʷ,ʃʷ}, {ʑʷ,ʒʷ}, {ɕʷ,ʃʷ}, {ʑʷ,ʒʷ} }     |                            ^     @ Rule 1, Line 1",1
749,"Syntax Error: Unknown character ” at '0:0:2'.     |     { ”Vʕ, ʕ”V } > { ”aa, a”a }     |       ^     @ Rule 1, Line 1",1
750,"Syntax Error: Cannot have nested brackets of the same type     |     { ɕ, ɕʷ, ʑ, ʑʷ } > { s, {ʃʷ,ɕʷ}, z, {ʒʷ,ʑʷ} }     |                             ^     @ Rule 1, Line 1",1
751,"Syntax Error: Cannot have nested brackets of the same type     |     { {, pʲ,, pʲ:[+long], }, pʲʼ, bʲ } > { {, t,, t:[+long], }, tʼ, d }     |       ^     @ Rule 1, Line 1",1
752,"Syntax Error: Cannot have nested brackets of the same type     |     { {, pˤ,, pˤ:[+long], }, pˤ, bˤ } > { {, p,, p:[+long], }, pʼ, b }     |       ^     @ Rule 1, Line 1",1
753,"Syntax Error: Expected ',', but received 'ħ'     |     { r, l } > { t:[+long], tħ } / #_     |                              ^     @ Rule 1, Line 1",1
754,"Syntax Error: Cannot have nested brackets of the same type     |     { {, tʷ,, tʷ:[+long], }, tʷʼ, dʷ } > { {, t,, t:[+long], }, tʼ, d }     |       ^     @ Rule 1, Line 1",1
755,"Syntax Error: Cannot have nested brackets of the same type     |     { t͡s, t͡s:[+long], d͡z } > { {s,c}, t͡s:[+long], d͡z~z }     |                                   ^     @ Rule 1, Line 1",1
756,"Syntax Error: Expected an IPA character, Primative or Matrix, but received '('     |     { t͡sʲ, t͡sʲ:[+long], t͡sʲʼ, d͡zʲ } > { (s), t͡s:[+long], t͡sʼ, d͡z~z }     |                                             ^     @ Rule 1, Line 1",1
757,"Syntax Error: Cannot have nested brackets of the same type     |     { t͡sʷ, lʲ, {qʲʷ,qˤʷ} } > { sʷ, d, qʷ } / #_ (data not given for non-initial forms)     |                 ^     @ Rule 1, Line 1",1
758,"Syntax Error: Expected ',', but received '('     |     { t͡ʃ, t͡ʃʼ, d͡ʒ, d͡ʑ } > { s, t͡sʲʼ(?), d͡z~z, d͡ʑ~ʑ }     |                                         ^     @ Rule 1, Line 1",1
759,"Syntax Error: Expected an IPA character, Primative or Matrix, but received '~'     |     ʃ(~ʃ:[+long]) > s     |       ^     @ Rule 1, Line 1",1
760,"Syntax Error: Cannot have nested brackets of the same type     |     { {, ɕ,, ɕ:[+long], }, ʑ } > { {, ʃ,, ʃ:[+long], }, ʒ }     |       ^     @ Rule 1, Line 1",1
761,"Syntax Error: Cannot have nested brackets of the same type     |     { {, t͡ʃʷ,, t͡ʃʷ:[+long], }, t͡ʃʷʼ, d͡ʒʷ } > { {, t͡ɕ,, t͡ɕ:[+long], }, t͡ɕʼ, d͡ʑ~ʑ }     |       ^     @ Rule 1, Line 1",1
762,"Syntax Error: Cannot have nested brackets of the same type     |     { {, ʃʷ,, ʃʷ:[+long], }, ʒʷ } > { {, ʃ,, ʃ:[+long], }, ʒ }     |       ^     @ Rule 1, Line 1",1
763,"Syntax Error: Cannot have nested brackets of the same type     |     { {, tcʷ,, tcʷ:[+long], }, t͡ɕʷʼ } > { {, t͡ʃ,, t͡ʃ:[+long], }, t͡ʃʼ }     |       ^     @ Rule 1, Line 1",1
764,"Syntax Error: Cannot have nested brackets of the same type     |     { {, ɬ,, ɬ:[+long], }, {, t͡ɬ,, t͡ɬ:[+long], }, t͡ɬʼ, d͡ɮ } > { {, ɕ,, ɕ:[+long], }, {, t͡ɕ,, t͡ɕ:[+long], }, t͡ɕʼ, tħ }     |       ^     @ Rule 1, Line 1",1
765,"Syntax Error: Cannot have nested brackets of the same type     |     { {, t͡ɬʷ,, t͡ɬʷ:[+long], }, t͡ɬʷʼ, d͡ɮʷ } > { {, t͡ʃ,, t͡ʃ:[+long], }, t͡ʃʼ, ħ }     |       ^     @ Rule 1, Line 1",1
766,"Syntax Error: Expected ',', but received '('     |     { ɬʲʷ(~ɬʷ:[+long]), ɮʲʷ } > { xʷ, ɣʲ }     |          ^     @ Rule 1, Line 1",1
767,"Syntax Error: Expected ',', but received '('     |     { ɡʲʷ, xʲʷ, ɣʲʷ(?) } > { ɡʷ, xʷ, ʁʷ }     |                    ^     @ Rule 1, Line 1",1
768,"Syntax Error: Expected '>', '->' or '=>', but received '}'     |     { qʲʷ:[+long], qʲʷ, ɢʲʷ,ʁʲʷ}, χʲʷ } > { qʷ:[+long], ʔʷ, ʁʷ, χʷ }     |                                       ^     @ Rule 1, Line 1",1
769,"Syntax Error: Cannot have nested brackets of the same type     |     { {qˤ:[+long],qˤʼ}, χˤ, ʁˤ } > { q:[+long], χ, ʁ }     |       ^     @ Rule 1, Line 1",1
770,"Syntax Error: Expected ',', but received 'q'     |     {qˤʲ,χˤʲ} qˤʲ ʁˤʲ {qˤʲ:[+long] qˤʲʼ} > ħ ʔ j     |                                    ^     @ Rule 1, Line 1",1
771,"Syntax Error: Cannot have nested brackets of the same type     |     { {qˤʷ:[+long],qˤʷʼ}, χˤʷ, ʁˤʷ } > { qʷ:[+long], χʷ, ʁʷ }     |       ^     @ Rule 1, Line 1",1
772,"Syntax Error: Cannot have nested brackets of the same type     |     { qˤʲʷ, {qˤʲʷ:[+long],qˤʲʷ}, ʁˤʲʷ } > { ħ, ʔʷ, w~ʁʷ }     |             ^     @ Rule 1, Line 1",1
773,"Syntax Error: Expected end of line, received '>'. Did you forget a '/' between the output and environment?     |     ʔʷ~qʼʷ > ʔʷ     |            ^     @ Rule 1, Line 1",1
774,"Syntax Error: Expected end of line, received '~'. Did you forget a '/' between the output and environment?     |     t͡sʲʼ > ɕʼ~ʃʼ     |               ^     @ Rule 1, Line 1",1
775,"Syntax Error: Expected ',', but received '~'     |     { sʷ, ɕ } > { ɕʷ~ʃʷ, ɕ~ʃ }     |                     ^     @ Rule 1, Line 1",1
776,"Syntax Error: Expected ',', but received '~'     |     { xʷ, χʲ } > { f~ɸ?, ħ }     |                     ^     @ Rule 1, Line 1",1
777,"Syntax Error: Expected end of line, received '~'. Did you forget a '/' between the output and environment?     |     zʷ > ʑʷ~ʒʷ     |            ^     @ Rule 1, Line 1",1
778,"Syntax Error: Expected ',', but received '~'     |     { p:[+long], t:[+long], t͡s:[+long], t͡sʷ, ʃ:[+long], t͡ʃ:[+long], t͡ɕ:[+long], kʲ:[+long], kʷ:[+long], q:[+long]~qχ, qʷ:[+long]~qχʷ } > { p, t, t͡s, t͡ʃʷ, ʃ, ɕ, t͡ɕ, t͡ʃ, kʷ, q:[+long], qʷ }     |                                                                                                                      ^     @ Rule 1, Line 1",1
779,"Syntax Error: Expected ',', but received 'a'     |     { t͡ʃʼ, t͡ɬʼ } > { ʔaj~ʔ, ɬʼ }     |                         ^     @ Rule 1, Line 1",1
780,"Syntax Error: Expected end of line, received '>'. Did you forget a '/' between the output and environment?     |     t͡ʃʷʼ~ʃʷʼ > ɕʷʼ~ʃʷʼ     |               ^     @ Rule 1, Line 1",1
781,"Syntax Error: Expected ',', but received '~'     |     { sʼ, ʃʼ~ɕʼ } > { t͡sʼ, ʃʼ }     |             ^     @ Rule 1, Line 1",1
782,"Syntax Error: Cannot have nested brackets of the same type     |     { {, kʲ,, kʲ:[+long], }, kʲʼ, ɡʲ } > { {, t͡ʃ,, t͡ʃ:[+long], }, t͡ʃʼ, d͡ʑ }     |       ^     @ Rule 1, Line 1",1
783,"Syntax Error: Expected ',', but received '~'     |     { q:[+long]~χ, qʷ:[+long]~qχʷ } > { q:[+long], qʷ:[+long] }     |                ^     @ Rule 1, Line 1",1
784,"Syntax Error: Expected end of line, received '>'. Did you forget a '/' between the output and environment?     |     t͡sʷʼ~ʃʷʼ > ɕʷʼ~ʃʷʼ     |               ^     @ Rule 1, Line 1",1
785,"Syntax Error: Expected ',', but received 'c'     |     { p:[+long], t:[+long], t͡s:[+long], t͡sʷ:[+long], ʃ:[+long], t͡s:[+long], tc:[+long], kʲ:[+long], kʷ:[+long], q:[+long]~qχ, qʷ:[+long]~qχʷ } > { p, t, t͡s, t͡ʃʷ, ʃ, t͡ʃ, t͡ɕ, kʲ, kʷ, χ~q, χʷ~qʷ }     |                                                                                 ^     @ Rule 1, Line 1",1
786,"Syntax Error: Expected ',', but received '~'     |     { pʷʼ, tʷʼ, t͡sʼ, t͡sʷʼ~ʃʷʼ } > { pˤ, tˤ, t͡sˤ, ʂʷ }     |                            ^     @ Rule 1, Line 1",1
787,"Syntax Error: Expected ',', but received '~'     |     { sʼ, ʃʼ~ɕʼ } > { sˤ, ʂ }     |             ^     @ Rule 1, Line 1",1
788,"Syntax Error: Expected ',', but received '~'     |     { q:[+long]~qχ, qʷ:[+long]~qχʷ } > { q:[+long], qʷ:[+long] }     |                ^     @ Rule 1, Line 1",1
789,"Syntax Error: Expected ',', but received '~'     |     { t͡sʲʼ, t͡sʷʼ~ʃʷʼ } > { ɕʼ~ʃʼ, ɕʷʼ~ʃʷʼ }     |                   ^     @ Rule 1, Line 1",1
790,"Syntax Error: Expected end of line, received '~'. Did you forget a '/' between the output and environment?     |     ɣ > ɣ~ɡ     |          ^     @ Rule 1, Line 1",1
791,"Syntax Error: Expected end of line, received '>'. Did you forget a '/' between the output and environment?     |     ʔ~qʼ > ʔʷ     |          ^     @ Rule 1, Line 1",1
792,"Syntax Error: Expected end of line, received '~'. Did you forget a '/' between the output and environment?     |     p:[+long] t:[+long] t͡s:[+long] t͡sʷ:[+long] ʃ:[+long] {t͡ʃ:[+long],t͡ɕ:[+long]} kʷ:[+long] q:[+long]~qχ qʷ:[+long]~qχʷ > b d d͡z v ɕ ʒ d͡ʒ ɡʷ qʼ~qχ qʷʼ~qχʷ     |                                                                                                                        ^     @ Rule 1, Line 1",1
793,"Syntax Error: Cannot have nested brackets of the same type     |     { d͡ɮ, d͡zʲ, d͡zʷ, d͡ʑ, ɡʲ } > { ʒ, ʑ, {v,w}, ʒ, d͡ʒ }     |                                            ^     @ Rule 1, Line 1",1
794,"Syntax Error: Cannot have nested brackets of the same type     |     { t͡sʲʼ, t͡ʃʷʼ~ʃʷʼ, t͡ʃʼ, t͡ɕʼ, t͡ɬʼ, kʲʼ } > { ɕʼ, fʼ, ɕʼ, {ɕʼ,cçʼ}, ɬʼ, t͡ʃʼ }     |                                                                 ^     @ Rule 1, Line 1",1
795,"Syntax Error: Cannot have nested brackets of the same type     |     { sʷ, zʷ, {ʃ,ʂ}, {ʑ,ʐ,ɣʲ}, ʑ, χʲ } > { f, v, ɕ, ʑ, ʑ~ʒ, χ }     |               ^     @ Rule 1, Line 1",1
796,"Syntax Error: Expected ',', but received '('     |     { sʼ(?), ʃʼ~ɕʼ } > { t͡sʼ, ɕʼ }     |         ^     @ Rule 1, Line 1",1
797,"Syntax Error: Cannot have nested brackets of the same type     |     { {, pʲ,, pʲ:[+long], }, bʲ } > { {, t,, t:[+long], }, d }     |       ^     @ Rule 1, Line 1",1
798,"Syntax Error: Expected end of line, received '~'. Did you forget a '/' between the output and environment?     |     pʲ:[+long] > tʷ~dʷ     |                    ^     @ Rule 1, Line 1",1
799,"Syntax Error: Cannot have nested brackets of the same type     |     { {r,l}, lʲ } > { d, r } / #_     |       ^     @ Rule 1, Line 1",1
800,"Syntax Error: Expected an IPA character, Primative or Matrix, but received '∅'     |     { l, lʲ } > { ∅~j, l~ɣʲ }     |                   ^     @ Rule 1, Line 1",1
801,"Syntax Error: Expected ',', but received '~'     |     { r, rʲ } > { r~ʁ, ɮ }     |                    ^     @ Rule 1, Line 1",1
802,"Syntax Error: Expected ',', but received '~'     |     { zʲ, zʷ } > { d͡zʲ~zʲ, d͡zʷ~zʷ }     |                        ^     @ Rule 1, Line 1",1
803,"Syntax Error: Expected ',', but received '('     |     { ʃ(~ʃ:[+long]), ʒ } > { s, z }     |        ^     @ Rule 1, Line 1",1
804,"Syntax Error: Expected an IPA character, Primative or Matrix, but received '('     |     { t͡ɬ, t͡ɬ:[+long], t͡ɬʼ, d͡ɮ } > { ɕ, (sʲ), t͡sʲʼ, ɮ }     |                                            ^     @ Rule 1, Line 1",1
805,"Syntax Error: Expected end of line, received '('. Did you forget a '/' between the output and environment?     |     t͡ɬʲ t͡ɬʲʼ d͡ɮʲ > ɕ t͡ɬʼ ɕ ʁ(~zʲ)     |                                 ^     @ Rule 1, Line 1",1
806,"Syntax Error: Expected an IPA character, Primative or Matrix, but received '~'     |     ɬʲ(~ɬʲʼ:[+long]) > ɬ     |        ^     @ Rule 1, Line 1",1
807,"Syntax Error: Expected ',', but received '('     |     { ɬʷʲ(~ɬʷ:[+long]), ɮʷʲ } > { ʃʷ, ʒʷ }     |          ^     @ Rule 1, Line 1",1
808,"Syntax Error: Expected ',', but received '~'     |     { k, kʼ, ɡ, x, ɣ } > { kʲ, kʲʼ, ɡʲ, ɕ, ɣ~ʁ }     |                                             ^     @ Rule 1, Line 1",1
809,"Syntax Error: Options can only be used in Environments or Structures     |     kʲʷ:[+long] xʲʷ ɣʲʷ(?) > ɡʲ kʲʼ xʲ ʁʲ     |                        ^^^     @ Rule 1, Line 1",1
810,"Syntax Error: Expected ',', but received 'ʼ'     |     { qʲ:[+long]ʼ, ɢʲ, χʲ } > { qʲʼ, ʁʲ, xʲ }     |                 ^     @ Rule 1, Line 1",1
811,"Syntax Error: Expected end of line, received '('. Did you forget a '/' between the output and environment?     |     qˤʲ > q(ˤ)     |            ^     @ Rule 1, Line 1",1
812,"Syntax Error: Cannot have nested brackets of the same type     |     { qˤʲʷ, {qˤʲʷ:[+long],qˤʲʷ}, ʁˤʲʷ } > { χʷ, qʷʼ, w }     |             ^     @ Rule 1, Line 1",1
813,"Syntax Error: Unknown feature 'glottalized' at 0:3-15. Did you mean contin?      |     S:[-glottalized]VˀS > ˀSVS:[-glottalized] / _$     |        ^^^^^^^^^^^^     @ Rule 1, Line 1",1
814,"Syntax Error: Unknown feature 'glottalized' at 0:3-15. Did you mean contin?      |     S:[-glottalized]VOʼ > ˀSVO:[-ejective] / _$     |        ^^^^^^^^^^^^     @ Rule 1, Line 1",1
815,"Syntax Error: Unknown character “ at '0:0:8'.     |     k > t͡ʃ “(‘in certain cases’)”     |             ^     @ Rule 1, Line 1",1
816,"Syntax Error: Expected an IPA character, Primative or Matrix, but received 'ˀ'     |     { ˀN, ˀw } > { N, w }     |       ^     @ Rule 1, Line 1",1
817,"Syntax Error: Expected '>', '->' or '=>', but received 'ʼ'     |     Sʼ > ʔ     |      ^     @ Rule 1, Line 1",1
818,"Syntax Error: Expected ',', but received '('     |     q k > {q,k} {k(ʃ),tʲ} (allophonic)     |                   ^     @ Rule 1, Line 1",1
819,"Syntax Error: Expected an IPA character, Primative or Matrix, but received 'ˀ'     |     {ˀm,ˀn} > {∅,ʔ} (the former is more likely)     |      ^     @ Rule 1, Line 1",1
820,"Syntax Error: Floating diacritic. Diacritics can only be used to modify IPA Segments     |     ˀw > w (may have remained glottalized)     |     ^     @ Rule 1, Line 1",1
821,"Syntax Error: Floating diacritic. Diacritics can only be used to modify IPA Segments     |     ˀj > ∅     |     ^     @ Rule 1, Line 1",1
822,"Syntax Error: Expected an IPA character, Primative or Matrix, but received 'ˀ'     |     { ˀm, ˀn, ˀl, ˀj } > { m, n, l, j }     |       ^     @ Rule 1, Line 1",1
823,"Syntax Error: Expected '->', but received -'m' at 0:0:49     |     { k, ʃk } > { k*, k:[+long] } / V_V (the asterisk-marked k is what Mc:[+affricate]lpin terms weak k, which tends to drop out in morphology)     |                                                      ^     @ Rule 1, Line 1",1
824,"Syntax Error: Unknown character ̀ at '0:0:15'.     |     s > ∅ / :{ #V_r̀, #V_l }:     |                    ^     @ Rule 1, Line 1",1
825,"Syntax Error: Unknown character ̀ at '0:0:1'.     |     r̀ > r̲     |      ^     @ Rule 1, Line 1",1
826,"Syntax Error: Unknown character ŕ at '0:0:0'.     |     ŕ > r / V_V     |     ^     @ Rule 1, Line 1",1
827,"Syntax Error: Unknown character ̲ at '0:0:19'.     |     n n:[+long] rn > {n̲,r} { n̲, n̲:[+long] } ɳ / V_V     |                        ^     @ Rule 1, Line 1",1
828,"Syntax Error: Unknown character ̲ at '0:0:13'.     |     n:[+long] > n̲, n̲:[+long]     |                  ^     @ Rule 1, Line 1",1
829,"Syntax Error: Unknown character ̀ at '0:0:2'.     |     nr̀ > n̲r̲     |       ^     @ Rule 1, Line 1",1
830,"Syntax Error: Unknown character ú at '0:0:4'.     |     w > ú / V_ (Mc:[+affricate]lpin uses the accented-vowel notation due to some apparent height-contrast neutralizations before /a/)     |         ^     @ Rule 1, Line 1",1
831,"Syntax Error: Unknown character ̀ at '0:0:1'.     |     r̀ > r / :{ V_V, V_C }:     |      ^     @ Rule 1, Line 1",1
832,"Syntax Error: Unknown character ŕ at '0:0:0'.     |     ŕ > r:[+long] / V_V     |     ^     @ Rule 1, Line 1",1
833,"Syntax Error: Unknown character ̀ at '0:0:2'.     |     nr̀ > nr     |       ^     @ Rule 1, Line 1",1
834,"Syntax Error: Unknown character “ at '0:0:15'.     |     aj > e:[+long] “(exception: never finally in monosyllables, never initially in multisyllabic words)”     |                    ^     @ Rule 1, Line 1",1
835,"Syntax Error: Expected ',', but received 'v'     |     { avu, aji } > { aw, aj }     |        ^     @ Rule 1, Line 1",1
836,"Syntax Error: Cannot have nested brackets of the same type     |     { am, an, {a:[+long]m,a:[+long]n} } > { õ, æ̃, ã } / _#     |               ^     @ Rule 1, Line 1",1
837,"Syntax Error: Cannot have nested brackets of the same type     |     { {om,on}, {em,en}, {o:[+long]m,o:[+long]n}, {e:[+long]m,e:[+long]n} } > { ɔ̃, ɛ̃, õ, ẽ }     |       ^     @ Rule 1, Line 1",1
838,"Syntax Error: Unknown character ũ at '0:0:5'.     |     um > ũ / _#     |          ^     @ Rule 1, Line 1",1
839,"Syntax Error: The output of a deletion rule must only contain `*` or `∅`     |     {ɭ,ɽ} > ∅ (sporadic, the latter very much so and contributing some compensatory lengthening)     |               ^     @ Rule 1, Line 1",1
840,"Syntax Error: Expected ',', but received 'ʉ'     |     { l, ɭ } > { l:[+long]ʉ, ɭ:[+long]ʉ } / _#(C)V:[-long]     |                           ^     @ Rule 1, Line 1",1
841,"Syntax Error: Unknown grouping 'M'. Known groupings are (C)onsonant, (O)bstruent, (S)onorant, (P)losive, (F)ricative, (L)iquid, (N)asal, (G)lide, and (V)owel     |     ∅ > ʉ / :{ l_# if {M,V:[+long]} previously in the lexeme, ɭ_# if {M,V:[+long]} previously in the lexeme }:     |                        ^     @ Rule 1, Line 1",1
842,"Syntax Error: Unknown character “ at '0:0:6'.     |     r > ɾ “in most dialect͡s”     |           ^     @ Rule 1, Line 1",1
843,"Syntax Error: Expected '_', but received '//'     |     { i, u } > { ɨ, ʉ } / when unstressed // in #%     |                                           ^^     @ Rule 1, Line 1",1
844,"Syntax Error: Expected '_', but received ''     |     ∅ > ɨ, ʉ / to break up clusters     |                                    ^     @ Rule 1, Line 1",1
845,"Syntax Error: Cannot have nested brackets of the same type     |     { {, i,, i:[+long], }, {, e,, e:[+long], } } > { {, u,, u:[+long], }, {, o,, o:[+long], } } / :{ m_C̣, v_C̣, p_C̣ }:     |       ^     @ Rule 1, Line 1",1
846,"Syntax Error: Expected ',', but received 't'     |     { t:[+long], nt } > { c:[+long], ɲc } / :{ i_, j_ }:     |                   ^     @ Rule 1, Line 1",1
847,"Syntax Error: Unknown character “ at '0:0:6'.     |     ɳ > n “(sporadic and dialect development)”     |           ^     @ Rule 1, Line 1",1
848,"Syntax Error: Unknown character “ at '0:0:6'.     |     ɭ > l “(again, sporadic)”     |           ^     @ Rule 1, Line 1",1
849,"Syntax Error: Unknown character “ at '0:0:24'.     |     c:[+long] > t͡ʃ:[+long] “(most dialect͡s)”     |                             ^     @ Rule 1, Line 1",1
850,"Syntax Error: Unknown character — at '0:0:0'.     |     — { i, i:[+long] } { e, e:[+long] } > { u, u:[+long] } { o, o:[+long] } / _ɭ     |     ^     @ Rule 1, Line 1",1
851,"Syntax Error: Unknown character — at '0:0:0'.     |     — eCə oCə > Ce:[+long] Co:[+long] / #_     |     ^     @ Rule 1, Line 1",1
852,"Syntax Error: Expected '_', but received ''     |     v > m / medial     |                   ^     @ Rule 1, Line 1",1
853,"Syntax Error: Expected '_', but received ''     |     z > ð / medial     |                   ^     @ Rule 1, Line 1",1
854,"Syntax Error: Expected ':', but received 'm'     |     n > t / #_ (except, maybe, in exclamations)     |                         ^     @ Rule 1, Line 1",1
855,"Syntax Error: Expected '_', but received ''     |     ə > ∅ / #_, under certain conditions not yet discovered     |                                                            ^     @ Rule 1, Line 1",1
856,"Syntax Error: Expected '_', but received ''     |     ə > ∅ / t_, in certain positions     |                                     ^     @ Rule 1, Line 1",1
857,"Syntax Error: Expected '_', but received ''     |     l̥ > l / medial     |                    ^     @ Rule 1, Line 1",1
858,"Syntax Error: Expected number, but received o      |     { v, ɣ, ʁ } > { p, k, q } / _C (unless C = one of /l d͡ʒ m n ŋ)     |                                                ^     @ Rule 1, Line 1",1
859,"Syntax Error: Cannot have nested brackets of the same type     |     { {p,v}, t, {k,ɣ} } > { m, n, ŋ } / _N     |       ^     @ Rule 1, Line 1",1
860,"Syntax Error: Unknown character → at '0:0:83'.     |     d͡ʒ > t͡ʃ / in certain positions (except for P:[-voice]hule Greenlandic, where d͡ʒ → t͡ʃ and stayed there, apparently)     |                                                                                        ^     @ Rule 1, Line 1",1
861,"Syntax Error: Unknown character → at '0:0:81'.     |     t͡ʃ > s / in certain positions (except for P:[-voice]hule Greenlandic, where d͡ʒ → t͡ʃ and stayed there, apparently)     |                                                                                      ^     @ Rule 1, Line 1",1
862,"Syntax Error: Cannot have nested brackets of the same type     |     m n ŋ t {{ɣ,ʁ} > {k,q}} / _#     |              ^     @ Rule 1, Line 1",1
863,"Syntax Error: Expected '>', '->' or '=>', but received '}'     |     {k,q}} > p t k n ŋ / _#     |          ^     @ Rule 1, Line 1",1
864,"Syntax Error: Expected number, but received /      |     { v, ɣ, ʁ } > { p, k, q } / _C (except where C = /l d͡ʒ m n ŋ/)     |                                                      ^     @ Rule 1, Line 1",1
865,"Syntax Error: Malformed Comment: Expected ';;', but received '; ' at 0:0:87     |     Some metathesis in consonant clusters, the conditions of which are not elaborated upon; the given example cited within the text is lʁ > ʁl     |                                                                                            ^     @ Rule 1, Line 1",1
866,"Syntax Error: Expected '_', but received ''     |     ɣ > u / in some positions     |                              ^     @ Rule 1, Line 1",1
867,"Syntax Error: Expected number, but received /      |     { v, ɣ, ʁ } > { p, k, q } / _C (except if C = /l d͡ʒ m n ŋ/)     |                                                   ^     @ Rule 1, Line 1",1
868,"Syntax Error: Expected an IPA character, Primative or Matrix, but received '…'     |     C > C:[+long] / _V(…V) except in #%     |                        ^     @ Rule 1, Line 1",1
869,"Syntax Error: Expected '_', but received ''     |     s > t͡s / in certain situations?     |                                     ^     @ Rule 1, Line 1",1
870,"Syntax Error: Expected '_', but received ''     |     C:[+voice] > C:[-voice] / adjacent to {S,s,l̥}     |                                                   ^     @ Rule 1, Line 1",1
871,"Syntax Error: Unknown feature 'dental' at 0:12-19. Did you mean ldental?      |     i > ∅ / #C:[+dental]_C:[+dental]V     |                 ^^^^^^^     @ Rule 1, Line 1",1
872,"Syntax Error: Expected '_', but received ''     |     F:[+voice] > F:[-voice] / adjacent to {S,t͡s}     |                                                  ^     @ Rule 1, Line 1",1
873,"Syntax Error: Unknown feature 'samePO' at 0:16-24. Did you mean spread?      |     F:[+voice] > S:[+same PO:[+affricate]] / l̥_     |                     ^^^^^^^^     @ Rule 1, Line 1",1
874,"Syntax Error: Unknown feature 'open' at 0:40-46. Did you mean ten?      |     { i, a, u } > { ii, aa, uu } / C_ in %:[+open -initial -final] such that %:[+open]_     |                                             ^^^^^^     @ Rule 1, Line 1",1
875,"Syntax Error: Unknown feature 'short' at 0:11-17. Did you mean snrt?      |     v > ∅ / u:[+short]_V:[+short]     |                ^^^^^^     @ Rule 1, Line 1",1
876,"Syntax Error: Unknown feature 'short' at 0:11-17. Did you mean snrt?      |     v > ∅ / V:[+short]_u:[+short]     |                ^^^^^^     @ Rule 1, Line 1",1
877,"Syntax Error: Can't have segments before the beginning of a word     |     ə > ∅ / _d͡ʒ{a,u} // in #%     |                             ^     @ Rule 1, Line 1",1
878,"Syntax Error: Can't have segments before the beginning of a word     |     a > ∅ / _d͡ʒa // in #%     |                         ^     @ Rule 1, Line 1",1
879,"Syntax Error: Expected '->', but received -'i' at 0:0:33     |     in > d͡ʒ / _u (possibly only word-initially?)     |                                      ^     @ Rule 1, Line 1",1
880,"Syntax Error: Unknown feature 'velar' at 0:11-17. Did you mean delay?      |     a > ∅ / C:[+velar]_C:[+velar]     |                ^^^^^^     @ Rule 1, Line 1",1
881,"Syntax Error: Can't have segments after the end of a word     |     ə > ∅ / _d͡ʒ{a,u} except in #%     |                                 ^     @ Rule 1, Line 1",1
882,"Syntax Error: Expected '_', but received ''     |     s > t͡s / in some dialect͡s?     |                                 ^     @ Rule 1, Line 1",1
883,"Syntax Error: Expected '_', but received ''     |     t͡s > t͡ʃ / in some dialect͡s?     |                                   ^     @ Rule 1, Line 1",1
884,"Syntax Error: Expected '_', but received ''     |     C:[+voice] > C:[-voice] / next to {S,s,l̥}     |                                               ^     @ Rule 1, Line 1",1
885,"Syntax Error: Expected '_', but received ''     |     ə > a /     |            ^     @ Rule 1, Line 1",1
886,"Syntax Error: Unknown character ’ at '0:0:97'.     |     ∅ > n / #_iN (P:[-voice]his one is sort of a guess, given a singular example in the text that isn’t really commented upon)     |                                                                                                      ^     @ Rule 1, Line 1",1
887,"Syntax Error: Expected an IPA character, Primative or Matrix, but received '…'     |     C > C:[+long] / _V(…V), after #%     |                        ^     @ Rule 1, Line 1",1
888,"Syntax Error: Cannot have nested brackets of the same type     |     { p, t } > { f, {s,h} } / #_     |                     ^     @ Rule 1, Line 1",1
889,"Syntax Error: Unknown feature 'palatal' at 0:15-23. Did you mean latrl?      |     ə > e / :{ _C:[+palatal], _:[+front] }:     |                    ^^^^^^^^     @ Rule 1, Line 1",1
890,"Syntax Error: Expected '_', but received ','     |     ə > æ / ,[+ cons, - fr, + bk, + hi, - lo],:[+laryngeal]} // _{[+back]     |             ^     @ Rule 1, Line 1",1
891,"Syntax Error: Expected end of line, received '('. Did you forget a '/' between the output and environment?     |     o > e (sporadic, highly unusual)     |           ^     @ Rule 1, Line 1",1
892,"Syntax Error: Cannot have nested brackets of the same type     |     { p, b, t } > { f, p, {s,h} } / #_     |                           ^     @ Rule 1, Line 1",1
893,"Syntax Error: Expected '_', but received ''     |     e > ə / unstressed (possibly only in disyllables?)     |                                                       ^     @ Rule 1, Line 1",1
894,"Syntax Error: Unknown character ḱ at '0:0:0'.     |     ḱ > s / :{ _u̯, _u, _i̯, _i }:     |     ^     @ Rule 1, Line 1",1
895,"Syntax Error: Unknown character ḱ at '0:0:0'.     |     ḱ > k / _S     |     ^     @ Rule 1, Line 1",1
896,"Syntax Error: Unknown character ḱ at '0:0:0'.     |     ḱ > {t͡s,t͡ʃ} (“:[a]rchaic relic”)     |     ^     @ Rule 1, Line 1",1
897,"Syntax Error: Unknown character ḱ at '0:0:0'.     |     ḱ > θ     |     ^     @ Rule 1, Line 1",1
898,"Syntax Error: Expected end of line, received ':'. Did you forget a '/' between the output and environment?     |     kʷ > s / _:[+front]?     |               ^     @ Rule 1, Line 1",1
899,"Syntax Error: Expected end of line, received ':'. Did you forget a '/' between the output and environment?     |     kʷ > c / _:[+back]?     |               ^     @ Rule 1, Line 1",1
900,"Syntax Error: Expected '_', but received ''     |     kʷ > k / ?     |               ^     @ Rule 1, Line 1",1
901,"Syntax Error: Unknown character ́ at '0:0:1'.     |     ɡ́(ʱ) > d / %_C:[+strident]     |      ^     @ Rule 1, Line 1",1
902,"Syntax Error: Expected an IPA character, Primative or Matrix, but received 'ʱ'     |     ɡʷ(ʱ) > ɡ, z     |        ^     @ Rule 1, Line 1",1
903,"Syntax Error: Unknown character ́ at '0:0:11'.     |     { bʱ, dʱ, ɡ́(ʱ) } > { b, d, dh }     |                ^     @ Rule 1, Line 1",1
904,"Syntax Error: Expected '_', but received ''     |     sd > θ / medial     |                    ^     @ Rule 1, Line 1",1
905,"Syntax Error: Unknown character ḱ at '0:0:1'.     |     sḱ > h / medial     |      ^     @ Rule 1, Line 1",1
906,"Syntax Error: Expected '_', but received ''     |     sp > f / medial     |                    ^     @ Rule 1, Line 1",1
907,"Syntax Error: Expected '_', but received ''     |     st > ʃt / medial     |                     ^     @ Rule 1, Line 1",1
908,"Syntax Error: Expected end of line, received ':'. Did you forget a '/' between the output and environment?     |     i̯ > j / _:[+back]     |               ^     @ Rule 1, Line 1",1
909,"Syntax Error: Expected end of line, received '('. Did you forget a '/' between the output and environment?     |     n > ɲ (sometimes?)     |           ^     @ Rule 1, Line 1",1
910,"Syntax Error: Cannot have nested brackets of the same type     |     { {m̩,n̩}, l̩, r̩ } > { e, uj, {ri,ir} }     |       ^     @ Rule 1, Line 1",1
911,"Syntax Error: Cannot have nested brackets of the same type     |     { e:[+long], i:[+long], o:[+long], u:[+long] } > { o, i, e, {y,i} }     |                                                                 ^     @ Rule 1, Line 1",1
912,"Syntax Error: Expected end of line, received '('. Did you forget a '/' between the output and environment?     |     c ɟ > t͡ʃ d͡ʒ (for most speakers)     |                   ^     @ Rule 1, Line 1",1
913,"Syntax Error: Cannot have nested brackets of the same type     |     { l, r } > { {l,ɫ}, {ɾ,r} }     |                  ^     @ Rule 1, Line 1",1
914,"Syntax Error: Expected end of line, received '('. Did you forget a '/' between the output and environment?     |     c ɟ > t͡ʃ d͡ʒ (much less widespread than in Gheg)     |                   ^     @ Rule 1, Line 1",1
915,"Syntax Error: Expected '_', but received ''     |     eh > æ:[+long] / tautosyllabic     |                                   ^     @ Rule 1, Line 1",1
916,"Syntax Error: Expected ',', but received 'i'     |     { ei, eu } > { ɛ:[+long], u:[+long] }     |        ^     @ Rule 1, Line 1",1
917,"Syntax Error: Expected '>', '->' or '=>', but received 'ʱ'     |     P:[+voice]ʱ > P:[+voice]     |               ^     @ Rule 1, Line 1",1
918,"Syntax Error: Expected '_', but received ''     |     { P:[-voice], h } > { P:[+voice], h } / V:[+long]     |                                                      ^     @ Rule 1, Line 1",1
919,"Syntax Error: Expected '_', but received ':'     |     { P:[-voice], h } > { P:[+voice], h } / :[+approximant]     |                                             ^     @ Rule 1, Line 1",1
920,"Syntax Error: Expected '_', but received ''     |     t > z / j (allophonic)     |                           ^     @ Rule 1, Line 1",1
921,"Syntax Error: Cannot have nested brackets of the same type     |     {{h,h}s,s{h,h}} > s:[+long] (contested)     |      ^     @ Rule 1, Line 1",1
922,"Syntax Error: Unknown feature 'lenis' at 0:55-61. Did you mean tens?      |     { P:[+voice], P:[-voice] } > { P:[-voice], P:[-voice]:[+lenis] } / #_     |                                                            ^^^^^^     @ Rule 1, Line 1",1
923,"Syntax Error: Unknown feature 'fortis' at 0:43-50. Did you mean contin?      |     { P:[-voice], P:[+voice] } > { P:[-voice]:[+fortis], P:[-voice]:[+lenis] }     |                                                ^^^^^^^     @ Rule 1, Line 1",1
924,"Syntax Error: Expected ',', but received 'h'     |     { h, h } > { hh, h }     |                   ^     @ Rule 1, Line 1",1
925,"Syntax Error: Unknown character Ḱ at '0:0:0'.     |     Ḱ > [+ cons, - fr, + bk, + hi, - lo]     |     ^     @ Rule 1, Line 1",1
926,"Syntax Error: Unknown feature 'open' at 0:22-27. Did you mean ten?      |     V > V:[+long] / in %:[+open]     |                           ^^^^^     @ Rule 1, Line 1",1
927,"Syntax Error: Expected '_', but received ''     |     { e, o } > { e:[+long], o:[+long] } / in %:[+stress]     |                                                         ^     @ Rule 1, Line 1",1
928,"Syntax Error: Cannot have nested brackets of the same type     |     { {, o,, o:[+long], }, æ:[+long] } > { {, a,, a:[+long], }, e:[+long] }     |       ^     @ Rule 1, Line 1",1
929,"Syntax Error: Unknown feature 'closed' at 0:34-41. Did you mean cons?      |     e > i / :{ _mwhen posttonic in %:[+closed] or when pretonic, _ŋwhen posttonic in %:[+closed] or when pretonic }:     |                                       ^^^^^^^     @ Rule 1, Line 1",1
930,"Syntax Error: Unknown feature 'open' at 0:17-23. Did you mean ten?      |     e > a / _n in %:[+open +posttonic]     |                      ^^^^^^     @ Rule 1, Line 1",1
931,"Syntax Error: Expected ',', but received 'j'     |     { aj, aw } > { ɛ:[+long], u:[+long] } / ,n,r,l} // _{s     |        ^     @ Rule 1, Line 1",1
932,"Syntax Error: Unknown character ḱ at '0:0:0'.     |     ḱ:[+long] > z     |     ^     @ Rule 1, Line 1",1
933,"Syntax Error: Unknown character ḱ at '0:0:1'.     |     {ḱ,k} > j / _{ e, e:[+long] }     |      ^     @ Rule 1, Line 1",1
934,"Syntax Error: Unknown character ḱ at '0:0:1'.     |     {ḱ,k} > ∅ / _{ i, i:[+long] }     |      ^     @ Rule 1, Line 1",1
935,"Syntax Error: Expected end of line, received '('. Did you forget a '/' between the output and environment?     |     ɡ > d͡ʒ (sporadic)     |             ^     @ Rule 1, Line 1",1
936,"Syntax Error: Can't have segments before the beginning of a word     |     V > V:[+long] / in #%     |                        ^     @ Rule 1, Line 1",1
937,"Syntax Error: Unknown character “ at '0:0:10'.     |     {d,l} > r “in:[+laryngeal]ieroglyphic Luwian, occasionally”     |               ^     @ Rule 1, Line 1",1
938,"Syntax Error: Unknown character “ at '0:0:14'.     |     hh > ∅ / :{ _w“medially, and sporadically”, _m“medially, and sporadically”, _n“medially, and sporadically”, _r“medially, and sporadically”, _l“medially, and sporadically” }:     |                   ^     @ Rule 1, Line 1",1
939,"Syntax Error: Unknown feature 'open' at 0:65-70. Did you mean ten?      |     { P:[+voice], S } > { P:[+voice]:[+long], S:[+long] } / e_ in %:[+open]     |                                                                      ^^^^^     @ Rule 1, Line 1",1
940,"Syntax Error: Cannot have nested brackets of the same type     |     { {ɛ,e}:[+long], æ:[+long] } > { i:[+long], a:[+long] }     |       ^     @ Rule 1, Line 1",1
941,"Syntax Error: Expected end of line, received ':'. Did you forget a '/' between the output and environment?     |     kʷ > t / _:[+front]     |               ^     @ Rule 1, Line 1",1
942,"Syntax Error: Expected end of line, received ':'. Did you forget a '/' between the output and environment?     |     kʷ > k / _:[+front], in Milyan     |               ^     @ Rule 1, Line 1",1
943,"Syntax Error: Unknown character ́ at '0:0:2'.     |     {ɡ́,ɡ} > j / _{ e, e:[+long] }     |       ^     @ Rule 1, Line 1",1
944,"Syntax Error: Unknown character ́ at '0:0:2'.     |     {ɡ́,ɡ} > ∅ / _{ i, i:[+long] }     |       ^     @ Rule 1, Line 1",1
945,"Syntax Error: Unknown character “ at '0:0:13'.     |     s > z / :{ _S“(in Milyan, this happened after the change of ḱ to s)”, _j“(in Milyan, this happened after the change of ḱ to s)”, _w“(in Milyan, this happened after the change of ḱ to s)” }:     |                  ^     @ Rule 1, Line 1",1
946,"Syntax Error: Unknown character ḱ at '0:0:0'.     |     ḱ > s     |     ^     @ Rule 1, Line 1",1
947,"Syntax Error: Expected end of line, received ':'. Did you forget a '/' between the output and environment?     |     h > ɡ / _:[+back]     |              ^     @ Rule 1, Line 1",1
948,"Syntax Error: Expected end of line, received ':'. Did you forget a '/' between the output and environment?     |     h > k / [+front]_:[+front] (probably a palatal stop)     |                      ^     @ Rule 1, Line 1",1
949,"Syntax Error: Expected end of line, received ':'. Did you forget a '/' between the output and environment?     |     h > q / _:[+front] (possibly plain velar stop)     |              ^     @ Rule 1, Line 1",1
950,"Syntax Error: Expected '_', but received ''     |     h > x / (possibly a uvular stop)     |                                     ^     @ Rule 1, Line 1",1
951,"Syntax Error: Cannot have nested brackets of the same type     |     { {ɛ,e}:[+long], o, æ:[+long] } > { i:[+long], e, a:[+long] }     |       ^     @ Rule 1, Line 1",1
952,"Syntax Error: Expected ASCII character, but received ',' at 0:0:14.     |     e > a / _%:[+u, a]     |                   ^     @ Rule 1, Line 1",1
953,"Syntax Error: Expected ASCII character, but received ',' at 0:0:14.     |     a > e / _%:[+e, i]     |                   ^     @ Rule 1, Line 1",1
954,"Syntax Error: Expected '>', '->' or '=>', but received 'ʷ'     |     [+ cons, - fr, + bk, + hi, - lo]ʷ > [+ cons, - fr, + bk, + hi, - lo] / _V:[+round]     |                                     ^     @ Rule 1, Line 1",1
955,"Syntax Error: Unknown character ’ at '0:0:20'.     |     {m,n} > ʋ / _# (that’s a Greek nu, I’m not sure what it’s supposed to represent)     |                         ^     @ Rule 1, Line 1",1
956,"Syntax Error: Expected an IPA character, Primative or Matrix, but received '>'     |     w ( > v?) / s_     |         ^     @ Rule 1, Line 1",1
957,"Syntax Error: Expected '>', '->' or '=>', but received ')'     |     v?) > f / s_     |       ^     @ Rule 1, Line 1",1
958,"Syntax Error: Unknown feature 'closed' at 0:31-38. Did you mean cons?      |     {e,a,o} > e:[+long] / _N in %:[+closed]     |                                    ^^^^^^^     @ Rule 1, Line 1",1
959,"Syntax Error: Unknown feature 'open' at 0:31-36. Did you mean ten?      |     {e,a,o} > a:[+long] / _N in %:[+open]     |                                    ^^^^^     @ Rule 1, Line 1",1
960,"Syntax Error: Expected '_', but received ''     |     {e,o} > a / in %:[-stress]     |                               ^     @ Rule 1, Line 1",1
961,"Syntax Error: Cannot have nested brackets of the same type     |     { {, o,, o:[+long], }, e:[+long], æ:[+long] } > { {, a,, a:[+long], }, i:[+long], a:[+long] }     |       ^     @ Rule 1, Line 1",1
962,"Syntax Error: Unknown feature 'open' at 0:19-24. Did you mean ten?      |     V > V:[+long] / %:[+open]     |                        ^^^^^     @ Rule 1, Line 1",1
963,"Syntax Error: Expected '_', but received ''     |     e > i / pretonic     |                     ^     @ Rule 1, Line 1",1
964,"Syntax Error: Unknown feature 'open' at 0:24-29. Did you mean ten?      |     e > a / posttonic in %:[+open]     |                             ^^^^^     @ Rule 1, Line 1",1
965,"Syntax Error: Unknown feature 'closed' at 0:44-51. Did you mean cons?      |     { a, e } > { a:[+long], e:[+long] } / in %:[+closed]     |                                                 ^^^^^^^     @ Rule 1, Line 1",1
966,"Syntax Error: Unknown character “ at '0:0:6'.     |     hhy > “something like /ʒ/”     |           ^     @ Rule 1, Line 1",1
967,"Syntax Error: Unknown character í at '0:0:13'.     |     w > j / in *díwot͡s > P:[-voice]iyaz ‘sun-god’; conditioning unknown     |                  ^     @ Rule 1, Line 1",1
968,"Syntax Error: Cannot have nested brackets of the same type     |     { {e,i}:[+long], {u,o}:[+long] } > { i, u }     |       ^     @ Rule 1, Line 1",1
969,"Syntax Error: Cannot have nested brackets of the same type     |     { {e,o}j, ɛw } > { ɛj, ow }     |       ^     @ Rule 1, Line 1",1
970,"Syntax Error: Expected end of line, received '('. Did you forget a '/' between the output and environment?     |     {e,o} > a (rare)     |               ^     @ Rule 1, Line 1",1
971,"Syntax Error: Expected ',', but received 'j'     |     { ej, ia } > { e, ɛa }     |        ^     @ Rule 1, Line 1",1
972,"Syntax Error: Expected '_', but received ''     |     {i,u} > ə / in some unstressed syllables     |                                             ^     @ Rule 1, Line 1",1
973,"Syntax Error: Expected ',', but received 'j'     |     { e, oj, ɛa } > { i, u, ɛ } / when unstressed     |           ^     @ Rule 1, Line 1",1
974,"Syntax Error: Unknown character ḱ at '0:0:5'.     |     { p, ḱ, kʷ } > { {w,v}, s, kʰ }     |          ^     @ Rule 1, Line 1",1
975,"Syntax Error: Unknown character ́ at '0:0:1'.     |     ɡ́ > t͡s (?)     |      ^     @ Rule 1, Line 1",1
976,"Syntax Error: Unknown character ́ at '0:0:11'.     |     { bʱ, dʱ, ɡ́ʱ, ɡʷʱ } > { p, t, j, k } / #_     |                ^     @ Rule 1, Line 1",1
977,"Syntax Error: Unknown character ́ at '0:0:11'.     |     { bʱ, dʱ, ɡ́ʱ, ɡʱ, ɡʷʱ } > { {w,v}, d, z, ɡ, ʒ }     |                ^     @ Rule 1, Line 1",1
978,"Syntax Error: Expected ',', but received 'k'     |     {sk,ks} kʲ > t͡sʰ t͡ʃʰ (?)     |       ^     @ Rule 1, Line 1",1
979,"Syntax Error: Expected ',', but received 'r'     |     {sr,rs} > r:[+long]     |       ^     @ Rule 1, Line 1",1
980,"Syntax Error: Expected ',', but received 's'     |     { Ns, sN } > { s, N }     |        ^     @ Rule 1, Line 1",1
981,"Syntax Error: Expected '_', but received ''     |     VN > V:[+nasal] / _#, in polysyllables     |                                           ^     @ Rule 1, Line 1",1
982,"Syntax Error: Expected '_', but received ''     |     V:[+nasal] > V / _#, in polysyllables     |                                          ^     @ Rule 1, Line 1",1
983,"Syntax Error: Unknown character ( at '0:0:2'.     |     V > (?) / _#, in polysyllables     |       ^     @ Rule 1, Line 1",1
984,"Syntax Error: Expected '_', but received ''     |     N > n / _#, in monosyllables     |                                 ^     @ Rule 1, Line 1",1
985,"Syntax Error: Expected '>', '->' or '=>', but received '̩'     |     N̩ > n / _#     |      ^     @ Rule 1, Line 1",1
986,"Syntax Error: Expected ',', but received 'm'     |     { m̩, n̩, r̩, l̩ } > { am, an, ar, aɫ }     |                             ^     @ Rule 1, Line 1",1
987,"Syntax Error: Unknown character ( at '0:0:2'.     |     V > (?) / _(C)#     |       ^     @ Rule 1, Line 1",1
988,"Syntax Error: Unknown character ́ at '0:0:7'.     |     { bʱ, ɡ́ʱ, ɡʷʱ } > { b, j, k } / #_     |            ^     @ Rule 1, Line 1",1
989,"Syntax Error: Unknown character ́ at '0:0:11'.     |     { bʱ, dʱ, ɡ́ʱ, ɡʱ, ɡʷʱ } > { {w,v}, d, z, ɡ, ʒ } // _#     |                ^     @ Rule 1, Line 1",1
990,"Syntax Error: Unknown character ́ at '0:0:7'.     |     { bʱ, ɡ́ʱ, ɡʷʱ } > { b, j, ɡ } / #_     |            ^     @ Rule 1, Line 1",1
991,"Syntax Error: Unknown character ́ at '0:0:7'.     |     bʱ dʱ ɡ́ʱ ɡʱ ɡʷʱ > p t j k / #_     |            ^     @ Rule 1, Line 1",1
992,"Syntax Error: Unknown character ́ at '0:0:11'.     |     { bʱ, dʱ, ɡ́ʱ } > { b, d, z }     |                ^     @ Rule 1, Line 1",1
993,"Syntax Error: Unknown character ḱ at '0:0:2'.     |     { ḱ, ɡ́ } > { s, z }     |       ^     @ Rule 1, Line 1",1
994,"Syntax Error: Expected ',', but received '('     |     { kʷ, ɡʷ(ʱ) } > { t͡ʃ, d͡ʒ } / _:[+front]     |             ^     @ Rule 1, Line 1",1
995,"Syntax Error: Expected ',', but received '('     |     { k, kʷ, ɡʷ(ʱ) } > { x, k, ɡ }     |                ^     @ Rule 1, Line 1",1
996,"Syntax Error: Unknown character š at '0:0:5'.     |     rt > š ([+affricate]lex Fink says that the realization of /š/ “is unclear”)     |          ^     @ Rule 1, Line 1",1
997,"Syntax Error: Cannot have nested brackets of the same type     |     {l̩,r̩} > ər(ə(r))     |                   ^     @ Rule 1, Line 1",1
998,"Syntax Error: Cannot have nested brackets of the same type     |     { o, o:[+long] } > { {a,a:[+long]}, a:[+long] }     |                          ^     @ Rule 1, Line 1",1
999,"Syntax Error: Unknown character — at '0:0:0'.     |     — he he he > e a o     |     ^     @ Rule 1, Line 1",1
1000,"Syntax Error: Unknown character — at '0:0:0'.     |     — eh eh eh > e:[+long] a:[+long] o:[+long]     |     ^     @ Rule 1, Line 1",1
1001,"Syntax Error: Unknown character — at '0:0:0'.     |     —:[+laryngeal] > a / C_C // #_     |     ^     @ Rule 1, Line 1",1
1002,"Syntax Error: Unknown character — at '0:0:0'.     |     — SS > s:[+long]     |     ^     @ Rule 1, Line 1",1
1003,"Syntax Error: Unknown character — at '0:0:0'.     |     — ∅ > a / CS_:[+laryngeal]C     |     ^     @ Rule 1, Line 1",1
1004,"Syntax Error: Unknown character — at '0:0:0'.     |     —:[+laryngeal] > ∅ / V_C when pretonic     |     ^     @ Rule 1, Line 1",1
1005,"Syntax Error: Unknown character — at '0:0:0'.     |     —:[+laryngeal] > a / #S_C     |     ^     @ Rule 1, Line 1",1
1006,"Syntax Error: Unknown character — at '0:0:0'.     |     — Ḱ > [+ cons, - fr, + bk, + hi, - lo]     |     ^     @ Rule 1, Line 1",1
1007,"Syntax Error: Unknown character — at '0:0:0'.     |     — ɡʷ > b     |     ^     @ Rule 1, Line 1",1
1008,"Syntax Error: Unknown character — at '0:0:0'.     |     — h > ∅ / C_     |     ^     @ Rule 1, Line 1",1
1009,"Syntax Error: Unknown character — at '0:0:0'.     |     — ∅ > i / C{l,r}S     |     ^     @ Rule 1, Line 1",1
1010,"Syntax Error: Unknown character — at '0:0:0'.     |     — e > a / _Sa (short a only),     |     ^     @ Rule 1, Line 1",1
1011,"Syntax Error: Unknown character — at '0:0:0'.     |     — ∅ > a / C_SC     |     ^     @ Rule 1, Line 1",1
1012,"Syntax Error: Unknown character — at '0:0:0'.     |     —:[+laryngeal] > ∅ / if not in a syllabic position     |     ^     @ Rule 1, Line 1",1
1013,"Syntax Error: Unknown character — at '0:0:0'.     |     — p…kʷ > kʷ…kʷ     |     ^     @ Rule 1, Line 1",1
1014,"Syntax Error: Unknown character — at '0:0:0'.     |     — e:[+long] > i:[+long]     |     ^     @ Rule 1, Line 1",1
1015,"Syntax Error: Unknown character — at '0:0:0'.     |     — o:[+long] > u:[+long] / in %#     |     ^     @ Rule 1, Line 1",1
1016,"Syntax Error: Unknown character — at '0:0:0'.     |     — V:[+long] > V:[-long] / _SC     |     ^     @ Rule 1, Line 1",1
1017,"Syntax Error: Unknown character — at '0:0:0'.     |     — CC > xC / if C was a plosive or s     |     ^     @ Rule 1, Line 1",1
1018,"Syntax Error: Unknown character — at '0:0:0'.     |     — p > b / :{ _r, _l }:     |     ^     @ Rule 1, Line 1",1
1019,"Syntax Error: Unknown character — at '0:0:0'.     |     — p > w / [+back]_N     |     ^     @ Rule 1, Line 1",1
1020,"Syntax Error: Unknown character — at '0:0:0'.     |     — p > f     |     ^     @ Rule 1, Line 1",1
1021,"Syntax Error: Unknown character — at '0:0:0'.     |     — o:[+long] ej > a:[+long] e:[+long]     |     ^     @ Rule 1, Line 1",1
1022,"Syntax Error: Unknown character — at '0:0:0'.     |     — e > o / _w     |     ^     @ Rule 1, Line 1",1
1023,"Syntax Error: Unknown character — at '0:0:0'.     |     — u > o / _wO     |     ^     @ Rule 1, Line 1",1
1024,"Syntax Error: Unknown character “ at '0:0:0'.     |     “P:[-voice]he PI:[+front] rules for the voicing of s > z, as in:[nizdos] for *nisdos, are assumed to apply”     |     ^     @ Rule 1, Line 1",1
1025,"Syntax Error: Expected '>', '->' or '=>', but received 'ʱ'     |     Cʱ > C     |      ^     @ Rule 1, Line 1",1
1026,"Syntax Error: Expected '_', but received ','     |     e:[+long] > i:[+long] / ,u} // _{i     |                             ^     @ Rule 1, Line 1",1
1027,"Syntax Error: Cannot have nested brackets of the same type     |     { r̩, l̩ } > { {ri,ra}, {li,la} } / :{ _S(which vowel crops up is unpredictable), _S(which vowel crops up is unpredictable) }:     |                    ^     @ Rule 1, Line 1",1
1028,"Syntax Error: Cannot have nested brackets of the same type     |     { r̩, l̩ } > { {ra,ar}, {la,al} } / :{ _s(the result͡s are unpredictable), _CC(the result͡s are unpredictable), _V(the result͡s are unpredictable), _#(the result͡s are unpredictable) }:     |                    ^     @ Rule 1, Line 1",1
1029,"Syntax Error: Expected ',', but received 'm'     |     { m̩, n̩ } > { am, an } / :{ _s, _({m, _j, _w)V }:     |                     ^     @ Rule 1, Line 1",1
1030,"Syntax Error: Expected ',', but received 'm'     |     { m̩, n̩ } > { em, en }     |                     ^     @ Rule 1, Line 1",1
1031,"Syntax Error: Expected end of line, received '}'. Did you forget a '/' between the output and environment?     |     ɡʷ > b / #_V , _u:[+long] } // { _u     |                               ^     @ Rule 1, Line 1",1
1032,"Syntax Error: Unknown character “ at '0:0:94'.     |     { p, t, k, kʷ, b, d, ɡ, m, n, l, r, s } > { f, θ, x, xʷ, v, ð, ɣ, M, N, L, S, h } / :{ V(#)_S(“:[+approximant]e don’t know the exact values of lenited /m n l r/.:[+approximant]e can guess that lenited m became a nasalized labial continuant of some sort, but beyond that, we don’t know.”), V(#)_V(“:[+approximant]e don’t know the exact values of lenited /m n l r/.:[+approximant]e can guess that lenited m became a nasalized labial continuant of some sort, but beyond that, we don’t know.”) }:     |                                                                                                   ^     @ Rule 1, Line 1",1
1033,"Syntax Error: Malformed Comment: Expected ';;', but received '; ' at 0:0:12     |     m > n / V_#; :[i]t is     |                 ^     @ Rule 1, Line 1",1
1034,"Syntax Error: Malformed Comment: Expected ';;', but received '; ' at 0:0:20     |     V:[+long] > V / _N#; :[i]t is     |                         ^     @ Rule 1, Line 1",1
1035,"Syntax Error: Can't have segments before the beginning of a word     |     p > b / n#_V     |              ^     @ Rule 1, Line 1",1
1036,"Syntax Error: Can't have segments before the beginning of a word     |     t > d / n#_V     |              ^     @ Rule 1, Line 1",1
1037,"Syntax Error: Can't have segments before the beginning of a word     |     k > ɡ / n#_V     |              ^     @ Rule 1, Line 1",1
1038,"Syntax Error: Can't have segments before the beginning of a word     |     kʷ > ɡʷ / n#_V     |                ^     @ Rule 1, Line 1",1
1039,"Syntax Error: Can't have segments before the beginning of a word     |     b > mb / n#_V     |               ^     @ Rule 1, Line 1",1
1040,"Syntax Error: Can't have segments before the beginning of a word     |     d > nd / n#_V     |               ^     @ Rule 1, Line 1",1
1041,"Syntax Error: Can't have segments before the beginning of a word     |     ɡ > ŋɡ / n#_V     |               ^     @ Rule 1, Line 1",1
1042,"Syntax Error: Can't have segments before the beginning of a word     |     ∅ > n / n#_V     |              ^     @ Rule 1, Line 1",1
1043,"Syntax Error: Expected an IPA character, Primative or Matrix, but received '…'     |     o:[+long] > u:[+long] / _(C…)#     |                                ^     @ Rule 1, Line 1",1
1044,"Syntax Error: Expected end of line, received ':'. Did you forget a '/' between the output and environment?     |     V:[+long] > V:[-long] / _:[+laryngeal] (includes diphthongs)     |                              ^     @ Rule 1, Line 1",1
1045,"Syntax Error: Unknown character — at '0:0:0'.     |     — e > i / _(C…)#     |     ^     @ Rule 1, Line 1",1
1046,"Syntax Error: Unknown character — at '0:0:0'.     |     — o > a / :{ _(C…)#, _u# }:     |     ^     @ Rule 1, Line 1",1
1047,"Syntax Error: Unknown character — at '0:0:0'.     |     — {ai,oi} > i:[+long] / _#     |     ^     @ Rule 1, Line 1",1
1048,"Syntax Error: Unknown character — at '0:0:0'.     |     — i u > e o / _C(…C){{ a, a:[+long] }{ ,e, ,e:[+long] }{ ,o, ,o:[+long] }}     |     ^     @ Rule 1, Line 1",1
1049,"Syntax Error: Unknown character — at '0:0:0'.     |     — e o > i u / _C(…C){[+laryngeal],j}     |     ^     @ Rule 1, Line 1",1
1050,"Syntax Error: Expected end of line, received 'ʲ'. Did you forget a '/' between the output and environment?     |     C > Cʲ / :{ _F, _j }:     |          ^     @ Rule 1, Line 1",1
1051,"Syntax Error: Expected end of line, received 'ʷ'. Did you forget a '/' between the output and environment?     |     C > Cʷ / :{ _[+back], _w }:     |          ^     @ Rule 1, Line 1",1
1052,"Syntax Error: Unknown character — at '0:0:0'.     |     — n > ∅ / :{ {i,o,u}_p, {i,o,u}_t, {i,o,u}_k, {i,o,u}_s }:     |     ^     @ Rule 1, Line 1",1
1053,"Syntax Error: Unknown character — at '0:0:0'.     |     — {a,e}n > e:[+long] / :{ _p t k s }:     |     ^     @ Rule 1, Line 1",1
1054,"Syntax Error: Unknown character — at '0:0:0'.     |     — {p,t} > ∅ / #s_r     |     ^     @ Rule 1, Line 1",1
1055,"Syntax Error: Unknown character — at '0:0:0'.     |     — {p,t} > ∅ / #s_ (although it says that occasionally st > t / #_)     |     ^     @ Rule 1, Line 1",1
1056,"Syntax Error: Unknown character — at '0:0:0'.     |     — s > ∅ / [anything]{l,r}_O     |     ^     @ Rule 1, Line 1",1
1057,"Syntax Error: Unknown character — at '0:0:0'.     |     — hn hm > n:[+long] m:[+long] / [anything]_ (:[t]his change is a bit speculative)     |     ^     @ Rule 1, Line 1",1
1058,"Syntax Error: Unknown character — at '0:0:0'.     |     — st zd > s:[+long] d:[+long] / [anything]_     |     ^     @ Rule 1, Line 1",1
1059,"Syntax Error: Unknown character — at '0:0:0'.     |     — {l,h}l {l,h}r l{p,s,n} r{p,s} ln > l:[+long] r:[+long] l:[+long] r:[+long] (l:[+long]?) / [anything]_     |     ^     @ Rule 1, Line 1",1
1060,"Syntax Error: Unknown character — at '0:0:0'.     |     — C:[+long] > C:[-long]     |     ^     @ Rule 1, Line 1",1
1061,"Syntax Error: Can't have segments after the end of a word     |     V > ∅ / C_# when unstressed // C = j     |               ^     @ Rule 1, Line 1",1
1062,"Syntax Error: Malformed Comment: Expected ';;', but received '; ' at 0:0:53     |     C(…C) > ∅ / _# // /l r/ and clusters containing them; :[t]his remained a phonologically conditioned rule in OIr     |                                                          ^     @ Rule 1, Line 1",1
1063,"Syntax Error: Expected ',', but received 'u'     |     {au,eu,ou} > o:[+long]     |       ^     @ Rule 1, Line 1",1
1064,"Syntax Error: Feature 'anything' has no modifier at 0:20-28.     |     o:[+long] > ua / _:[anything],     |                         ^^^^^^^^     @ Rule 1, Line 1",1
1065,"Syntax Error: Malformed Comment: Expected ';;', but received '; ' at 0:0:36     |     e:[+long] > ia / :{ _#when stressed; “ai and oi remain, but are written as <ae ai oe oi> seemingly randomly”, _Cʲwhen stressed; “ai and oi remain, but are written as <ae ai oe oi> seemingly randomly” }:     |                                         ^     @ Rule 1, Line 1",1
1066,"Syntax Error: Unknown character — at '0:0:0'.     |     — V:[+long] > V:[-long]     |     ^     @ Rule 1, Line 1",1
1067,"Syntax Error: Unknown character — at '0:0:0'.     |     — a > e / _#     |     ^     @ Rule 1, Line 1",1
1068,"Syntax Error: Unknown character — at '0:0:0'.     |     — {e,o} > a / _:[anything]     |     ^     @ Rule 1, Line 1",1
1069,"Syntax Error: Malformed Comment: Expected ';;', but received '; ' at 0:0:21     |     V > V:[+long] / _#, ; :[t]his remained as a phonologically conditioned rule in OIr     |                          ^     @ Rule 1, Line 1",1
1070,"Syntax Error: Malformed Comment: Expected ';;', but received '; ' at 0:0:17     |     VOS > V:[+long]S; “this is a tad unclear, because in some instances it didn’t seem to apply”     |                      ^     @ Rule 1, Line 1",1
1071,"Syntax Error: Cannot have nested brackets of the same type     |     V > ∅ / #%%(_)%(%(_)%) / unstressed; this remained as a phonologically conditioned rule in OIr; :[t]hat’s a little unclear, so let me try and enumerate: in words of more than three syllables, every other vowel (only the even ones) dropped, if it’s unstressed. In some words, syncope didn’t apply because it would create an unwieldy consonant cluster: so PI:[+front] *komaktyom → OIr cumachte, not *cumchte     |                      ^     @ Rule 1, Line 1",1
1072,"Syntax Error: Expected end of line, received '('. Did you forget a '/' between the output and environment?     |     st > s:[+long] (with some exceptions)     |                    ^     @ Rule 1, Line 1",1
1073,"Syntax Error: Expected '_', but received ''     |     V > ə / _(C)#, also in proclitics     |                                      ^     @ Rule 1, Line 1",1
1074,"Syntax Error: Expected ',', but received 'u'     |     {au,eu,ou} > ∅     |       ^     @ Rule 1, Line 1",1
1075,"Syntax Error: Cannot have nested brackets of the same type     |     { u:[+long], {oi,ɔ:[+long]} } > { y:[+long], u:[+long] }     |                  ^     @ Rule 1, Line 1",1
1076,"Syntax Error: Cannot have nested brackets of the same type     |     { p, t, k, {b,m}, d, ɡ } > { b, d, ɡ, v, ð, ɣ } / _V     |                ^     @ Rule 1, Line 1",1
1077,"Syntax Error: Cannot have nested brackets of the same type     |     { a, o } > { ei, {ɨ,ei} } / _(C…)j(C…)#     |                      ^     @ Rule 1, Line 1",1
1078,"Syntax Error: Expected an IPA character, Primative or Matrix, but received '…'     |     a > ɨ, ei / _(C…)j(C…)#     |                    ^     @ Rule 1, Line 1",1
1079,"Syntax Error: Expected an IPA character, Primative or Matrix, but received '…'     |     V > ɨ / _(C…)j(C…)#     |                ^     @ Rule 1, Line 1",1
1080,"Syntax Error: Expected an IPA character, Primative or Matrix, but received '…'     |     {a,o} > e / _(C…){ i, i:[+long] }     |                    ^     @ Rule 1, Line 1",1
1081,"Syntax Error: Expected an IPA character, Primative or Matrix, but received '…'     |     {a,e,o} > ei / _(C…)j     |                       ^     @ Rule 1, Line 1",1
1082,"Syntax Error: Expected ',', but received 'b'     |     { mb, nd, ŋɡ } > { m:[+long], n:[+long], ŋ:[+long] }     |        ^     @ Rule 1, Line 1",1
1083,"Syntax Error: Unknown feature 'intertonic' at 0:11-22. Did you mean anterior?      |     V > ∅ / _:[+intertonic]     |                ^^^^^^^^^^^     @ Rule 1, Line 1",1
1084,"Syntax Error: Unknown character ̊ at '0:0:28'.     |     { mp, nt, ŋk } > { m̥, n̥, ŋ̊ }     |                                 ^     @ Rule 1, Line 1",1
1085,"Syntax Error: Expected '_', but received ','     |     e > je / in open syllables,     |                               ^     @ Rule 1, Line 1",1
1086,"Syntax Error: Expected '_', but received ','     |     e > ja / in closed syllables,     |                                 ^     @ Rule 1, Line 1",1
1087,"Syntax Error: Expected ',', but received 'i'     |     { oi, wo, wj, ow } > { ai, wa, vi, aw }     |        ^     @ Rule 1, Line 1",1
1088,"Syntax Error: Unknown character “ at '0:0:13'.     |     ei > {ei,i} (“PI:[+front] *ei evolution is not well reconstructed yet”)     |                  ^     @ Rule 1, Line 1",1
1089,"Syntax Error: Unknown character ́ at '0:0:11'.     |     { bʱ, dʱ, ɡ́ʱ, ɡʱ, ɡʷʱ } > { b, d, ɡ́, ɡ, ɡʷ }     |                ^     @ Rule 1, Line 1",1
1090,"Syntax Error: Unknown character ḱ at '0:0:2'.     |     { ḱ, ɡ́ } > { t͡s, d͡z }     |       ^     @ Rule 1, Line 1",1
1091,"Syntax Error: Expected end of line, received '('. Did you forget a '/' between the output and environment?     |     {kʷ,kʷ} {ɡʷ,ɡʷ} > t͡ʃ d͡ʒ ( / _:[+front]     |                               ^     @ Rule 1, Line 1",1
1092,"Syntax Error: Expected an IPA character, Primative or Matrix, but received '('     |     { t͡ʃ, d͡ʒ, ( } > { s~z, z, ?) } / _:[+front]     |                 ^     @ Rule 1, Line 1",1
1093,"Syntax Error: Cannot have nested brackets of the same type     |     { {kʷ,kʷ}, {ɡʷ,ɡʷ} } > { k, ɡ }     |       ^     @ Rule 1, Line 1",1
1094,"Syntax Error: Unknown character “ at '0:0:18'.     |     f θ s x > β ð z ɣ “([+front]xcept initially or following I:[+front] stress)”     |                       ^     @ Rule 1, Line 1",1
1095,"Syntax Error: Cannot have nested brackets of the same type     |     { {i,j}, {u,w} } > { j, w } / V:[+short]C_     |       ^     @ Rule 1, Line 1",1
1096,"Syntax Error: Cannot have nested brackets of the same type     |     { {i,j}, {u,w} } > { ij, uw }     |       ^     @ Rule 1, Line 1",1
1097,"Syntax Error: Expected ',', but received 'i'     |     { ei, oi } > { i:[+long], ai }     |        ^     @ Rule 1, Line 1",1
1098,"Syntax Error: Expected ',', but received 'i'     |     e:[+long]i {o:[+long]i,a:[+long]i} > e:[+long] o:[+long] (?)     |                          ^     @ Rule 1, Line 1",1
1099,"Syntax Error: Expected ',', but received 'u'     |     { eu, ou } > { iu, au }     |        ^     @ Rule 1, Line 1",1
1100,"Syntax Error: Unknown character — at '0:0:0'.     |     — o e > u i     |     ^     @ Rule 1, Line 1",1
1101,"Syntax Error: Unknown character — at '0:0:0'.     |     — u > ɔ / :{ _r(unless this r “arose from older s by assimilation”), _h(unless this r “arose from older s by assimilation”) }:     |     ^     @ Rule 1, Line 1",1
1102,"Syntax Error: Unknown character — at '0:0:0'.     |     — i > ɛ / :{ _r, _h, _ʍ }:     |     ^     @ Rule 1, Line 1",1
1103,"Syntax Error: Unknown character — at '0:0:0'.     |     — æ:[+long] > e:[+long]     |     ^     @ Rule 1, Line 1",1
1104,"Syntax Error: Unknown character — at '0:0:0'.     |     — ew > iw     |     ^     @ Rule 1, Line 1",1
1105,"Syntax Error: Unknown character — at '0:0:0'.     |     — V:[-long] > ∅ / _# // V = u     |     ^     @ Rule 1, Line 1",1
1106,"Syntax Error: Unknown character — at '0:0:0'.     |     — V:[-long] > ∅ / %_C# // V = u     |     ^     @ Rule 1, Line 1",1
1107,"Syntax Error: Unknown character — at '0:0:0'.     |     — aj > a / %_#     |     ^     @ Rule 1, Line 1",1
1108,"Syntax Error: Expected '_', but received ''     |     iw > ju / [-stress]     |                        ^     @ Rule 1, Line 1",1
1109,"Syntax Error: Expected ',', but received 'w'     |     { o:[+long]w, æ:[+long]j } > { ɔ:[+long], ɛ:[+long] } / _V     |                ^     @ Rule 1, Line 1",1
1110,"Syntax Error: Can't have segments after the end of a word     |     j > i / C_# after the loss of a final vowel or syllable     |               ^     @ Rule 1, Line 1",1
1111,"Syntax Error: Can't have segments after the end of a word     |     ij > i / _# after the loss of a final vowel or syllable     |               ^     @ Rule 1, Line 1",1
1112,"Syntax Error: Expected ':', but received 't'     |     Vw > u / _s (to wit, the vowel is deleted and the *w syllabifies)     |                          ^     @ Rule 1, Line 1",1
1113,"Syntax Error: Expected an IPA character, Primative or Matrix, but received '…'     |     iji > i:[+long] / %:[-stress](C…)_     |                                    ^     @ Rule 1, Line 1",1
1114,"Syntax Error: A syllable can only have parameters stress and tone     |     iji > i:[+long] / %:[+ long     |                          ^^^^^^     @ Rule 1, Line 1",1
1115,"Syntax Error: Expected '_', but received ''     |     m > β / C:[-voice]_n, when medial     |                                      ^     @ Rule 1, Line 1",1
1116,"Syntax Error: Expected '_', but received ''     |     m > ɸ / C:[+voice]_n, when medial     |                                      ^     @ Rule 1, Line 1",1
1117,"Syntax Error: Expected '_', but received ''     |     z > s / _#,     |                ^     @ Rule 1, Line 1",1
1118,"Syntax Error: Feature 't' has no modifier at 0:13-14.     |     s > r / in :[t]he prep:[osition]. us…before r in compounds     |                  ^     @ Rule 1, Line 1",1
1119,"Syntax Error: Feature 't' has no modifier at 0:13-14.     |     s > ∅ / in :[t]he prep:[osition]. us…in compounds before st,     |                  ^     @ Rule 1, Line 1",1
1120,"Syntax Error: Unknown character ” at '0:0:35'.     |     { β, ð, ɣ } > { b, d, ɡ } / :{ #_, ”V_ }:     |                                        ^     @ Rule 1, Line 1",1
1121,"Syntax Error: Expected number, but received r      |     C > C:[+long] / _j // C = r     |                               ^     @ Rule 1, Line 1",1
1122,"Syntax Error: Unknown character Ṽ at '0:0:5'.     |     VN > Ṽ:[+long] / _F     |          ^     @ Rule 1, Line 1",1
1123,"Syntax Error: Unknown character ã at '0:0:54'.     |     a > æ:[+long] / , includes diphthongs // :[+back] or *ã in next syllable     |                                                           ^     @ Rule 1, Line 1",1
1124,"Syntax Error: Expected ',', but received '('     |     { k, ɡ } > { t͡ʃ, j(?) }     |                        ^     @ Rule 1, Line 1",1
1125,"Syntax Error: Unknown character “ at '0:0:22'.     |     æ:[+long] > a:[+long] “under to:[sic] the influence of neighboring consonant͡s”, but the article doesn’t elaborate     |                           ^     @ Rule 1, Line 1",1
1126,"Syntax Error: Expected end of line, received '('. Did you forget a '/' between the output and environment?     |     æu > au (æ / _:[+back] in general?)     |             ^     @ Rule 1, Line 1",1
1127,"Syntax Error: Expected an IPA character, Primative or Matrix, but received '>'     |     au (æ > a / _:[+back] in general?)     |           ^     @ Rule 1, Line 1",1
1128,"Syntax Error: Expected '_', but received ''     |     { i, o } > { e, a } / unstressed     |                                     ^     @ Rule 1, Line 1",1
1129,"Syntax Error: Cannot have nested brackets of the same type     |     { ai, au, eu } > { {e:[+long],a:[+long]}, a:[+long], ia }     |                        ^     @ Rule 1, Line 1",1
1130,"Syntax Error: Expected ',', but received 'a'     |     { ia, iu } > { ja:[+long], ju:[+long] }     |        ^     @ Rule 1, Line 1",1
1131,"Syntax Error: Unknown character ã at '0:0:30'.     |     a > æ / , or if *:[+back] or *ã in next syllable // _N or if nasalized     |                                   ^     @ Rule 1, Line 1",1
1132,"Syntax Error: Expected '->', but received -'#' at 0:0:12     |     {i,u} > ∅ / -# // VC_     |                 ^     @ Rule 1, Line 1",1
1133,"Syntax Error: Unknown character õ at '0:0:13'.     |     ɑ̃:[+long] > õ:[+long]     |                  ^     @ Rule 1, Line 1",1
1134,"Syntax Error: Could not get value of IPA 'ǃ'.     |     {i,u} > ∅/ _# ! V:[-long]C_#     |                   ^     @ Rule 1, Line 1",1
1135,"Syntax Error: Expected '_', but received ''     |     { k, ɣ, ɡ } > { t͡ʃ, ʝ, d͡ʒ } / in certain complex circumstances     |                                                                     ^     @ Rule 1, Line 1",1
1136,"Syntax Error: Malformed Comment: Expected ';;', but received '; ' at 0:0:136     |     V:[+long] > V:[-long] / _C{:[+long],C} ,V} or when preceding a cluster which had triggered a vowel to become long in Old:[+front]nglish; the book gives Christ vs. Christmas as an example // _st{#     |                                                                                                                                             ^     @ Rule 1, Line 1",1
1137,"Syntax Error: Expected ',', but received 'ɑ'     |     { eɑ, e:[+long]ɑ, eo, e:[+long]o } > { ɑ, ɛ:[+long], e, e:[+long] }     |        ^     @ Rule 1, Line 1",1
1138,"Syntax Error: Cannot have nested brackets of the same type     |     {{ æ:[+long]j,e, æ:[+long]j,e:[+long] }j} > ej     |      ^     @ Rule 1, Line 1",1
1139,"Syntax Error: Expected ',', but received 'ɑ'     |     {eɑh,eɑç,eɑx,eɑʝ,eɑɣ} > ɑw     |       ^     @ Rule 1, Line 1",1
1140,"Syntax Error: Expected ',', but received 'ɑ'     |     { e:[+long]ɑw, i:[+long]w } > { ew, ju }     |                ^     @ Rule 1, Line 1",1
1141,"Syntax Error: Expected ',', but received 'w'     |     {ɑ:[+long]w,ɑ:[+long]ɣ,o:[+long]w} > ɔ:[+long]w     |               ^     @ Rule 1, Line 1",1
1142,"Syntax Error: Cannot have nested brackets of the same type     |     {{ o, o:[+long] }ht,ɑ:[+long]ht} > ow     |      ^     @ Rule 1, Line 1",1
1143,"Syntax Error: Cannot have nested brackets of the same type     |     { ɑ:[+long], {, y,, y:[+long], } } > { ɔ:[+long], {, e,, e:[+long], } }     |                  ^     @ Rule 1, Line 1",1
1144,"Syntax Error: Unknown feature 'open' at 0:58-63. Did you mean ten?      |     { ɑ, e, o } > { ɑ:[+long], ɛ:[+long], o:[+long] } / in %:[+open] // in #% with the following % containing /i:[+long]/ or ending in one of /m n r l/     |                                                               ^^^^^     @ Rule 1, Line 1",1
1145,"Syntax Error: Can't have segments before the beginning of a word     |     V:[+long] > V:[-long] / in #% before a % with /i:[+long]/     |                                ^     @ Rule 1, Line 1",1
1146,"Syntax Error: Can't have segments after the end of a word     |     m > n / _# when unstressed     |              ^     @ Rule 1, Line 1",1
1147,"Syntax Error: Can't have segments after the end of a word     |     n > ∅ / _# when unstressed     |              ^     @ Rule 1, Line 1",1
1148,"Syntax Error: Cannot have nested brackets of the same type     |     { hn, {wl,hl}, hr } > { w, l, r }     |           ^     @ Rule 1, Line 1",1
1149,"Syntax Error: Cannot have nested brackets of the same type     |     {{ ɑ:[+long]ht,o, ɑ:[+long]ht,o:[+long] }ht} > ow     |      ^     @ Rule 1, Line 1",1
1150,"Syntax Error: Cannot have nested brackets of the same type     |     { ɑ:[+long], {, y,, y:[+long], } } > { ɔ:[+long], {, i,, i:[+long], } }     |                  ^     @ Rule 1, Line 1",1
1151,"Syntax Error: Could not get value of IPA 'ǃ'.     |     ʊ > ɤ ! P_ and _l     |           ^     @ Rule 1, Line 1",1
1152,"Syntax Error: Expected ',', but received 'b'     |     { mb, ŋɡ } > { m, ŋ } / _#     |        ^     @ Rule 1, Line 1",1
1153,"Syntax Error: Cannot have nested brackets of the same type     |     { a, ɑ, {ɛ,ɪ,ɤ} } > { ɑ:[+long], ɔ:[+long], ɜ:[+long] } / _ɹ{C,#}     |             ^     @ Rule 1, Line 1",1
1154,"Syntax Error: Expected an IPA character, Primative or Matrix, but received ''     |     ɑʊ > ɑ:[+long] / _N (     |                          ^     @ Rule 1, Line 1",1
1155,"Syntax Error: Unknown character ‘ at '0:0:37'.     |     a > ɑ:[+long] / in a few words, like ‘father’     |                                          ^     @ Rule 1, Line 1",1
1156,"Syntax Error: Expected '->', but received -':' at 0:0:49     |     { əɪ, əʊ } > { ɑi, æʊ } / in some part͡s of South-:[+front]astern:[+front]ngland     |                                                      ^     @ Rule 1, Line 1",1
1157,"Syntax Error: Expected ',', but received 'ɪ'     |     { əɪ, əʊ } > { aɪ, aʊ } / in most of:[+back]ritain     |        ^     @ Rule 1, Line 1",1
1158,"Syntax Error: Expected ',', but received 'ɪ'     |     { e:[+long], o:[+long] } > { eɪ, oʊ } // _ɹ     |                                   ^     @ Rule 1, Line 1",1
1159,"Syntax Error: Expected '..', but received .'g' at 0:0:16     |     æ > æ:[+long] (e.g., NYC) or ɑ:[+long] (e.g.,:[+back]oston) / :{ _F:[-voice](“words which change vary between dialect͡s”), _N:[-voice](“words which change vary between dialect͡s”) }:     |                     ^     @ Rule 1, Line 1",1
1160,"Syntax Error: Expected ',', but received 'ə'     |     { æ:[+long], ɑ:[+long], ɔ:[+long] } > { æə~eə, ɑ, ɔ }     |                                              ^     @ Rule 1, Line 1",1
1161,"Syntax Error: Expected end of line, received '('. Did you forget a '/' between the output and environment?     |     ʍ > w (regional)     |           ^     @ Rule 1, Line 1",1
1162,"Syntax Error: Expected '_', but received ''     |     l > ɫ / in some conditions     |                               ^     @ Rule 1, Line 1",1
1163,"Syntax Error: Can't have segments after the end of a word     |     ɪ > i / _# when unstressed     |              ^     @ Rule 1, Line 1",1
1164,"Syntax Error: Unknown character “ at '0:0:14'.     |     æ > ɛə / :{ _n“and others depending on dialect”, _m“and others depending on dialect” }:     |                   ^     @ Rule 1, Line 1",1
1165,"Syntax Error: Expected end of line, received '('. Did you forget a '/' between the output and environment?     |     iə > ɪ (ongoing)     |            ^     @ Rule 1, Line 1",1
1166,"Syntax Error: Cannot have nested brackets of the same type     |     w > ∅ / C_ɹ for some C (toward(s), quart(er), sword)     |                                   ^     @ Rule 1, Line 1",1
1167,"Syntax Error: Expected '->', but received -'f' at 0:0:151     |     { ɜ:[+long]ɹ, ɑ:[+long]ɹ, ɔ:[+long]ɹ, e:[+long]ɹ, o:[+long]ɹ, i:[+long]ɹ, u:[+long]ɹ } > { ɜ:[+long], ɑ:[+long], ɔ:[+long], ɛə, ɔə, ɪə, ʊə } / syllable-finally     |                                                                                                                                                            ^     @ Rule 1, Line 1",1
1168,"Syntax Error: Expected end of line, received '('. Did you forget a '/' between the output and environment?     |     l > ɫ (the conditions of this are not elaborated upon)     |           ^     @ Rule 1, Line 1",1
1169,"Syntax Error: Expected ',', but received 'ʊ'     |     { oʊ, i:[+long] } > { ɔʊ, ɪə } / _ɫ     |        ^     @ Rule 1, Line 1",1
1170,"Syntax Error: Expected ',', but received 'ʊ'     |     { oʊ, i:[+long] } > { əʊ, ɪi }     |        ^     @ Rule 1, Line 1",1
1171,"Syntax Error: Expected '_', but received ''     |     u:[+long] > ʊə / _ɫ // in:[+click]ueensland and New South:[+approximant]ales     |                                                                                 ^     @ Rule 1, Line 1",1
1172,"Syntax Error: Expected '_', but received ''     |     ʊə > u:[+long] / _ɫ // in:[+click]ueensland and New South:[+approximant]ales     |                                                                                 ^     @ Rule 1, Line 1",1
1173,"Syntax Error: Expected '_', but received '/'     |     ɫ > əɫ // if one of the above vowel changes after the formation of /ɫ/ apply     |                                                                        ^     @ Rule 1, Line 1",1
1174,"Syntax Error: Can't have segments after the end of a word     |     ɪ > i:[+long] / _# when unstressed     |                      ^     @ Rule 1, Line 1",1
1175,"Syntax Error: Expected '->', but received -'f' at 0:0:31     |     ɪ > i:[+long] / unstressed foot-finally if the next syllable is stressed and begins with /k ɡ t͡ʃ d͡ʒ ʃ ʒ/     |                                    ^     @ Rule 1, Line 1",1
1176,"Syntax Error: Expected '_', but received ''     |     ɪ > ə / unstressed     |                       ^     @ Rule 1, Line 1",1
1177,"Syntax Error: Expected end of line, received '('. Did you forget a '/' between the output and environment?     |     ɛə ʊə > ɛ:[+long] ɔ:[+long] (ongoing)     |                                 ^     @ Rule 1, Line 1",1
1178,"Syntax Error: Expected '_', but received ','     |     ʊə > o:[+long] / ,d͡ʒ}_ // {j     |                      ^     @ Rule 1, Line 1",1
1179,"Syntax Error: Feature 'above' has no modifier at 0:53-58.     |     ʊə > ʉ:[+long]wə / almost always otherwise, but see:[above vowel changes after /ɫ/ is formed]     |                                                          ^^^^^     @ Rule 1, Line 1",1
1180,"Syntax Error: Expected ',', but received '~'     |     { sʲ, zʲ, lʲ } > { ʃ, ʒ, j~ɫj } / (j~ɫj fluctuation is formality)     |                               ^     @ Rule 1, Line 1",1
1181,"Syntax Error: Expected '->', but received -'/' at 0:0:44     |     ɫj > ɫi / after any segment after which coda-/ɫ/ is forbidden, e.g. failure:[fæiɫiɐ]     |                                                 ^     @ Rule 1, Line 1",1
1182,"Syntax Error: Unknown character ‘ at '0:0:19'.     |     ɔ > ɔ:[+long] / in ‘gone’ and some derivatives     |                        ^     @ Rule 1, Line 1",1
1183,"Syntax Error: Expected '_', but received ''     |     æ > æ:[+long] / _d (rare) // form of a strong verb     |                                                       ^     @ Rule 1, Line 1",1
1184,"Syntax Error: Unknown character → at '0:0:54'.     |     n > ∅ / _# when unstressed (not clear as to whether m → n beforehand in this position or not)     |                                                           ^     @ Rule 1, Line 1",1
1185,"Syntax Error: Expected '_', but received ''     |     ʃ > s / in unstressed syllables     |                                    ^     @ Rule 1, Line 1",1
1186,"Syntax Error: Expected an IPA character, Primative or Matrix, but received '/'     |     {e,ɑ,o} > ə / _#, when unstressed (it appears this sound may also have gone to /ɪ/)     |                                                                                    ^     @ Rule 1, Line 1",1
1187,"Syntax Error: Expected an IPA character, Primative or Matrix, but received '/'     |     ə > ∅ / _#, when unstressed (it appears this sound may also have gone to /ɪ/)     |                                                                              ^     @ Rule 1, Line 1",1
1188,"Syntax Error: Unknown character “ at '0:0:16'.     |     t > ∅ / :{ p_# (“except in some inflected forms” for *kt), k_# (“except in some inflected forms” for *kt) }:     |                     ^     @ Rule 1, Line 1",1
1189,"Syntax Error: Expected end of line, received ':'. Did you forget a '/' between the output and environment?     |     s > ʃ / _:[+front] ([+front]_ also?)     |              ^     @ Rule 1, Line 1",1
1190,"Syntax Error: Unknown character “ at '0:0:6'.     |     f > ∅ “in certain context͡s”     |           ^     @ Rule 1, Line 1",1
1191,"Syntax Error: Can't have segments after the end of a word     |     {ɸ,x} > ∅ / _# (seems to be sporadic)     |                  ^     @ Rule 1, Line 1",1
1192,"Syntax Error: Expected end of line, received '('. Did you forget a '/' between the output and environment?     |     ʍ > xʷ (some speakers seem to have resisted this)     |            ^     @ Rule 1, Line 1",1
1193,"Syntax Error: Expected ',', but received 'l'     |     { ol, al } > { ou, ɑ:[+long] }     |        ^     @ Rule 1, Line 1",1
1194,"Syntax Error: Cannot have nested brackets of the same type     |     { ou, ɑ:[+long] } > { ʌu, {ɑ,ɔ} }     |                               ^     @ Rule 1, Line 1",1
1195,"Syntax Error: Unknown character — at '0:0:0'.     |     — ai > ɛi / when stem-final     |     ^     @ Rule 1, Line 1",1
1196,"Syntax Error: Expected '->', but received -'f' at 0:0:19     |     ɛi > əi / when stem-final     |                        ^     @ Rule 1, Line 1",1
1197,"Syntax Error: Unknown character — at '0:0:0'.     |     — u:[+long] > ʌu / when-stem final, in northern varieties     |     ^     @ Rule 1, Line 1",1
1198,"Syntax Error: Unknown character — at '0:0:0'.     |     — ø:[+long] > wi / :{ k_ (in Mid Northern dialect͡s), ɡ_ (in Mid Northern dialect͡s) }:     |     ^     @ Rule 1, Line 1",1
1199,"Syntax Error: Unknown character — at '0:0:0'.     |     — ø:[+long] > i (in northern dialect͡s)     |     ^     @ Rule 1, Line 1",1
1200,"Syntax Error: Unknown character — at '0:0:0'.     |     — ø:[+long] > ʲ{u,ʌ} / :{ _k(outcome varies depending upon dialect), _x(outcome varies depending upon dialect) }:     |     ^     @ Rule 1, Line 1",1
1201,"Syntax Error: Unknown character — at '0:0:0'.     |     — a > i / _n (in northern varieties)     |     ^     @ Rule 1, Line 1",1
1202,"Syntax Error: Unknown character — at '0:0:0'.     |     — a > e / _n (otherwise)     |     ^     @ Rule 1, Line 1",1
1203,"Syntax Error: Unknown character — at '0:0:0'.     |     — a > ɛ, e / _rC     |     ^     @ Rule 1, Line 1",1
1204,"Syntax Error: Unknown character — at '0:0:0'.     |     — ai oi ui ei au ou iu ɛ(o)u > e:[+long] oe əi i:[+long] {ɑ:[+long],ɔ:[+long]} ʌu ju j(ʌ)u     |     ^     @ Rule 1, Line 1",1
1205,"Syntax Error: Unknown character — at '0:0:2'.     |     { —, ɛ:[+long] } > { ɛi, ( } / in some northern varieties     |       ^     @ Rule 1, Line 1",1
1206,"Syntax Error: Expected an IPA character, Primative or Matrix, but received '>'     |     ɛi ( > əi?) / in some northern varieties     |          ^     @ Rule 1, Line 1",1
1207,"Syntax Error: Unknown character — at '0:0:0'.     |     — i:[+long] e:[+long] ɛ:[+long] a:[+long] o:[+long] u:[+long] {ø:[+long],y:[+long]} > əi i {i,e} e o u ø     |     ^     @ Rule 1, Line 1",1
1208,"Syntax Error: Unknown character — at '0:0:0'.     |     — æ > ɛ / _C:[+alveolar]     |     ^     @ Rule 1, Line 1",1
1209,"Syntax Error: Unknown character — at '0:0:0'.     |     — a ɔ u > {a,ɑ} ɔ ʌ     |     ^     @ Rule 1, Line 1",1
1210,"Syntax Error: Unknown character — at '0:0:0'.     |     — V > V:[+long] / :{ _r, _F:[+voice], _$, _# }:     |     ^     @ Rule 1, Line 1",1
1211,"Syntax Error: Unknown character — at '0:0:0'.     |     — əi > aɪ / :{ _r(pursuant to the above), _F:[+voice](pursuant to the above), _$(pursuant to the above), _#(pursuant to the above) }:     |     ^     @ Rule 1, Line 1",1
1212,"Syntax Error: Expected '_', but received ','     |     ɑ > a / ,r} (sporadic) // _{l     |             ^     @ Rule 1, Line 1",1
1213,"Syntax Error: Unknown character “ at '0:0:22'.     |     ø:[+long] > e:[+long] “(not a thorough change)”     |                           ^     @ Rule 1, Line 1",1
1214,"Syntax Error: Expected ',', but received '('     |     { æ:[+long](ɑ), e:[+long](o) } > { ɛ, i:[+long] }     |                ^     @ Rule 1, Line 1",1
1215,"Syntax Error: Options can only be used in Environments or Structures     |     e(o) > ɛ     |      ^^^     @ Rule 1, Line 1",1
1216,"Syntax Error: Options can only be used in Environments or Structures     |     æ(ɑ) > e     |      ^^^     @ Rule 1, Line 1",1
1217,"Syntax Error: Expected '_', but received ','     |     ɑ:[+long] > e / ,n} // _{ŋ     |                     ^     @ Rule 1, Line 1",1
1218,"Syntax Error: Expected end of line, received '('. Did you forget a '/' between the output and environment?     |     ʌ > ɪi (sporadic)     |            ^     @ Rule 1, Line 1",1
1219,"Syntax Error: Expected '_', but received '/'     |     a > ɪ / unstressed and/or final     |                           ^     @ Rule 1, Line 1",1
1220,"Syntax Error: Expected end of line, received '>'. Did you forget a '/' between the output and environment?     |     d~ð > d / V_u     |         ^     @ Rule 1, Line 1",1
1221,"Syntax Error: Expected end of line, received '>'. Did you forget a '/' between the output and environment?     |     d~ð > ð / V_V     |         ^     @ Rule 1, Line 1",1
1222,"Syntax Error: Can't have segments after the end of a word     |     θ > f / :{ V_# (sometimes blocked), r_# (sometimes blocked) }:     |                  ^     @ Rule 1, Line 1",1
1223,"Syntax Error: Expected '_', but received ''     |     e > ɛ / unstressed     |                       ^     @ Rule 1, Line 1",1
1224,"Syntax Error: Unknown character ̆ at '0:0:5'.     |     ∅ > ə̆ / :{ _n, _r }:     |          ^     @ Rule 1, Line 1",1
1225,"Syntax Error: Expected ',', but received 'u'     |     {ɔu,ɑu} > ɑ     |       ^     @ Rule 1, Line 1",1
1226,"Syntax Error: Expected ',', but received 'V'     |     { pVn, tVn, kVn } > { ʔm̩, ʔn̩, ʔŋ̩ } / _#     |        ^     @ Rule 1, Line 1",1
1227,"Syntax Error: Unknown character Ṽ at '0:0:4'.     |     V > Ṽ:[+long] / _nC (works across word boundaries)     |         ^     @ Rule 1, Line 1",1
1228,"Syntax Error: Expected an IPA character, Primative or Matrix, but received ''     |     k > ç / V_# // _C (     |                        ^     @ Rule 1, Line 1",1
1229,"Syntax Error: Unknown character Ṽ at '0:0:4'.     |     V > Ṽ / N_     |         ^     @ Rule 1, Line 1",1
1230,"Syntax Error: Can't have segments after the end of a word     |     n > ∅ / V_V# in some disyllabic words     |                ^     @ Rule 1, Line 1",1
1231,"Syntax Error: Expected '_', but received ','     |     ʟ > ʊ / :{ a_, typically, ɛ_, typically }: // _V     |                             ^     @ Rule 1, Line 1",1
1232,"Syntax Error: Expected '_', but received '/'     |     e > ∅ / if another /e/ one syllable previous     |                        ^     @ Rule 1, Line 1",1
1233,"Syntax Error: Expected end of line, received '('. Did you forget a '/' between the output and environment?     |     t d > θ ð (conditioning unclear)     |               ^     @ Rule 1, Line 1",1
1234,"Syntax Error: Expected number, but received ʍ      |     F > F:[+voice] / #_ // F = ʍ     |                                ^     @ Rule 1, Line 1",1
1235,"Syntax Error: Expected end of line, received '('. Did you forget a '/' between the output and environment?     |     ʍ > f (at least one instance of     |           ^     @ Rule 1, Line 1",1
1236,"Syntax Error: Expected an IPA character, Primative or Matrix, but received '('     |     { f, (at, least, one, instance, of } > { w,, before, a, high, front, vowel) }     |          ^     @ Rule 1, Line 1",1
1237,"Syntax Error: Expected end of line, received ':'. Did you forget a '/' between the output and environment?     |     { k, ɡ } > { t͡ʃ, j } / _:[+front]     |                              ^     @ Rule 1, Line 1",1
1238,"Syntax Error: Cannot have nested brackets of the same type     |     { aj, aw, ew } > { {e:[+long],a:[+long]}, a:[+long], ja }     |                        ^     @ Rule 1, Line 1",1
1239,"Syntax Error: Expected ',', but received 'e'     |     { e:[+long], o:[+long] } > { ie, uo }     |                                   ^     @ Rule 1, Line 1",1
1240,"Syntax Error: Expected ',', but received 'i'     |     { ai, au } > { e:[+long], o:[+long] }     |        ^     @ Rule 1, Line 1",1
1241,"Syntax Error: Expected end of line, received '('. Did you forget a '/' between the output and environment?     |     a > ɒ? ( / _ɫ     |            ^     @ Rule 1, Line 1",1
1242,"Syntax Error: Expected an IPA character, Primative or Matrix, but received '>'     |     ɒ? ( > o) / _ɫ     |          ^     @ Rule 1, Line 1",1
1243,"Syntax Error: Cannot have nested brackets of the same type     |     { ai, u } > { ei, ʏ } / _(C…){{ i, i:[+long] },j} (; in the case of:[ʏ] at least this was not yet phonemic)     |                                   ^     @ Rule 1, Line 1",1
1244,"Syntax Error: Cannot have nested brackets of the same type     |     a > ɛ / _(C…){{ i, i:[+long] },j} (     |                   ^     @ Rule 1, Line 1",1
1245,"Syntax Error: Expected ':', but received 'i'     |     u:[+long] > ʉw / _V (probably, in most areas)     |                                    ^     @ Rule 1, Line 1",1
1246,"Syntax Error: Expected ':', but received 'i'     |     u:[+long] > ʊw / _V (probably, in areas that did not undergo the above change, such as Limburg)     |                                    ^     @ Rule 1, Line 1",1
1247,"Syntax Error: Expected end of line, received '('. Did you forget a '/' between the output and environment?     |     u:[+long] > ʉ:[+long] (probably, in areas with u:[+long] / _V)     |                           ^     @ Rule 1, Line 1",1
1248,"Syntax Error: Expected ':', but received 'i'     |     ʉ:[+long] (probably, in areas with u:[+long] > ʉw / _V)     |                          ^     @ Rule 1, Line 1",1
1249,"Syntax Error: Malformed Comment: Expected ';;', but received '; ' at 0:0:62     |     ei ou > e:[+long] o:[+long] (except in southeastern dialect͡s; *ei as a result of the umlaut of *ai was not affected)     |                                                                   ^     @ Rule 1, Line 1",1
1250,"Syntax Error: Malformed Comment: Expected ';;', but received '; ' at 0:0:59     |     iu > {y:[+long],io} (outcome varies depending upon dialect; the former seems more typical)     |                                                                ^     @ Rule 1, Line 1",1
1251,"Syntax Error: Expected end of line, received '('. Did you forget a '/' between the output and environment?     |     iw > yw (dialectal)     |             ^     @ Rule 1, Line 1",1
1252,"Syntax Error: Cannot have nested brackets of the same type     |     { {ie,ia,io}, uo } > { iə, uə }     |       ^     @ Rule 1, Line 1",1
1253,"Syntax Error: Expected '->', but received -'i' at 0:0:36     |     { f, θ, s } > { v, ð, z } / syllable-initially (h → ɦ?)     |                                         ^     @ Rule 1, Line 1",1
1254,"Syntax Error: Expected '_', but received ''     |     V > ə / if short and unstressed     |                                    ^     @ Rule 1, Line 1",1
1255,"Syntax Error: Expected ':', but received 't'     |     f > x, ç / _t (the former seems to have occurred in northern dialect͡s, the latter in southern ones)     |                                                                             ^     @ Rule 1, Line 1",1
1256,"Syntax Error: Expected ',', but received 'w'     |     {u:[+long],uw} u > ɔw o (except in the southeast)     |                 ^     @ Rule 1, Line 1",1
1257,"Syntax Error: Cannot have nested brackets of the same type     |     { {ol,al}, {ar,er}, or } > { ɔu, a:[+long]r, o:[+long]r } / _C:[+dental]     |       ^     @ Rule 1, Line 1",1
1258,"Syntax Error: Unknown character → at '0:0:53'.     |     V:[-long +stress] > V:[+long] / in open syllables (ʏ → {œ:[+long],ø:[+long]} here but this is not phonemically important; there seem to have been qualitative differences between original long vowels and long vowels resulting from this change—lengthened i:[+long] seems to have become e:[+long], but lengthened a:[+long] merged with original a:[+long]); does not affect original long vowels or vowels in diphthongs     |                                                          ^     @ Rule 1, Line 1",1
1259,"Syntax Error: Expected ',', but received 'i'     |     { i:[+long], y:[+long] } > { ɛi, œy }     |                                   ^     @ Rule 1, Line 1",1
1260,"Syntax Error: Expected end of line, received '('. Did you forget a '/' between the output and environment?     |     u:[+long] > ʌu (? conjectured based on the above diphthongization and on development͡s in Polder P:[+voice]utch vowels)     |                    ^     @ Rule 1, Line 1",1
1261,"Syntax Error: Unknown character — at '0:0:0'.     |     — x ɣ > {x,χ} {ɣ,x,χ} / in northern dialect͡s     |     ^     @ Rule 1, Line 1",1
1262,"Syntax Error: Unknown character — at '0:0:0'.     |     — x ɣ > ç ʝ / in southern dialect͡s (     |     ^     @ Rule 1, Line 1",1
1263,"Syntax Error: Expected ',', but received 'i'     |     { ɛi, œy, ʌu } > { ai, ay, au }     |        ^     @ Rule 1, Line 1",1
1264,"Syntax Error: Expected ',', but received 'i'     |     { e:[+long], ø:[+long], o:[+long] } > { ɛi, œy, ɔu }     |                                              ^     @ Rule 1, Line 1",1
1265,"Syntax Error: Expected ',', but received 'i'     |     { ɛi, œy, ɔu } > { ɛ:[+long], œ:[+long], ɔ:[+long] }     |        ^     @ Rule 1, Line 1",1
1266,"Syntax Error: Unknown feature 'dental' at 0:46-53. Did you mean ldental?      |     a:[+long] > o:[+long] / :{ _N(sporadic?), _C:[+dental](sporadic?), _P(sporadic?), _h(sporadic?) }:     |                                                   ^^^^^^^     @ Rule 1, Line 1",1
1267,"Syntax Error: Unknown feature 'dental' at 0:46-53. Did you mean ldental?      |     a:[+long] > o:[+long] / :{ N_ (sporadic?), C:[+dental]_ (sporadic?), P_ (sporadic?), h_ (sporadic?) }:     |                                                   ^^^^^^^     @ Rule 1, Line 1",1
1268,"Syntax Error: Cannot have nested brackets of the same type     |     { {, e,, e:[+long], }, i } > { {, ø,, ø:[+long], }, y } / _C:[+affricate]     |       ^     @ Rule 1, Line 1",1
1269,"Syntax Error: Cannot have nested brackets of the same type     |     { {, e,, e:[+long], }, i } > { {, ø,, ø:[+long], }, y } / :{ _P(sporadic?), _l(sporadic?), _ʃ(sporadic?) }:     |       ^     @ Rule 1, Line 1",1
1270,"Syntax Error: Cannot have nested brackets of the same type     |     { {, e,, e:[+long], }, i } > { {, ø,, ø:[+long], }, y } / :{ P_ (sporadic?), l_ (sporadic?), ʃ_ (sporadic?) }:     |       ^     @ Rule 1, Line 1",1
1271,"Syntax Error: Expected end of line, received '('. Did you forget a '/' between the output and environment?     |     { y, y:[+long] } yə { ø, ø:[+long] } øy > { i, i:[+long] } iə { e, e:[+long] } ei (intermittent)     |                                                                                       ^     @ Rule 1, Line 1",1
1272,"Syntax Error: Expected ',', but received 'u'     |     { u:[+long], y:[+long], i:[+long] } > { ou, øy, ei } // in certain unstressed endings and monosyllables, _C{C,V,#} (especially before /xt/), and Low German borrowings     |                                              ^     @ Rule 1, Line 1",1
1273,"Syntax Error: Expected ',', but received 'ə'     |     { uə, yə, iə } > { u:[+long], y:[+long], i:[+long] }     |        ^     @ Rule 1, Line 1",1
1274,"Syntax Error: Expected ',', but received 'u'     |     { ou, øy, ei } > { au, oy, ai }     |        ^     @ Rule 1, Line 1",1
1275,"Syntax Error: Malformed Comment: Expected ';;', but received '; ' at 0:0:45     |     V:[+long] > V:[-long] / _CC (some exceptions; the change was more common around _xt and _rC)     |                                                  ^     @ Rule 1, Line 1",1
1276,"Syntax Error: Can't have segments after the end of a word     |     V:[+long] > V:[-long] / _%Cə{r,l,n}# (some exceptions)     |                                        ^     @ Rule 1, Line 1",1
1277,"Syntax Error: Expected an IPA character, Primative or Matrix, but received '/'     |     V > V:[+long] / _%, (except for /ə/?)     |                                     ^     @ Rule 1, Line 1",1
1278,"Syntax Error: Expected an IPA character, Primative or Matrix, but received '/'     |     V > V:[+long] / _r{t,d,s,t͡s} (except /ə/)     |                                           ^     @ Rule 1, Line 1",1
1279,"Syntax Error: Expected '_', but received ''     |     V > V:[+long] / in some monosyllables ending in alveolar resonant͡s or vowels     |                                                                                  ^     @ Rule 1, Line 1",1
1280,"Syntax Error: Expected '_', but received ''     |     V > V:[+long] / by analogy in some cases     |                                             ^     @ Rule 1, Line 1",1
1281,"Syntax Error: Expected '_', but received ','     |     ə > ∅ / unstressed, but not in every case     |                       ^     @ Rule 1, Line 1",1
1282,"Syntax Error: Unknown character ’ at '0:0:19'.     |     ∅ > ə / M_r% (I don’t know what Mr. Ciupak means by 〈M〉)     |                        ^     @ Rule 1, Line 1",1
1283,"Syntax Error: Expected ',', but received 'f'     |     { p, t, k } > { pf, t͡s, kx } / #_     |                      ^     @ Rule 1, Line 1",1
1284,"Syntax Error: Expected ',', but received 'f'     |     { p, t, k } > { pf, t͡s, kx } / :{ L_, N_ }:     |                      ^     @ Rule 1, Line 1",1
1285,"Syntax Error: Expected ',', but received 'f'     |     { p:[+long], t:[+long], k:[+long] } > { pf, t͡s, kx }     |                                              ^     @ Rule 1, Line 1",1
1286,"Syntax Error: Cannot have nested brackets of the same type     |     { a, u, o } > { e, y, ø } / _(C…){{ i, i:[+long] },j}     |                                       ^     @ Rule 1, Line 1",1
1287,"Syntax Error: Expected end of line, received '('. Did you forget a '/' between the output and environment?     |     v:[+long] ɣ:[+long] h:[+long] > b:[+long] ɡ:[+long] x:[+long] (perhaps not strictly a sound change, but worth noting)     |                                                                   ^     @ Rule 1, Line 1",1
1288,"Syntax Error: Expected '->', but received -'i' at 0:0:36     |     { f, θ, s } > { v, ð, z } / syllable-initially     |                                         ^     @ Rule 1, Line 1",1
1289,"Syntax Error: Unknown character → at '0:0:24'.     |     k > t͡s / _:[+front] (ɡ → d͡z here?)     |                             ^     @ Rule 1, Line 1",1
1290,"Syntax Error: Expected end of line, received ':'. Did you forget a '/' between the output and environment?     |     ɡ > ʝ / _:[+front] (singleton only)     |              ^     @ Rule 1, Line 1",1
1291,"Syntax Error: Unknown grouping 'X'. Known groupings are (C)onsonant, (O)bstruent, (S)onorant, (P)losive, (F)ricative, (L)iquid, (N)asal, (G)lide, and (V)owel     |     F:[-voice] > F:[+voice] / X:[+voice]_X:[+voice]?     |                               ^     @ Rule 1, Line 1",1
1292,"Syntax Error: Expected end of line, received ':'. Did you forget a '/' between the output and environment?     |     β > ∅ / V_:[+back]     |               ^     @ Rule 1, Line 1",1
1293,"Syntax Error: Cannot have nested brackets of the same type     |     {æ,e}:[+long](w(a)) > a:[+long]     |                    ^     @ Rule 1, Line 1",1
1294,"Syntax Error: Can't have segments before the beginning of a word     |     i > j / _V // in #%     |                      ^     @ Rule 1, Line 1",1
1295,"Syntax Error: Expected an IPA character, Primative or Matrix, but received ':'     |     n > ∅ / V{:[+long],V}_hV     |               ^     @ Rule 1, Line 1",1
1296,"Syntax Error: Cannot have nested brackets of the same type     |     { {, ʷu,, ʷu:[+long], }, {, i,, i:[+long], } } > { {, ʷo,, ʷo:[+long], }, {, e,, e:[+long], } } / _(C)(C)a ,j} // CC = NC or one C = {ʀ     |       ^     @ Rule 1, Line 1",1
1297,"Syntax Error: Cannot have nested brackets of the same type     |     { {æ,e}:[+long]u:[+long], {æ,e}:[+long]i:[+long] } > { eu, ai }     |       ^     @ Rule 1, Line 1",1
1298,"Syntax Error: Cannot have nested brackets of the same type     |     { w{o,u}:[+long]wu:[+long], j{e,i}:[+long]ji:[+long] } > { u:[+long], i:[+long] }     |        ^     @ Rule 1, Line 1",1
1299,"Syntax Error: Cannot have nested brackets of the same type     |     { o(u), {ɔ,ɑ,au,ai,æ}, {ja,j:[+front],æ(i),e(i),y} } > { u, a, i }     |             ^     @ Rule 1, Line 1",1
1300,"Syntax Error: Expected '_', but received ','     |     V:[+long] > V:[-long] / , %# // #%     |                             ^     @ Rule 1, Line 1",1
1301,"Syntax Error: Expected '_', but received ','     |     i > ɪ / _NS:[-voice] ,i,j} // _NS(C){o     |                            ^     @ Rule 1, Line 1",1
1302,"Syntax Error: Cannot have nested brackets of the same type     |     { b, {w,v}, d, ð, ɡ } > { p, f, t, θ, k } / _#     |          ^     @ Rule 1, Line 1",1
1303,"Syntax Error: Expected '>', '->' or '=>', but received ':'     |     [+front]:[+long]:[+back]:[+long]:[+front]:[+long]a:[+long] > jo:[+long] ja:[+long] / :{ v_, w_ }:     |             ^     @ Rule 1, Line 1",1
1304,"Syntax Error: Cannot have nested brackets of the same type     |     { [+back]:[+long]:[+back], a:[+long]{o,a,æ,e}, {æ,e}:[+long]{æ,e}:[+long], {æ,e}:[+long]i, i:[+long]:[+front]:[+long] } > { o:[+long], a:[+long], e:[+long], e:[+long], i:[+long] }     |                                         ^     @ Rule 1, Line 1",1
1305,"Syntax Error: Cannot have nested brackets of the same type     |     e > ja / :{ ,k,ŋ}n,w,v,l,r}_,_u, ,k,ŋ}n,w,v,l,r}_,_o, ,k,ŋ}n,w,v,l,r}_,_i }: // {{h     |                                                                                      ^     @ Rule 1, Line 1",1
1306,"Syntax Error: Cannot have nested brackets of the same type     |     a(i) {e,w{æ,i}} { weʷ, eiʷ }ɪ > ey ø y ʏ / w_ // hw_     |              ^     @ Rule 1, Line 1",1
1307,"Syntax Error: Unknown character Ṽ at '0:0:5'.     |     VN > Ṽ / _# // in #%     |          ^     @ Rule 1, Line 1",1
1308,"Syntax Error: Cannot have nested brackets of the same type     |     { u, {o,ɒ}, a, au, ju:[+long] } > { y, ø, æ, y, y:[+long] } / _(C)(C)(C)j     |          ^     @ Rule 1, Line 1",1
1309,"Syntax Error: Expected end of line, received '_'. Did you forget a '/' between the output and environment?     |     ʀ > r_n     |          ^     @ Rule 1, Line 1",1
1310,"Syntax Error: Expected '_', but received '/'     |     a > u / %u / // in #%     |                ^     @ Rule 1, Line 1",1
1311,"Syntax Error: Expected ',', but received 'a'     |     { wa:[+long], na:[+long] } > { o:[+long], no:[+long] } / %u in #%     |        ^     @ Rule 1, Line 1",1
1312,"Syntax Error: Cannot have nested brackets of the same type     |     { {, a,, a:[+long], }, ae } > { {, o,, o:[+long], }, ɒø } / #(C)(C)(C)_(C)(C)(C)u     |       ^     @ Rule 1, Line 1",1
1313,"Syntax Error: Cannot have nested brackets of the same type     |     { {ʲu,we}:[+long], {o,ɒ}:[+long], a:[+long], au } > { y:[+long], ø:[+long], æ:[+long], æy }     |       ^     @ Rule 1, Line 1",1
1314,"Syntax Error: Cannot have nested brackets of the same type     |     { u, {o,ɒ}, a } > { y, ø, æ } / _(C)(C)(C)i     |          ^     @ Rule 1, Line 1",1
1315,"Syntax Error: Expected an IPA character, Primative or Matrix, but received ':'     |     {[+back],:[+front]} > ∅ / :{ CC_ʀ#, CC_s#, CC_t#, CC_θ# }: // :[+back] = ɒ     |              ^     @ Rule 1, Line 1",1
1316,"Syntax Error: Cannot have nested brackets of the same type     |     { u, {o,ɒ}, a, au, ju:[+long] } > { y, ø, æ, æy, y:[+long] } / _(C)(C)(C)i     |          ^     @ Rule 1, Line 1",1
1317,"Syntax Error: Expected an IPA character, Primative or Matrix, but received ':'     |     {[+back],:[+front]} > ∅ / CC_%# // :[+back] = ɒ     |              ^     @ Rule 1, Line 1",1
1318,"Syntax Error: Expected ',', but received '}:'     |     {a,æ,e}:[+long]hi:[+long] > æ:[+long]     |           ^^     @ Rule 1, Line 1",1
1319,"Syntax Error: Cannot have nested brackets of the same type     |     { ɒ:[+long]h{u,a}, a:[+long]h{u,a} } > { ɒ:[+long], a:[+long] }     |                 ^     @ Rule 1, Line 1",1
1320,"Syntax Error: Expected an IPA character, Primative or Matrix, but received ':'     |     {[+back],:[+front]} > ∅ / _%# // :[+back] = ɒ     |              ^     @ Rule 1, Line 1",1
1321,"Syntax Error: Can't have segments before the beginning of a word     |     V:[+long] > V:[-long] // in #%     |                                 ^     @ Rule 1, Line 1",1
1322,"Syntax Error: Cannot have nested brackets of the same type     |     { {u,we,wi}, {o,ɒ}, a, au, ju:[+long] } > { y, ø, æ, æy, y:[+long] } / _(C)(C)(C)i     |       ^     @ Rule 1, Line 1",1
1323,"Syntax Error: Expected ',', but received 'a'     |     { wa, we, wi } > { ɒ:[+long], ø:[+long], y:[+long] } / #P_     |        ^     @ Rule 1, Line 1",1
1324,"Syntax Error: Cannot have nested brackets of the same type     |     e > jɒ / _(C)(C)(C)u ,k,ŋ}n,w,v,l,r}_ // {{h     |                                               ^     @ Rule 1, Line 1",1
1325,"Syntax Error: Cannot have nested brackets of the same type     |     e > ja / _(C)(C)(C)u ,k,ŋ}n,w,v,l,r}_ // {{h     |                                               ^     @ Rule 1, Line 1",1
1326,"Syntax Error: Cannot have nested brackets of the same type     |     { au, {ai,ey,ei}, æ{y,i}, øy, V:[+long] } > { o, e, æ, ø, V } / #(C)(C)(C)_CC     |           ^     @ Rule 1, Line 1",1
1327,"Syntax Error: Cannot have nested brackets of the same type     |     { u, {o,ɒ}, a, au, ju:[+long] } > { y, ø, æ, æy, y:[+long] } / _(C)(C)(C)j     |          ^     @ Rule 1, Line 1",1
1328,"Syntax Error: Cannot have nested brackets of the same type     |     { u, {o,ɒ}, a, au, ju:[+long] } > { y, ø, æ, æy, y:[+long] } / #(C)(C)_ʀ     |          ^     @ Rule 1, Line 1",1
1329,"Syntax Error: Expected '_', but received ''     |     k > ∅ / s_l,t     |                  ^     @ Rule 1, Line 1",1
1330,"Syntax Error: Cannot have nested brackets of the same type     |     { r:[+long]{r,ʀ}, sʀ } > { r:[+long], s:[+long] }     |                ^     @ Rule 1, Line 1",1
1331,"Syntax Error: Expected an IPA character, Primative or Matrix, but received '_'     |     { l, l:[+long] }ʀ { n, n:[+long] }ʀ > l:[+long] n:[+long] / V:[+long]_ (or all V_ ?)     |                                                                                     ^     @ Rule 1, Line 1",1
1332,"Syntax Error: Cannot have nested brackets of the same type     |     {{ l, l:[+long] },n}{r,ʀ} > ∅ / V{:[+long],V}_     |      ^     @ Rule 1, Line 1",1
1333,"Syntax Error: Expected ',', but received 'i'     |     { ai, wi, ʷV } > { e:[+long], we:[+long], ʷV:[+long] } / _h#     |        ^     @ Rule 1, Line 1",1
1334,"Syntax Error: Expected ',', but received 'o'     |     ey > {jo,æ}:[+long] / _ʀ     |            ^     @ Rule 1, Line 1",1
1335,"Syntax Error: Expected ',', but received 'l'     |     { ðl, ðl:[+long] } { ðn, ðn:[+long] } > l:[+long] n:[+long]     |        ^     @ Rule 1, Line 1",1
1336,"Syntax Error: Expected ',', but received 'θ'     |     { lθ, nθ } > { l:[+long], n:[+long] }     |        ^     @ Rule 1, Line 1",1
1337,"Syntax Error: Unknown character Ṽ at '0:0:0'.     |     Ṽ > V:[+long] / in #% (maybe only ı̃?)     |     ^     @ Rule 1, Line 1",1
1338,"Syntax Error: Unknown character Ṽ at '0:0:0'.     |     Ṽ > V:[-nas]     |     ^     @ Rule 1, Line 1",1
1339,"Syntax Error: Options can only be used in Environments or Structures     |     (V:[+long])θt > (V)t:[+long]     |     ^^^^^^^^^^^     @ Rule 1, Line 1",1
1340,"Syntax Error: Expected '>', '->' or '=>', but received ':'     |     [+front]:[+long]{u,o}:[+long]:[+front]:[+long]a:[+long] > jo:[+long] ja:[+long] / :{ v_, w_ }:     |             ^     @ Rule 1, Line 1",1
1341,"Syntax Error: Expected end of line, received ':'. Did you forget a '/' between the output and environment?     |     NS:[-voice] > S:[-voice]:[+long]     |                             ^     @ Rule 1, Line 1",1
1342,"Syntax Error: Cannot have nested brackets of the same type     |     {{ t, t:[+long] },ɡ:[+long]}k > k:[+long]     |      ^     @ Rule 1, Line 1",1
1343,"Syntax Error: Expected ',', but received 'N'     |     { uN, yN, iN, VN } > { o, ø:[+long], e:[+long], V:[+long] } / :{ _s, _f }:     |        ^     @ Rule 1, Line 1",1
1344,"Syntax Error: Expected ',', but received '}:'     |     s > t͡s / {l,n}:[+long]_     |                   ^^     @ Rule 1, Line 1",1
1345,"Syntax Error: Cannot have nested brackets of the same type     |     { o, {æ,e} } > { u, i } // in #%     |          ^     @ Rule 1, Line 1",1
1346,"Syntax Error: Cannot have nested brackets of the same type     |     { e, e:[+long] }{{ [+back],i,:[+back],i:[+long] }} > { e, e:[+long] }u / :{ v_, w_ }:     |                      ^     @ Rule 1, Line 1",1
1347,"Syntax Error: Cannot have nested brackets of the same type     |     e:[+long]{{ [+back]:[+long],i,:[+back]:[+long],i:[+long] }} > jo:[+long] / _C:[+alveolar]#     |               ^     @ Rule 1, Line 1",1
1348,"Syntax Error: Cannot have nested brackets of the same type     |     e:[+long]{{ [+back]:[+long],i,:[+back]:[+long],i:[+long] }} > ju:[+long]     |               ^     @ Rule 1, Line 1",1
1349,"Syntax Error: Expected an IPA character, Primative or Matrix, but received ':'     |     ∅ > j / {y,e}(:[+long])_a     |                   ^     @ Rule 1, Line 1",1
1350,"Syntax Error: Expected ',', but received 'c'     |     { N, N:[+long] } k { k, k:[+long] } { N, N:[+long] }ɡ { ɡ, ɡ:[+long] } ɣ > { ɲc, ɲc:[+long] } { c, c:[+long] } { ɲɟ, ɲɟ:[+long] } { ɟ, ɟ:[+long] } ʝ / :{ _i, _j }:     |                                                                                   ^     @ Rule 1, Line 1",1
1351,"Syntax Error: Unknown character Ḱ at '0:0:8'.     |     j > ∅ / Ḱ_     |             ^     @ Rule 1, Line 1",1
1352,"Syntax Error: Unknown character Ḱ at '0:0:20'.     |     a > e / :{ _i, _j, _Ḱ }:     |                         ^     @ Rule 1, Line 1",1
1353,"Syntax Error: Expected ',', but received 'c'     |     { N, N:[+long] } k { k, k:[+long] } { N, N:[+long] }ɡ { ɡ, ɡ:[+long] } ɣ > { ɲc, ɲc:[+long] } { c, c:[+long] } { ɲɟ, ɲɟ:[+long] } { ɟ, ɟ:[+long] } ɟ / :{ _i, _j }:     |                                                                                   ^     @ Rule 1, Line 1",1
1354,"Syntax Error: Unknown character Ḱ at '0:0:16'.     |     e:[+long] > e / Ḱ_     |                     ^     @ Rule 1, Line 1",1
1355,"Syntax Error: Can't have segments after the end of a word     |     t > ð / V_# in some verbal endings     |               ^     @ Rule 1, Line 1",1
1356,"Syntax Error: Expected ',', but received 'i'     |     { u, o, a, ø, y, e, i } > { u:[+long], o:[+long], a:[+long], øi, y:[+long], ei, i:[+long] } / :{ _ɲc, _ɲɟ, _ŋk, _ŋɡ }:     |                                                                   ^     @ Rule 1, Line 1",1
1357,"Syntax Error: Expected ',', but received 'ɪ'     |     { u, o, a, ø:[+long], e:[+long], y, i } > { ʏɪ, oi, ai, øi, ei, y:[+long], i:[+long] } / _j     |                                                  ^     @ Rule 1, Line 1",1
1358,"Syntax Error: Unknown feature 'samePO' at 0:14-22. Did you mean spread?      |     O > ∅ / :{ F:[-same PO:[+affricate]]_O, r_O, l_O }:     |                   ^^^^^^^^     @ Rule 1, Line 1",1
1359,"Syntax Error: Unknown feature 'samePO' at 0:11-19. Did you mean spread?      |     S > ∅ / N:[+same PO:[+affricate]]_S     |                ^^^^^^^^     @ Rule 1, Line 1",1
1360,"Syntax Error: Cannot have nested brackets of the same type     |     {{ l, l:[+long] },rl} > ɬ / v_#     |      ^     @ Rule 1, Line 1",1
1361,"Syntax Error: Cannot have nested brackets of the same type     |     {{ l, l:[+long] },rl} C > ɬ C:[-voice] / :{ _S:[-voice], _s }:     |      ^     @ Rule 1, Line 1",1
1362,"Syntax Error: Expected '_', but received '/'     |     r > r̥ / S:[-voice] / _#     |                         ^     @ Rule 1, Line 1",1
1363,"Syntax Error: Cannot have nested brackets of the same type     |     {{ l, l:[+long] },rl} C > ɬ C:[-voice] / S_ // S:[+long]_     |      ^     @ Rule 1, Line 1",1
1364,"Syntax Error: Cannot have nested brackets of the same type     |     {{ l, l:[+long] },rl} r:[+long] > dɬ r̥ / _#     |      ^     @ Rule 1, Line 1",1
1365,"Syntax Error: Expected ',', but received ':'     |     { S:[-voice]:[+long], S:[+voice]:[+long] } > { ʰS, S:[-voice]:[+long] }     |                 ^     @ Rule 1, Line 1",1
1366,"Syntax Error: Floating diacritic. Diacritics can only be used to modify IPA Segments     |     S:[-voice] > ʰS / :{ _l, _ɬ, _m, _n }:     |                  ^     @ Rule 1, Line 1",1
1367,"Syntax Error: Expected end of line, received 'ʰ'. Did you forget a '/' between the output and environment?     |     S:[-voice] > Sʰ / #v_V     |                   ^     @ Rule 1, Line 1",1
1368,"Syntax Error: Cannot have nested brackets of the same type     |     { b, d, {ɡ,ɣ} } > { p, t, k } / _S     |             ^     @ Rule 1, Line 1",1
1369,"Syntax Error: Cannot have nested brackets of the same type     |     { u, o:[+long], a:[+long], ʏɪ, {y,i}, {y,i}:[+long], æ:[+long], e:[+long], ey } > { ʏ, ou, au, ai, y, ɪ, i, je, ei }     |                                    ^     @ Rule 1, Line 1",1
1370,"Syntax Error: Expected '_', but received ''     |     V > V:[+long] / _(C)#, in monosyllables     |                                            ^     @ Rule 1, Line 1",1
1371,"Syntax Error: Expected '_', but received ','     |     V > V:[+long] / , in polysyllables // _CCV     |                     ^     @ Rule 1, Line 1",1
1372,"Syntax Error: Expected ',', but received 'n'     |     {n̥n,nn̥ > tn̥ / V_     |        ^     @ Rule 1, Line 1",1
1373,"Syntax Error: Expected ',', but received 'n'     |     {r̥n,r̥n̥,rn̥ > tn̥     |        ^     @ Rule 1, Line 1",1
1374,"Syntax Error: Expected ',', but received 'l'     |     {ɬl,ɬ:[+long] > t͡ɬ     |       ^     @ Rule 1, Line 1",1
1375,"Syntax Error: Expected ',', but received 'l'     |     {l:[+long],rl} > t͡ɬ / _#     |                 ^     @ Rule 1, Line 1",1
1376,"Syntax Error: Expected ',', but received 'l'     |     {l:[+long],rl} > tl     |                 ^     @ Rule 1, Line 1",1
1377,"Syntax Error: Expected ',', but received 'r'     |     { hr, hn } > { r̥, n̥ } / #_     |        ^     @ Rule 1, Line 1",1
1378,"Syntax Error: Expected ',', but received '}:'     |     v > ∅ / {u,o,a}:[+long]_     |                   ^^     @ Rule 1, Line 1",1
1379,"Syntax Error: Cannot have nested brackets of the same type     |     { {, p,, p:[+long], }, {, t,, t:[+long], }, {, k,, k:[+long], } } > { {, b,, b:[+long], }, {, d,, d:[+long], }, {, ɡ,, ɡ:[+long], } } / :{ {V,S}_V, {V,S}_S }:     |       ^     @ Rule 1, Line 1",1
1380,"Syntax Error: Expected an IPA character, Primative or Matrix, but received ''     |     d > ∅ / n_# (     |                  ^     @ Rule 1, Line 1",1
1381,"Syntax Error: Can't have segments after the end of a word     |     ɡ > k / _# (sporadic)     |              ^     @ Rule 1, Line 1",1
1382,"Syntax Error: Expected ',', but received 'n'     |     { ɡn, ɡl } > { nʲ, lʲ }     |        ^     @ Rule 1, Line 1",1
1383,"Syntax Error: Cannot have nested brackets of the same type     |     { hʷ, hʲ } > { {w,ʍ}, ʃ }     |                    ^     @ Rule 1, Line 1",1
1384,"Syntax Error: Expected end of line, received ':'. Did you forget a '/' between the output and environment?     |     θ > h / #_:[+back]     |               ^     @ Rule 1, Line 1",1
1385,"Syntax Error: Expected an IPA character, Primative or Matrix, but received ':'     |     ð > ∅ /{a,:[+front]}_     |               ^     @ Rule 1, Line 1",1
1386,"Syntax Error: Can't have segments after the end of a word     |     l > ∅ / _# ?     |              ^     @ Rule 1, Line 1",1
1387,"Syntax Error: Expected end of line, received '('. Did you forget a '/' between the output and environment?     |     lm > ml (sporadic)     |             ^     @ Rule 1, Line 1",1
1388,"Syntax Error: Expected an IPA character, Primative or Matrix, but received ':'     |     u > ʌ / _C{:[+long],CC}     |                ^     @ Rule 1, Line 1",1
1389,"Syntax Error: Unknown character ’ at '0:0:115'.     |     jo:[+long] > {u,o,ø} (looks like being in the ultima or the penult may have had something to do with it, but it isn’t clear to me)     |                                                                                                                        ^     @ Rule 1, Line 1",1
1390,"Syntax Error: Expected ',', but received '}'     |     ɒ > ɔ / :{ _C}C, _C:[+long]}C }:     |                  ^     @ Rule 1, Line 1",1
1391,"Syntax Error: Unknown character ( at '0:0:3'.     |     au > (ɔ)u     |        ^     @ Rule 1, Line 1",1
1392,"Syntax Error: Expected an IPA character, Primative or Matrix, but received ':'     |     ei > e:[+long] / _C(:[+long],V)# (V can be a syllabic consonant)     |                         ^     @ Rule 1, Line 1",1
1393,"Syntax Error: Expected ',', but received 'd'     |     { nd, ld, ( } > { n:[+long], l:[+long], ?) }     |        ^     @ Rule 1, Line 1",1
1394,"Syntax Error: Expected '>', '->' or '=>', but received ')'     |     n:[+long] l:[+long] ?) > ɲ ʎ     |                          ^     @ Rule 1, Line 1",1
1395,"Syntax Error: Expected end of line, received ':'. Did you forget a '/' between the output and environment?     |     { k, ɡ } > { c, ɟ } / _:[+front]     |                            ^     @ Rule 1, Line 1",1
1396,"Syntax Error: Cannot have nested brackets of the same type     |     { p:[+long], t:[+long], k:[+long] } > { b, d, {ɡ,ɣ} } / V_V     |                                                   ^     @ Rule 1, Line 1",1
1397,"Syntax Error: Expected end of line, received '('. Did you forget a '/' between the output and environment?     |     n:[+long] > ɲ(d)     |                  ^     @ Rule 1, Line 1",1
1398,"Syntax Error: Cannot have nested brackets of the same type     |     { rn, {l:[+long],rl} } > { ɲ, ʎ }     |           ^     @ Rule 1, Line 1",1
1399,"Syntax Error: Expected end of line, received '('. Did you forget a '/' between the output and environment?     |     ms > ŋ(k)s     |           ^     @ Rule 1, Line 1",1
1400,"Syntax Error: Unknown character Ḱ at '0:0:101'.     |     {u,o}(:[+long]) a a:[+long] {ɒ,œ,y} e { i, i:[+long] } > {o,ɔ}(i) æ(i) {ɔ,ɒ}(i) {o,ɔ}(i) {æ,e} / :{ _Ḱ, _Cʲ }:     |                                                                                                          ^     @ Rule 1, Line 1",1
1401,"Syntax Error: Malformed Comment: Expected ';;', but received '; ' at 0:0:44     |     u:[+long] > {u,o,ɒ,ø} (conditioning unclear; it seems the presence of a velar consonant may have helped to retain the quality of /u/)     |                                                 ^     @ Rule 1, Line 1",1
1402,"Syntax Error: Unknown feature 'dental' at 0:12-19. Did you mean ldental?      |     ɒ > ø / _O:[+dental/alveolar]     |                 ^^^^^^^     @ Rule 1, Line 1",1
1403,"Syntax Error: Cannot have nested brackets of the same type     |     { {ɒ,ey}, j{u,o,a}:[+long], y:[+long] } > { o, ø, u } / Ḱ_     |       ^     @ Rule 1, Line 1",1
1404,"Syntax Error: Expected ',', but received '}:'     |     j{u,o,a}:[+long] > ø     |            ^^     @ Rule 1, Line 1",1
1405,"Syntax Error: Unknown feature 'dental' at 0:11-18. Did you mean ldental?      |     a > ∅ / C:[+dental/alveolar]_u     |                ^^^^^^^     @ Rule 1, Line 1",1
1406,"Syntax Error: Cannot have nested brackets of the same type     |     a > o, ɔ / :{ _[+ cons, - fr, + bk, + hi, - lo](, _r( }: // [+ cons, - fr, + bk, + hi, - lo] = w ?)     |                                                         ^     @ Rule 1, Line 1",1
1407,"Syntax Error: Expected end of line, received '('. Did you forget a '/' between the output and environment?     |     a:[+long] > wo (dialectal)     |                    ^     @ Rule 1, Line 1",1
1408,"Syntax Error: Expected end of line, received '('. Did you forget a '/' between the output and environment?     |     a:[+long] > ɔ(u) / :{ _l, _r }:     |                  ^     @ Rule 1, Line 1",1
1409,"Syntax Error: Unknown feature 'dental' at 0:20-27. Did you mean ldental?      |     y:[+long] > ø / _O:[+dental/alveolar]     |                         ^^^^^^^     @ Rule 1, Line 1",1
1410,"Syntax Error: Unknown character Ḱ at '0:0:18'.     |     æ > e / ,Cʲ} // _{Ḱ     |                       ^     @ Rule 1, Line 1",1
1411,"Syntax Error: Cannot have nested brackets of the same type     |     { e, e:[+long] } > { {æ,ɛ,e}, {ʲɛ,je} }     |                          ^     @ Rule 1, Line 1",1
1412,"Syntax Error: Expected '_', but received ''     |     e:[+long] > i / unstressed     |                               ^     @ Rule 1, Line 1",1
1413,"Syntax Error: Expected '_', but received ','     |     e > i / ,r,h}_ // {w     |             ^     @ Rule 1, Line 1",1
1414,"Syntax Error: Malformed Comment: Expected ';;', but received '; ' at 0:0:33     |     θ ð > t d (not a complete change; apparently due to Latin)     |                                      ^     @ Rule 1, Line 1",1
1415,"Syntax Error: The output of a deletion rule must only contain `*` or `∅`     |     z > ∅ (seems to have been complete by the Sixth Century)     |           ^     @ Rule 1, Line 1",1
1416,"Syntax Error: Expected end of line, received ':'. Did you forget a '/' between the output and environment?     |     { kʷ, kʰʷ, ɡʷ } > { t, tʰ, d } / _:[+front]     |                                       ^     @ Rule 1, Line 1",1
1417,"Syntax Error: Expected '_', but received ''     |     t͡ʃ > t:[+long] / medial     |                             ^     @ Rule 1, Line 1",1
1418,"Syntax Error: Expected ',', but received 'ʲ'     |     { uʲ, u:[+long]ʲ } > { yʲ, y:[+long]ʲ }     |                    ^     @ Rule 1, Line 1",1
1419,"Syntax Error: Expected end of line, received '('. Did you forget a '/' between the output and environment?     |     æ:[+long] > ɛ:[+long] (includes diphthongs)     |                           ^     @ Rule 1, Line 1",1
1420,"Syntax Error: Expected ',', but received 'j'     |     { ej, ow } > { e:[+long], o:[+long] }     |        ^     @ Rule 1, Line 1",1
1421,"Syntax Error: Expected end of line, received '('. Did you forget a '/' between the output and environment?     |     øj > yj (     |             ^     @ Rule 1, Line 1",1
1422,"Syntax Error: Expected ',', but received 'j'     |     { yj, ( } > { y:[+long], sometimes) }     |        ^     @ Rule 1, Line 1",1
1423,"Syntax Error: Expected ',', but received 'u'     |     { ɑu, ɛu, eu } > { ɑv, ɛv, ev }     |        ^     @ Rule 1, Line 1",1
1424,"Syntax Error: Expected '->', but received -'i' at 0:0:24     |     ɔ > ∅ / in the suffixes -ios and -ion     |                             ^     @ Rule 1, Line 1",1
1425,"Syntax Error: Unknown character ” at '0:0:0'.     |     ”{i,e}V > j”V     |     ^     @ Rule 1, Line 1",1
1426,"Syntax Error: Expected ',', but received 'j'     |     {e:[+long],ej} ɛ:[+long] { ɑ, ɑ:[+long] }j {oj,ɔ:[+long]j} > i:[+long] e:[+long] ɛ:[+long] {y,ø}     |                 ^     @ Rule 1, Line 1",1
1427,"Syntax Error: Unknown character “ at '0:0:51'.     |     Vns > { V, V:[+long] }s (P:[-voice]ucker says that “:[i]n a few P:[+voice]oric dialect͡s the lengthening did not occur”)     |                                                        ^     @ Rule 1, Line 1",1
1428,"Syntax Error: Unknown character “ at '0:0:16'.     |     h > ∅ (in those “dialect͡s of the western fringe of:[+affricate]sia Minor and the near-by islands”)     |                     ^     @ Rule 1, Line 1",1
1429,"Syntax Error: Expected '_', but received ''     |     t͡ʃ > s:[+long] / medial     |                             ^     @ Rule 1, Line 1",1
1430,"Syntax Error: The output of a deletion rule must only contain `*` or `∅`     |     h > ∅ (in:[+front]astern Ionic)     |           ^     @ Rule 1, Line 1",1
1431,"Syntax Error: Unknown character “ at '0:0:37'.     |     ej ow > e:[+long] o:[+long] happened “in the various Ionic dialect͡s at various dates”     |                                          ^     @ Rule 1, Line 1",1
1432,"Syntax Error: Expected end of line, received '('. Did you forget a '/' between the output and environment?     |     o:[+long] > u:[+long] (?)     |                           ^     @ Rule 1, Line 1",1
1433,"Syntax Error: Unknown character ḱ at '0:0:2'.     |     { ḱ, ɡ́, ɡ́ʱ } > { k, ɡ, ɡʱ }     |       ^     @ Rule 1, Line 1",1
1434,"Syntax Error: Expected ',', but received 'u'     |     { kʷ, ɡʷ, ɡʷʱ } > { ku, ɡu, ku }     |                          ^     @ Rule 1, Line 1",1
1435,"Syntax Error: Expected end of line, received '('. Did you forget a '/' between the output and environment?     |     h > x (or some sort of dorsal or laryngeal fricative?)     |           ^     @ Rule 1, Line 1",1
1436,"Syntax Error: Expected ',', but received 'u'     |     {u:[+long],eu,au} > u     |                 ^     @ Rule 1, Line 1",1
1437,"Syntax Error: Expected ',', but received 'm'     |     { m̩, n̩, r̩, l̩ } > { am, an, ar, al }     |                             ^     @ Rule 1, Line 1",1
1438,"Syntax Error: Unknown character — at '0:0:0'.     |     — r > ∅ / #_     |     ^     @ Rule 1, Line 1",1
1439,"Syntax Error: Unknown character — at '0:0:0'.     |     — r > ∅ / _#     |     ^     @ Rule 1, Line 1",1
1440,"Syntax Error: Unknown character — at '0:0:0'.     |     — { e, e:[+long] } > a, a:[+long] / _S     |     ^     @ Rule 1, Line 1",1
1441,"Syntax Error: Unknown character — at '0:0:0'.     |     — { e, e:[+long] } > a, a:[+long] / when unstressed?     |     ^     @ Rule 1, Line 1",1
1442,"Syntax Error: Expected '_', but received ''     |     [+laryngeal] > ə / syllabic     |                                ^     @ Rule 1, Line 1",1
1443,"Syntax Error: The output of a deletion rule must only contain `*` or `∅`     |     {h,h} > *:[+laryngeal]     |              ^     @ Rule 1, Line 1",1
1444,"Syntax Error: The input of an insertion rule must only contain `*` or `∅`     |     *:[+laryngeal] > ∅ / S_     |      ^     @ Rule 1, Line 1",1
1445,"Syntax Error: Unknown character Ḱ at '0:0:50'.     |     s > ʃ / {u,i,l,r,[+ cons, - fr, + bk, + hi, - lo],Ḱ}     |                                                       ^     @ Rule 1, Line 1",1
1446,"Syntax Error: Unknown character Ḱ at '0:0:0'.     |     Ḱ > P:[-voice]Š     |     ^     @ Rule 1, Line 1",1
1447,"Syntax Error: Expected '>', '->' or '=>', but received 'ʱ'     |     [+back]ʱP > :[+back]:[+back]ʱ / includes s ʃ > zʱ ʒʱ     |            ^     @ Rule 1, Line 1",1
1448,"Syntax Error: Expected '>', '->' or '=>', but received 'ʱ'     |     [+back]ʱ:[+back]ʱ > :[+back]:[+back]ʱ     |            ^     @ Rule 1, Line 1",1
1449,"Syntax Error: Expected '..', but received .'ʃ' at 0:0:21     |     { tt͡ʃ, dd͡ʒʱ } > { t.ʃ, d.ʒʱ }     |                          ^     @ Rule 1, Line 1",1
1450,"Syntax Error: Expected '_', but received ','     |     { k, ɡ, ɡʱ } > { c, ɟ, ɟʱ } / _e,i,j     |                                       ^     @ Rule 1, Line 1",1
1451,"Syntax Error: Expected a Segment, Set, Option, or Ellipsis, but received ''     |     o > a:[+long] / _CV, does not affect o < eh     |                                                ^     @ Rule 1, Line 1",1
1452,"Syntax Error: Unknown character ̊ at '0:0:8'.     |     {e,o,o,N̊} > a     |             ^     @ Rule 1, Line 1",1
1453,"Syntax Error: Unknown feature 'aspirated' at 0:8-18. Did you mean spread?      |     Sh > S:[+aspirated]     |             ^^^^^^^^^^     @ Rule 1, Line 1",1
1454,"Syntax Error: The output of a deletion rule must only contain `*` or `∅`     |     h > *:[+laryngeal]     |          ^     @ Rule 1, Line 1",1
1455,"Syntax Error: Unknown character ̊ at '0:0:1'.     |     S̊:[+laryngeal] > {u,i}S / _V (sporadic)     |      ^     @ Rule 1, Line 1",1
1456,"Syntax Error: Unknown character ̊ at '0:0:1'.     |     S̊:[+laryngeal] > {u,i}:[+long]S / _C     |      ^     @ Rule 1, Line 1",1
1457,"Syntax Error: Unknown character ̣ at '0:0:35'.     |     { t, d(ʱ), n } > { ʈ, ɖ(ʱ), ɳ } / C̣_ // _r     |                                        ^     @ Rule 1, Line 1",1
1458,"Syntax Error: Unknown character ̣ at '0:0:42'.     |     { s, t, d(ʱ), n } > { ʂ, ʈ, ɖ(ʱ), ɳ } / _C̣     |                                               ^     @ Rule 1, Line 1",1
1459,"Syntax Error: Expected ',', but received 's'     |     { ls, lt, ld(ʱ), ln } > { ʂ, ʈ, ɖ(ʱ), ɳ } / disputed     |        ^     @ Rule 1, Line 1",1
1460,"Syntax Error: Expected ',', but received '('     |     s > ʂ / _V{ʂ,ʈ,ɖ(ʱ)}     |                     ^     @ Rule 1, Line 1",1
1461,"Syntax Error: Expected ',', but received 'ʐ'     |     { uʐ, aʐ, iʐ } > { u:[+long], ə:[+long], i:[+long] }     |        ^     @ Rule 1, Line 1",1
1462,"Syntax Error: Expected ',', but received '('     |     { t͡ʃ, d͡ʒ(ʱ) } > { t͡ɕ, d͡ʑ(ʱ) }     |               ^     @ Rule 1, Line 1",1
1463,"Syntax Error: Expected ',', but received '('     |     { t͡ɕ, d͡ʑ(ʱ) } > { ɕ, ɟ(ʱ) }     |               ^     @ Rule 1, Line 1",1
1464,"Syntax Error: Expected ',', but received 't'     |     { t͡st, d͡zdʱ } > { t:[+long], dʱ:[+long] }     |          ^     @ Rule 1, Line 1",1
1465,"Syntax Error: Expected '_', but received ''     |     dʱ > ɦ / (unclear environment)     |                                   ^     @ Rule 1, Line 1",1
1466,"Syntax Error: Expected end of line, received '('. Did you forget a '/' between the output and environment?     |     bʱ > ɦ (very rare)     |            ^     @ Rule 1, Line 1",1
1467,"Syntax Error: Unknown character Ṽ at '0:0:5'.     |     Vm > Ṽ / _(#){s,ɕ}     |          ^     @ Rule 1, Line 1",1
1468,"Syntax Error: Options can only be used in Environments or Structures     |     C(C) > ∅ / C_#     |      ^^^     @ Rule 1, Line 1",1
1469,"Syntax Error: Expected ',', but received 'N'     |     { VN, VC:[-nas] } > { V:[+nas], V:[+long] } / _#     |        ^     @ Rule 1, Line 1",1
1470,"Syntax Error: Cannot have nested brackets of the same type     |     { a{i,j}(a), a{u,w}(a) } > { e, o }     |        ^     @ Rule 1, Line 1",1
1471,"Syntax Error: Expected number, but received d͡ʒ      |     Cn > CC / V_V // C = d͡ʒ     |                          ^^^     @ Rule 1, Line 1",1
1472,"Syntax Error: Cannot have nested brackets of the same type     |     { b, {d,d͡ʒ,ɡ} } > { v, j } / V_V     |          ^     @ Rule 1, Line 1",1
1473,"Syntax Error: Expected ',', but received 'v'     |     { tv, dv } > { p, b }     |        ^     @ Rule 1, Line 1",1
1474,"Syntax Error: Can't have segments after the end of a word     |     {s,ʂ} > h / _#C:[-voice]     |                  ^     @ Rule 1, Line 1",1
1475,"Syntax Error: Can't have segments after the end of a word     |     {s,ʂ} > r / _#C:[+voice]     |                  ^     @ Rule 1, Line 1",1
1476,"Syntax Error: Expected an IPA character, Primative or Matrix, but received 'ʱ'     |     ɖ(ʱ) > ɭ(ʱ)     |       ^     @ Rule 1, Line 1",1
1477,"Syntax Error: Expected ',', but received 'ɕ'     |     { sɕ, ɕʂ } > { ɕ:[+long], ʂ:[+long] }     |        ^     @ Rule 1, Line 1",1
1478,"Syntax Error: Expected '..', but received .'s' at 0:0:41     |     { s:[+long], ʂ:[+long], ɕ:[+long] } > { t.s, t.ʂ, t.C }     |                                              ^     @ Rule 1, Line 1",1
1479,"Syntax Error: Expected '..', but received .'ʂ' at 0:0:3     |     { t.ʂ, t.ɕ } > { kʂ, cʰ:[+long] }     |        ^     @ Rule 1, Line 1",1
1480,"Syntax Error: Expected ',', but received 'ʂ'     |     {pʂ,cʂ,ɟʐʱ,ɡʐʱ} > kʂ     |       ^     @ Rule 1, Line 1",1
1481,"Syntax Error: Expected an IPA character, Primative or Matrix, but received 'ʱ'     |     ɭ(ʱ) > ɖ(ʱ)     |       ^     @ Rule 1, Line 1",1
1482,"Syntax Error: Expected ',', but received 'u'     |     { au, a:[+long]u, ai, a:[+long]i } > { au, o:[+long], ai, e:[+long] } // _V     |        ^     @ Rule 1, Line 1",1
1483,"Syntax Error: Cannot have nested brackets of the same type     |     { bʱ, dʱ, {ɡʱ,ɡ́ʱ}, ɡʷʱ } > { b, d, ɡ, ɡʷ }     |               ^     @ Rule 1, Line 1",1
1484,"Syntax Error: Unknown character ḱ at '0:0:37'.     |     { [+ cons, - fr, + bk, + hi, - lo]ʷ, ḱ, ɡ́ } > { [+ cons, - fr, + bk, + hi, - lo], s, z }     |                                          ^     @ Rule 1, Line 1",1
1485,"Syntax Error: Cannot have nested brackets of the same type     |     { k, ɡ, x } > { t͡ʃ, ʒ, ʃ } / :{ _{ e(i){ ,i, ,i:[+long] }}, _e:[+long](i){ ,i, ,i:[+long] }} }:     |                                             ^     @ Rule 1, Line 1",1
1486,"Syntax Error: Unknown character ь at '0:0:13'.     |     { i, u } > { ь, ъj }     |                  ^     @ Rule 1, Line 1",1
1487,"Syntax Error: Unknown character ь at '0:0:4'.     |     u > ь / j_     |         ^     @ Rule 1, Line 1",1
1488,"Syntax Error: Expected ',', but received 'i'     |     {ai,oi} > i / j_     |       ^     @ Rule 1, Line 1",1
1489,"Syntax Error: Expected ',', but received 'i'     |     {ai,oi} > æ:[+long]     |       ^     @ Rule 1, Line 1",1
1490,"Syntax Error: Expected ',', but received 'i'     |     {a:[+long]i,o:[+long]i} > {æ:[+long],a} (the former seems to be more common)     |               ^     @ Rule 1, Line 1",1
1491,"Syntax Error: Cannot have nested brackets of the same type     |     {{ a, a:[+long] }{ u,o, u,o:[+long] }u} { e, e:[+long] }u > u ju     |      ^     @ Rule 1, Line 1",1
1492,"Syntax Error: Unknown character ь at '0:0:4'.     |     e > ь / _jV     |         ^     @ Rule 1, Line 1",1
1493,"Syntax Error: Cannot have nested brackets of the same type     |     { l̩, r̩ } > { {ьl,ъl}, {ьr,ъr} }     |                    ^     @ Rule 1, Line 1",1
1494,"Syntax Error: Unknown character ẽ at '0:0:11'.     |     {m̩,n̩} > {ẽ,õ} / _C$     |                ^     @ Rule 1, Line 1",1
1495,"Syntax Error: Cannot have nested brackets of the same type     |     { m̩, n̩ } > { {ьm,ъm}, {ьn,ъn} }     |                    ^     @ Rule 1, Line 1",1
1496,"Syntax Error: Unknown feature 'affricate' at 0:18-28. Did you mean stridnt?      |     æ:[+long] > a / :[+affricate]fter palatal fricatives and affricates     |                       ^^^^^^^^^^     @ Rule 1, Line 1",1
1497,"Syntax Error: Cannot have nested brackets of the same type     |     {{ e, e:[+long] }{ ,i, ,i:[+long] }} {{ a, a:[+long] }{ ,o, ,o:[+long] }{ ,u, ,u:[+long] }} > ẽ õ / _N$     |      ^     @ Rule 1, Line 1",1
1498,"Syntax Error: Unknown character ъ at '0:0:17'.     |     { oi, o } > { i, ъ }     |                      ^     @ Rule 1, Line 1",1
1499,"Syntax Error: Unknown feature 'affricate' at 0:34-44. Did you mean stridnt?      |     { k, ɡ, x } > { t͡s, d͡z, s } / :[+affricate]fter some syllables with front vowels     |                                       ^^^^^^^^^^     @ Rule 1, Line 1",1
1500,"Syntax Error: Expected ',', but received 'k'     |     { sk, x } > { ɕt͡ɕ, ɕ } / _:[+front]     |        ^     @ Rule 1, Line 1",1
1501,"Syntax Error: Expected '..', but received .' ' at 0:0:68     |     ɛl > lɔ / P:[-voice]_P:[-voice] in certain cases (mostly after a PSl. palato-alveolar)     |                                                                         ^     @ Rule 1, Line 1",1
1502,"Syntax Error: Expected ',', but received 'l'     |     { ɔl, ɔr, ɛl, ɛr } > { lɔ, rɔ, lɛ, rɛ } / P:[-voice]_P:[-voice]     |        ^     @ Rule 1, Line 1",1
1503,"Syntax Error: Expected ',', but received 'r'     |     { ɔr, ɔl } > { ra, la } / #_P:[-voice] in syllables with long vowels     |        ^     @ Rule 1, Line 1",1
1504,"Syntax Error: Expected ',', but received 'r'     |     { ɔr, ɔl } > { rɔ, lɔ } / #_P:[-voice]     |        ^     @ Rule 1, Line 1",1
1505,"Syntax Error: Expected end of line, received 'ʲ'. Did you forget a '/' between the output and environment?     |     C > Cʲ / _:[+front] // /j ɕ ʑ     |          ^     @ Rule 1, Line 1",1
1506,"Syntax Error: Unknown feature 'palatalized' at 0:42-55. Did you mean latrl?      |     { ɛ, ɛ̃, ɛ:[+long] } > { ɔ, ɔ̃, a } / _C:[-palatalized +dental] (also sporadically before plain non-dentals)     |                                               ^^^^^^^^^^^^^     @ Rule 1, Line 1",1
1507,"Syntax Error: Unknown character — at '0:0:0'.     |     — {ь,ъ} > e / iambic counting from %# or a syllable not containing a yer     |     ^     @ Rule 1, Line 1",1
1508,"Syntax Error: Unknown character — at '0:0:0'.     |     — {ь,ъ} > ∅] / in even syllables counting iambic from %# or a syllable not containing a yer     |     ^     @ Rule 1, Line 1",1
1509,"Syntax Error: Unknown character ъ at '0:0:0'.     |     ъ > a:[+long] / _r     |     ^     @ Rule 1, Line 1",1
1510,"Syntax Error: Unknown character ъ at '0:0:0'.     |     ъl > { ɔ, ɔ:[+long] }ɫ / P_     |     ^     @ Rule 1, Line 1",1
1511,"Syntax Error: Unknown character ъ at '0:0:0'.     |     ъl > ɛɫ / [+ cons, - fr, + bk, + hi, - lo]_     |     ^     @ Rule 1, Line 1",1
1512,"Syntax Error: Unknown character ъ at '0:0:0'.     |     ъl > ɫu     |     ^     @ Rule 1, Line 1",1
1513,"Syntax Error: Unknown character ь at '0:0:0'.     |     ьl > ɫu / C:[+dental]_     |     ^     @ Rule 1, Line 1",1
1514,"Syntax Error: Unknown character ь at '0:0:0'.     |     ьl > ɛɫ / P_C:[+dental -palatalized]     |     ^     @ Rule 1, Line 1",1
1515,"Syntax Error: Unknown character ь at '0:0:0'.     |     ьl > il / P_     |     ^     @ Rule 1, Line 1",1
1516,"Syntax Error: Unknown character ь at '0:0:0'.     |     ьl > { ɔ, ɔ:[+long] }ɫ     |     ^     @ Rule 1, Line 1",1
1517,"Syntax Error: Unknown character ь at '0:0:0'.     |     ь > a:[+long] / r_C:[+dental -palatalized]     |     ^     @ Rule 1, Line 1",1
1518,"Syntax Error: Unknown character ь at '0:0:0'.     |     ьr > { i, i:[+long] }ʐ     |     ^     @ Rule 1, Line 1",1
1519,"Syntax Error: Cannot have nested brackets of the same type     |     { i, i:[+long] }ʐ > {{ ɛ, ɛ:[+long] }{ r,ɛ, r,ɛ:[+long] }ʐ}     |                          ^     @ Rule 1, Line 1",1
1520,"Syntax Error: Cannot have nested brackets of the same type     |     {{ ɛ, ɛ:[+long] }{ r,ɛ, r,ɛ:[+long] }ʐ} > ɛr, ɛʐ     |      ^     @ Rule 1, Line 1",1
1521,"Syntax Error: Unknown character ã at '0:0:10'.     |     {ɛ̃,ɔ̃} > ã     |               ^     @ Rule 1, Line 1",1
1522,"Syntax Error: Unknown character ã at '0:0:20'.     |     { a, ɛ, i, ɔ, u, ɨ, ã } > { a:[+long], ɛ:[+long], i:[+long], ɔ:[+long], u:[+long], ɨ:[+long], ã:[+long] } / :{ _C/%[+voice]:[lost yer] (i.e., a voiced consonant or a cluster with one) }:     |                         ^     @ Rule 1, Line 1",1
1523,"Syntax Error: Cannot have nested brackets of the same type     |     { {aja,ɔja}, {ɔjɛ,ɨjɛ}, ɨjɛ } > { a:[+long], ɛ:[+long], i:[+long] }     |       ^     @ Rule 1, Line 1",1
1524,"Syntax Error: Cannot have nested brackets of the same type     |     {{ ɛ, ɛ:[+long] }jɛ,ьjɛ,ɔjɛ,ujɛ,ɨjɛ} > ɛ:[+long]     |      ^     @ Rule 1, Line 1",1
1525,"Syntax Error: Unknown character ь at '0:0:12'.     |     {ɔjɔ̃,ɔ̃jɔ̃,ьjɔ̃} > ɔ̃:[+long]     |                 ^     @ Rule 1, Line 1",1
1526,"Syntax Error: Unknown character ь at '0:0:2'.     |     { ьjь, ъjь } > { i, ɨ }     |       ^     @ Rule 1, Line 1",1
1527,"Syntax Error: Unknown character ь at '0:0:1'.     |     jь > i / utterance-initially (cf.:[+front]nglish utterance-initial glottal stops before vowels)     |      ^     @ Rule 1, Line 1",1
1528,"Syntax Error: Unknown character ь at '0:0:2'.     |     { ь, ъ } > { i, ɨ } / _j     |       ^     @ Rule 1, Line 1",1
1529,"Syntax Error: Unknown character ь at '0:0:9'.     |     {aja,ɛja,ьja,ɔja} > a:[+long]     |              ^     @ Rule 1, Line 1",1
1530,"Syntax Error: Expected ',', but received 'j'     |     { iji, ɨjɨ } > { i, ɨ }     |        ^     @ Rule 1, Line 1",1
1531,"Syntax Error: Unknown character — at '0:0:128'.     |     O:[+voice] > O:[-voice] / _# (unless followed by some type of voiced consonant, be it any type of consonant or just an obstruent—this differs by location)     |                                                                                                                                     ^     @ Rule 1, Line 1",1
1532,"Syntax Error: Expected ':', but received 'p'     |     ɔ > ɔ:[+long] / :{ _r(sporadic, perhaps analogical), _l(sporadic, perhaps analogical) }:     |                                     ^     @ Rule 1, Line 1",1
1533,"Syntax Error: Unknown character ъ at '0:0:9'.     |     ∅ > h / _ъ     |              ^     @ Rule 1, Line 1",1
1534,"Syntax Error: Expected '_', but received ''     |     V > ∅ / unstressed (sporadic)     |                                  ^     @ Rule 1, Line 1",1
1535,"Syntax Error: Expected '..', but received .' ' at 0:0:52     |     i > ∅ / _# in the infinite and imperative desinences. . .some verbs have never been affected due to a potential ‘difficult’ cluster that would result, instead they got an analogical final -j extension     |                                                         ^     @ Rule 1, Line 1",1
1536,"Syntax Error: Expected ',', but received 'i'     |     { t͡si, ʐi } > { t͡ɕ, ʐ } / V_     |          ^     @ Rule 1, Line 1",1
1537,"Syntax Error: Unknown character ȵ at '0:0:37'.     |     tʲ dʲ sʲ zʲ nʲ rʲ l lʲ > t͡ɕ d͡ʒ ɕ ʑ ȵ r ɫ l (this last probably not before /i/)     |                                          ^     @ Rule 1, Line 1",1
1538,"Syntax Error: Unknown character ã at '0:0:0'.     |     ã > ɛ̃     |     ^     @ Rule 1, Line 1",1
1539,"Syntax Error: Unknown character ã at '0:0:0'.     |     ã:[+long] > ã     |     ^     @ Rule 1, Line 1",1
1540,"Syntax Error: Unknown character ã at '0:0:0'.     |     ã > ɔ̃     |     ^     @ Rule 1, Line 1",1
1541,"Syntax Error: Expected '->', but received -'u' at 0:0:35     |     V:[+long] > V in certain frequently-used words     |                                        ^     @ Rule 1, Line 1",1
1542,"Syntax Error: Expected ',', but received 'ɨ'     |     { kɨ, ɡɨ } > { kʲi, ɡʲi }     |        ^     @ Rule 1, Line 1",1
1543,"Syntax Error: Expected ',', but received 'i'     |     { ʃi, ʒi, t͡ʃi, d͡ʒi, ɕi, ʑi } > { ʂɨ, ʐɨ, ʈʂɨ, ɖʐɨ, t͡sɨ, ʒɨ }     |        ^     @ Rule 1, Line 1",1
1544,"Syntax Error: Expected ',', but received 'ʂ'     |     { ʃ, ʒ, t͡ʃ, d͡ʒ, ɕ, ʑ } > { ʂ, ʐ, ʈʂ, ɖʐ, t͡s, ʒ }     |                                         ^     @ Rule 1, Line 1",1
1545,"Syntax Error: Segment does not have prerequisite properties to have this diacritic. Must be [-sonorant]     |     r̝ > ʂ / C:[-voice]_     |     ^^     @ Rule 1, Line 1",1
1546,"Syntax Error: Segment does not have prerequisite properties to have this diacritic. Must be [-sonorant]     |     r̝ > ʂ / _C:[+voice]     |     ^^     @ Rule 1, Line 1",1
1547,"Syntax Error: Unknown character ŕ at '0:0:0'.     |     ŕ > ʐ     |     ^     @ Rule 1, Line 1",1
1548,"Syntax Error: Expected end of line, received '('. Did you forget a '/' between the output and environment?     |     {ɛ,a} > ɔ (sporadic)     |               ^     @ Rule 1, Line 1",1
1549,"Syntax Error: Expected end of line, received '('. Did you forget a '/' between the output and environment?     |     V > ɛ (sporadic, analogical)     |           ^     @ Rule 1, Line 1",1
1550,"Syntax Error: Expected end of line, received '('. Did you forget a '/' between the output and environment?     |     u > ɔ (rare, sporadic)     |           ^     @ Rule 1, Line 1",1
1551,"Syntax Error: Can't have segments after the end of a word     |     ɔ̃ > ɔ / _# (in some regions or dialect͡s)     |               ^     @ Rule 1, Line 1",1
1552,"Syntax Error: Unknown feature 'affricate' at 0:38-48. Did you mean stridnt?      |     { ɛ̃, ɔ̃ } > { ɛ̃N, ɔ̃N } / :{ _S, _:[+affricate] }:     |                                           ^^^^^^^^^^     @ Rule 1, Line 1",1
1553,"Syntax Error: Unknown feature 'palatal' at 0:32-40. Did you mean latrl?      |     { ɛ̃, ɔ̃ } > { ɛɰ̃, ɔɰ̃ } / _F:[-palatal]     |                                     ^^^^^^^^     @ Rule 1, Line 1",1
1554,"Syntax Error: Expected an IPA character, Primative or Matrix, but received '/'     |     ɔ̃ > ɔɰ̃ / _# (in standard registers/pronunciations)     |                                         ^     @ Rule 1, Line 1",1
1555,"Syntax Error: Unknown feature 'palatal' at 0:32-40. Did you mean latrl?      |     { ɛ̃, ɔ̃ } > { ɛj̃, ɔj̃ } / _F:[+palatal]     |                                     ^^^^^^^^     @ Rule 1, Line 1",1
1556,"Syntax Error: Unknown character ȵ at '0:0:0'.     |     ȵ > j̃ / _F     |     ^     @ Rule 1, Line 1",1
1557,"Syntax Error: Unknown feature 'velar' at 0:12-18. Did you mean delay?      |     n > ŋ / _S:[+velar] (regional)     |                 ^^^^^^     @ Rule 1, Line 1",1
1558,"Syntax Error: Unknown feature 'dental' at 0:13-20. Did you mean ldental?      |     Cʲ > C / _C:[+dental] with development͡s of yers in ablaut environment͡s     |                  ^^^^^^^     @ Rule 1, Line 1",1
1559,"Syntax Error: Unknown feature 'affricate' at 0:73-83. Did you mean stridnt?      |     Cʲ > C in select words due to prestige influence of Czech in the Middle:[+affricate]ges     |                                                                              ^^^^^^^^^^     @ Rule 1, Line 1",1
1560,"Syntax Error: Expected '>', '->' or '=>', but received 'ʲ'     |     Cʲ > C in select words otherwise, possibly by analogy     |      ^     @ Rule 1, Line 1",1
1561,"Syntax Error: Expected ',', but received 't͡s'     |     { t͡ɕt͡s, ʑr̝ } > { jt͡s, jr̝ }     |          ^^^     @ Rule 1, Line 1",1
1562,"Syntax Error: Unknown character ͜ at '0:0:17'.     |     ɕt͡ɕ > js / :{ _t͜s, _s }:     |                      ^     @ Rule 1, Line 1",1
1563,"Syntax Error: Segment does not have prerequisite properties to have this diacritic. Must be [-sonorant]     |     { v, r̝ } > { f, r̥ } / C:[-voice]_     |          ^^     @ Rule 1, Line 1",1
1564,"Syntax Error: Segment does not have prerequisite properties to have this diacritic. Must be [-sonorant]     |     { v, r̝ } > { f, r̥ } / :{ _C:[-voice], _# }:     |          ^^     @ Rule 1, Line 1",1
1565,"Syntax Error: Unknown character ̊ at '0:0:4'.     |     { r̝̊, r̝ } > { ʂ, ʐ }     |         ^     @ Rule 1, Line 1",1
1566,"Syntax Error: Expected ',', but received 'v'     |     {xv,pv} > f     |       ^     @ Rule 1, Line 1",1
1567,"Syntax Error: Unknown character ‘ at '0:0:23'.     |     x > ∅ / _r in the word ‘robak’     |                            ^     @ Rule 1, Line 1",1
1568,"Syntax Error: Segment does not have prerequisite properties to have this diacritic. Must be [-sonorant]     |     r̝ > r / :{ ɕ_, ʑ_ }:     |     ^^     @ Rule 1, Line 1",1
1569,"Syntax Error: Unknown character ‘ at '0:0:28'.     |     { ɕr̝, ʑr̝ } > { ʂr, ʐr } / ‘szron’ and ‘żreć’, respectively     |                                 ^     @ Rule 1, Line 1",1
1570,"Syntax Error: Segment does not have prerequisite properties to have this diacritic. Must be [-sonorant]     |     ʈʂ > t / _r̝     |               ^^     @ Rule 1, Line 1",1
1571,"Syntax Error: Segment does not have prerequisite properties to have this diacritic. Must be [-sonorant]     |     ɕ > ∅ / tr̝_t͡ɕ     |              ^^     @ Rule 1, Line 1",1
1572,"Syntax Error: Expected '..', but received .' ' at 0:0:18     |     d > ∅ / _n in arch. ‘jeno’     |                       ^     @ Rule 1, Line 1",1
1573,"Syntax Error: Unknown character ‘ at '0:0:15'.     |     ∅ > t / s_r in ‘stręczyć’     |                    ^     @ Rule 1, Line 1",1
1574,"Syntax Error: Expected ',', but received 't'     |     { st, ʂʈʂ } > { z, ʐ } / _b     |        ^     @ Rule 1, Line 1",1
1575,"Syntax Error: Expected '_', but received ''     |     trk > kr / in the name of the river Skrwa     |                                              ^     @ Rule 1, Line 1",1
1576,"Syntax Error: Cannot have nested brackets of the same type     |     { zdʲ, stʲ } > { {ʑ,ɕ}, {s,ɕ} } / _n     |                      ^     @ Rule 1, Line 1",1
1577,"Syntax Error: Unknown character ͜ at '0:0:18'.     |     { d͡z, t͡s } > { d͜z, t͜s }     |                       ^     @ Rule 1, Line 1",1
1578,"Syntax Error: Unknown feature 'alveolopalatal' at 0:20-35. Did you mean consonantal?      |     C:[+strident]P > C:[+alveolopalatal] / _C:[+coronal]     |                         ^^^^^^^^^^^^^^^     @ Rule 1, Line 1",1
1579,"Syntax Error: Unknown feature 'dental' at 0:20-27. Did you mean ldental?      |     C:[+strident]P > C:[+dental]     |                         ^^^^^^^     @ Rule 1, Line 1",1
1580,"Syntax Error: Expected '->', but received -'S' at 0:0:43     |     n > s / k_ɛ̃ where the vowel was from Proto-Slavic     |                                                ^     @ Rule 1, Line 1",1
1581,"Syntax Error: Expected '->', but received -'S' at 0:0:43     |     s > ɕ / k_ɛ̃ where the vowel was from Proto-Slavic     |                                                ^     @ Rule 1, Line 1",1
1582,"Syntax Error: Expected '>', '->' or '=>', but received 'ʲ'     |     Pʲ > P / _C     |      ^     @ Rule 1, Line 1",1
1583,"Syntax Error: Unknown character ͜ at '0:0:18'.     |     rʲ > r / :{ _s, _t͜s, _l, _w, _n, _ɲ }:     |                       ^     @ Rule 1, Line 1",1
1584,"Syntax Error: Expected an IPA character, Primative or Matrix, but received ''     |     { ɕ, ʑ } > { s, z } / _C (     |                               ^     @ Rule 1, Line 1",1
1585,"Syntax Error: Expected ',', but received 'r'     |     { or, ol, er, el } > { oro, olo, ere, ele } / _$     |        ^     @ Rule 1, Line 1",1
1586,"Syntax Error: Expected ',', but received 'l'     |     { mʲ, pʲ, bʲ } > { mlʲ, plʲ, blʲ }     |                         ^     @ Rule 1, Line 1",1
1587,"Syntax Error: Expected an IPA character, Primative or Matrix, but received ','     |     { tʲ, dʲ } > { t͡ʃ,, ʒ }     |                        ^     @ Rule 1, Line 1",1
1588,"Syntax Error: Unknown character _ at '0:0:5'.     |     kt ɡd > _:[+front]     |          ^     @ Rule 1, Line 1",1
1589,"Syntax Error: Unknown character ẽ at '0:0:2'.     |     { ẽ, õ } > { ja, u }     |       ^     @ Rule 1, Line 1",1
1590,"Syntax Error: Unknown character ь at '0:0:1'.     |     jь > i     |      ^     @ Rule 1, Line 1",1
1591,"Syntax Error: Unknown character ḱ at '0:0:2'.     |     { ḱ, ǵ } > { k, ɡ }     |       ^     @ Rule 1, Line 1",1
1592,"Syntax Error: Unknown character ǵ at '0:0:2'.     |     { ǵʰ, gʷʰ } > { ɡʰ, xʷ }     |       ^     @ Rule 1, Line 1",1
1593,"Syntax Error: Segment does not have prerequisite properties to have this diacritic. Must be [-voice]     |     { bʰ, dʰ, gʰ } > { pʰ, tʰ, dʰ }     |       ^^     @ Rule 1, Line 1",1
1594,"Syntax Error: Segment does not have prerequisite properties to have this diacritic. Must be [-voice]     |     { pʰ, tʰ, dʰ } > { ɸ, θ, x }     |               ^^     @ Rule 1, Line 1",1
1595,"Syntax Error: Unknown character ’ at '0:0:17'.     |     s > z / medial (I’m assuming between vowels or when *s voiced in PI:[+front])     |                      ^     @ Rule 1, Line 1",1
1596,"Syntax Error: Segment does not have prerequisite properties to have this diacritic. Must be [-voice]     |     ɡʰ > f / #_     |     ^^     @ Rule 1, Line 1",1
1597,"Syntax Error: Segment does not have prerequisite properties to have this diacritic. Must be [-voice]     |     ɡʰ > d, h, ɡ     |     ^^     @ Rule 1, Line 1",1
1598,"Syntax Error: Cannot have nested brackets of the same type     |     { ɸ, θ } > { b, {d,b} } / V_V     |                     ^     @ Rule 1, Line 1",1
1599,"Syntax Error: Cannot have nested brackets of the same type     |     { l̥, r̥ } > { ol, {or,er} } / _#     |                        ^     @ Rule 1, Line 1",1
1600,"Syntax Error: Expected ',', but received 'm'     |     { m̥, n̥ } > { em, en }     |                     ^     @ Rule 1, Line 1",1
1601,"Syntax Error: Expected end of line, received '('. Did you forget a '/' between the output and environment?     |     ai > e:[+long] (in rustic dialect͡s)     |                    ^     @ Rule 1, Line 1",1
1602,"Syntax Error: Expected end of line, received '('. Did you forget a '/' between the output and environment?     |     aw > o:[+long] (in rustic dialect͡s)     |                    ^     @ Rule 1, Line 1",1
1603,"Syntax Error: Expected ',', but received 'w'     |     {ew,ow} > ou     |       ^     @ Rule 1, Line 1",1
1604,"Syntax Error: Expected ',', but received 'i'     |     { ei, oi, ou } > { i:[+long], e:[+long], u:[+long] } / %(C)(C)_ when unstressed     |        ^     @ Rule 1, Line 1",1
1605,"Syntax Error: Expected an IPA character, Primative or Matrix, but received ''     |     {i,e} > ∅ / _# (     |                     ^     @ Rule 1, Line 1",1
1606,"Syntax Error: Expected '_', but received '}'     |     o > u / _C(C)# ,w}_ // {u     |                      ^     @ Rule 1, Line 1",1
1607,"Syntax Error: Expected ',', but received 'i'     |     {ai,ei,oi} > ei / _(C)(C)#     |       ^     @ Rule 1, Line 1",1
1608,"Syntax Error: Expected ',', but received 'l'     |     { l̩, l̩:[+long], r̩, r̩:[+long] } > { ol, l, or, r }     |                                             ^     @ Rule 1, Line 1",1
1609,"Syntax Error: Unknown character “ at '0:0:6'.     |     d > l “in many dialect͡s”     |           ^     @ Rule 1, Line 1",1
1610,"Syntax Error: Unknown character ḱ at '0:0:2'.     |     { ḱ, ɡ́ } > { k, ɡ }     |       ^     @ Rule 1, Line 1",1
1611,"Syntax Error: Expected an IPA character, Primative or Matrix, but received 'ʱ'     |     ɡʷ(ʱ) > ɡu / ŋ_     |        ^     @ Rule 1, Line 1",1
1612,"Syntax Error: Expected end of line, received '('. Did you forget a '/' between the output and environment?     |     V…V > V…V (rare)     |               ^     @ Rule 1, Line 1",1
1613,"Syntax Error: Malformed Comment: Expected ';;', but received '; ' at 0:0:51     |     V > V:[+long] / _S:[+voice]{S:[-voice],F:[-voice]}; (i, e, and o     |                                                        ^     @ Rule 1, Line 1",1
1614,"Syntax Error: Cannot have nested brackets of the same type     |     { {p,b}, {t,d} } > { m, n } / :{ _m, _n }:     |       ^     @ Rule 1, Line 1",1
1615,"Runtime Error: Grouped Environments cannot (yet) be used in insertion rules     |     ∅ > p / :{ m_s, m_t, m_l }:     |             ^^^^^^^^^^^^^^^^^^^     @ Rule 1, Line 1",1
1616,"Syntax Error: Unknown character _ at '0:0:2'.     |     r > _Vl     |       ^     @ Rule 1, Line 1",1
1617,"Syntax Error: Expected end of line, received '∅'. Did you forget a '/' between the output and environment?     |     r…r > r…∅     |             ^     @ Rule 1, Line 1",1
1618,"Syntax Error: Expected '->', but received -'m' at 0:0:48     |     V:[+long] > V / _C(C)# (irregular: often before -m, -t, -nt, but never before ?s)     |                                                     ^     @ Rule 1, Line 1",1
1619,"Syntax Error: Unknown character ( at '0:0:5'.     |     CCCC > (C)C     |          ^     @ Rule 1, Line 1",1
1620,"Syntax Error: Expected ',', but received 'i'     |     {e,ai} > ɛ     |         ^     @ Rule 1, Line 1",1
1621,"Syntax Error: Expected ',', but received 'i'     |     {i,e:[+long],oi} > e     |                   ^     @ Rule 1, Line 1",1
1622,"Syntax Error: Expected ':', but received 'a'     |     m > n / _# (in certain common monosyllabic words, as well as some common compounds of them)     |                                                       ^     @ Rule 1, Line 1",1
1623,"Syntax Error: Expected '_', but received ''     |     { ɛ, ɔ } > { e, o } / when unstressed     |                                          ^     @ Rule 1, Line 1",1
1624,"Syntax Error: Unknown character “ at '0:0:2'.     |     { “In, contrast,, Somanian, exhibit͡s, u,, u:[+long] } > { u, (and, ultimately, also, ɔ,, o:[+long] }     |       ^     @ Rule 1, Line 1",1
1625,"Syntax Error: Malformed Comment: Expected ';;', but received '; ' at 0:0:41     |     u (and ultimately also ɔ, o:[+long] > o); and Sardinian and:[+affricate]frican Latin underwent a straight merger of the vowels by length without considering quality (e, e:[+long]     |                                              ^     @ Rule 1, Line 1",1
1626,"Syntax Error: Malformed Comment: Expected ';;', but received '; ' at 0:0:3     |     o); and Sardinian and:[+affricate]frican Latin underwent a straight merger of the vowels by length without considering quality (e, e:[+long] > e; i, i:[+long]     |        ^     @ Rule 1, Line 1",1
1627,"Syntax Error: Malformed Comment: Expected ';;', but received ';,' at 0:0:4     |     { e;, i,, i:[+long] } > { i;, u,, u:[+long] }     |         ^     @ Rule 1, Line 1",1
1628,"Syntax Error: Malformed Comment: Expected ';;', but received '; ' at 0:0:2     |     i; u, u:[+long] > u; etc.)”     |       ^     @ Rule 1, Line 1",1
1629,"Syntax Error: Can't have segments after the end of a word     |     V > ∅ / V%C_L(C)V(C)# (irregular)     |                         ^     @ Rule 1, Line 1",1
1630,"Syntax Error: Can't have segments after the end of a word     |     V > ∅ / V%L_C(C)V(C)# (irregular)     |                         ^     @ Rule 1, Line 1",1
1631,"Syntax Error: Can't have segments after the end of a word     |     V > ∅ / V%s_t(C)V(C)# (irregular)     |                         ^     @ Rule 1, Line 1",1
1632,"Syntax Error: Malformed Comment: Expected ';;', but received '; ' at 0:0:72     |     u > w / (when in unstressed penult or between first and tonic syllables; irregular)     |                                                                             ^     @ Rule 1, Line 1",1
1633,"Syntax Error: Malformed Comment: Expected ';;', but received '; ' at 0:0:72     |     w > ∅ / (when in unstressed penult or between first and tonic syllables; irregular)     |                                                                             ^     @ Rule 1, Line 1",1
1634,"Syntax Error: Expected '_', but received ''     |     i:[+long] > i / stressed     |                             ^     @ Rule 1, Line 1",1
1635,"Syntax Error: Cannot have nested brackets of the same type     |     { {i,e:[+long]}, e } > { {e,ɛ}, {ɛ,e} } / stressed     |       ^     @ Rule 1, Line 1",1
1636,"Syntax Error: Expected '_', but received ''     |     u:[+long] > u / stressed     |                             ^     @ Rule 1, Line 1",1
1637,"Syntax Error: Cannot have nested brackets of the same type     |     { {u,o:[+long]}, o } > { o, ɔ } / stressed     |       ^     @ Rule 1, Line 1",1
1638,"Syntax Error: Cannot have nested brackets of the same type     |     {{ u,o, u,o:[+long] }} > u / _%V in:[+front]ast Catalan     |      ^     @ Rule 1, Line 1",1
1639,"Syntax Error: Cannot have nested brackets of the same type     |     {{ u,o, u,o:[+long] }} > o / _%V     |      ^     @ Rule 1, Line 1",1
1640,"Syntax Error: Expected ',', but received 'e'     |     { ae, au } > { e, ɔ } / stressed     |        ^     @ Rule 1, Line 1",1
1641,"Syntax Error: Expected ',', but received 'e'     |     { ae, au } > { e, o } / _%V     |        ^     @ Rule 1, Line 1",1
1642,"Syntax Error: Unknown character “ at '0:0:16'.     |     VV > V:[+long] (“For outcomes of word-final vowels, see down below”)     |                     ^     @ Rule 1, Line 1",1
1643,"Syntax Error: Expected an IPA character, Primative or Matrix, but received '∅'     |     ɡ > {j,∅,ɡ} / V_rV     |            ^     @ Rule 1, Line 1",1
1644,"Syntax Error: Expected ',', but received 'l'     |     {kl,ɡl} > ʎ / V_V (the latter is irregular)     |       ^     @ Rule 1, Line 1",1
1645,"Syntax Error: Expected ',', but received 's'     |     { sʲ, ssʲ, jn } > { js, jʃ, ɲ } / V_V     |            ^     @ Rule 1, Line 1",1
1646,"Syntax Error: Expected ',', but received 'r'     |     { lʲ, rʲ, kʲ, ɡʲ } > { ʎ, jr, t͡s, ʒ } / V_V     |                                ^     @ Rule 1, Line 1",1
1647,"Syntax Error: Unknown character ̈ at '0:0:9'.     |     b > v / V̈%_j     |              ^     @ Rule 1, Line 1",1
1648,"Syntax Error: Expected '_', but received ''     |     a > e / in the penult     |                          ^     @ Rule 1, Line 1",1
1649,"Syntax Error: Malformed Comment: Expected ';;', but received '; ' at 0:0:34     |     V > ∅ / V%_(C)(C)V(C)# (irregular; e is kept before n)     |                                       ^     @ Rule 1, Line 1",1
1650,"Syntax Error: Unknown character → at '0:0:17'.     |     k > ∅ / :{ V_i(ɡ → ʒ is learned), V_e(ɡ → ʒ is learned) }:     |                      ^     @ Rule 1, Line 1",1
1651,"Syntax Error: Unknown character → at '0:0:21'.     |     ɡ > {∅,ʒ} / :{ V_i(ɡ → ʒ is learned), V_e(ɡ → ʒ is learned) }:     |                          ^     @ Rule 1, Line 1",1
1652,"Syntax Error: Unknown character — at '0:0:0'.     |     — d > z / V_V     |     ^     @ Rule 1, Line 1",1
1653,"Syntax Error: Unknown character — at '0:0:0'.     |     — d > w / _V#     |     ^     @ Rule 1, Line 1",1
1654,"Syntax Error: Cannot have nested brackets of the same type     |     {{ i,e, i,e:[+long] },ae} > ∅ / _(C)#     |      ^     @ Rule 1, Line 1",1
1655,"Syntax Error: Cannot have nested brackets of the same type     |     {{ u, u:[+long] }{ ,o, ,o:[+long] }} > ∅ / _#     |      ^     @ Rule 1, Line 1",1
1656,"Syntax Error: Malformed Comment: Expected ';;', but received '; ' at 0:0:42     |     V > ∅ / between first and tonic syllables; except when C_CC, _n; if there are multiple vowels between the initial and tonic syllables, the vowel directly before the tonic is usually dropped // V = a     |                                               ^     @ Rule 1, Line 1",1
1657,"Syntax Error: Expected number, but received L      |     C > ∅ / C_C // C = L     |                        ^     @ Rule 1, Line 1",1
1658,"Syntax Error: Expected end of line, received '('. Did you forget a '/' between the output and environment?     |     ee > e (irregular)     |            ^     @ Rule 1, Line 1",1
1659,"Syntax Error: Expected ',', but received 'j'     |     { ɛj, ɔj } > { jɛj, uei } / i {u,ui} / stressed     |        ^     @ Rule 1, Line 1",1
1660,"Syntax Error: Expected '_', but received ','     |     ɛ > e / ,l,rC:[-labial],nr} or _ ? w# // _{r:[+long]     |             ^     @ Rule 1, Line 1",1
1661,"Syntax Error: Expected end of line, received '('. Did you forget a '/' between the output and environment?     |     e > ɛ (in:[+front]astern Catalan)     |           ^     @ Rule 1, Line 1",1
1662,"Syntax Error: Unknown character — at '0:0:0'.     |     — h > ∅     |     ^     @ Rule 1, Line 1",1
1663,"Syntax Error: Unknown character — at '0:0:0'.     |     — VV > V:[+long]     |     ^     @ Rule 1, Line 1",1
1664,"Syntax Error: Unknown character — at '0:0:0'.     |     — n > ∅ / :{ _f, _v, _s }:     |     ^     @ Rule 1, Line 1",1
1665,"Syntax Error: Unknown character — at '0:0:0'.     |     — r > s / _s     |     ^     @ Rule 1, Line 1",1
1666,"Syntax Error: Unknown character — at '0:0:0'.     |     — {m,n} > ∅ / _# in polysyllables     |     ^     @ Rule 1, Line 1",1
1667,"Syntax Error: Unknown character — at '0:0:0'.     |     — m > n / _#     |     ^     @ Rule 1, Line 1",1
1668,"Syntax Error: Unknown character — at '0:0:0'.     |     — u > ∅ / CC_V     |     ^     @ Rule 1, Line 1",1
1669,"Syntax Error: Unknown character — at '0:0:0'.     |     — w > ɡu / from Germanic loanwords     |     ^     @ Rule 1, Line 1",1
1670,"Syntax Error: Unknown character — at '0:0:0'.     |     — V > ”V / VSr_     |     ^     @ Rule 1, Line 1",1
1671,"Syntax Error: Unknown character — at '0:0:0'.     |     — V > ”V / _C*{i,e}V     |     ^     @ Rule 1, Line 1",1
1672,"Syntax Error: Unknown character — at '0:0:0'.     |     — {i,e} > j / _V     |     ^     @ Rule 1, Line 1",1
1673,"Syntax Error: Unknown character — at '0:0:0'.     |     — a:[+long] > a     |     ^     @ Rule 1, Line 1",1
1674,"Syntax Error: Unknown character — at '0:0:0'.     |     — (a)e > è     |     ^     @ Rule 1, Line 1",1
1675,"Syntax Error: Unknown character — at '0:0:0'.     |     — {e:[+long],i,oe} > é     |     ^     @ Rule 1, Line 1",1
1676,"Syntax Error: Unknown character — at '0:0:0'.     |     — i:[+long] o:[+long] > i ó     |     ^     @ Rule 1, Line 1",1
1677,"Syntax Error: Unknown character — at '0:0:0'.     |     — o > ò     |     ^     @ Rule 1, Line 1",1
1678,"Syntax Error: Unknown character — at '0:0:0'.     |     — u > ó // _i:[+long]     |     ^     @ Rule 1, Line 1",1
1679,"Syntax Error: Unknown character — at '0:0:0'.     |     — u:[+long] > u     |     ^     @ Rule 1, Line 1",1
1680,"Syntax Error: Unknown character — at '0:0:0'.     |     — {{ e, e:[+long] },i,ae,oe} > e     |     ^     @ Rule 1, Line 1",1
1681,"Syntax Error: Unknown character — at '0:0:0'.     |     — i:[+long] > i     |     ^     @ Rule 1, Line 1",1
1682,"Syntax Error: Unknown character — at '0:0:0'.     |     — {{ o, o:[+long] },u} > o     |     ^     @ Rule 1, Line 1",1
1683,"Syntax Error: Unknown character — at '0:0:0'.     |     — i:[+long] o:[+long] > i o     |     ^     @ Rule 1, Line 1",1
1684,"Syntax Error: Unknown character — at '0:0:0'.     |     — { u, u:[+long] } > o / except _V (?)     |     ^     @ Rule 1, Line 1",1
1685,"Syntax Error: Expected end of line, received ':'. Did you forget a '/' between the output and environment?     |     { k, ɡ } > { tʲ, dʲ } / _:[+front]     |                              ^     @ Rule 1, Line 1",1
1686,"Syntax Error: Unknown character è at '0:0:0'.     |     è > iɛ / in %:[+open]     |     ^     @ Rule 1, Line 1",1
1687,"Syntax Error: Unknown character è at '0:0:0'.     |     è > iɛ / _C#     |     ^     @ Rule 1, Line 1",1
1688,"Syntax Error: Unknown character è at '0:0:0'.     |     è > ɛ / in %:[+closed]     |     ^     @ Rule 1, Line 1",1
1689,"Syntax Error: Unknown character ò at '0:0:0'.     |     ò > uo / in %:[+open] // _N     |     ^     @ Rule 1, Line 1",1
1690,"Syntax Error: Unknown feature 'open' at 0:16-21. Did you mean ten?      |     uo > uɛ / in %:[+open] // _N     |                     ^^^^^     @ Rule 1, Line 1",1
1691,"Syntax Error: Unknown character ò at '0:0:0'.     |     ò > ɔ / in %:[+closed]     |     ^     @ Rule 1, Line 1",1
1692,"Syntax Error: Expected end of line, received ':'. Did you forget a '/' between the output and environment?     |     j > ∅ / V_:[+front]     |               ^     @ Rule 1, Line 1",1
1693,"Syntax Error: Expected ',', but received 'n'     |     {ɡn,nʲ} > ɲ     |       ^     @ Rule 1, Line 1",1
1694,"Syntax Error: Expected '_', but received ''     |     V > ∅ / in the unstressed penult     |                                     ^     @ Rule 1, Line 1",1
1695,"Syntax Error: Expected '_', but received '//'     |     V > ∅ / intertonic // V = a     |                        ^^     @ Rule 1, Line 1",1
1696,"Syntax Error: Expected '_', but received ''     |     a > ə / intertonic     |                       ^     @ Rule 1, Line 1",1
1697,"Runtime Error: Grouped Environments cannot (yet) be used in insertion rules     |     ∅ > b / :{ m_r, m_l }:     |             ^^^^^^^^^^^^^^     @ Rule 1, Line 1",1
1698,"Syntax Error: Expected ',', but received '_'     |     ∅ > d / {n,l,ɲ,z_r     |                     ^     @ Rule 1, Line 1",1
1699,"Syntax Error: Expected '_', but received '}'     |     C > ∅ / C_C ,l} // C = {r     |                   ^     @ Rule 1, Line 1",1
1700,"Syntax Error: Expected ',', but received 'l'     |     {kl,ɡl,lʲ} > ʎ     |       ^     @ Rule 1, Line 1",1
1701,"Syntax Error: Cannot have nested brackets of the same type     |     { {p,b}, {t,d} } > { v, ð } / :{ V_V, V_r }:     |       ^     @ Rule 1, Line 1",1
1702,"Syntax Error: Expected end of line, received ':'. Did you forget a '/' between the output and environment?     |     v > ∅ / V_:[+back]     |               ^     @ Rule 1, Line 1",1
1703,"Syntax Error: Options can only be used in Environments or Structures     |     (t)s > (d)z / V_V     |     ^^^     @ Rule 1, Line 1",1
1704,"Syntax Error: Expected end of line, received ':'. Did you forget a '/' between the output and environment?     |     {k,ɡ} > ∅ / V_:[+back]     |                   ^     @ Rule 1, Line 1",1
1705,"Syntax Error: Expected end of line, received ':'. Did you forget a '/' between the output and environment?     |     kʷ > v, u / V_:[+front]     |                   ^     @ Rule 1, Line 1",1
1706,"Syntax Error: Unknown character — at '0:0:0'.     |     — (k)kʲ > t͡s     |     ^     @ Rule 1, Line 1",1
1707,"Syntax Error: Unknown character — at '0:0:0'.     |     — ɡ > ∅ / _j     |     ^     @ Rule 1, Line 1",1
1708,"Syntax Error: Unknown character — at '0:0:0'.     |     — pʲ > t͡ʃ     |     ^     @ Rule 1, Line 1",1
1709,"Syntax Error: Unknown character — at '0:0:0'.     |     — {b,v}j > d͡ʒ     |     ^     @ Rule 1, Line 1",1
1710,"Syntax Error: Unknown character — at '0:0:0'.     |     — m{ɲ,j} > nd͡ʒ     |     ^     @ Rule 1, Line 1",1
1711,"Syntax Error: Unknown character ” at '0:0:1'.     |     V”e > ”Vi     |      ^     @ Rule 1, Line 1",1
1712,"Syntax Error: Expected '_', but received ''     |     t > ∅ / {ʃ,s}     |                  ^     @ Rule 1, Line 1",1
1713,"Syntax Error: Expected ',', but received 'ɛ'     |     { ɛ, ɔ } > { iɛ, uɛ } / :{ _Cj, _jC }:     |                   ^     @ Rule 1, Line 1",1
1714,"Syntax Error: Unknown character é at '0:0:22'.     |     ∅ > j / {ʃ,ʒ,sʲ,zʲ}{a,é}_ in %:[+open]     |                           ^     @ Rule 1, Line 1",1
1715,"Syntax Error: Expected ',', but received 'j'     |     { s:[+long]j, zʲ, rʲ } > { js:[+long], jz, jr }     |                ^     @ Rule 1, Line 1",1
1716,"Syntax Error: Expected an IPA character, Primative or Matrix, but received '_'     |     j > ∅ / s_ (s:[+long]_?)     |                          ^     @ Rule 1, Line 1",1
1717,"Syntax Error: Unknown character “ at '0:0:37'.     |     {l:[+long]e,l:[+long]o} > u / :{ e_# “:[this is actually an analogical development, but it applies as regularly as a sound law]”, o_# “:[this is actually an analogical development, but it applies as regularly as a sound law]” }:     |                                          ^     @ Rule 1, Line 1",1
1718,"Syntax Error: Options can only be used in Environments or Structures     |     (ɛ)au > ɔ     |     ^^^     @ Rule 1, Line 1",1
1719,"Syntax Error: Unknown character é at '0:0:0'.     |     é > ɛi / in %:[+open]     |     ^     @ Rule 1, Line 1",1
1720,"Syntax Error: Unknown character é at '0:0:0'.     |     é > ɛ / in %:[+closed]     |     ^     @ Rule 1, Line 1",1
1721,"Syntax Error: Unknown character ó at '0:0:0'.     |     ó > ou / in %:[+open]     |     ^     @ Rule 1, Line 1",1
1722,"Syntax Error: Unknown feature 'open' at 0:16-21. Did you mean ten?      |     ou > ɛu / in %:[+open]     |                     ^^^^^     @ Rule 1, Line 1",1
1723,"Syntax Error: Unknown character ó at '0:0:0'.     |     ó > ɔ / _N     |     ^     @ Rule 1, Line 1",1
1724,"Syntax Error: Unknown character ó at '0:0:0'.     |     ó > ou / in %:[+closed]     |     ^     @ Rule 1, Line 1",1
1725,"Syntax Error: Unknown feature 'open' at 0:25-30. Did you mean ten?      |     e > ə / #(C…)_(%…) in %:[+open]     |                              ^^^^^     @ Rule 1, Line 1",1
1726,"Syntax Error: Unknown feature 'closed' at 0:25-32. Did you mean cons?      |     e > ɛ / #(C…)_(%…) in %:[+closed] or _V (?)     |                              ^^^^^^^     @ Rule 1, Line 1",1
1727,"Syntax Error: Unknown character “ at '0:0:11'.     |     o > {ou,ɔ} “(the outcome fluctuates, but ɔ is often the result of analogy rather than strict sound change; always ou before another vowel)”     |                ^     @ Rule 1, Line 1",1
1728,"Syntax Error: Unknown feature 'open' at 0:30-35. Did you mean ten?      |     a > ə / #{t͡ʃ,d͡ʒ}_(%…) in %:[+open]     |                                   ^^^^^     @ Rule 1, Line 1",1
1729,"Syntax Error: Unknown feature 'open' at 0:14-19. Did you mean ten?      |     a > ɛ / in %:[+open] (but a following ʎ creates a:[closed] syllable)     |                   ^^^^^     @ Rule 1, Line 1",1
1730,"Syntax Error: Expected an IPA character, Primative or Matrix, but received '…'     |     ɛ > i / _C(C…)i#     |                 ^     @ Rule 1, Line 1",1
1731,"Syntax Error: Can't have segments after the end of a word     |     V > ∅ / _# (except in monosyllables or after another vowel) // V = a     |              ^     @ Rule 1, Line 1",1
1732,"Syntax Error: Expected '_', but received ','     |     V > ə / :{ _CC,nɡ,mp,rt,rd}, _t͡ʃ,nɡ,mp,rt,rd}, _d͡ʒ,nɡ,mp,rt,rd} }: // _{nt     |                      ^     @ Rule 1, Line 1",1
1733,"Syntax Error: Expected ',', but received 'i'     |     { ai, iɛɪ } > { ɛ, i }     |        ^     @ Rule 1, Line 1",1
1734,"Syntax Error: Expected ',', but received 'u'     |     { ou, ɛu, u, uɛi } > { u, œ, y, yi }     |        ^     @ Rule 1, Line 1",1
1735,"Syntax Error: Expected ',', but received 'i'     |     {ei,ɔi} > oi / C:[-nas]     |       ^     @ Rule 1, Line 1",1
1736,"Syntax Error: Unknown character ã at '0:0:5'.     |     ɛ̃ > ã     |          ^     @ Rule 1, Line 1",1
1737,"Syntax Error: Unknown character ı at '0:0:2'.     |     {aı̃,eı̃} > ɛ̃     |       ^     @ Rule 1, Line 1",1
1738,"Syntax Error: Unknown character ỹ at '0:0:0'.     |     ỹ > œ̃     |     ^     @ Rule 1, Line 1",1
1739,"Syntax Error: Unknown character ı at '0:0:1'.     |     oı̃ > wɛ̃     |      ^     @ Rule 1, Line 1",1
1740,"Syntax Error: Expected '_', but received ''     |     tVk > d͡ʒ / unstressed     |                           ^     @ Rule 1, Line 1",1
1741,"Syntax Error: Expected '..', but received .'g' at 0:0:28     |     au > u / #_ (sporadically, e.g. audire → udire)     |                                 ^     @ Rule 1, Line 1",1
1742,"Syntax Error: Expected end of line, received ':'. Did you forget a '/' between the output and environment?     |     { k, ɡ } > { t͡ʃ, d͡ʒ } / _:[+front]     |                                ^     @ Rule 1, Line 1",1
1743,"Syntax Error: Expected '_', but received ''     |     kVl > k:[+long]j / unstressed     |                                  ^     @ Rule 1, Line 1",1
1744,"Syntax Error: Expected '_', but received ','     |     ɛ > jɛ / unstressed ,ʎ,ɲ} // _{d͡ʒ     |                         ^     @ Rule 1, Line 1",1
1745,"Syntax Error: Cannot have nested brackets of the same type     |     { {dʲ,ɡʲ}, lʲ, {nʲ,ɡn} } > { d͡ʒ, ʎ, ɲ }     |       ^     @ Rule 1, Line 1",1
1746,"Syntax Error: Expected '_', but received ','     |     ɔ > uo / stressed ,L} // j_ or _{d͡ʒ     |                       ^     @ Rule 1, Line 1",1
1747,"Syntax Error: Can't have segments after the end of a word     |     r > ∅ / _# (in polysyllables only)     |              ^     @ Rule 1, Line 1",1
1748,"Syntax Error: Unknown character ” at '0:0:15'.     |     ta:[+long]te > ”ta / _#     |                    ^     @ Rule 1, Line 1",1
1749,"Syntax Error: Expected ',', but received 'k'     |     {skʲ,stʲ,s:[+long]j > ʃ     |       ^     @ Rule 1, Line 1",1
1750,"Syntax Error: Expected ',', but received 's'     |     { tʲ, ks, w } > { t͡s, s:[+long], ɡʷ }     |            ^     @ Rule 1, Line 1",1
1751,"Syntax Error: Can't have segments before the beginning of a word     |     V > ∅ / V%L(C)(C)V(C)# (irregular)     |                          ^     @ Rule 1, Line 1",1
1752,"Syntax Error: Can't have segments after the end of a word     |     V > ∅ / _L(C)(C)V(C)# (irregular)     |                         ^     @ Rule 1, Line 1",1
1753,"Syntax Error: Unknown character ” at '0:0:6'.     |     V > ∅ ”V%s_t(C)V(C)# (irregular)     |           ^     @ Rule 1, Line 1",1
1754,"Syntax Error: Cannot have nested brackets of the same type     |     { i:[+long], {i,e:[+long]}, e } > { i, e, ɛ } / stressed     |                  ^     @ Rule 1, Line 1",1
1755,"Syntax Error: Cannot have nested brackets of the same type     |     i:[+long] {{ i,e, i,e:[+long] }} > i e / _%V     |                ^     @ Rule 1, Line 1",1
1756,"Syntax Error: Cannot have nested brackets of the same type     |     {{ i, i:[+long] }{ ,e, ,e:[+long] },ae} > e / _#     |      ^     @ Rule 1, Line 1",1
1757,"Syntax Error: Cannot have nested brackets of the same type     |     {{ u, u:[+long] }{ ,o, ,o:[+long] }} > o / _#     |      ^     @ Rule 1, Line 1",1
1758,"Syntax Error: Expected ',', but received 'e'     |     { a:[+long], oe } > { a, e }     |                   ^     @ Rule 1, Line 1",1
1759,"Syntax Error: Expected '_', but received ''     |     ae > ɛ / stressed     |                      ^     @ Rule 1, Line 1",1
1760,"Syntax Error: Expected ',', but received 'l'     |     {olt,okt} > ujt     |       ^     @ Rule 1, Line 1",1
1761,"Syntax Error: Can't have segments after the end of a word     |     V > a / :{ _n(C)V(C)# (irregular), _r(C)V(C)# (irregular) }:     |                         ^     @ Rule 1, Line 1",1
1762,"Syntax Error: Unknown character õ at '0:0:5'.     |     ɔ̃ > õ     |          ^     @ Rule 1, Line 1",1
1763,"Syntax Error: Expected number, but received S      |     N > ∅ / V:[+nas]_$C // C = S     |                                ^     @ Rule 1, Line 1",1
1764,"Syntax Error: Unknown character ã at '0:0:1'.     |     {ã,ãe,õe} > ão / _#     |      ^     @ Rule 1, Line 1",1
1765,"Syntax Error: Expected '_', but received ''     |     V:[+nas] > V:[-nas] / unstressed     |                                     ^     @ Rule 1, Line 1",1
1766,"Syntax Error: Can't have segments before the beginning of a word     |     V:[+nas] > V:[-nas] / in %#     |                               ^     @ Rule 1, Line 1",1
1767,"Syntax Error: Unknown character ı at '0:0:0'.     |     ı̃ > iɲ     |     ^     @ Rule 1, Line 1",1
1768,"Syntax Error: Can't have segments after the end of a word     |     {e,i} > ∅ / :{ l_ when between #% and %:[+stress], m_ when between #% and %:[+stress], r_ when between #% and %:[+stress] }:     |                                    ^     @ Rule 1, Line 1",1
1769,"Syntax Error: Can't have segments after the end of a word     |     {e,i} > ∅ / k_t when between #% and %:[+stress]     |                                  ^     @ Rule 1, Line 1",1
1770,"Syntax Error: Unknown feature 'tonic' at 0:36-42. Did you mean cons?      |     o > ∅ / :{ _rwhen between #% and %:[+tonic], _lwhen between #% and %:[+tonic] }:     |                                         ^^^^^^     @ Rule 1, Line 1",1
1771,"Syntax Error: Expected ',', but received 'l'     |     {fl,skl} > ʃ     |       ^     @ Rule 1, Line 1",1
1772,"Syntax Error: Expected ',', but received 'l'     |     {kl,ɡl} > ʎ     |       ^     @ Rule 1, Line 1",1
1773,"Syntax Error: Unknown character → at '0:0:17'.     |     ɡ > ∅ / :{ V_i(ɡ → ʒ is learned), V_e(ɡ → ʒ is learned) }:     |                      ^     @ Rule 1, Line 1",1
1774,"Syntax Error: Unknown character → at '0:0:17'.     |     ɡ > ʒ / :{ V_i(ɡ → ʒ is learned), V_e(ɡ → ʒ is learned) }:     |                      ^     @ Rule 1, Line 1",1
1775,"Syntax Error: Cannot have nested brackets of the same type     |     { pl, bl, p, t } > { br, {br,l}, b, d } / V_V (bl → l is learned)     |                              ^     @ Rule 1, Line 1",1
1776,"Syntax Error: Cannot have nested brackets of the same type     |     { ks, ɡn, tʲ } > { ʃ, ɲ, {z,s} } / V_V (tʲ → s is learned)     |                              ^     @ Rule 1, Line 1",1
1777,"Syntax Error: Options can only be used in Environments or Structures     |     s:[+long]j (m)nʲ lʲ rʲ > jʃ ɲʎ jr / V_V     |                ^^^     @ Rule 1, Line 1",1
1778,"Syntax Error: Unknown character → at '0:0:20'.     |     ɡʲ > ʒ, j / V_V (ɡʲ → j is learned)     |                         ^     @ Rule 1, Line 1",1
1779,"Syntax Error: Cannot have nested brackets of the same type     |     { pʲ, {bʲ,vʲ} } > { jb, jv } / V_V     |           ^     @ Rule 1, Line 1",1
1780,"Syntax Error: Expected end of line, received '('. Did you forget a '/' between the output and environment?     |     mʲ > jm (irregular)     |             ^     @ Rule 1, Line 1",1
1781,"Syntax Error: Expected number, but received r      |     CC > C // C = r     |                   ^     @ Rule 1, Line 1",1
1782,"Syntax Error: Expected ',', but received 'k'     |     { sk, k } > { jʃ, z } / :{ V_i, V_e }:     |        ^     @ Rule 1, Line 1",1
1783,"Syntax Error: Expected number, but received ɔ      |     k > ɡ / V_V // V = ɔ     |                        ^     @ Rule 1, Line 1",1
1784,"Syntax Error: Unknown character → at '0:0:15'.     |     j > ∅ / V_V (j → ʒ is learned)     |                    ^     @ Rule 1, Line 1",1
1785,"Syntax Error: Unknown character → at '0:0:15'.     |     j > ʒ / V_V (j → ʒ is learned)     |                    ^     @ Rule 1, Line 1",1
1786,"Syntax Error: Expected end of line, received '('. Did you forget a '/' between the output and environment?     |     VV > V (irregular)     |            ^     @ Rule 1, Line 1",1
1787,"Syntax Error: Expected '->', but received -',' at 0:0:48     |     VN > V:[+long] / _S (except for the prefixes con-, in-); I’m assuming this change happened in Vulgar Latin and then vowel length went to quality     |                                                     ^     @ Rule 1, Line 1",1
1788,"Syntax Error: Unknown character — at '0:0:0'.     |     — ɪ > e     |     ^     @ Rule 1, Line 1",1
1789,"Syntax Error: Unknown character — at '0:0:0'.     |     — ʊ > o (this change seems to have happened later, hence is listed separately)     |     ^     @ Rule 1, Line 1",1
1790,"Syntax Error: Unknown character — at '0:0:0'.     |     — ɔ > y / :{ _u(in northwestern dialect͡s), _P(in northwestern dialect͡s), _k(in northwestern dialect͡s), _ɡ(in northwestern dialect͡s), _i(in northwestern dialect͡s) }:     |     ^     @ Rule 1, Line 1",1
1791,"Syntax Error: Unknown character — at '0:0:0'.     |     — ɔ > ɥe / :{ _u(in western dialect͡s, Limousin, and:[+affricate]uvergne), _P(in western dialect͡s, Limousin, and:[+affricate]uvergne), _k(in western dialect͡s, Limousin, and:[+affricate]uvergne), _ɡ(in western dialect͡s, Limousin, and:[+affricate]uvergne), _i(in western dialect͡s, Limousin, and:[+affricate]uvergne) }:     |     ^     @ Rule 1, Line 1",1
1792,"Syntax Error: Unknown character — at '0:0:0'.     |     — ɔ > ɥo / :{ _u(in Languedoc), _P(in Languedoc), _k(in Languedoc), _ɡ(in Languedoc), _i(in Languedoc) }:     |     ^     @ Rule 1, Line 1",1
1793,"Syntax Error: Unknown character — at '0:0:0'.     |     — ɔ > ɥe, ɥo, ɔ / :{ _u(in southern dialect͡s), _P(in southern dialect͡s), _k(in southern dialect͡s), _ɡ(in southern dialect͡s), _i(in southern dialect͡s) }:     |     ^     @ Rule 1, Line 1",1
1794,"Syntax Error: Unknown character — at '0:0:0'.     |     — a > a / _N (Souergue, Limousin,:[+affricate]uvergne, P:[+voice]auphiné)     |     ^     @ Rule 1, Line 1",1
1795,"Syntax Error: Unknown character — at '0:0:0'.     |     — a > a / _# in monosyllables and oxytones (Souergue, Limousin,:[+affricate]uvergne, P:[+voice]auphiné)     |     ^     @ Rule 1, Line 1",1
1796,"Syntax Error: Unknown character — at '0:0:0'.     |     — a > å (I have no idea what is going on here. Grandgent seems to distinguish an open and close /a/, and I have listed his open a as /å/, which seems to have been distinct from /ɔ/, but beyond this section it doesn’t really seem to matter very much)     |     ^     @ Rule 1, Line 1",1
1797,"Syntax Error: Unknown character — at '0:0:0'.     |     — å ɛ ɔ > a e o / _N (in Limousin and neighboring regions, the last two particularly in Limousin, Languedoc, and Gascon,     |     ^     @ Rule 1, Line 1",1
1798,"Syntax Error: Unknown character — at '0:0:0'.     |     — ɛ ɔ > jɛ wɔ (intermittent, “least common in the southwest”)     |     ^     @ Rule 1, Line 1",1
1799,"Syntax Error: Unknown character — at '0:0:0'.     |     — e > i / _V (and possibly V_?)     |     ^     @ Rule 1, Line 1",1
1800,"Syntax Error: Unknown character — at '0:0:0'.     |     — e > i / _(C…)i{C(C…)V,#}     |     ^     @ Rule 1, Line 1",1
1801,"Syntax Error: Unknown character — at '0:0:0'.     |     — ɛ > jɛ / :{ _u(except in some northern and western dialect͡s, or if this u ← l or if this i ← ð), _i(except in some northern and western dialect͡s, or if this u ← l or if this i ← ð), _ʎ(except in some northern and western dialect͡s, or if this u ← l or if this i ← ð), _rʲ(except in some northern and western dialect͡s, or if this u ← l or if this i ← ð), _ʃ(except in some northern and western dialect͡s, or if this u ← l or if this i ← ð), _ʒ(except in some northern and western dialect͡s, or if this u ← l or if this i ← ð), _j(except in some northern and western dialect͡s, or if this u ← l or if this i ← ð), _t͡ʃ(except in some northern and western dialect͡s, or if this u ← l or if this i ← ð), _d͡ʒ(except in some northern and western dialect͡s, or if this u ← l or if this i ← ð) }:     |     ^     @ Rule 1, Line 1",1
1802,"Syntax Error: Unknown character — at '0:0:0'.     |     — ju > jeu     |     ^     @ Rule 1, Line 1",1
1803,"Syntax Error: Unknown character — at '0:0:0'.     |     — o > y / :{ _t͡ʃ, _d͡ʒ, _it, _id }:     |     ^     @ Rule 1, Line 1",1
1804,"Syntax Error: Unknown character — at '0:0:0'.     |     — o > y / _ɲ (in northern and western dialect͡s)     |     ^     @ Rule 1, Line 1",1
1805,"Syntax Error: Unknown character — at '0:0:0'.     |     — o > y / _i# (in:[+back]ordeaux,:[+affricate]uvergne, and some of Languedoc)     |     ^     @ Rule 1, Line 1",1
1806,"Syntax Error: Unknown character — at '0:0:0'.     |     — ɔ > {ɔ,we} (in southwestern dialect͡s)     |     ^     @ Rule 1, Line 1",1
1807,"Syntax Error: Unknown character — at '0:0:0'.     |     — u > y     |     ^     @ Rule 1, Line 1",1
1808,"Syntax Error: Unknown character — at '0:0:0'.     |     — o > u (during the literary period)     |     ^     @ Rule 1, Line 1",1
1809,"Syntax Error: Unknown character — at '0:0:0'.     |     —:[+front] > ∅ / _e     |     ^     @ Rule 1, Line 1",1
1810,"Syntax Error: Unknown character — at '0:0:0'.     |     —:[+back] > ∅ / _o     |     ^     @ Rule 1, Line 1",1
1811,"Syntax Error: Unknown character — at '0:0:0'.     |     —:[+front] > j (presumably in the vicinity of another vowel)     |     ^     @ Rule 1, Line 1",1
1812,"Syntax Error: Unknown character — at '0:0:0'.     |     — V > ∅ (though /a/ seemed to resist this)     |     ^     @ Rule 1, Line 1",1
1813,"Syntax Error: Unknown character — at '0:0:0'.     |     — {a,œ,e,i} > e (here, 〈œ〉 denotes the reflex of the Latin vowel written this way, not a front rounded vowel)     |     ^     @ Rule 1, Line 1",1
1814,"Syntax Error: Unknown character — at '0:0:0'.     |     — u > o     |     ^     @ Rule 1, Line 1",1
1815,"Syntax Error: Unknown character — at '0:0:0'.     |     — au > a / _(C…)u     |     ^     @ Rule 1, Line 1",1
1816,"Syntax Error: Unknown character — at '0:0:0'.     |     — V > ∅ / _r (seemed to be an intermittent change)     |     ^     @ Rule 1, Line 1",1
1817,"Syntax Error: Unknown character — at '0:0:0'.     |     — V > ∅ (again, /a/ seemed to resist this change, which was it͡self generally blocked by analogy)     |     ^     @ Rule 1, Line 1",1
1818,"Syntax Error: Unknown character — at '0:0:0'.     |     — V > ∅ / penult of paroxytones,     |     ^     @ Rule 1, Line 1",1
1819,"Syntax Error: Unknown character — at '0:0:0'.     |     — CV[+ cons, - fr, + bk, + hi, - lo] > CVj (intermittent if C was a resonant)     |     ^     @ Rule 1, Line 1",1
1820,"Syntax Error: Unknown character — at '0:0:0'.     |     — V > ∅ / lv_r (dialect-dependent)     |     ^     @ Rule 1, Line 1",1
1821,"Syntax Error: Unknown character — at '0:0:0'.     |     — e > i / _(C…)i(C…)#     |     ^     @ Rule 1, Line 1",1
1822,"Syntax Error: Unknown character — at '0:0:0'.     |     — V > ∅ / S_(C…)     |     ^     @ Rule 1, Line 1",1
1823,"Syntax Error: Unknown character — at '0:0:0'.     |     — a > o in most dialect͡s except Gascon and Languedoc; final -as remained in “Limousin and some others”     |     ^     @ Rule 1, Line 1",1
1824,"Syntax Error: Unknown character — at '0:0:0'.     |     — e u > e o / _nt#     |     ^     @ Rule 1, Line 1",1
1825,"Syntax Error: Unknown character — at '0:0:0'.     |     — V > “indistinct e” (probably /ə/) if dropping it would create ugly consonant clusters:     |     ^     @ Rule 1, Line 1",1
1826,"Syntax Error: Unknown character — at '0:0:0'.     |     — V > e “in many late words”     |     ^     @ Rule 1, Line 1",1
1827,"Syntax Error: Expected ':', but received 'b'     |     [+ cons, - fr, + bk, + hi, - lo] > ∅ / _l (not always, but this was a general change)     |                                                            ^     @ Rule 1, Line 1",1
1828,"Syntax Error: Expected end of line, received '('. Did you forget a '/' between the output and environment?     |     βʲ > j (in forms of habeo and debeo)     |            ^     @ Rule 1, Line 1",1
1829,"Syntax Error: Expected end of line, received '('. Did you forget a '/' between the output and environment?     |     t͡ʃ > t͡s (sometimes)     |               ^     @ Rule 1, Line 1",1
1830,"Syntax Error: Expected an IPA character, Primative or Matrix, but received '…'     |     ɡ > ∅ / V_(VC…)V     |                  ^     @ Rule 1, Line 1",1
1831,"Syntax Error: Expected '_', but received ''     |     N > ∅ / _#, in polysyllables     |                                 ^     @ Rule 1, Line 1",1
1832,"Syntax Error: Expected end of line, received ':'. Did you forget a '/' between the output and environment?     |     { kʷ, ɡʷ } > { k, ɡ } / _:[+back]     |                              ^     @ Rule 1, Line 1",1
1833,"Syntax Error: Unknown character → at '0:0:46'.     |     { p, t, k, s } > { b, d, ɡ, z } / V_V (this b → v?)     |                                                   ^     @ Rule 1, Line 1",1
1834,"Syntax Error: Expected end of line, received ':'. Did you forget a '/' between the output and environment?     |     w > ∅ / C_:[+back] (when from earlier:[+back]?)     |               ^     @ Rule 1, Line 1",1
1835,"Syntax Error: Unknown character — at '0:0:0'.     |     — Loaned w > ɡʷ     |     ^     @ Rule 1, Line 1",1
1836,"Syntax Error: Expected an IPA character, Primative or Matrix, but received '/'     |     Original z (/t͡s/?) > dʲ     |                 ^     @ Rule 1, Line 1",1
1837,"Syntax Error: Expected an IPA character, Primative or Matrix, but received '('     |     { (s)k, ɡ } > { (s)t͡ʃ, d͡ʒ } / #_a (in the north and northeast)     |       ^     @ Rule 1, Line 1",1
1838,"Syntax Error: Unknown character é at '0:0:32'.     |     j > d͡ʒ / #_ (but not in:[+back]éarn)     |                                     ^     @ Rule 1, Line 1",1
1839,"Syntax Error: Unknown character é at '0:0:17'.     |     f > h (in:[+back]éarn and Gascon)     |                      ^     @ Rule 1, Line 1",1
1840,"Syntax Error: Unknown character é at '0:0:17'.     |     β > b (in:[+back]éarn, Gascon, and Languedoc)     |                      ^     @ Rule 1, Line 1",1
1841,"Syntax Error: Expected end of line, received '('. Did you forget a '/' between the output and environment?     |     β > v (though sometimes     |           ^     @ Rule 1, Line 1",1
1842,"Syntax Error: Expected an IPA character, Primative or Matrix, but received '>'     |     v (though sometimes > ɡʷ instead if analogy interfered)     |                         ^     @ Rule 1, Line 1",1
1843,"Syntax Error: Expected end of line, received '('. Did you forget a '/' between the output and environment?     |     kʷ ɡʷ > kʷ ɡʷ (in western dialect͡s)     |                   ^     @ Rule 1, Line 1",1
1844,"Syntax Error: Expected end of line, received '('. Did you forget a '/' between the output and environment?     |     kʷ ɡʷ > k ɡ (else)     |                 ^     @ Rule 1, Line 1",1
1845,"Syntax Error: Cannot have nested brackets of the same type     |     { b, {d,d͡z,d͡ʒ}, z, ʒ, ɡ } > { p, {t,t͡s,t͡ʃ}, s, ʃ, k } / _(s)#     |          ^     @ Rule 1, Line 1",1
1846,"Syntax Error: Expected end of line, received '('. Did you forget a '/' between the output and environment?     |     t͡ʃs > {t͡s,t͡ʃ} (varies)     |                      ^     @ Rule 1, Line 1",1
1847,"Syntax Error: Can't have segments after the end of a word     |     β > ∅ / C_(s)# (the latter is rare)     |                  ^     @ Rule 1, Line 1",1
1848,"Syntax Error: Can't have segments after the end of a word     |     β > f / C_(s)# (the latter is rare)     |                  ^     @ Rule 1, Line 1",1
1849,"Syntax Error: Can't have segments after the end of a word     |     n > ∅ / _s# (except for eastern and southeastern dialect͡s)     |               ^     @ Rule 1, Line 1",1
1850,"Syntax Error: Can't have segments after the end of a word     |     n > ∅ / r_(s)#?     |                  ^     @ Rule 1, Line 1",1
1851,"Syntax Error: Expected end of line, received '('. Did you forget a '/' between the output and environment?     |     l:[+long] > l (in the south)     |                   ^     @ Rule 1, Line 1",1
1852,"Syntax Error: Expected end of line, received '('. Did you forget a '/' between the output and environment?     |     mpn > n:[+long] (dialectal)     |                     ^     @ Rule 1, Line 1",1
1853,"Syntax Error: Malformed Comment: Expected ';;', but received '; ' at 0:0:53     |     ɡ > k, j / V_ (if /j/ resulted, it dropped after /i/; forms with k are most persistent in the west and more common overall)     |                                                          ^     @ Rule 1, Line 1",1
1854,"Syntax Error: Expected end of line, received '('. Did you forget a '/' between the output and environment?     |     ms ns > mps nt͡s (sporadic?)     |                      ^     @ Rule 1, Line 1",1
1855,"Syntax Error: Can't have segments after the end of a word     |     {p,b} > ∅ / S_s# (unless blocked by analogy)     |                    ^     @ Rule 1, Line 1",1
1856,"Syntax Error: Expected ':', but received 'L'     |     t͡s > s / _# (Provence, Limousin, some Languedoc and Gascon)     |                             ^     @ Rule 1, Line 1",1
1857,"Syntax Error: Expected '_', but received ''     |     β > ∅ / when pretonic and immediately adjacent to a back vowel     |                                                                   ^     @ Rule 1, Line 1",1
1858,"Syntax Error: Expected end of line, received '('. Did you forget a '/' between the output and environment?     |     β > v (otherwise)     |           ^     @ Rule 1, Line 1",1
1859,"Syntax Error: Expected end of line, received '('. Did you forget a '/' between the output and environment?     |     ð > z (except in some northern and eastern dialect͡s where     |           ^     @ Rule 1, Line 1",1
1860,"Syntax Error: Expected an IPA character, Primative or Matrix, but received '>'     |     z (except in some northern and eastern dialect͡s where > ∅)     |                                                            ^     @ Rule 1, Line 1",1
1861,"Syntax Error: Malformed Comment: Expected ';;', but received '; ' at 0:0:34     |     ɡ > j / _a (in the north and east; further → d͡ʒ in the north)     |                                       ^     @ Rule 1, Line 1",1
1862,"Syntax Error: Expected ',', but received '/'     |     ɡ > ɡ / :{ _o, _u/y }:     |                      ^     @ Rule 1, Line 1",1
1863,"Syntax Error: Feature 'b' has no modifier at 0:10-11.     |     ɡ > j / :[b]etween the last two vowels of a proparoxytone,     |               ^     @ Rule 1, Line 1",1
1864,"Syntax Error: Feature 'b' has no modifier at 0:12-13.     |     j > d͡ʒ / :[b]etween the last two vowels of a proparoxytone,     |                 ^     @ Rule 1, Line 1",1
1865,"Syntax Error: Can't have segments after the end of a word     |     l > u / _s# (in many dialect͡s)     |               ^     @ Rule 1, Line 1",1
1866,"Syntax Error: Expected end of line, received ':'. Did you forget a '/' between the output and environment?     |     j > d͡ʒ / _:[+front] (in the west)     |                ^     @ Rule 1, Line 1",1
1867,"Syntax Error: Expected end of line, received ':'. Did you forget a '/' between the output and environment?     |     j > ∅ / _:[+front] ()     |              ^     @ Rule 1, Line 1",1
1868,"Syntax Error: Cannot have nested brackets of the same type     |     { {t,d}l, {k,ɡ}l } > { l:[+long], ʎ }     |       ^     @ Rule 1, Line 1",1
1869,"Syntax Error: Expected ',', but received '/'     |     p k t͡ʃ b ɡ β j > b ɡ i {b,u,u / _r     |                                    ^     @ Rule 1, Line 1",1
1870,"Syntax Error: Expected ',', but received '>'     |     b ɡ i {b,u,u > y / _r     |                  ^     @ Rule 1, Line 1",1
1871,"Syntax Error: Expected end of line, received '}'. Did you forget a '/' between the output and environment?     |     y > i} ∅ {u,u / _r     |          ^     @ Rule 1, Line 1",1
1872,"Syntax Error: Expected '>', '->' or '=>', but received '}'     |     i} ∅ {u,u > y / _r     |      ^     @ Rule 1, Line 1",1
1873,"Syntax Error: Expected end of line, received '}'. Did you forget a '/' between the output and environment?     |     y > i} i / _r     |          ^     @ Rule 1, Line 1",1
1874,"Syntax Error: Expected an IPA character, Primative or Matrix, but received '>'     |     (kʷ > ɡʷ     |         ^     @ Rule 1, Line 1",1
1875,"Syntax Error: Expected end of line, received ')'. Did you forget a '/' between the output and environment?     |     ɡʷ > ɡ ?)     |             ^     @ Rule 1, Line 1",1
1876,"Syntax Error: Cannot have nested brackets of the same type     |     { {l,r}w, {n,ŋk,ŋɡ}w } > { lɡʷ, ŋɡʷ }     |       ^     @ Rule 1, Line 1",1
1877,"Syntax Error: Expected ',', but received 'ɡ'     |     { lɡʷ, ŋɡʷ } > { lɡ, ŋɡ }     |        ^     @ Rule 1, Line 1",1
1878,"Syntax Error: Expected ',', but received 'd͡ʒ'     |     βʲ > {ud͡ʒ,uj} (in northern dialect͡s)     |            ^^^     @ Rule 1, Line 1",1
1879,"Syntax Error: Expected ',', but received 't'     |     { ktʲ, klʲ } > { is, ʎ }     |        ^     @ Rule 1, Line 1",1
1880,"Syntax Error: Cannot have nested brackets of the same type     |     {{ t͡ʃ, t͡ʃ:[+long] },kʷ}j > t͡s     |      ^     @ Rule 1, Line 1",1
1881,"Syntax Error: Expected ',', but received 'V'     |     { dVɡ, (n)dVɡ } > { d͡ʒ(?), nd͡ʒ }     |        ^     @ Rule 1, Line 1",1
1882,"Syntax Error: Cannot have nested brackets of the same type     |     { l{tʲ,t͡ʃʲ}, ld͡ʒ } > { lt͡s, ld͡z }     |        ^     @ Rule 1, Line 1",1
1883,"Syntax Error: Expected ',', but received 't͡s'     |     { lt͡s, ld͡z } > { ut͡s, ud͡z }     |        ^^^     @ Rule 1, Line 1",1
1884,"Syntax Error: Expected ',', but received 't͡s'     |     { ut͡s, ud͡z } > { us, uz }     |        ^^^     @ Rule 1, Line 1",1
1885,"Syntax Error: Cannot have nested brackets of the same type     |     { l:[+long]{j,Vd͡ʒ}, lnʲ } > { ʎ, ɲ }     |                ^     @ Rule 1, Line 1",1
1886,"Syntax Error: Can't have segments after the end of a word     |     j > ∅ / n_# (in many dialect͡s)     |               ^     @ Rule 1, Line 1",1
1887,"Syntax Error: Expected end of line, received '('. Did you forget a '/' between the output and environment?     |     mnʲ > ɲ (Limousin, as well as extreme eastern and southwest dialect͡s)     |             ^     @ Rule 1, Line 1",1
1888,"Syntax Error: Expected end of line, received '('. Did you forget a '/' between the output and environment?     |     mnʲ > nd͡ʒ (else)     |                ^     @ Rule 1, Line 1",1
1889,"Syntax Error: Expected ',', but received 't͡ʃ'     |     {nt͡ʃʲ,ndʲ} > nt͡s     |       ^^^     @ Rule 1, Line 1",1
1890,"Syntax Error: Cannot have nested brackets of the same type     |     { {ndʲ,nd͡ʒʲ}, nd͡ʒ } > { ɲ, {ɲ,nd͡ʒ} }     |       ^     @ Rule 1, Line 1",1
1891,"Syntax Error: Expected end of line, received '('. Did you forget a '/' between the output and environment?     |     pt͡ʃ > t͡ʃ (except in western and some southern dialect͡s)     |                ^     @ Rule 1, Line 1",1
1892,"Syntax Error: Expected end of line, received '('. Did you forget a '/' between the output and environment?     |     rt͡ʃʲ > rt͡s (     |                  ^     @ Rule 1, Line 1",1
1893,"Syntax Error: Expected ',', but received 't͡s'     |     { rt͡s, ( } > { rs, ?) }     |        ^^^     @ Rule 1, Line 1",1
1894,"Syntax Error: Expected ',', but received 'd'     |     { rdʲ, rVɡ } > { rd͡z, rd͡ʒ }     |        ^     @ Rule 1, Line 1",1
1895,"Syntax Error: Expected ',', but received 'd͡ʒ'     |     rd͡ʒ > {rd͡ʒ,rd͡z(     |              ^^^     @ Rule 1, Line 1",1
1896,"Syntax Error: Expected ',', but received 'd͡ʒ'     |     {rd͡ʒ,rd͡z( > rz)}     |       ^^^     @ Rule 1, Line 1",1
1897,"Syntax Error: Expected ',', but received 'V'     |     { r:[+long]Vɡ, r:[+long]j } > { rd͡ʒ, ir }     |                ^     @ Rule 1, Line 1",1
1898,"Syntax Error: Expected ',', but received 'd͡ʒ'     |     rtVɡ > {rd͡ʒ,rt͡s(     |              ^^^     @ Rule 1, Line 1",1
1899,"Syntax Error: Expected ',', but received 'd͡ʒ'     |     {rd͡ʒ,rt͡s( > rs)}     |       ^^^     @ Rule 1, Line 1",1
1900,"Syntax Error: Expected ',', but received 'j'     |     {s:[+long]j,st͡ʃʲ,stʲ} > ʃ     |               ^     @ Rule 1, Line 1",1
1901,"Syntax Error: Cannot have nested brackets of the same type     |     ʃ > is (except in the west or extreme east, where the outcome was some flavor of (i)(t)ʃ)     |                                                                                      ^     @ Rule 1, Line 1",1
1902,"Syntax Error: Unknown character ( at '0:0:2'.     |     ʒ > (i)(d)ʒ (in some northeastern, northern, and western dialect͡s)     |       ^     @ Rule 1, Line 1",1
1903,"Syntax Error: Expected end of line, received '('. Did you forget a '/' between the output and environment?     |     ʒ > {r,z} (rare)     |               ^     @ Rule 1, Line 1",1
1904,"Syntax Error: Expected end of line, received '('. Did you forget a '/' between the output and environment?     |     ʒ > iz (the usual outcome)     |            ^     @ Rule 1, Line 1",1
1905,"Syntax Error: Expected ',', but received 'V'     |     { tVɡ, trʲ } > { d͡ʒ, ir }     |        ^     @ Rule 1, Line 1",1
1906,"Syntax Error: Expected end of line, received '('. Did you forget a '/' between the output and environment?     |     dʲ > djʒ (?)     |              ^     @ Rule 1, Line 1",1
1907,"Syntax Error: Unknown character — at '0:0:69'.     |     djʒ (?) > d͡z (in the north and west) or id͡z (in the south and east)—medial (i)d͡z became (i)z; i-less forms “prevail in the literary language” and seem to have become common if the d͡z follows the stress     |                                                                          ^     @ Rule 1, Line 1",1
1908,"Syntax Error: Expected ',', but received 't͡s'     |     ndt ndt͡ʃ nt͡ʃ nkt nf > n{d,t} {nt͡s,nd͡z(     |                                      ^^^     @ Rule 1, Line 1",1
1909,"Syntax Error: Expected ',', but received 't͡s'     |     n{d,t} {nt͡s,nd͡z( > nz),nd͡ʒ} n(t)s {ɲ,(i)nt,nt͡ʃ} {nf,f:[+long](     |              ^^^     @ Rule 1, Line 1",1
1910,"Syntax Error: Expected '>', '->' or '=>', but received ')'     |     nz),nd͡ʒ} n(t)s {ɲ,(i)nt,nt͡ʃ} {nf,f:[+long]( > f)}     |       ^     @ Rule 1, Line 1",1
1911,"Syntax Error: Expected an IPA character, Primative or Matrix, but received '∅'     |     nt > {∅,n} / _# (in some Languedoc and Gascon areas)     |           ^     @ Rule 1, Line 1",1
1912,"Syntax Error: Can't have segments after the end of a word     |     nd > ∅ / _# (in some Languedoc and Gascon areas)     |               ^     @ Rule 1, Line 1",1
1913,"Syntax Error: Can't have segments after the end of a word     |     nd > n / _# (in western areas and for some speakers of Limousin)     |               ^     @ Rule 1, Line 1",1
1914,"Syntax Error: Cannot have nested brackets of the same type     |     { rt͡ʃ, rdt͡ʃ } > { r(t)s, {rd͡z( }     |                                ^     @ Rule 1, Line 1",1
1915,"Syntax Error: Options can only be used in Environments or Structures     |     r(t)s {rd͡z( > rz),rt͡s,rd͡ʒ}     |      ^^^     @ Rule 1, Line 1",1
1916,"Syntax Error: Expected an IPA character, Primative or Matrix, but received ''     |     t > ∅ / r_m (     |                  ^     @ Rule 1, Line 1",1
1917,"Syntax Error: Expected end of line, received '('. Did you forget a '/' between the output and environment?     |     st͡ʃ > s (in some northern and northeastern dialect͡s)     |              ^     @ Rule 1, Line 1",1
1918,"Syntax Error: Unknown character ( at '0:0:3'.     |     st͡ʃ > (i)(t)ʃ (for western and extreme eastern regions)     |        ^     @ Rule 1, Line 1",1
1919,"Syntax Error: Expected end of line, received '('. Did you forget a '/' between the output and environment?     |     st͡ʃ > is (otherwise)     |               ^     @ Rule 1, Line 1",1
1920,"Syntax Error: Expected end of line, received '('. Did you forget a '/' between the output and environment?     |     βt βd > pt bd (in the west)     |                   ^     @ Rule 1, Line 1",1
1921,"Syntax Error: Expected end of line, received '('. Did you forget a '/' between the output and environment?     |     βt βd > ut ud (else)     |                   ^     @ Rule 1, Line 1",1
1922,"Syntax Error: Unknown character ( at '0:0:3'.     |     kt͡ʃ > (i)t͡ʃ (in western and extreme eastern dialect͡s)     |        ^     @ Rule 1, Line 1",1
1923,"Syntax Error: Expected end of line, received '('. Did you forget a '/' between the output and environment?     |     it͡s > is (else)     |               ^     @ Rule 1, Line 1",1
1924,"Syntax Error: Cannot have nested brackets of the same type     |     { t͡ʃ, k } > { {i,s}, {∅,k} } / _m     |                    ^     @ Rule 1, Line 1",1
1925,"Syntax Error: Expected end of line, received '('. Did you forget a '/' between the output and environment?     |     kt ɡd > it id (in the north, northeast, and southwest)     |                   ^     @ Rule 1, Line 1",1
1926,"Syntax Error: Expected end of line, received '('. Did you forget a '/' between the output and environment?     |     {t͡ʃ,k}t ɡd > t͡ʃ d͡ʒ (else)     |                           ^     @ Rule 1, Line 1",1
1927,"Syntax Error: Unknown feature 'affricate' at 0:16-26. Did you mean stridnt?      |     dt͡ʃ > t͡s (in:[+affricate]uvergne and some western areas)     |                     ^^^^^^^^^^     @ Rule 1, Line 1",1
1928,"Syntax Error: Expected end of line, received '('. Did you forget a '/' between the output and environment?     |     dt͡ʃ > d͡ʒ (for some southeastern and southwestern speakers)     |                ^     @ Rule 1, Line 1",1
1929,"Syntax Error: Expected end of line, received '('. Did you forget a '/' between the output and environment?     |     d͡z > z (else)     |             ^     @ Rule 1, Line 1",1
1930,"Syntax Error: Expected an IPA character, Primative or Matrix, but received '('     |     ɲ{d,t} > {(i)nd,ɲd,nd͡ʒ} or t(ʃ)     |               ^     @ Rule 1, Line 1",1
1931,"Syntax Error: Unknown character “ at '0:0:13'.     |     pt > {ut,it} “in a few words”     |                  ^     @ Rule 1, Line 1",1
1932,"Syntax Error: Expected '_', but received '//'     |     t > ∅ / _# , // in the preterit of verbs     |                  ^^     @ Rule 1, Line 1",1
1933,"Syntax Error: Expected ',', but received 'j'     |     { ɛ, e } > { ej, je }     |                   ^     @ Rule 1, Line 1",1
1934,"Syntax Error: Unknown character Ḱ at '0:0:31'.     |     a > e / stressed, usually when Ḱ_     |                                    ^     @ Rule 1, Line 1",1
1935,"Syntax Error: Expected end of line, received '('. Did you forget a '/' between the output and environment?     |     u:[+long] > y (     |                   ^     @ Rule 1, Line 1",1
1936,"Syntax Error: Expected an IPA character, Primative or Matrix, but received '>'     |     y ( > i in most descendant͡s, with the exception of:[+front]ngadine)     |         ^     @ Rule 1, Line 1",1
1937,"Syntax Error: Expected end of line, received '('. Did you forget a '/' between the output and environment?     |     a V > e (= /ə/?) ∅ / in final syllables (     |             ^     @ Rule 1, Line 1",1
1938,"Syntax Error: Can't have segments after the end of a word     |     {m,n,s} > ∅ / _# in polysyllables     |                    ^     @ Rule 1, Line 1",1
1939,"Syntax Error: Unknown character ” at '0:0:4'.     |     V > ”V / VSr_     |         ^     @ Rule 1, Line 1",1
1940,"Syntax Error: Unknown character ” at '0:0:4'.     |     V > ”V / _(C…){i,e}V     |         ^     @ Rule 1, Line 1",1
1941,"Syntax Error: Unknown character — at '0:0:0'.     |     — (a)e > ɛ     |     ^     @ Rule 1, Line 1",1
1942,"Syntax Error: Unknown character — at '0:0:0'.     |     — e:[+long],i,oe > e     |     ^     @ Rule 1, Line 1",1
1943,"Syntax Error: Unknown character — at '0:0:0'.     |     — i:[+long] { o, o:[+long] } { u, u:[+long] } > i o u     |     ^     @ Rule 1, Line 1",1
1944,"Syntax Error: Unknown character — at '0:0:0'.     |     — {{ e, e:[+long] },i,ae,oe} > e / _#     |     ^     @ Rule 1, Line 1",1
1945,"Syntax Error: Unknown character — at '0:0:0'.     |     — {{ o, o:[+long] },u:[+long]} > o     |     ^     @ Rule 1, Line 1",1
1946,"Syntax Error: Unknown character — at '0:0:0'.     |     — u > o // V_     |     ^     @ Rule 1, Line 1",1
1947,"Syntax Error: Expected an IPA character, Primative or Matrix, but received '…'     |     s > i / #(C…)V_#     |                ^     @ Rule 1, Line 1",1
1948,"Syntax Error: Expected end of line, received '_'. Did you forget a '/' between the output and environment?     |     a > ɨ _N ! _{n:[+long],mn}     |           ^     @ Rule 1, Line 1",1
1949,"Syntax Error: Expected an IPA character, Primative or Matrix, but received '…'     |     e > a / i_(C…){a,e}#     |                 ^     @ Rule 1, Line 1",1
1950,"Syntax Error: Unknown character ” at '0:0:0'.     |     ”el:[+long]a > e”a / _#     |     ^     @ Rule 1, Line 1",1
1951,"Syntax Error: Expected ',', but received 'c'     |     {sc,st} > ʃt / _F     |       ^     @ Rule 1, Line 1",1
1952,"Syntax Error: Expected an IPA character, Primative or Matrix, but received '∅'     |     kʲ ɡʲ > t͡ʃ {j,∅} (ɡʲ     |                    ^     @ Rule 1, Line 1",1
1953,"Syntax Error: Expected an IPA character, Primative or Matrix, but received '∅'     |     {j,∅} > is     |        ^     @ Rule 1, Line 1",1
1954,"Syntax Error: Expected an IPA character, Primative or Matrix, but received '>'     |     (ɡʲ > rare)     |         ^     @ Rule 1, Line 1",1
1955,"Syntax Error: Expected ',', but received 't'     |     {sʲ,stʲ,s:[+long]j} > ʃ     |          ^     @ Rule 1, Line 1",1
1956,"Syntax Error: Expected end of line, received ':'. Did you forget a '/' between the output and environment?     |     dʲ > ʒ / _:[+back]     |               ^     @ Rule 1, Line 1",1
1957,"Syntax Error: Unknown feature 'palatal' at 0:11-19. Did you mean latrl?      |     a > e / C:[+palatal]_#     |                ^^^^^^^^     @ Rule 1, Line 1",1
1958,"Syntax Error: Expected an IPA character, Primative or Matrix, but received '…'     |     e > ə / %…P_(C…)V# // V = i     |                   ^     @ Rule 1, Line 1",1
1959,"Syntax Error: Expected '_', but received ','     |     u > ∅ / ,V}_# // {OL     |             ^     @ Rule 1, Line 1",1
1960,"Syntax Error: Unknown feature 'palatal' at 0:18-26. Did you mean latrl?      |     a > a / #(C…)V…C:[+palatal]_…%     |                       ^^^^^^^^     @ Rule 1, Line 1",1
1961,"Syntax Error: Expected an IPA character, Primative or Matrix, but received '…'     |     { a, o } > { ə, u } / #(C…)V…_…%     |                              ^     @ Rule 1, Line 1",1
1962,"Syntax Error: Expected an IPA character, Primative or Matrix, but received '…'     |     e > i / #(C…)V…_n…%     |                ^     @ Rule 1, Line 1",1
1963,"Syntax Error: Expected an IPA character, Primative or Matrix, but received '…'     |     e > ə / #(C…)V…{t,d,n}_…%     |                ^     @ Rule 1, Line 1",1
1964,"Syntax Error: Expected an IPA character, Primative or Matrix, but received '…'     |     e > ə / P_(C…)[+back]     |                 ^     @ Rule 1, Line 1",1
1965,"Syntax Error: Unknown character ” at '0:0:14'.     |     a > ə #C(C…)_…”%     |                   ^     @ Rule 1, Line 1",1
1966,"Syntax Error: Expected end of line, received 'ʲ'. Did you forget a '/' between the output and environment?     |     Ci > Cʲ / _# // S…S_#     |           ^     @ Rule 1, Line 1",1
1967,"Syntax Error: Expected ',', but received 'u'     |     { au, ai } > { o, e }     |        ^     @ Rule 1, Line 1",1
1968,"Syntax Error: Feature 'm' has no modifier at 0:14-15.     |     ∅ > i / _s (:[m]ainly Logudorese)     |                   ^     @ Rule 1, Line 1",1
1969,"Syntax Error: Cannot have nested brackets of the same type     |     { nd, {l:[+long],ld} } > { ɳɖ, ɖ:[+long] } / V_V     |           ^     @ Rule 1, Line 1",1
1970,"Syntax Error: Feature 'o' has no modifier at 0:46-47.     |     { kʷ, ɡʷ } > { p:[+long], b:[+long] } / #_ (:[o]nly Logudorese)     |                                                   ^     @ Rule 1, Line 1",1
1971,"Syntax Error: Unknown character “ at '0:0:42'.     |     l:[+long] > {t͡s,d͡z,ld͡z,d͡ʒ,l:[+long]} (“varies”)     |                                               ^     @ Rule 1, Line 1",1
1972,"Syntax Error: Cannot have nested brackets of the same type     |     { n{i,j}, t{i,j} } > { nd͡ʒ, t͡s } / _V     |        ^     @ Rule 1, Line 1",1
1973,"Syntax Error: Feature 's' has no modifier at 0:15-16.     |     d > r / V_V (:[s]ome Campidanese)     |                    ^     @ Rule 1, Line 1",1
1974,"Syntax Error: Expected '_', but received ''     |     { b, d, ɡ } > { β, ð, ɣ } / except in Nuorese     |                                                  ^     @ Rule 1, Line 1",1
1975,"Syntax Error: Expected end of line, received '/'. Did you forget a '/' between the output and environment?     |     r > ur:[+long] / #_e / Logudorese     |                          ^     @ Rule 1, Line 1",1
1976,"Syntax Error: Expected end of line, received 'ʲ'. Did you forget a '/' between the output and environment?     |     r > ar:[+long] / #_ʲ:[+back] / Logudorese     |                        ^     @ Rule 1, Line 1",1
1977,"Syntax Error: Cannot have nested brackets of the same type     |     { {tʲ,kʲ}, {t:[+long]j,k:[+long]j,ptʲ,ktʲ,skʲ} } > { t͡s, t:[+long]s }     |       ^     @ Rule 1, Line 1",1
1978,"Syntax Error: Cannot have nested brackets of the same type     |     { pt, {ɾs,ps} } > { t:[+long], s:[+long] }     |           ^     @ Rule 1, Line 1",1
1979,"Syntax Error: Expected end of line, received '('. Did you forget a '/' between the output and environment?     |     ns > s (with a few exceptions)     |            ^     @ Rule 1, Line 1",1
1980,"Syntax Error: Expected ',', but received 'b'     |     { mb, mn } > { m:[+long], n:[+long] }     |        ^     @ Rule 1, Line 1",1
1981,"Syntax Error: Cannot have nested brackets of the same type     |     { {jl,lʲ}, {jn,nʲ}, {jɡ,ɡʲ} } > { ʎ, ɲ, ʝ:[+long] }     |       ^     @ Rule 1, Line 1",1
1982,"Syntax Error: Expected end of line, received '('. Did you forget a '/' between the output and environment?     |     bʲ > ʝ:[+long] (sporadic)     |                    ^     @ Rule 1, Line 1",1
1983,"Syntax Error: Malformed Comment: Expected ';;', but received '; ' at 0:0:33     |     Saising of e {ɛ,a} ɔ o > i e o u; near j, in particular environment͡s:     |                                      ^     @ Rule 1, Line 1",1
1984,"Syntax Error: Unknown character — at '0:0:0'.     |     — e > i / _Cj // C = p     |     ^     @ Rule 1, Line 1",1
1985,"Syntax Error: Unknown character — at '0:0:0'.     |     — ɛ ɔ u > e o u / _(C)j     |     ^     @ Rule 1, Line 1",1
1986,"Syntax Error: Unknown character — at '0:0:0'.     |     — a > e / _j     |     ^     @ Rule 1, Line 1",1
1987,"Syntax Error: Expected end of line, received '('. Did you forget a '/' between the output and environment?     |     oj > we (sporadic)     |             ^     @ Rule 1, Line 1",1
1988,"Syntax Error: Expected ',', but received 'e'     |     { ɛ, ɔ } > { je, we }     |                   ^     @ Rule 1, Line 1",1
1989,"Syntax Error: Unknown character ” at '0:0:2'.     |     { ”je.o, ”je.a } > { {”i.o,”jo}, ”i.a }     |       ^     @ Rule 1, Line 1",1
1990,"Syntax Error: Expected ',', but received 't'     |     { jt, js } > { t͡ʃ, ʃ }     |        ^     @ Rule 1, Line 1",1
1991,"Syntax Error: Expected '_', but received ','     |     f > h / ,L} // _{ue     |             ^     @ Rule 1, Line 1",1
1992,"Syntax Error: Expected ',', but received 'ɾ'     |     { ɾʲ, pʲ } > { jɾ, jp } / V_     |                     ^     @ Rule 1, Line 1",1
1993,"Syntax Error: Expected an IPA character, Primative or Matrix, but received '∅'     |     ʝ > {∅,ʒ} (the latter is rare)     |          ^     @ Rule 1, Line 1",1
1994,"Syntax Error: Expected ',', but received 's'     |     { p:[+long], t:[+long], k:[+long], s:[+long], t:[+long]s, ʝ:[+long] } > { p, t, k, s, t͡s, ʝ }     |                                                            ^     @ Rule 1, Line 1",1
1995,"Syntax Error: Expected ',', but received 'ɾ'     |     { n:[+long], l:[+long], ɾɾ } > { ɲ, ʎ, r }     |                              ^     @ Rule 1, Line 1",1
1996,"Syntax Error: Cannot have nested brackets of the same type     |     { kl, pl } > { ʎ, {ʎ,t͡ʃ} }     |                       ^     @ Rule 1, Line 1",1
1997,"Syntax Error: Expected end of line, received '('. Did you forget a '/' between the output and environment?     |     fl > ʎ (sporadic)     |            ^     @ Rule 1, Line 1",1
1998,"Syntax Error: Expected '_', but received '//'     |     V > ∅ / unstressed // V = a     |                        ^^     @ Rule 1, Line 1",1
1999,"Syntax Error: Unknown character — at '0:0:0'.     |     — t > ∅ / _m     |     ^     @ Rule 1, Line 1",1
2000,"Syntax Error: Unknown character — at '0:0:0'.     |     — d > ∅ / _n (     |     ^     @ Rule 1, Line 1",1
2001,"Syntax Error: Unknown character — at '0:0:2'.     |     { —, mn } > { ɲ, (sometimes) }     |       ^     @ Rule 1, Line 1",1
2002,"Syntax Error: Unknown character — at '0:0:0'.     |     — t͡st d͡zd > t͡s d͡z     |     ^     @ Rule 1, Line 1",1
2003,"Syntax Error: Unknown character — at '0:0:0'.     |     — Vd͡z > ∅ / {nt͡s,nd͡z,rd͡z_     |     ^     @ Rule 1, Line 1",1
2004,"Syntax Error: Unknown character — at '0:0:0'.     |     — nd͡zVɡ > nɡ     |     ^     @ Rule 1, Line 1",1
2005,"Syntax Error: Unknown character — at '0:0:0'.     |     — mpVt skVp spVt stVk > nt sp st sk     |     ^     @ Rule 1, Line 1",1
2006,"Syntax Error: Unknown character — at '0:0:0'.     |     — n > l, ɾ / _m     |     ^     @ Rule 1, Line 1",1
2007,"Syntax Error: Unknown character — at '0:0:0'.     |     — n > ɾ, l / nɡ_     |     ^     @ Rule 1, Line 1",1
2008,"Syntax Error: Unknown character — at '0:0:0'.     |     — n > ɾ / nd_     |     ^     @ Rule 1, Line 1",1
2009,"Syntax Error: Unknown character — at '0:0:0'.     |     — dn dl > nd ld     |     ^     @ Rule 1, Line 1",1
2010,"Syntax Error: Unknown character — at '0:0:2'.     |     { —, ml, nɾ } > { lm, ɾn, (sometimes) }     |       ^     @ Rule 1, Line 1",1
2011,"Syntax Error: Unknown character — at '0:0:0'.     |     — βɣ > wɣ     |     ^     @ Rule 1, Line 1",1
2012,"Syntax Error: Unknown character — at '0:0:0'.     |     — ∅ > b / m_ɾ     |     ^     @ Rule 1, Line 1",1
2013,"Syntax Error: Unknown character — at '0:0:0'.     |     — mn ml > mbɾ mbl     |     ^     @ Rule 1, Line 1",1
2014,"Syntax Error: Unknown character — at '0:0:0'.     |     — ∅ > d / n_ɾ     |     ^     @ Rule 1, Line 1",1
2015,"Syntax Error: Feature 'b' has no modifier at 0:5-6.     |     /b/ [b], /β/ [b~β] > /b/ [b~β]     |          ^     @ Rule 1, Line 1",1
2016,"Syntax Error: Expected an IPA character, Primative or Matrix, but received ''     |     l > u / _C (     |                 ^     @ Rule 1, Line 1",1
2017,"Syntax Error: Unknown character “ at '0:0:6'.     |     h > ∅ “(just a reminder: from the f     |           ^     @ Rule 1, Line 1",1
2018,"Syntax Error: Unknown character “ at '0:0:2'.     |     ∅ “(just a reminder: from the f > h change above)”     |       ^     @ Rule 1, Line 1",1
2019,"Syntax Error: Unknown character ð at '0:0:6'.     |     /dɾ/ [ðɾ] > ɾ / V_V     |           ^     @ Rule 1, Line 1",1
2020,"Syntax Error: Unknown character “ at '0:0:9'.     |     ʎ > /ʝ/ (“merged with”)     |              ^     @ Rule 1, Line 1",1
2021,"Syntax Error: Unknown character ʝ at '0:0:5'.     |     /ʝ/ [ʝ~d͡ʒ] > :[ʒ~d͡ʒ]     |          ^     @ Rule 1, Line 1",1
2022,"Syntax Error: Feature 's' has no modifier at 0:14-15.     |     {s̪,s} > /s/ [s̪] “(merged as)”     |                   ^     @ Rule 1, Line 1",1
2023,"Syntax Error: Unknown character “ at '0:0:11'.     |     {s̪,s} > h “(in all environment͡s)”     |                ^     @ Rule 1, Line 1",1
2024,"Syntax Error: Expected ASCII character, but received ']' at 0:0:13.     |     {s̪,s} > θ:[θ] “(merged as)”     |                  ^     @ Rule 1, Line 1",1
2025,"Syntax Error: Unknown character ḱ at '0:0:2'.     |     { ḱ, ɡ́, kʷ, ɡʷ } > { k, ɡ, p, b }     |       ^     @ Rule 1, Line 1",1
2026,"Syntax Error: Cannot have nested brackets of the same type     |     { {ɡ́ʰ,x}, {ɸ,θ,ɡʷʰ} } > { h, f }     |       ^     @ Rule 1, Line 1",1
2027,"Syntax Error: Expected '>', '->' or '=>', but received 'ʷ'     |     [+ cons, - fr, + bk, + hi, - lo]ʷ > [+ cons, - fr, + bk, + hi, - lo] / :{ _C, _o, _a }: // C = syllabic     |                                     ^     @ Rule 1, Line 1",1
2028,"Syntax Error: Expected '>', '->' or '=>', but received 'ʷ'     |     [+ cons, - fr, + bk, + hi, - lo]ʷ > ɕ / _{ e, e:[+long] }     |                                     ^     @ Rule 1, Line 1",1
2029,"Syntax Error: Expected '>', '->' or '=>', but received 'ʷ'     |     [+ cons, - fr, + bk, + hi, - lo]ʷy > ɕ     |                                     ^     @ Rule 1, Line 1",1
2030,"Syntax Error: Expected an IPA character, Primative or Matrix, but received ':'     |     p {t͡s,kʷ} m n l r y > pʲ sʲ ʂ mʲ ɲ lʲ rʲ wj / :{ _[+front](:), _y }:     |                                                                 ^     @ Rule 1, Line 1",1
2031,"Syntax Error: Expected an IPA character, Primative or Matrix, but received ':'     |     {t,dʱ} > tʲ / _{ :[+front], :[+front]:[+long] }     |                      ^     @ Rule 1, Line 1",1
2032,"Syntax Error: Expected an IPA character, Primative or Matrix, but received 'ʱ'     |     P:[+voice](ʱ) > P:[-voice]     |                ^     @ Rule 1, Line 1",1
2033,"Syntax Error: Can't have segments after the end of a word     |     S:[+laryngeal] > uS ɨ / :{ C_Cwhen syllabic, C_#when syllabic }:     |                                                    ^     @ Rule 1, Line 1",1
2034,"Syntax Error: Expected number, but received s      |     [+laryngeal] > ɛ / _S, when S = syllabic     |                                     ^     @ Rule 1, Line 1",1
2035,"Syntax Error: Expected ',', but received 'e'     |     { he, a } > { a, ɨ }     |        ^     @ Rule 1, Line 1",1
2036,"Syntax Error: Cannot have nested brackets of the same type     |     { {eh,a:[+laryngeal]}, a:[+long] } > { a:[+long], ɔ }     |       ^     @ Rule 1, Line 1",1
2037,"Syntax Error: Expected ',', but received 'e'     |     { he, o } > { o, ɛ }     |        ^     @ Rule 1, Line 1",1
2038,"Syntax Error: Expected ',', but received 'h'     |     {eh,o:[+laryngeal]} > o:[+long]     |       ^     @ Rule 1, Line 1",1
2039,"Syntax Error: Cannot have nested brackets of the same type     |     { o:[+long](s,y), o:[+long]n } > { u, {u,õ} }     |                                           ^     @ Rule 1, Line 1",1
2040,"Syntax Error: Unknown character õ at '0:0:2'.     |     { õ, o:[+long] } > { o, a }     |       ^     @ Rule 1, Line 1",1
2041,"Syntax Error: Expected '_', but received 'ʷ'     |     i > ə / :{ P_, [+ cons, - fr, + bk, + hi, - lo]ʷ_, s_ }:     |                                                    ^     @ Rule 1, Line 1",1
2042,"Syntax Error: Expected end of line, received 'ʲ'. Did you forget a '/' between the output and environment?     |     Ci > Cʲə     |           ^     @ Rule 1, Line 1",1
2043,"Syntax Error: Cannot have nested brackets of the same type     |     { ih, i{h,h} } > { jə, jɨ }     |            ^     @ Rule 1, Line 1",1
2044,"Syntax Error: Expected an IPA character, Primative or Matrix, but received '('     |     { (h)e, (h)e:[+long] } > { jə, jɛ:[+long] } / #_     |       ^     @ Rule 1, Line 1",1
2045,"Syntax Error: Expected ',', but received 'e'     |     { Ce, Ce:[+long] } > { Cʲə, Cʲɛ }     |        ^     @ Rule 1, Line 1",1
2046,"Syntax Error: Expected ',', but received 'w'     |     { ow, aw, ew } > { ɛu, au, əw }     |        ^     @ Rule 1, Line 1",1
2047,"Syntax Error: Expected ',', but received 'y'     |     { oy, ay, ey } > { ɛi, ai, əj }     |        ^     @ Rule 1, Line 1",1
2048,"Syntax Error: Expected end of line, received ':'. Did you forget a '/' between the output and environment?     |     ɛ > o / _$:[+back]     |               ^     @ Rule 1, Line 1",1
2049,"Syntax Error: Unknown character ” at '0:0:2'.     |     { ”ɨ, ”ə, ɨ:[-stress], ə:[-stress] } > { ɨ, a, a, ə }     |       ^     @ Rule 1, Line 1",1
2050,"Syntax Error: Expected '>', '->' or '=>', but received 'ʲ'     |     Cʲj > Cʲ:[+long]     |      ^     @ Rule 1, Line 1",1
2051,"Syntax Error: Expected '_', but received ':'     |     n > j / V_sV // :[+front]_     |                     ^     @ Rule 1, Line 1",1
2052,"Syntax Error: Expected number, but received :      |     V > j / V_nʲtʲ // V =:[+front]     |                          ^     @ Rule 1, Line 1",1
2053,"Syntax Error: Cannot have nested brackets of the same type     |     { {a,ɛ}i, əj } > { e, i }     |       ^     @ Rule 1, Line 1",1
2054,"Syntax Error: Cannot have nested brackets of the same type     |     { {a,ɛ}u, əw } > { o, u }     |       ^     @ Rule 1, Line 1",1
2055,"Syntax Error: Unknown character : at '0:0:2'.     |     V > :[+round] / [+ cons, - fr, + bk, + hi, - lo]ʷ_     |       ^     @ Rule 1, Line 1",1
2056,"Syntax Error: Cannot have nested brackets of the same type     |     { {a,ɛ}u, əw } > { au, u }     |       ^     @ Rule 1, Line 1",1
2057,"Syntax Error: Cannot have nested brackets of the same type     |     { {a,ɛ}i, əj } > { ai, i }     |       ^     @ Rule 1, Line 1",1
2058,"Runtime Error: Grouped Environments cannot (yet) be used in insertion rules     |     ∅ > t / :{ N_S, L_S }:     |             ^^^^^^^^^^^^^^     @ Rule 1, Line 1",1
2059,"Syntax Error: Expected '_', but received ''     |     ə > ∅ / _%, when unstressed     |                                ^     @ Rule 1, Line 1",1
2060,"Syntax Error: Unknown character Ṽ at '0:0:6'.     |     VNV > ṼṼ // _(C)#     |           ^     @ Rule 1, Line 1",1
2061,"Syntax Error: Unknown feature 'fricative' at 0:12-23. Did you mean rhotic?      |     ʔ > ∅ / _C:[+fricative -voiced]     |                 ^^^^^^^^^^^     @ Rule 1, Line 1",1
2062,"Syntax Error: Expected '_', but received ''     |     ɾ > ∅ / V_V, when neither vowel is stressed     |                                                ^     @ Rule 1, Line 1",1
2063,"Syntax Error: Unknown character Ṽ at '0:0:16'.     |     V:[-stress]NV > ṼṼ     |                     ^     @ Rule 1, Line 1",1
2064,"Syntax Error: Unknown feature 'fricative' at 0:3-14. Did you mean rhotic?      |     C:[+fricative -voiced] > ∅ / ʔ_     |        ^^^^^^^^^^^     @ Rule 1, Line 1",1
2065,"Syntax Error: Expected '_', but received ''     |     ɾ > ∅ / V_V, where at least one of the vowels is nasalized     |                                                               ^     @ Rule 1, Line 1",1
2066,"Syntax Error: Unknown character Ṽ at '0:0:5'.     |     Vm > Ṽ / _#     |          ^     @ Rule 1, Line 1",1
2067,"Syntax Error: Cannot have nested brackets of the same type     |     { ŋʷ, {kʷ,hʷ} } > { m, p }     |           ^     @ Rule 1, Line 1",1
2068,"Syntax Error: Unknown character Ṽ at '0:0:6'.     |     ɲV > jṼ     |           ^     @ Rule 1, Line 1",1
2069,"Syntax Error: Expected an IPA character, Primative or Matrix, but received '('     |     { t͡s, (n)d͡z } > { t, nd }     |            ^     @ Rule 1, Line 1",1
2070,"Syntax Error: Expected ',', but received 'ŋ'     |     { ð, nŋʷ } > { c, β } / #_V:[-nas]     |           ^     @ Rule 1, Line 1",1
2071,"Syntax Error: Cannot have nested brackets of the same type     |     { j, ŋʷ, m, n } > { ɲ, m, {m,p}, {∅,t} } / _V:[+nas]     |                               ^     @ Rule 1, Line 1",1
2072,"Syntax Error: Cannot have nested brackets of the same type     |     { ⁿd, ŋ } > { t, {ɡ,k} } / _V:[-nas]     |                      ^     @ Rule 1, Line 1",1
2073,"Syntax Error: Expected '_', but received ','     |     ɨ > ∅ / ,β}e // #_{p     |             ^     @ Rule 1, Line 1",1
2074,"Syntax Error: Cannot have nested brackets of the same type     |     { {a/e}, {e/a}, {ı̃,ẽ} } > { e, a, ẽ }     |       ^     @ Rule 1, Line 1",1
2075,"Syntax Error: Expected '_', but received ''     |     k > ɡ / in %:[+stress]     |                           ^     @ Rule 1, Line 1",1
2076,"Syntax Error: Expected ',', but received 'ɡ'     |     { ɡʷ, ŋɡ } > { kʷ, k } / _V:[-nas]     |            ^     @ Rule 1, Line 1",1
2077,"Syntax Error: Cannot have nested brackets of the same type     |     { t͡s, (n)d͡z } > { {s,t͡s}, s }     |                         ^     @ Rule 1, Line 1",1
2078,"Syntax Error: Cannot have nested brackets of the same type     |     { {{a/e},{e/a}}, {ı̃,ẽ} } > { a, ẽ }     |       ^     @ Rule 1, Line 1",1
2079,"Syntax Error: Expected ',', but received 'ɡ'     |     { ɡʷ, ŋɡ } > { β, k } / _V:[-nas]     |            ^     @ Rule 1, Line 1",1
2080,"Syntax Error: Expected an IPA character, Primative or Matrix, but received '('     |     {(n)d͡z,t͡s} > s / _i     |      ^     @ Rule 1, Line 1",1
2081,"Syntax Error: Expected an IPA character, Primative or Matrix, but received '('     |     {(n)d͡z,t͡s} > t     |      ^     @ Rule 1, Line 1",1
2082,"Syntax Error: Expected ',', but received '/'     |     {a/e} > e     |       ^     @ Rule 1, Line 1",1
2083,"Syntax Error: Unknown character ( at '0:0:2'.     |     ð > (n)d     |       ^     @ Rule 1, Line 1",1
2084,"Syntax Error: Cannot have nested brackets of the same type     |     { {a/e}, {e/a}, {ı̃,ẽ} } > { a, e, ı̃ }     |       ^     @ Rule 1, Line 1",1
2085,"Syntax Error: Unknown character ı at '0:0:18'.     |     t > t͡ʃ / :{ _i, _ı̃ }:     |                       ^     @ Rule 1, Line 1",1
2086,"Syntax Error: Cannot have nested brackets of the same type     |     { k, b, r } > { {ŋ,∅}, {w,m}, {n,r,t} } / _#     |                     ^     @ Rule 1, Line 1",1
2087,"Syntax Error: Expected an IPA character, Primative or Matrix, but received '…'     |     o > a // o(C…)_(C…)#     |                 ^     @ Rule 1, Line 1",1
2088,"Syntax Error: Unknown character ã at '0:0:0'.     |     ã > a / Cw_     |     ^     @ Rule 1, Line 1",1
2089,"Syntax Error: Unknown character ã at '0:0:0'.     |     ã > õ     |     ^     @ Rule 1, Line 1",1
2090,"Syntax Error: Cannot have nested brackets of the same type     |     { {ẽ,ı̃}, ɨ̃, {u,ũ,õ} } > { i, ɨ, o }     |       ^     @ Rule 1, Line 1",1
2091,"Syntax Error: Expected '_', but received ''     |     ∅ > i / j_#, in monosyllables     |                                  ^     @ Rule 1, Line 1",1
2092,"Syntax Error: Expected '_', but received ''     |     j > i / _#, in polysyllables     |                                 ^     @ Rule 1, Line 1",1
2093,"Syntax Error: Expected end of line, received '('. Did you forget a '/' between the output and environment?     |     o > u(a) // o(C…)_(C…)#     |          ^     @ Rule 1, Line 1",1
2094,"Syntax Error: Unknown character ã at '0:0:0'.     |     ã > a     |     ^     @ Rule 1, Line 1",1
2095,"Syntax Error: Unknown character ẽ at '0:0:1'.     |     {ẽ,ı̃} > i     |      ^     @ Rule 1, Line 1",1
2096,"Syntax Error: Unknown character ũ at '0:0:4'.     |     u > ũ (? possibly backwards?)     |         ^     @ Rule 1, Line 1",1
2097,"Syntax Error: Expected ',', but received 'ʔ'     |     { iʔ, uʔ } > { j, w } / C_V     |        ^     @ Rule 1, Line 1",1
2098,"Syntax Error: Unknown character ı at '0:0:18'.     |     t > t͡s / :{ _i, _ı̃ }:     |                       ^     @ Rule 1, Line 1",1
2099,"Syntax Error: Can't have segments before the beginning of a word     |     a > ə / if N in %#     |                      ^     @ Rule 1, Line 1",1
2100,"Syntax Error: Expected an IPA character, Primative or Matrix, but received '…'     |     o > u // o(C…)_(C…)#     |                 ^     @ Rule 1, Line 1",1
2101,"Syntax Error: Unknown character ã at '0:0:2'.     |     { ã, ẽ, ı̃, ɨ̃, {õ,ũ} } > { ə, e, i, ɨ, o }     |       ^     @ Rule 1, Line 1",1
2102,"Syntax Error: Expected an IPA character, Primative or Matrix, but received '∅'     |     r > {r,∅} / _#     |            ^     @ Rule 1, Line 1",1
2103,"Syntax Error: Cannot have nested brackets of the same type     |     { ʔ, t͡s } > { {ʔ,∅}, {t͡s,t͡ʃ} }     |                    ^     @ Rule 1, Line 1",1
2104,"Syntax Error: Cannot have nested brackets of the same type     |     { {Vm,Vŋ}, Vn } > { V:[+nas], {Vr,V:[+nas]} } / _#     |       ^     @ Rule 1, Line 1",1
2105,"Syntax Error: Unknown character ã at '0:0:27'.     |     { aN, eN, iN, ɨN, uN } > { ã, ẽ, ı̃, ɨ̃, ũ } / _#     |                                ^     @ Rule 1, Line 1",1
2106,"Syntax Error: Unknown character õ at '0:0:0'.     |     õ > o     |     ^     @ Rule 1, Line 1",1
2107,"Syntax Error: Unknown character õ at '0:0:4'.     |     u > õ (? possibly backwards?)     |         ^     @ Rule 1, Line 1",1
2108,"Syntax Error: Expected end of line, received '('. Did you forget a '/' between the output and environment?     |     Vn > V:[+nas] (sometimes)     |                   ^     @ Rule 1, Line 1",1
2109,"Runtime Error: Grouped Environments cannot (yet) be used in insertion rules     |     ∅ > ŋ / :{ #_w, V_w }:     |             ^^^^^^^^^^^^^^     @ Rule 1, Line 1",1
2110,"Syntax Error: Cannot have nested brackets of the same type     |     { b, r } > { {b,∅}, {r,t} } / _#     |                  ^     @ Rule 1, Line 1",1
2111,"Syntax Error: Unknown character ı at '0:0:5'.     |     eN > ı̃ / _#     |          ^     @ Rule 1, Line 1",1
2112,"Syntax Error: Unknown character ẽ at '0:0:2'.     |     { ẽ, ı̃, ũ } > { {ẽ,e}, {ı̃,i}, {ũ,õ} }     |       ^     @ Rule 1, Line 1",1
2113,"Syntax Error: Unknown character ı at '0:0:23'.     |     t > t͡s, t͡ʃ / :{ _i, _ı̃ }:     |                            ^     @ Rule 1, Line 1",1
2114,"Syntax Error: Cannot have nested brackets of the same type     |     { o, u } > { {u,o}, {u,o,i} }     |                  ^     @ Rule 1, Line 1",1
2115,"Syntax Error: Unknown character ã at '0:0:27'.     |     { aN, eN, iN, ɨN, uN } > { ã, ẽ, ı̃, {ɨ̃,ĩ}, õ } / _#     |                                ^     @ Rule 1, Line 1",1
2116,"Syntax Error: Cannot have nested brackets of the same type     |     { {ɨ̃,õ}, ũ } > { {õ,ẽ}, õ }     |       ^     @ Rule 1, Line 1",1
2117,"Syntax Error: Unknown character ı at '0:0:4'.     |     i > ı̃ / ʔ_# (sporadic)     |         ^     @ Rule 1, Line 1",1
2118,"Syntax Error: Expected ':', but received 'l'     |     h > ∅ / V_ (sporadic, likely an areal feature)     |                           ^     @ Rule 1, Line 1",1
2119,"Syntax Error: Unknown character Ṽ at '0:0:4'.     |     V > Ṽ / _h     |         ^     @ Rule 1, Line 1",1
2120,"Syntax Error: Unknown character ã at '0:0:42'.     |     ʃ > t͡ʃ (sporadic, areal feature from Gavião influence)     |                                               ^     @ Rule 1, Line 1",1
2121,"Syntax Error: Unknown character ı at '0:0:16'.     |     t > ʃ / :{ _i, _ı̃ }:     |                     ^     @ Rule 1, Line 1",1
2122,"Syntax Error: Expected an IPA character, Primative or Matrix, but received ''     |     Vn > V:[+nas] / _# (     |                         ^     @ Rule 1, Line 1",1
2123,"Syntax Error: Expected an IPA character, Primative or Matrix, but received '…'     |     u > o // o(C…)_(C…)#     |                 ^     @ Rule 1, Line 1",1
2124,"Syntax Error: Cannot have nested brackets of the same type     |     { aN, iN, uN } > { {aN,ã}, ı̃, {uN,ũ} } / _#     |                        ^     @ Rule 1, Line 1",1
2125,"Syntax Error: Unknown character ẽ at '0:0:0'.     |     ẽ > {ẽ,e}     |     ^     @ Rule 1, Line 1",1
2126,"Syntax Error: Unknown character õ at '0:0:0'.     |     õ > {o,õ,u,ũ}     |     ^     @ Rule 1, Line 1",1
2127,"Syntax Error: Cannot have nested brackets of the same type     |     { ʈʂ, {ʈʂʼ,t͡ɬʼ} } > { t͡s, t͡sʼ }     |           ^     @ Rule 1, Line 1",1
2128,"Syntax Error: Cannot have nested brackets of the same type     |     { k, kʼ } > { {k,t͡ʃ}, {kʼ,t͡ʃʼ} }     |                   ^     @ Rule 1, Line 1",1
2129,"Syntax Error: Cannot have nested brackets of the same type     |     { ɬ, ʃ, ʂ } > { l, {sɡ,ʃɡ}, ʃ }     |                        ^     @ Rule 1, Line 1",1
2130,"Syntax Error: Cannot have nested brackets of the same type     |     { t͡ʃ, ʈʂ, t͡ɬʼ, t͡ʃʼ, ʈʂʼ } > { {t͡ʃk,ʃɡ}, t͡ʃ, h, {ʃkʼ,t͡ʃʼkʼ}, t͡ʃʼ }     |                                      ^     @ Rule 1, Line 1",1
2131,"Syntax Error: Cannot have nested brackets of the same type     |     { d͡z, d͡ʒ, ɖʐ } > { {d͡z,z}, {d͡ʒɡ,sɡ}, {d͡ʒ,ʒ} }     |                          ^     @ Rule 1, Line 1",1
2132,"Syntax Error: Cannot have nested brackets of the same type     |     { q, qʼ } > { x, {kʼ,qʼ,ʔ} }     |                      ^     @ Rule 1, Line 1",1
2133,"Syntax Error: Expected ',', but received 'k'     |     ʃ > {sk,ʃk}     |           ^     @ Rule 1, Line 1",1
2134,"Syntax Error: Cannot have nested brackets of the same type     |     { t͡ʃ, ʈʂ, {t͡ɬʼ,ʈʂʼ}, t͡ʃʼʼ } > { t͡ʃk, t͡ʃ, t͡ʃʼ, {t͡sʼkʼ,t͡ʃʼkʼ} }     |                ^     @ Rule 1, Line 1",1
2135,"Syntax Error: Cannot have nested brackets of the same type     |     { d͡ʒ, ɖʐ } > { {d͡ʒɡ,d͡zɡ}, d͡ʒ }     |                     ^     @ Rule 1, Line 1",1
2136,"Syntax Error: Could not get value of IPA 'ǀ'.     |     ǀ̃(n) > ǂ̃n     |     ^     @ Rule 1, Line 1",1
2137,"Syntax Error: Could not get value of IPA 'ǃ'.     |     ! > !~k     |     ^     @ Rule 1, Line 1",1
2138,"Syntax Error: Could not get value of IPA 'ǃ'.     |     !x > x     |     ^     @ Rule 1, Line 1",1
2139,"Syntax Error: Could not get value of IPA 'ǃ'.     |     !̬ > ɡ     |     ^     @ Rule 1, Line 1",1
2140,"Syntax Error: Could not get value of IPA 'ǃ'.     |     !̃(n) > ŋ     |     ^     @ Rule 1, Line 1",1
2141,"Syntax Error: Expected end of line, received '~'. Did you forget a '/' between the output and environment?     |     t͡s > t͡s~t͡sʰ, t͡s, s     |              ^     @ Rule 1, Line 1",1
2142,"Syntax Error: Expected end of line, received ':'. Did you forget a '/' between the output and environment?     |     h > j / _:[+front]     |              ^     @ Rule 1, Line 1",1
2143,"Syntax Error: Could not get value of IPA 'ǃ'.     |     { !, !̬, !̃ } > { !~k, !̬~ɡ, !̃(n)~ŋɡ }     |       ^     @ Rule 1, Line 1",1
2144,"Syntax Error: Could not get value of IPA 'ǃ'.     |     !x > !x~x     |     ^     @ Rule 1, Line 1",1
2145,"Syntax Error: Expected end of line, received '~'. Did you forget a '/' between the output and environment?     |     h > j~ʔ / _:[+front]     |          ^     @ Rule 1, Line 1",1
2146,"Syntax Error: Expected end of line, received '~'. Did you forget a '/' between the output and environment?     |     h > h~ʔ     |          ^     @ Rule 1, Line 1",1
2147,"Syntax Error: Could not get value of IPA 'ǀ'.     |     ǀ̃(n) > ǂ̃     |     ^     @ Rule 1, Line 1",1
2148,"Syntax Error: Could not get value of IPA 'ǃ'.     |     ! > k     |     ^     @ Rule 1, Line 1",1
2149,"Syntax Error: Could not get value of IPA 'ǃ'.     |     !ˀ > ∅     |     ^     @ Rule 1, Line 1",1
2150,"Syntax Error: Could not get value of IPA 'ǃ'.     |     !̃ > ŋɡ     |     ^     @ Rule 1, Line 1",1
2151,"Syntax Error: Could not get value of IPA 'ǃ'.     |     !̃n > ŋɡʲ~!̃     |     ^     @ Rule 1, Line 1",1
2152,"Syntax Error: Could not get value of IPA 'ǃ'.     |     !̃(n) > ǂ̃     |     ^     @ Rule 1, Line 1",1
2153,"Syntax Error: Could not get value of IPA 'ǃ'.     |     ! > ɡ     |     ^     @ Rule 1, Line 1",1
2154,"Syntax Error: Could not get value of IPA 'ǃ'.     |     { !x, !̃n } > { x, ŋɡʲ~!̃ }     |       ^     @ Rule 1, Line 1",1
2155,"Syntax Error: Cannot have nested brackets of the same type     |     { t͡s, d͡z } > { {ç,tç}, d͡ʒ }     |                      ^     @ Rule 1, Line 1",1
2156,"Syntax Error: Could not get value of IPA 'ǀ'.     |     {ǀˀ,ǀxʼ} > ǀ     |      ^     @ Rule 1, Line 1",1
2157,"Syntax Error: Could not get value of IPA 'ǀ'.     |     ǀ̃(n) > ǂ̃, ǂ     |     ^     @ Rule 1, Line 1",1
2158,"Syntax Error: Could not get value of IPA 'ǃ'.     |     { !, !ˀ, !̃n } > { !ɡ, ~, !̃ }     |       ^     @ Rule 1, Line 1",1
2159,"Syntax Error: Cannot have nested brackets of the same type     |     { ǂ, {ǂ̃n,ǂˀ,ǂxʼ} } > { ǂɡ, ǂ }     |          ^     @ Rule 1, Line 1",1
2160,"Syntax Error: Could not get value of IPA 'ǁ'.     |     {ǁˀ,ǁxʼ} > ǁ     |      ^     @ Rule 1, Line 1",1
2161,"Syntax Error: Cannot have nested brackets of the same type     |     { t͡s, d͡z } > { {t͡s~t͡sʰ,t͡s,s}, d͡z~t͡s }     |                      ^     @ Rule 1, Line 1",1
2162,"Syntax Error: Could not get value of IPA 'ǃ'.     |     { !, !̃n } > { !, !̃ }     |       ^     @ Rule 1, Line 1",1
2163,"Syntax Error: Could not get value of IPA 'ǂ'.     |     ǂ̃n > ǂ     |     ^     @ Rule 1, Line 1",1
2164,"Syntax Error: Could not get value of IPA 'ǁ'.     |     ǁˀ > ǁˀ, ǁ     |     ^     @ Rule 1, Line 1",1
2165,"Syntax Error: Could not get value of IPA 'ǀ'.     |     ǀ̃(n) > j     |     ^     @ Rule 1, Line 1",1
2166,"Syntax Error: Could not get value of IPA 'ǂ'.     |     { ǂ, ǂ̃n, ǂˀ } > { c, ɲ, ʔj }     |       ^     @ Rule 1, Line 1",1
2167,"Syntax Error: Cannot have nested brackets of the same type     |     { ǁˀ, ǁxʼ } > { {ǁˀ,∅}, ǁˀ }     |                     ^     @ Rule 1, Line 1",1
2168,"Syntax Error: Cannot have nested brackets of the same type     |     { t͡s, d͡z, kxʼ } > { {t͡s~t͡sʰ,t͡s,s}, z, kʼ }     |                           ^     @ Rule 1, Line 1",1
2169,"Syntax Error: Expected end of line, received '~'. Did you forget a '/' between the output and environment?     |     h > j~ʔj / _:[+front]     |          ^     @ Rule 1, Line 1",1
2170,"Syntax Error: Expected end of line, received '~'. Did you forget a '/' between the output and environment?     |     h > h~ʔj     |          ^     @ Rule 1, Line 1",1
2171,"Syntax Error: Could not get value of IPA 'ǀ'.     |     { ǀ̃(n), ǀxʼ } > { j, ǀˀ }     |       ^     @ Rule 1, Line 1",1
2172,"Syntax Error: Could not get value of IPA 'ǃ'.     |     !̃(n) > ŋɡ     |     ^     @ Rule 1, Line 1",1
2173,"Syntax Error: Could not get value of IPA 'ǂ'.     |     { ǂ̃n, ǂxʼ } > { ɲ, ǂˀ }     |       ^     @ Rule 1, Line 1",1
2174,"Syntax Error: Could not get value of IPA 'ǁ'.     |     ǁxʼ > ǁˀ     |     ^     @ Rule 1, Line 1",1
2175,"Syntax Error: Expected end of line, received '~'. Did you forget a '/' between the output and environment?     |     h > h~j     |          ^     @ Rule 1, Line 1",1
2176,"Syntax Error: Could not get value of IPA 'ǃ'.     |     { !̃, !x } > { !̃(n), !x~x }     |       ^     @ Rule 1, Line 1",1
2177,"Syntax Error: Expected end of line, received '~'. Did you forget a '/' between the output and environment?     |     t͡s > t͡s~t͡sɦ, s     |              ^     @ Rule 1, Line 1",1
2178,"Syntax Error: Cannot have nested brackets of the same type     |     { t, d, s } > { {c,t͡ʃ}, ɟ, ʃ }     |                     ^     @ Rule 1, Line 1",1
2179,"Syntax Error: Could not get value of IPA 'ǃ'.     |     !! > ǁ     |     ^     @ Rule 1, Line 1",1
2180,"Syntax Error: Unknown character ͡ at '0:0:20'.     |     ⁿ:[+click]ʰ:[+click]͡ɢ > :[+click]ʰ:[+click]     |                         ^     @ Rule 1, Line 1",1
2181,"Syntax Error: Expected end of line, received '('. Did you forget a '/' between the output and environment?     |     ui > o (?)     |            ^     @ Rule 1, Line 1",1
2182,"Syntax Error: Could not get value of IPA 'ǃ'.     |     { !!, ʘ } > { ǁ, ǀ }     |       ^     @ Rule 1, Line 1",1
2183,"Syntax Error: Could not get value of IPA 'ǂ'.     |     ǂ > !! (dialectal)     |     ^     @ Rule 1, Line 1",1
2184,"Syntax Error: Unknown character ͜ at '0:0:15'.     |     ⁿ:[+click]ʰ {ǀʰ͜q,ǀʰ͜ɢ} [+click]͡q > ⁿ:[+click](ʰ) ⁿǀʰ:[+click]:[+voice]     |                    ^     @ Rule 1, Line 1",1
2185,"Syntax Error: Expected an IPA character, Primative or Matrix, but received '_'     |     CV > ∅ / _# (possibly only when CV_#, possibly sporadic)     |                                       ^     @ Rule 1, Line 1",1
2186,"Syntax Error: Expected end of line, received '('. Did you forget a '/' between the output and environment?     |     e o > ɛ ɔ (?)     |               ^     @ Rule 1, Line 1",1
2187,"Syntax Error: Expected end of line, received '~'. Did you forget a '/' between the output and environment?     |     b > β~m / #_V:[-high]     |          ^     @ Rule 1, Line 1",1
2188,"Syntax Error: Expected ',', but received '~'     |     { b, d, ɡ } > { β~w, ɾ~∅, ɣ } / V_V     |                      ^     @ Rule 1, Line 1",1
2189,"Syntax Error: Expected ',', but received '~'     |     { t, d } > { t~ɾ~n, n } / #_     |                   ^     @ Rule 1, Line 1",1
2190,"Syntax Error: Expected ',', but received 'i'     |     { iiɛ, Vdiɛ } > { ijɛ, βe }     |        ^     @ Rule 1, Line 1",1
2191,"Syntax Error: Expected ',', but received '~'     |     { p, d } > { p~f, n } / #_     |                   ^     @ Rule 1, Line 1",1
2192,"Syntax Error: Expected end of line, received '~'. Did you forget a '/' between the output and environment?     |     b > β~m / #_V:[+low]     |          ^     @ Rule 1, Line 1",1
2193,"Syntax Error: Expected ',', but received '~'     |     { p, b, d, k } > { p~f, w, ɾ, ɡ~ɣ } / V_V     |                         ^     @ Rule 1, Line 1",1
2194,"Syntax Error: Expected ',', but received 'i'     |     { iiɛ, Vdiɛ } > { d͡zɛ, ɾɛ }     |        ^     @ Rule 1, Line 1",1
2195,"Syntax Error: Expected ',', but received '~'     |     { p, b, d, k } > { ɸ, β, ɾ, x~k } / V_V     |                                  ^     @ Rule 1, Line 1",1
2196,"Syntax Error: Expected ',', but received 'i'     |     { iiɛ, Vdiɛ } > { ijɛ, βie }     |        ^     @ Rule 1, Line 1",1
2197,"Syntax Error: Expected an IPA character, Primative or Matrix, but received '∅'     |     { p, k } > { ɸ, ∅~k }     |                     ^     @ Rule 1, Line 1",1
2198,"Syntax Error: Expected end of line, received '~'. Did you forget a '/' between the output and environment?     |     ti > s~ti / _V     |           ^     @ Rule 1, Line 1",1
2199,"Syntax Error: Expected end of line, received '~'. Did you forget a '/' between the output and environment?     |     d > ɾ~d / V_V     |          ^     @ Rule 1, Line 1",1
2200,"Syntax Error: Unknown character î at '0:0:15'.     |     { iC, uC } > { î, û } / :{ _C, _# }:     |                    ^     @ Rule 1, Line 1",1
2201,"Syntax Error: Expected end of line, received '('. Did you forget a '/' between the output and environment?     |     a > e (?)     |           ^     @ Rule 1, Line 1",1
2202,"Syntax Error: Expected end of line, received '~'. Did you forget a '/' between the output and environment?     |     b > m~b / #_     |          ^     @ Rule 1, Line 1",1
2203,"Syntax Error: Expected end of line, received '~'. Did you forget a '/' between the output and environment?     |     d > d~n~l / #_a     |          ^     @ Rule 1, Line 1",1
2204,"Syntax Error: Expected end of line, received '~'. Did you forget a '/' between the output and environment?     |     s > s~t     |          ^     @ Rule 1, Line 1",1
2205,"Syntax Error: Unknown character î at '0:0:11'.     |     ∅ > d͡z / _î     |                ^     @ Rule 1, Line 1",1
2206,"Syntax Error: Expected end of line, received '~'. Did you forget a '/' between the output and environment?     |     ɸ > ɸ~h     |          ^     @ Rule 1, Line 1",1
2207,"Syntax Error: Expected end of line, received '~'. Did you forget a '/' between the output and environment?     |     d > d~l~n / #_a     |          ^     @ Rule 1, Line 1",1
2208,"Syntax Error: Expected end of line, received '~'. Did you forget a '/' between the output and environment?     |     ɾ > ɾ~∅ / V_V     |          ^     @ Rule 1, Line 1",1
2209,"Syntax Error: Expected end of line, received '~'. Did you forget a '/' between the output and environment?     |     p > h~ɸ     |          ^     @ Rule 1, Line 1",1
2210,"Syntax Error: Unknown character î at '0:0:10'.     |     ∅ > d͡z / î_V     |               ^     @ Rule 1, Line 1",1
2211,"Syntax Error: Unknown character ̂ at '0:0:10'.     |     k > ∅ / _V̂     |               ^     @ Rule 1, Line 1",1
2212,"Syntax Error: Expected end of line, received '~'. Did you forget a '/' between the output and environment?     |     p > p~ɸ     |          ^     @ Rule 1, Line 1",1
2213,"Syntax Error: Unknown character ̂ at '0:0:12'.     |     V > d͡z / _V̂     |                 ^     @ Rule 1, Line 1",1
2214,"Syntax Error: Expected end of line, received '~'. Did you forget a '/' between the output and environment?     |     p > p~h     |          ^     @ Rule 1, Line 1",1
2215,"Runtime Error: Insertion rules must have a context     |     ∅ > d͡z     |            ^     @ Rule 1, Line 1",1
2216,"Syntax Error: Unknown character î at '0:0:6'.     |     d͡z > î_V     |           ^     @ Rule 1, Line 1",1
2217,"Syntax Error: Expected '->', but received -'h' at 0:0:90     |     iC > iC~i / :{ _C(not sure how this plays in with the change mentioned earlier about extra-high vowels; I must have misread something), _#(not sure how this plays in with the change mentioned earlier about extra-high vowels; I must have misread something) }:     |                                                                                               ^     @ Rule 1, Line 1",1
2218,"Syntax Error: Expected end of line, received '~'. Did you forget a '/' between the output and environment?     |     p > ɸ~h     |          ^     @ Rule 1, Line 1",1
2219,"Syntax Error: Unknown character ̚ at '0:0:14'.     |     { b, C } > { b̚, ɡ̚ } / _#     |                   ^     @ Rule 1, Line 1",1
2220,"Syntax Error: Unknown character î at '0:0:10'.     |     ∅ > d͡z / îV     |               ^     @ Rule 1, Line 1",1
2221,"Syntax Error: Cannot have nested brackets of the same type     |     { b, C } > { b~∅, {d,ɡ} } / _#     |                       ^     @ Rule 1, Line 1",1
2222,"Syntax Error: Expected ',', but received '~'     |     { p, d } > { p~ɸs, d~t }     |                   ^     @ Rule 1, Line 1",1
2223,"Syntax Error: Expected end of line, received '~'. Did you forget a '/' between the output and environment?     |     k > k~∅     |          ^     @ Rule 1, Line 1",1
2224,"Syntax Error: Expected ',', but received '~'     |     { b, d, k } > { b~β, ɾ~l~∅, k~x~ɡ~ɣ } / V_V     |                      ^     @ Rule 1, Line 1",1
2225,"Syntax Error: Expected end of line, received '~'. Did you forget a '/' between the output and environment?     |     b > b~ᵐb     |          ^     @ Rule 1, Line 1",1
2226,"Syntax Error: Expected ',', but received 'i'     |     { ti, di } > { s, d͡z } / _V     |        ^     @ Rule 1, Line 1",1
2227,"Syntax Error: Expected ',', but received '~'     |     { b, d, k } > { b~β, ɾ~∅, k~x~ɡ~ɣ } / V_V     |                      ^     @ Rule 1, Line 1",1
2228,"Syntax Error: Expected ',', but received '~'     |     { b, d } > { b~ᵐb, d~ⁿd }     |                   ^     @ Rule 1, Line 1",1
2229,"Syntax Error: Expected ',', but received 'i'     |     { ti, di } > { s, j } / _V     |        ^     @ Rule 1, Line 1",1
2230,"Syntax Error: Expected an IPA character, Primative or Matrix, but received 'ʰ'     |     p(ʰ) > ɸ     |       ^     @ Rule 1, Line 1",1
2231,"Syntax Error: Cannot have nested brackets of the same type     |     { {t͡s(ʰ),t͡ʃ}, d͡z } > { s, ɟ }     |       ^     @ Rule 1, Line 1",1
2232,"Syntax Error: Cannot have nested brackets of the same type     |     { p(ʰ), {tʰ,d} } > { ɸ, t }     |             ^     @ Rule 1, Line 1",1
2233,"Syntax Error: Expected ',', but received '('     |     {t͡s(ʰ),t͡ʃ} > s     |         ^     @ Rule 1, Line 1",1
2234,"Syntax Error: Expected end of line, received '('. Did you forget a '/' between the output and environment?     |     t͡ʃ > ʃ (?)     |             ^     @ Rule 1, Line 1",1
2235,"Syntax Error: Expected ',', but received '('     |     {p(ʰ),ɓ} > h     |       ^     @ Rule 1, Line 1",1
2236,"Syntax Error: Expected ',', but received '>'     |     {tʰ,ɗ > t     |           ^     @ Rule 1, Line 1",1
2237,"Syntax Error: Expected an IPA character, Primative or Matrix, but received 'ʰ'     |     t͡s(ʰ) > s     |         ^     @ Rule 1, Line 1",1
2238,"Syntax Error: Expected '_', but received ''     |     ʔ > ∅ / #_, possibly everywhere?     |                                     ^     @ Rule 1, Line 1",1
2239,"Syntax Error: Expected '_', but received ''     |     { pʰ, t } > { ɸ, ʔ } / medial     |                                  ^     @ Rule 1, Line 1",1
2240,"Syntax Error: Unknown character “ at '0:0:8'.     |     ia > ə (“unspecified”)     |             ^     @ Rule 1, Line 1",1
2241,"Syntax Error: Expected an IPA character, Primative or Matrix, but received ''     |     V > ∅ / s_j (     |                  ^     @ Rule 1, Line 1",1
2242,"Syntax Error: Expected '_', but received ''     |     a > ∅ / _i, when unstressed     |                                ^     @ Rule 1, Line 1",1
2243,"Syntax Error: Cannot have nested brackets of the same type     |     { nVs, dVs } > { n(V(s)), ʒ(Vʒ) }     |                         ^     @ Rule 1, Line 1",1
2244,"Syntax Error: Cannot have nested brackets of the same type     |     { s, h } > { {s,t͡ʃ}, {h,∅} }     |                  ^     @ Rule 1, Line 1",1
2245,"Syntax Error: Cannot have nested brackets of the same type     |     { n, j } > { {n,∅}, {j,∅} }     |                  ^     @ Rule 1, Line 1",1
2246,"Syntax Error: Expected an IPA character, Primative or Matrix, but received ''     |     i > ∅ / a_ (     |                 ^     @ Rule 1, Line 1",1
2247,"Syntax Error: Expected ',', but received '('     |     { d(V)j, s(V)j } > { lʲ, d͡ʒ }     |        ^     @ Rule 1, Line 1",1
2248,"Syntax Error: Expected end of line, received '~'. Did you forget a '/' between the output and environment?     |     s > s, x, t͡ʃ~ʃ     |                  ^     @ Rule 1, Line 1",1
2249,"Syntax Error: Options can only be used in Environments or Structures     |     s(V)d > dʲ     |      ^^^     @ Rule 1, Line 1",1
2250,"Syntax Error: Malformed Comment: Expected ';;', but received '; ' at 0:0:20     |     i > ∅ / a_ (usually;     |                         ^     @ Rule 1, Line 1",1
2251,"Syntax Error: Expected ',', but received 'e'     |     {ue,aja} > ə     |       ^     @ Rule 1, Line 1",1
2252,"Syntax Error: Cannot have nested brackets of the same type     |     { {d(V)s,n(V)j}, n(V)s } > { r, {VsV,r} }     |       ^     @ Rule 1, Line 1",1
2253,"Syntax Error: Options can only be used in Environments or Structures     |     d(V)j > r(V)     |      ^^^     @ Rule 1, Line 1",1
2254,"Syntax Error: Cannot have nested brackets of the same type     |     { m, n, h, j } > { b, {n,r,∅}, {h,∅}, {j,∅} }     |                           ^     @ Rule 1, Line 1",1
2255,"Syntax Error: Expected '_', but received '*'     |     ai > e / if the *a is not stressed     |                     ^     @ Rule 1, Line 1",1
2256,"Syntax Error: Expected '_', but received ''     |     e > i / conditioning undetermined     |                                      ^     @ Rule 1, Line 1",1
2257,"Syntax Error: Unknown character ’ at '0:0:36'.     |     { b, d } > { m, n } / _V:[+nasal] (I’m inferring this from the statement that :[t]here are also a series…of nasal vowels)     |                                         ^     @ Rule 1, Line 1",1
2258,"Syntax Error: Cannot have nested brackets of the same type     |     { o, a } > { {u,o}, {a,e} }     |                  ^     @ Rule 1, Line 1",1
2259,"Syntax Error: Cannot have nested brackets of the same type     |     { b, d } > { {b,p}, l }     |                  ^     @ Rule 1, Line 1",1
2260,"Syntax Error: Expected an IPA character, Primative or Matrix, but received '//'     |     a:[-long]C > Ca / #_ ( // _a?)     |                            ^^     @ Rule 1, Line 1",1
2261,"Syntax Error: Can't have segments before the beginning of a word     |     V:[+long] > V:[-long] / in #%     |                                ^     @ Rule 1, Line 1",1
2262,"Syntax Error: Expected ',', but received 'C'     |     { iC, aC, uC } > { Cj, Ca, Cw } / #_ // before an identical vowel     |        ^     @ Rule 1, Line 1",1
2263,"Syntax Error: Options can only be used in Environments or Structures     |     (N)S > F / #(C)V_     |     ^^^     @ Rule 1, Line 1",1
2264,"Syntax Error: Can't have segments before the beginning of a word     |     V:[+long] > ə / in #%     |                        ^     @ Rule 1, Line 1",1
2265,"Syntax Error: Can't have segments before the beginning of a word     |     V:[-long] > ∅ / in #%     |                        ^     @ Rule 1, Line 1",1
2266,"Syntax Error: Could not get value of IPA 'ⁿ'.     |     NVS > VⁿS / #_     |            ^     @ Rule 1, Line 1",1
2267,"Syntax Error: Unknown feature 'palatal' at 0:12-20. Did you mean latrl?      |     a > i / #C:[+palatal]V:[-long]C_     |                 ^^^^^^^^     @ Rule 1, Line 1",1
2268,"Syntax Error: Unknown feature 'palatal' at 0:16-24. Did you mean latrl?      |     i > e / #(C)aC:[-palatal]_     |                     ^^^^^^^^     @ Rule 1, Line 1",1
2269,"Syntax Error: Unknown character ŕ at '0:0:1'.     |     *ŕ > r     |      ^     @ Rule 1, Line 1",1
2270,"Syntax Error: Unknown character ŕ at '0:0:4'.     |     {r,*ŕ} > {∅,w,j}     |         ^     @ Rule 1, Line 1",1
2271,"Syntax Error: Expected end of line, received ':'. Did you forget a '/' between the output and environment?     |     w > β / _:[+front] ?     |              ^     @ Rule 1, Line 1",1
2272,"Syntax Error: Unknown character ŕ at '0:0:1'.     |     *ŕ > ∅     |      ^     @ Rule 1, Line 1",1
2273,"Syntax Error: Expected end of line, received ':'. Did you forget a '/' between the output and environment?     |     t͡ʃ > t͡s / _:[+front]     |                  ^     @ Rule 1, Line 1",1
2274,"Syntax Error: Expected end of line, received ':'. Did you forget a '/' between the output and environment?     |     w > β / _:[+front]     |              ^     @ Rule 1, Line 1",1
2275,"Syntax Error: Cannot have nested brackets of the same type     |     { tʼ, {kʼ,ɡ} } > { t, k }     |           ^     @ Rule 1, Line 1",1
2276,"Syntax Error: Expected ',', but received 'p'     |     { kp, ɡb } > { k, ɡʷ }     |        ^     @ Rule 1, Line 1",1
2277,"Syntax Error: Cannot have nested brackets of the same type     |     { kp, kpʼ } > { {kp,k}, ɡb }     |                     ^     @ Rule 1, Line 1",1
2278,"Syntax Error: Cannot have nested brackets of the same type     |     { kp, {kpʼ,ɡb} } > { p, b }     |           ^     @ Rule 1, Line 1",1
2279,"Syntax Error: Cannot have nested brackets of the same type     |     { {ɡ,w,kp}, kpʼ, ɡb } > { k, kp, b }     |       ^     @ Rule 1, Line 1",1
2280,"Syntax Error: Cannot have nested brackets of the same type     |     { {tʼ,d}, {kʼ,ɡ} } > { l, k }     |       ^     @ Rule 1, Line 1",1
2281,"Syntax Error: Unknown character ’ at '0:0:39'.     |     kp kpʼ ɡb > {k,:[+back]} kp:[+back] (it’s unclear what this 〈:[+back]〉 is)     |                                            ^     @ Rule 1, Line 1",1
2282,"Syntax Error: Cannot have nested brackets of the same type     |     { {k,ɡ,kp}, {kpʼ,ɡb} } > { s, b }     |       ^     @ Rule 1, Line 1",1
2283,"Syntax Error: Expected ',', but received 'p'     |     { kp, kpʼ } > { k, b }     |        ^     @ Rule 1, Line 1",1
2284,"Syntax Error: Expected end of line, received '('. Did you forget a '/' between the output and environment?     |     f > d (yes, really)     |           ^     @ Rule 1, Line 1",1
2285,"Syntax Error: Cannot have nested brackets of the same type     |     { tʼ, {kʼ,ɡ,w} } > { {t,d}, k }     |           ^     @ Rule 1, Line 1",1
2286,"Syntax Error: Cannot have nested brackets of the same type     |     { tʼ, {kʼ,ɡ} } > { {t,d}, k }     |           ^     @ Rule 1, Line 1",1
2287,"Syntax Error: Expected ',', but received 'p'     |     { kp, ɡb } > { k, b }     |        ^     @ Rule 1, Line 1",1
2288,"Syntax Error: Unknown feature 'glide' at 0:14-20. Did you mean click?      |     kV:[+round]C:[+glide] > kʷ     |                   ^^^^^^     @ Rule 1, Line 1",1
2289,"Syntax Error: Expected ',', but received 'ʂ'     |     { r, t, t͡ʃ, ʃ } > { t, t͡ʃ, ʈʂ, ʂ }     |                                   ^     @ Rule 1, Line 1",1
2290,"Syntax Error: Expected '_', but received ''     |     k > ∅ / V_C // penult     |                          ^     @ Rule 1, Line 1",1
2291,"Syntax Error: Unknown character ̂ at '0:0:5'.     |     V > V̂:[+long] / _Cko, ko lost?     |          ^     @ Rule 1, Line 1",1
2292,"Syntax Error: Unknown feature 'weak' at 0:4-9. Did you mean man?      |     VC:[+weak] > ∅ / _V#     |         ^^^^^     @ Rule 1, Line 1",1
2293,"Syntax Error: Cannot have nested brackets of the same type     |     VkV > V:[+long] / #((C)V(C))(C)_#     |                         ^     @ Rule 1, Line 1",1
2294,"Syntax Error: Unknown character ” at '0:0:6'.     |     VkV > ”V / _#     |           ^     @ Rule 1, Line 1",1
2295,"Syntax Error: Unknown feature 'weak' at 0:5-10. Did you mean man?      |     { C:[+weak], C:[+weak] } > { ʔ, h } / V_V#     |          ^^^^^     @ Rule 1, Line 1",1
2296,"Syntax Error: Cannot have nested brackets of the same type     |     { oj, aj } > { i:[+long], {a:[+long],i:[+long]} }     |                               ^     @ Rule 1, Line 1",1
2297,"Syntax Error: Can't have segments after the end of a word     |     i > ∅ / #(C)V(C)(C)V(C)(C)_# (sporadic in the case of other vowels)     |                                ^     @ Rule 1, Line 1",1
2298,"Syntax Error: Expected ',', but received 'l'     |     { tl, st } > { l:[+long], t:[+long] }     |        ^     @ Rule 1, Line 1",1
2299,"Syntax Error: Expected ',', but received 'ʂ'     |     { k, kʼ, kʷ, kʷʼ, ɡ, ɡʷ } > { kʲ, kʲʼ, tʂ, tʂʼ, ɡʲ, ɖʐ }     |                                             ^     @ Rule 1, Line 1",1
2300,"Syntax Error: Cannot have nested brackets of the same type     |     { x, xʷ } > { {xʲ,j}, {ʂ,ʐ} }     |                   ^     @ Rule 1, Line 1",1
2301,"Syntax Error: Expected '>', '->' or '=>', but received 'ʷ'     |     [+click]ʷ > :[+click]ʷ     |             ^     @ Rule 1, Line 1",1
2302,"Syntax Error: Unknown character : at '0:0:0'.     |     :[+click]ʷ > :[+click] ?     |     ^     @ Rule 1, Line 1",1
2303,"Syntax Error: Unknown character Š at '0:0:11'.     |     {P:[-voice]Š,P:[-voice]Šʷ} > P:[-voice]S     |                ^     @ Rule 1, Line 1",1
2304,"Syntax Error: Unknown character Š at '0:0:45'.     |     [+ cons, - fr, + bk, + hi, - lo] > P:[-voice]Š / in Mentasta:[+affricate]htna     |                                                  ^     @ Rule 1, Line 1",1
2305,"Syntax Error: Unknown feature 'glottalized' at 0:8-20. Did you mean contin?      |     Vˀ > V:[-glottalized]     |             ^^^^^^^^^^^^     @ Rule 1, Line 1",1
2306,"Syntax Error: Cannot have nested brackets of the same type     |     { u, ɑ, ʊ } > { {o,u}, ə, u }     |                     ^     @ Rule 1, Line 1",1
2307,"Syntax Error: Expected end of line, received ':'. Did you forget a '/' between the output and environment?     |     P:[-voice]S > P:[-voice]:[+laryngeal] (most often back to 3, however)     |                             ^     @ Rule 1, Line 1",1
2308,"Syntax Error: Unknown character Š at '0:0:53'.     |     [+ cons, - fr, + bk, + hi, - lo, +click] > P:[-voice]Š [+ cons, - fr, + bk, + hi, - lo]     |                                                          ^     @ Rule 1, Line 1",1
2309,"Syntax Error: Unknown character Š at '0:0:23'.     |     P:[-voice] > P:[-voice]Š / :{ _i, in the:[+back]ritish Columbian dialect, _e, in the:[+back]ritish Columbian dialect, _u, in the:[+back]ritish Columbian dialect }:     |                            ^     @ Rule 1, Line 1",1
2310,"Syntax Error: Unknown character → at '0:0:24'.     |     {n,ɲ} > d / $_V:[-nas] (→ d͡ʒ in the:[+back]ritish Columbian dialect)     |                             ^     @ Rule 1, Line 1",1
2311,"Syntax Error: Unknown feature 'hightone' at 0:8-18. Did you mean high?      |     Vˀ > V:[+high tone]     |             ^^^^^^^^^^     @ Rule 1, Line 1",1
2312,"Syntax Error: Unknown feature 'SP' at 0:11-14. Did you mean rt?      |     V > Vˀ, V:[+SP:[-voice]S]     |                ^^^     @ Rule 1, Line 1",1
2313,"Syntax Error: Cannot have nested brackets of the same type     |     { {P:[-voice]Š,P:[-voice]Šʷ}, [+ cons, - fr, + bk, + hi, - lo] } > { P:[-voice]S, P:[-voice]Š }     |       ^     @ Rule 1, Line 1",1
2314,"Syntax Error: Cannot have nested brackets of the same type     |     { e, {ɑ,ə} } > { i, {e,ɪ} }     |          ^     @ Rule 1, Line 1",1
2315,"Syntax Error: Unknown character Š at '0:0:23'.     |     P:[-voice]S {P:[-voice]Š,P:[-voice]Šʷ} [+ cons, - fr, + bk, + hi, - lo, +click] > P:[-voice]:[+laryngeal] P:[-voice]S P:[-voice]Š [+ cons, - fr, + bk, + hi, - lo]     |                            ^     @ Rule 1, Line 1",1
2316,"Syntax Error: Expected end of line, received '('. Did you forget a '/' between the output and environment?     |     t > k (not for all speakers)     |           ^     @ Rule 1, Line 1",1
2317,"Syntax Error: Unknown feature 'affricate' at 0:2-12. Did you mean stridnt?      |     {[+affricate],O’} > F / _$     |       ^^^^^^^^^^     @ Rule 1, Line 1",1
2318,"Syntax Error: Unknown character Š at '0:0:11'.     |     {P:[-voice]Š,P:[-voice]Šʷ} [+ cons, - fr, + bk, + hi, - lo, +click] > P:[-voice]S P:[-voice]Š [+ cons, - fr, + bk, + hi, - lo]     |                ^     @ Rule 1, Line 1",1
2319,"Syntax Error: Cannot have nested brackets of the same type     |     { u, {ɑ,ʊ} } > { {o,u}, ə }     |          ^     @ Rule 1, Line 1",1
2320,"Syntax Error: Unknown character Š at '0:0:25'.     |     { P:[-voice]S, P:[-voice]Š } > { P:[-voice]:[+laryngeal], P:[-voice]S }     |                              ^     @ Rule 1, Line 1",1
2321,"Syntax Error: Unknown character Š at '0:0:10'.     |     P:[-voice]Šʷ > P:[-voice]Ṣ (     |               ^     @ Rule 1, Line 1",1
2322,"Syntax Error: Unknown character Ṣ at '0:0:10'.     |     P:[-voice]Ṣ ( > P:[-voice]S in [+ cons, - fr, + bk, + hi, - lo]uskokwim dialect)     |               ^     @ Rule 1, Line 1",1
2323,"Syntax Error: Unknown character Š at '0:0:79'.     |     [+ cons, - fr, + bk, + hi, - lo] > [+ cons, - fr, + bk, + hi, - lo], P:[-voice]Š     |                                                                                    ^     @ Rule 1, Line 1",1
2324,"Syntax Error: Expected end of line, received '('. Did you forget a '/' between the output and environment?     |     w > v (     |           ^     @ Rule 1, Line 1",1
2325,"Syntax Error: Expected an IPA character, Primative or Matrix, but received '>'     |     v ( > w in Shageluk dialect)     |         ^     @ Rule 1, Line 1",1
2326,"Syntax Error: Can't have segments after the end of a word     |     { S, F } > { S:[-voice], F:[-voice] } / _# in suffixes     |                                              ^     @ Rule 1, Line 1",1
2327,"Syntax Error: Cannot have nested brackets of the same type     |     { e, u, a, {ɑ,ʊ} } > { a, i, u, ə }     |                ^     @ Rule 1, Line 1",1
2328,"Syntax Error: Unknown character ’ at '0:0:1'.     |     C’ > C / _$     |      ^     @ Rule 1, Line 1",1
2329,"Syntax Error: Unknown character Š at '0:0:11'.     |     {P:[-voice]Š,P:[-voice]Šʷ} > P:[-voice]Š (     |                ^     @ Rule 1, Line 1",1
2330,"Syntax Error: Unknown character Š at '0:0:10'.     |     P:[-voice]Š ( > P:[-voice]S in %pper Inlet dialect)     |               ^     @ Rule 1, Line 1",1
2331,"Syntax Error: Cannot have nested brackets of the same type     |     { e, a, u, {ə,ʊ} } > { a, u, i, ə }     |                ^     @ Rule 1, Line 1",1
2332,"Syntax Error: Cannot have nested brackets of the same type     |     {ʃʷ,x {z,ʒʷ,ɣ} > s j     |           ^     @ Rule 1, Line 1",1
2333,"Syntax Error: Unknown character Š at '0:0:64'.     |     { P:[-voice]S, [+ cons, - fr, + bk, + hi, - lo] } > { P:[-voice]Š, P:[-voice]S } / _:[+front]     |                                                                     ^     @ Rule 1, Line 1",1
2334,"Syntax Error: Unknown character Š at '0:0:89'.     |     { P:[-voice]S, [+ cons, - fr, + bk, + hi, - lo] } > { P:[-voice]:[+laryngeal], P:[-voice]Š }     |                                                                                              ^     @ Rule 1, Line 1",1
2335,"Syntax Error: Unknown character Š at '0:0:10'.     |     P:[-voice]Š P:[-voice]Šʷ:[+click] > P:[-voice]S P:[-voice]Ṣ [+ cons, - fr, + bk, + hi, - lo]     |               ^     @ Rule 1, Line 1",1
2336,"Syntax Error: Expected end of line, received ':'. Did you forget a '/' between the output and environment?     |     {n,ɲ} > ⁿd͡ʒ / _:[+front]:[-nas]     |                     ^     @ Rule 1, Line 1",1
2337,"Syntax Error: Expected ',', but received 'a'     |     {i,e} > {i,ja} (this latter due to the loss of final consonant͡s within the stem)     |                 ^     @ Rule 1, Line 1",1
2338,"Syntax Error: Cannot have nested brackets of the same type     |     { a, u, {ɑ,ə}, ʊ } > { {i,e}, ju, a, o }     |             ^     @ Rule 1, Line 1",1
2339,"Syntax Error: Unknown feature 'lowtone' at 0:8-17. Did you mean contin?      |     Vˀ > V:[+low tone]     |             ^^^^^^^^^     @ Rule 1, Line 1",1
2340,"Syntax Error: Unknown character Š at '0:0:22'.     |     P:[-voice]S P:[-voice]Š P:[-voice]Šʷ [+ cons, - fr, + bk, + hi, - lo, +click] > P:[-voice]:[+laryngeal] P:[-voice]S P:[-voice]Ṣ P:[-voice]Š [+ cons, - fr, + bk, + hi, - lo]     |                           ^     @ Rule 1, Line 1",1
2341,"Syntax Error: Unknown character ( at '0:0:2'.     |     n > (ⁿ)d / $_V:[-nas]     |       ^     @ Rule 1, Line 1",1
2342,"Syntax Error: Cannot have nested brackets of the same type     |     { a, ɑ, ə, ʊ } > { æ, a, {ə,ë}, o }     |                              ^     @ Rule 1, Line 1",1
2343,"Syntax Error: Expected end of line, received ':'. Did you forget a '/' between the output and environment?     |     P:[-voice]S > P:[-voice]:[+laryngeal]     |                             ^     @ Rule 1, Line 1",1
2344,"Syntax Error: Expected '_', but received ''     |     e > a / in prefixes     |                        ^     @ Rule 1, Line 1",1
2345,"Syntax Error: Cannot have nested brackets of the same type     |     { i, e, a, u, {ɑ,ʊ} } > { e, a, ɔ, o, ŭ }     |                   ^     @ Rule 1, Line 1",1
2346,"Syntax Error: Cannot have nested brackets of the same type     |     { P:[-voice]S, {P:[-voice]Š,P:[-voice]Šʷ} } > { P:[-voice]Ł, P:[-voice]S }     |                    ^     @ Rule 1, Line 1",1
2347,"Syntax Error: Expected an IPA character, Primative or Matrix, but received '>'     |     w ( > b?)     |         ^     @ Rule 1, Line 1",1
2348,"Syntax Error: Expected '>', '->' or '=>', but received ')'     |     b?) > m     |       ^     @ Rule 1, Line 1",1
2349,"Syntax Error: Cannot have nested brackets of the same type     |     { {qʷ,xʷ}, qʷʼ, ɢʷ, ɣʷ } > { xʷ, qʷʼ, ɢʷ, w }     |       ^     @ Rule 1, Line 1",1
2350,"Syntax Error: Unknown character ŏ at '0:0:25'.     |     { e, a, ɑ, ʊ } > { a, o, ŏ, ŭ }     |                              ^     @ Rule 1, Line 1",1
2351,"Syntax Error: Unknown character Š at '0:0:45'.     |     [+ cons, - fr, + bk, + hi, - lo] > P:[-voice]Š     |                                                  ^     @ Rule 1, Line 1",1
2352,"Syntax Error: Unknown feature 'lowtone' at 0:3-12. Did you mean contin?      |     V:[+low tone] > V:[-tone]     |        ^^^^^^^^^     @ Rule 1, Line 1",1
2353,"Syntax Error: Unknown character Š at '0:0:10'.     |     P:[-voice]Š P:[-voice]Šʷ [+ cons, - fr, + bk, + hi, - lo, +click] > P:[-voice]S P:[-voice]Ṣ P:[-voice]Š [+ cons, - fr, + bk, + hi, - lo]     |               ^     @ Rule 1, Line 1",1
2354,"Syntax Error: Cannot have nested brackets of the same type     |     { e, a, {ɑ,ʊ} } > { a, o, ŭ }     |             ^     @ Rule 1, Line 1",1
2355,"Syntax Error: Unknown character ́ at '0:0:3'.     |     { ɑ́, ə́, ʊ́ } > { ɑ̄, ə̄, ʊ̄ }     |        ^     @ Rule 1, Line 1",1
2356,"Syntax Error: Cannot have nested brackets of the same type     |     { {e,ə}, ʊ } > { ɑ, u }     |       ^     @ Rule 1, Line 1",1
2357,"Syntax Error: Expected end of line, received ':'. Did you forget a '/' between the output and environment?     |     P:[-voice]S > P:[-voice]:[+laryngeal] (     |                             ^     @ Rule 1, Line 1",1
2358,"Syntax Error: Expected '>', '->' or '=>', but received ':'     |     P:[-voice]:[+laryngeal] ( > P:[-voice]S again in some areas)     |               ^     @ Rule 1, Line 1",1
2359,"Syntax Error: Cannot have nested brackets of the same type     |     { {P:[-voice]Š,P:[-voice]Šʷ}, [+ cons, - fr, + bk, + hi, - lo, +click] } > { P:[-voice]S, P:[-voice]Š:[+click] }     |       ^     @ Rule 1, Line 1",1
2360,"Syntax Error: Unknown character Š at '0:0:23'.     |     P:[-voice] > P:[-voice]Š / :{ _i, _e, _u }: // in:[+approximant]are Sekani     |                            ^     @ Rule 1, Line 1",1
2361,"Runtime Error: An incomplete matrix cannot be inserted     |     [+ cons, - fr, + bk, + hi, - lo] > P:[-voice]S     |                                                  ^     @ Rule 1, Line 1",1
2362,"Syntax Error: Expected end of line, received '('. Did you forget a '/' between the output and environment?     |     m > {m,b} (     |               ^     @ Rule 1, Line 1",1
2363,"Syntax Error: Expected an IPA character, Primative or Matrix, but received '>'     |     {m,b} ( > b seems more common)     |             ^     @ Rule 1, Line 1",1
2364,"Syntax Error: Expected '_', but received ''     |     ɣ > h / in prefixes relating to word derivation     |                                                    ^     @ Rule 1, Line 1",1
2365,"Syntax Error: Expected number, but received ʔ      |     VnC > V:[+nas]C / _#, unless C = ʔ     |                                      ^     @ Rule 1, Line 1",1
2366,"Syntax Error: Expected '_', but received ''     |     { t, n, x } > { d, n, h } / in prefixes relating to word derivation     |                                                                        ^     @ Rule 1, Line 1",1
2367,"Syntax Error: Cannot have nested brackets of the same type     |     { {s,z}(ʔ), {ʃ,ʒ}(ʔ), {ɬ,ɮ}(ʔ) } > { s, ʃ, ɬ } / _#     |       ^     @ Rule 1, Line 1",1
2368,"Syntax Error: Expected end of line, received ':'. Did you forget a '/' between the output and environment?     |     k > t͡ʃ / _:[+front]     |                ^     @ Rule 1, Line 1",1
2369,"Syntax Error: Expected end of line, received '('. Did you forget a '/' between the output and environment?     |     {x,ɣ}ʔ > h(ʔ) / _#     |               ^     @ Rule 1, Line 1",1
2370,"Syntax Error: Expected ',', but received 'n'     |     { Vnʔ, VnC } > { V:[+nas], V:[+nas]C } / _#     |        ^     @ Rule 1, Line 1",1
2371,"Syntax Error: Expected '_', but received '∅'     |     {d,j} > j / ∅ / _#     |                 ^     @ Rule 1, Line 1",1
2372,"Syntax Error: Expected ',', but received 'ʔ'     |     { xʲ, xʔ, j, ɡʔ } > { ih, iʔ, i, iʔ } / _#     |            ^     @ Rule 1, Line 1",1
2373,"Syntax Error: Expected ',', but received 'ʔ'     |     { xʲʔ, jʔ } > { h, ʔ } / _#     |         ^     @ Rule 1, Line 1",1
2374,"Syntax Error: Expected end of line, received ':'. Did you forget a '/' between the output and environment?     |     j > ɣ / _:[+front]     |              ^     @ Rule 1, Line 1",1
2375,"Syntax Error: Expected ',', but received 'n'     |     { Vnʔ, VnC } > { V:[+nas], V:[+nas] } / _#     |        ^     @ Rule 1, Line 1",1
2376,"Syntax Error: Expected ',', but received '('     |     { z(ʔ), ʒ(ʔ), ɮ(ʔ) } > { d͡z, d͡ʒ, d͡ɮ } / _#     |        ^     @ Rule 1, Line 1",1
2377,"Syntax Error: Expected '_', but received ''     |     {ɣ,h} > j / in prefixes related to word derivation     |                                                       ^     @ Rule 1, Line 1",1
2378,"Syntax Error: Expected ',', but received '('     |     { xʲ(ʔ), j(ʔ) } > { h, ʔ } / _#     |         ^     @ Rule 1, Line 1",1
2379,"Syntax Error: Unknown character “ at '0:0:49'.     |     {x,ɣ}ʔ > {ʔ,ɡ} ([+laryngeal]oijer notes a reflex “-g-”)     |                                                      ^     @ Rule 1, Line 1",1
2380,"Syntax Error: Unknown character Š at '0:0:11'.     |     {P:[-voice]Š,P:[-voice]Šʷ} [+ cons, - fr, + bk, + hi, - lo] > P:[-voice]S P:[-voice]Š (with exceptions)     |                ^     @ Rule 1, Line 1",1
2381,"Syntax Error: Cannot have nested brackets of the same type     |     { t͡s, t͡sʰ, t͡sʼ, {s,z} } > { {kʷ,p}, f, wˀ, w }     |                        ^     @ Rule 1, Line 1",1
2382,"Syntax Error: Cannot have nested brackets of the same type     |     { ɑ, ə, ʊ } > { a, {i,e}, u }     |                        ^     @ Rule 1, Line 1",1
2383,"Syntax Error: Cannot have nested brackets of the same type     |     { P:[-voice]S, {P:[-voice]Š,P:[-voice]Šʷ} } > { P:[-voice]:[+laryngeal], P:[-voice]S }     |                    ^     @ Rule 1, Line 1",1
2384,"Syntax Error: Unknown character Š at '0:0:45'.     |     [+ cons, - fr, + bk, + hi, - lo] > P:[-voice]Š (although /xʲ/ stays as such in a few dialect͡s)     |                                                  ^     @ Rule 1, Line 1",1
2385,"Syntax Error: Cannot have nested brackets of the same type     |     { {P:[-voice]Š,P:[-voice]Šʷ}, P:[-voice]S } > { P:[-voice]S, P:[-voice]Sʲ }     |       ^     @ Rule 1, Line 1",1
2386,"Syntax Error: Unknown character Š at '0:0:11'.     |     {P:[-voice]Šʷ,[+ cons, - fr, + bk, + hi, - lo]} > P:[-voice]Š (although /xʲ/ stays as such in a few dialect͡s)     |                ^     @ Rule 1, Line 1",1
2387,"Syntax Error: Unknown character Š at '0:0:45'.     |     [+ cons, - fr, + bk, + hi, - lo] > P:[-voice]Š // _$     |                                                  ^     @ Rule 1, Line 1",1
2388,"Syntax Error: Unknown character Š at '0:0:22'.     |     P:[-voice]S P:[-voice]Š P:[-voice]Šʷ:[+click] > P:[-voice]:[+laryngeal] P:[-voice]S P:[-voice]Ṣ [+ cons, - fr, + bk, + hi, - lo]     |                           ^     @ Rule 1, Line 1",1
2389,"Syntax Error: Unknown character ’ at '0:0:1'.     |     S’ > S / _$     |      ^     @ Rule 1, Line 1",1
2390,"Syntax Error: Expected '_', but received ''     |     ʃ > h / in the 1sg subject prefix     |                                      ^     @ Rule 1, Line 1",1
2391,"Syntax Error: Expected '_', but received ''     |     ɬ > h / in the grammatical classifier     |                                          ^     @ Rule 1, Line 1",1
2392,"Syntax Error: Cannot have nested brackets of the same type     |     { ɑ, ə, ʊ } > { {æ̆,ă}, æ̆, ŏ }     |                     ^     @ Rule 1, Line 1",1
2393,"Syntax Error: Unknown character Š at '0:0:22'.     |     P:[-voice]S P:[-voice]Š P:[-voice]Šᵚ:[+click] > P:[-voice]:[+laryngeal] P:[-voice]S P:[-voice]Ṣ [+ cons, - fr, + bk, + hi, - lo]     |                           ^     @ Rule 1, Line 1",1
2394,"Syntax Error: Unknown feature 'lowtone' at 0:8-17. Did you mean contin?      |     Vˀ > V:[+low tone] (“since then partially neutralized in noun and verb stems, but ‘still clear in verbal prefixes’”)     |             ^^^^^^^^^     @ Rule 1, Line 1",1
2395,"Syntax Error: Cannot have nested brackets of the same type     |     { e, a, {ɑ,ʊ} } > { æ, ɔ, ŭ }     |             ^     @ Rule 1, Line 1",1
2396,"Syntax Error: Unknown feature 'affricate' at 0:2-12. Did you mean stridnt?      |     {[+affricate],F} > ∅ / _$; diphthongs     |       ^^^^^^^^^^     @ Rule 1, Line 1",1
2397,"Syntax Error: Cannot have nested brackets of the same type     |     { {a,ɑ}, e, i, u, ʊ } > { e(a), {i,ea}, ju, {a,ɨ}, o }     |       ^     @ Rule 1, Line 1",1
2398,"Syntax Error: Expected end of line, received '('. Did you forget a '/' between the output and environment?     |     ə > {a,ɨ} (     |               ^     @ Rule 1, Line 1",1
2399,"Syntax Error: Expected an IPA character, Primative or Matrix, but received '>'     |     {a,ɨ} ( > ø in the Northway dialect)     |             ^     @ Rule 1, Line 1",1
2400,"Syntax Error: Unknown feature 'lowtone' at 0:8-17. Did you mean contin?      |     Vˀ > V:[+low tone] (     |             ^^^^^^^^^     @ Rule 1, Line 1",1
2401,"Syntax Error: Unknown feature 'lowtone' at 0:3-12. Did you mean contin?      |     V:[+low tone] ( > V:[-tone] in “young speakers by 1980”)     |        ^^^^^^^^^     @ Rule 1, Line 1",1
2402,"Syntax Error: Unknown character Š at '0:0:10'.     |     P:[-voice]Š > P:[-voice]S     |               ^     @ Rule 1, Line 1",1
2403,"Syntax Error: Unknown character Š at '0:0:45'.     |     [+ cons, - fr, + bk, + hi, - lo] > P:[-voice]Š (although /xʲ/ remained as such in a few dialect͡s)     |                                                  ^     @ Rule 1, Line 1",1
2404,"Runtime Error: Two matched sets must have the same number of elements     |     {ɑ,ə,ʊ} > {a,o}     |     ^^^^^^^   ^^^^^     @ Rule 1, Line 1",1
2405,"Syntax Error: Unknown feature 'affricate' at 0:1-11. Did you mean stridnt?      |     [+affricate] > F (some slight PO:[+affricate] changes; alveolars become dentals, for instance)     |      ^^^^^^^^^^     @ Rule 1, Line 1",1
2406,"Syntax Error: Cannot have nested brackets of the same type     |     { kʲ, kʲʼ, ɡʲ, xʲ } > { t͡s, t͡sʼ, d͡z, {s,ʃ} }     |                                             ^     @ Rule 1, Line 1",1
2407,"Syntax Error: Expected '[', but received 'ɬ'     |     s > s : ɬ     |             ^     @ Rule 1, Line 1",1
2408,"Syntax Error: Expected '[', but received 't͡ɬ'     |     t͡s > t͡s : t͡ɬ     |                 ^^^     @ Rule 1, Line 1",1
2409,"Syntax Error: Expected end of line, received ':'. Did you forget a '/' between the output and environment?     |     t͡sʼ > {sʼ,t͡sʼ} : {ɬ,t͡ɬʼ}     |                      ^     @ Rule 1, Line 1",1
2410,"Syntax Error: Expected end of line, received ':'. Did you forget a '/' between the output and environment?     |     ʃ > {ʃ,s} : ɬ     |               ^     @ Rule 1, Line 1",1
2411,"Syntax Error: Expected end of line, received ':'. Did you forget a '/' between the output and environment?     |     t͡ʃ > {t͡ʃ,t͡s} : t͡ɬ     |                     ^     @ Rule 1, Line 1",1
2412,"Syntax Error: Expected end of line, received ':'. Did you forget a '/' between the output and environment?     |     t͡ʃʼ > {sʼ,t͡ʃʼ} : t͡ɬʼ     |                      ^     @ Rule 1, Line 1",1
2413,"Syntax Error: Cannot have nested brackets of the same type     |     { kʲ, kʲʼ } > { {k,ʃ}, kʼ }     |                     ^     @ Rule 1, Line 1",1
2414,"Syntax Error: Cannot have nested brackets of the same type     |     { qʼ, qʷʼ } > { χʷʼ, {χʼ,qʷʼ} }     |                          ^     @ Rule 1, Line 1",1
2415,"Syntax Error: Unknown character ũ at '0:0:5'.     |     { u, ũ } > { i, ı̃ } / #S:[-labial]_     |          ^     @ Rule 1, Line 1",1
2416,"Syntax Error: Unknown character ũ at '0:0:15'.     |     { ʋ̃, ɪ̃ } > { ũ, ı̃ } / #N:[-labial]_     |                    ^     @ Rule 1, Line 1",1
2417,"Syntax Error: Unknown character ı at '0:0:5'.     |     { i, ı̃, V:[-round] } > { uɪ, uɪ̃, V:[+round] } / Cʷ_     |          ^     @ Rule 1, Line 1",1
2418,"Syntax Error: Unknown character ı at '0:0:17'.     |     { ɪ, ɪ̃ } > { i, ı̃ } / #(C)V:[-high]C_     |                      ^     @ Rule 1, Line 1",1
2419,"Syntax Error: Unknown feature 'voiced' at 0:8-15. Did you mean voice?      |     O:[+nas -voiced] > O:[-nas] / #(C)VC_     |             ^^^^^^^     @ Rule 1, Line 1",1
2420,"Syntax Error: Unknown feature 'lenis' at 0:5-11. Did you mean tens?      |     { S:[+lenis], N:[+lenis] } > { S:[-lenis], N:[-lenis] } / in C position     |          ^^^^^^     @ Rule 1, Line 1",1
2421,"Syntax Error: Unknown feature 'lenis' at 0:5-11. Did you mean tens?      |     { N:[+lenis], N:[-lenis] } > { N:[-lenis], ⁿS } / in C position     |          ^^^^^^     @ Rule 1, Line 1",1
2422,"Syntax Error: Expected '_', but received ''     |     d > d / in C position     |                          ^     @ Rule 1, Line 1",1
2423,"Syntax Error: Unknown feature 'affricate' at 0:14-24. Did you mean stridnt?      |     i u VS > j w:[+affricate] / _V:[+high +:[+affricate]P:[-voice]S]     |                   ^^^^^^^^^^     @ Rule 1, Line 1",1
2424,"Syntax Error: Expected end of line, received 'ʰ'. Did you forget a '/' between the output and environment?     |     S > Sʰ     |          ^     @ Rule 1, Line 1",1
2425,"Syntax Error: Unknown feature 'affricate' at 0:7-17. Did you mean stridnt?      |     Sʰ > :[+affricate]ʰ     |            ^^^^^^^^^^     @ Rule 1, Line 1",1
2426,"Syntax Error: Expected ASCII character, but received ':' at 0:0:13.     |     { V:[+high, +:[+affricate]P:[-voice]S] } > { V:[+high, -:[+affricate]P:[-voice]S] }     |                  ^     @ Rule 1, Line 1",1
2427,"Syntax Error: Unknown feature 'samePO' at 0:8-16. Did you mean spread?      |     NC > N:[+same PO:[+affricate]]C / #_ (     |             ^^^^^^^^     @ Rule 1, Line 1",1
2428,"Syntax Error: Expected end of line, received '('. Did you forget a '/' between the output and environment?     |     t d l > {ʈ,tʲ} {ɖ,dʲ} {ɭ,lʲ,ʎ} (P:[-voice]he paper is a bit unclear as to which is meant, as the transcription and the textual aspect͡s of the paper seem to disagree here)     |                                    ^     @ Rule 1, Line 1",1
2429,"Runtime Error: A Set in output must have a matching Set in input     |     d > {d,l}     |         ^^^^^     @ Rule 1, Line 1",1
2430,"Syntax Error: Expected an IPA character, Primative or Matrix, but received '∅'     |     ɡ > {∅,ɡ}     |          ^     @ Rule 1, Line 1",1
2431,"Syntax Error: Expected an IPA character, Primative or Matrix, but received ''     |     ∅ > ɡ / #n_V (     |                   ^     @ Rule 1, Line 1",1
2432,"Syntax Error: Cannot have nested brackets of the same type     |     { {p,t,t͡ʃ,k}, {mp,nt,ɲt͡ʃ,nk}, {(m)b,(n)d,(ɲ)d͡ʒ,(n)ɡ}, {m,n} } > { s, t͡sʰ, t͡s, ɲ } / _iV     |       ^     @ Rule 1, Line 1",1
2433,"Syntax Error: Cannot have nested brackets of the same type     |     { {t͡ʃ,k}, {nt͡ʃ,nk,r}, {ɲd͡ʒ,nɡ}, mp, mb, p, b, {d,l}, m, n } > { s, t͡sʰ, t͡s, t͡ʃʰʷ, t͡ʃʷ, ʃʷ, d͡ʒʷ, d͡ʒ, ŋʷ, ɲ } / :{ _ɪV, _eV }:     |       ^     @ Rule 1, Line 1",1
2434,"Syntax Error: Cannot have nested brackets of the same type     |     { {p,t,t͡ʃ,k}, {mp,nt,ɲt͡ʃ,nk}, {(m)b,(n)d,(ɲ)d͡ʒ,(n)ɡ}, {m,n,ɲ} } > { sʷ, t͡sʰw, t͡sʷ, ɲʷ } / _iV     |       ^     @ Rule 1, Line 1",1
2435,"Syntax Error: Expected ',', but received 'p'     |     { mp, mb, p, b, m } > { t͡ʃʰʷ, t͡ʃʷ, ʃʷ, d͡ʒʷ, ŋʷ } / :{ _ʊV, _oV }:     |        ^     @ Rule 1, Line 1",1
2436,"Syntax Error: Cannot have nested brackets of the same type     |     { {t͡ʃ,k}, {ɲt͡ʃ,nk}, {nd͡ʒ,nɡ} } > { s, t͡sʰ, t͡s } / :{ _i, _ɪ, _e }:     |       ^     @ Rule 1, Line 1",1
2437,"Syntax Error: Expected ',', but received 'k'     |     { nk, k } > { kʰ, h } / _u     |        ^     @ Rule 1, Line 1",1
2438,"Syntax Error: Expected ',', but received 'p'     |     { mp, nt, ɲt͡ʃ, nk, mp, nd, ɲd͡ʒ, nɡ } > { pʰ, tʰ, t͡ɬʰ, qʰ, p, t, t͡ɬ, k }     |        ^     @ Rule 1, Line 1",1
2439,"Syntax Error: Expected ',', but received 't'     |     { ntç, tç } > { (n̪)t̪ʰ, t̪ }     |        ^     @ Rule 1, Line 1",1
2440,"Syntax Error: Expected ',', but received 'd'     |     {ndʲ,nz} > n̪d̪     |       ^     @ Rule 1, Line 1",1
2441,"Syntax Error: Expected ',', but received 'd'     |     {ndʲ,nz} ɲz > n̪d̪ n̪ ð     |       ^     @ Rule 1, Line 1",1
2442,"Syntax Error: Cannot have nested brackets of the same type     |     { {ndʲ,nz}, z } > { n̪d̪, ð }     |       ^     @ Rule 1, Line 1",1
2443,"Syntax Error: Unknown character ’ at '0:0:0'.     |     ’p > f / in C position     |     ^     @ Rule 1, Line 1",1
2444,"Syntax Error: Unknown character ’ at '0:0:0'.     |     ’t > l / in C position     |     ^     @ Rule 1, Line 1",1
2445,"Syntax Error: Unknown character ’ at '0:0:0'.     |     ’d/d > ɟ / in C position     |     ^     @ Rule 1, Line 1",1
2446,"Syntax Error: Expected '_', but received ''     |     c > s / in C position     |                          ^     @ Rule 1, Line 1",1
2447,"Syntax Error: Unknown character ’ at '0:0:1'.     |     {’ɟ} > ∅ / in C position     |      ^     @ Rule 1, Line 1",1
2448,"Syntax Error: Unknown character ’ at '0:0:0'.     |     ’k > {w,∅} / in C position     |     ^     @ Rule 1, Line 1",1
2449,"Syntax Error: Expected '_', but received ''     |     ɡ > {k,w} / in C position     |                              ^     @ Rule 1, Line 1",1
2450,"Syntax Error: Unknown feature 'lenis' at 0:3-9. Did you mean tens?      |     N:[+lenis] > N:[-lenis] / in C position     |        ^^^^^^     @ Rule 1, Line 1",1
2451,"Syntax Error: Expected '_', but received ''     |     p > b / in C position     |                          ^     @ Rule 1, Line 1",1
2452,"Syntax Error: Expected '_', but received ''     |     t > d / in C position     |                          ^     @ Rule 1, Line 1",1
2453,"Syntax Error: Unknown character ’ at '0:0:1'.     |     {’d,d} > {l,∅} / in C position     |      ^     @ Rule 1, Line 1",1
2454,"Syntax Error: Expected '_', but received ''     |     c > ɟ / in C position     |                          ^     @ Rule 1, Line 1",1
2455,"Syntax Error: Expected '_', but received ''     |     k > ɡ / in C position     |                          ^     @ Rule 1, Line 1",1
2456,"Syntax Error: Unknown character ’ at '0:0:0'.     |     ’k > ∅ / in C position     |     ^     @ Rule 1, Line 1",1
2457,"Syntax Error: Unknown character ’ at '0:0:2'.     |     { ’m, m, ’n, n, {’ɲ,ɲ}, ŋ } > { m, {ᵐb,m}, n, {ⁿd,n}, ɲ, {ᵑɡ,ŋ} } / in C position     |       ^     @ Rule 1, Line 1",1
2458,"Syntax Error: Cannot have nested brackets of the same type     |     { {u,o}, {ɛ,e,i} } > { w, j } / C_a in noun root͡s     |       ^     @ Rule 1, Line 1",1
2459,"Syntax Error: Cannot have nested brackets of the same type     |     { {u,o}, {ɛ,e,i} } > { w, j } / C_(a) in verb root͡s     |       ^     @ Rule 1, Line 1",1
2460,"Syntax Error: Cannot have nested brackets of the same type     |     { {u,o}, {ɛ,e,i} } > { w, j } / C_$V in noun class prefixes     |       ^     @ Rule 1, Line 1",1
2461,"Syntax Error: Expected end of line, received '('. Did you forget a '/' between the output and environment?     |     f > h (perhaps not in all languages?)     |           ^     @ Rule 1, Line 1",1
2462,"Syntax Error: Unknown character : at '0:0:2'.     |     C > :[+approximant]:[+nas] / #(C)V:[+nas]_     |       ^     @ Rule 1, Line 1",1
2463,"Syntax Error: Unknown character : at '0:0:2'.     |     C > :[+approximant] / #(C)V_     |       ^     @ Rule 1, Line 1",1
2464,"Syntax Error: Malformed Comment: Expected ';;', but received '; ' at 0:0:19     |     ɪ(Cɪ) > e(Ci) / t_; vowel nasalizations are retained either way on each     |                        ^     @ Rule 1, Line 1",1
2465,"Syntax Error: Expected ',', but received 'p'     |     { ɟ, ʄ, j, c, ɠʷ } > { c, ɟ, ʄ, t, ɠ̥p }     |                                          ^     @ Rule 1, Line 1",1
2466,"Syntax Error: Unknown feature 'mid' at 0:6-11. Did you mean man?      |     (N)V:[+mid +nas](l̃) > CV:[-nas]n     |           ^^^^^     @ Rule 1, Line 1",1
2467,"Syntax Error: Expected ':', but received 'l'     |     V:[+nas](ʋ̃,l̃) > V:[-nas](m,n) / #:[+approximant]:[+voice]_     |                 ^     @ Rule 1, Line 1",1
2468,"Syntax Error: Expected ASCII character, but received ':' at 0:0:13.     |     { V:[+high, +:[+affricate]P:[-voice]S](C(V:[+high, -:[+affricate]P:[-voice]S])) } > { #(C)V:[-high, +:[+affricate]P:[-voice]S](CV:[+high, +:[+affricate]P:[-voice]S]) } / #:[+approximant]:[+dorsal -voiced]_     |                  ^     @ Rule 1, Line 1",1
2469,"Syntax Error: Expected '>', '->' or '=>', but received ':'     |     S:[-voice] S:[+voice]:[+approximant] > :[+continuant]:[-voice] O:[-voice] F / #_     |                          ^     @ Rule 1, Line 1",1
2470,"Syntax Error: Unknown character ı at '0:0:5'.     |     h > ɲı̃ / #_ã     |          ^     @ Rule 1, Line 1",1
2471,"Syntax Error: Expected end of line, received 'ʷ'. Did you forget a '/' between the output and environment?     |     C:[+dorsal] > Cʷ / _V:[+round]     |                    ^     @ Rule 1, Line 1",1
2472,"Syntax Error: Cannot have nested brackets of the same type     |     { {p,ʋ̃}, c, k͜p } > { f, s, p } / #_     |       ^     @ Rule 1, Line 1",1
2473,"Syntax Error: Unknown character ’ at '0:0:8'.     |     N > S (I’m not sure what’s going on here in the paper, but here it is presented anyway for your enjoyment)     |             ^     @ Rule 1, Line 1",1
2474,"Syntax Error: Unknown character ı at '0:0:0'.     |     ı̃ > ∅ / #_ã     |     ^     @ Rule 1, Line 1",1
2475,"Syntax Error: Unknown character ẽ at '0:0:17'.     |     { ɛ, ɛ̃ } > { e, ẽ }     |                      ^     @ Rule 1, Line 1",1
2476,"Syntax Error: Cannot have nested brackets of the same type     |     { {o,ɔ}, {ɛ,e} } > { u, i } / _i     |       ^     @ Rule 1, Line 1",1
2477,"Syntax Error: Unknown character : at '0:0:7'.     |     V:[+nas -high] > :[+high] / _i     |            ^     @ Rule 1, Line 1",1
2478,"Syntax Error: Unknown character ã at '0:0:2'.     |     j{ã,ẽ} > ɥ, ɥ̃ / _:[+front]     |       ^     @ Rule 1, Line 1",1
2479,"Syntax Error: Cannot have nested brackets of the same type     |     { {t͡s,tʰ}, {d͡z,dʱ} } > { s, z }     |       ^     @ Rule 1, Line 1",1
2480,"Syntax Error: Cannot have nested brackets of the same type     |     { {t,k}j, {d,ɡ}j } > { t͡ʃ, d͡ʒ }     |       ^     @ Rule 1, Line 1",1
2481,"Syntax Error: Cannot have nested brackets of the same type     |     { oi, ɔi, ɔ̃i, {a,ɛ}i, {ɛ̃,ẽ}i, ei } > { oe, ɔɛ, ɔ̃ɛ̃, ɛɛ, ɛ̃ɛ̃, ee }     |                    ^     @ Rule 1, Line 1",1
2482,"Syntax Error: Unknown character ã at '0:0:0'.     |     ãi > ɛ̃ɛ̃     |     ^     @ Rule 1, Line 1",1
2483,"Syntax Error: Cannot have nested brackets of the same type     |     { {ɛ,e}, {~ɛ,ẽ} } > { ə, ə̃ }     |       ^     @ Rule 1, Line 1",1
2484,"Syntax Error: Expected ',', but received ':'     |     w > ɣ / :{ _a, _:[+front] }:     |                     ^     @ Rule 1, Line 1",1
2485,"Syntax Error: Expected number, but received N      |     V:[+nas] > V:[-nas] / C_ // C = N     |                                     ^     @ Rule 1, Line 1",1
2486,"Syntax Error: Cannot have nested brackets of the same type     |     { {o,ɔ}, ə } > { u, i } / _i     |       ^     @ Rule 1, Line 1",1
2487,"Syntax Error: Cannot have nested brackets of the same type     |     { s, {k,t͡s}, {ɡ,d͡z} } > { ʃ, t͡ʃ, d͡ʒ } / _i     |          ^     @ Rule 1, Line 1",1
2488,"Syntax Error: Cannot have nested brackets of the same type     |     { χ, ʁ } > { ʃ, {ʒ,j} } / :{ _u, _i, _j }:     |                     ^     @ Rule 1, Line 1",1
2489,"Syntax Error: Cannot have nested brackets of the same type     |     { {t,k}, {d,ɡ} } > { t͡s, d͡z } / _i     |       ^     @ Rule 1, Line 1",1
2490,"Syntax Error: Unknown character : at '0:0:2'.     |     V > :[+round] / w_     |       ^     @ Rule 1, Line 1",1
2491,"Syntax Error: Cannot have nested brackets of the same type     |     { {k,t͡s}, {ɡ,d͡z} } > { t͡ʃ, d͡ʒ } / _i     |       ^     @ Rule 1, Line 1",1
2492,"Syntax Error: Unknown character ũ at '0:0:9'.     |     n > ŋ / _ũ     |              ^     @ Rule 1, Line 1",1
2493,"Syntax Error: Expected '_', but received ''     |     aji > i:[+long] / when unstressed     |                                      ^     @ Rule 1, Line 1",1
2494,"Syntax Error: Expected '_', but received ''     |     i{w,j} > ∅ / _a, when unstressed     |                                     ^     @ Rule 1, Line 1",1
2495,"Syntax Error: Expected ',', but received 'b'     |     { ubu, aba } > { u:[+long], a:[+long] }     |        ^     @ Rule 1, Line 1",1
2496,"Syntax Error: Expected '_', but received ''     |     ib > ∅ / _i, when unstressed     |                                 ^     @ Rule 1, Line 1",1
2497,"Syntax Error: Can't have segments after the end of a word     |     V > ∅ / V(C)(C)V(C)(C)_# (with some exceptions)     |                            ^     @ Rule 1, Line 1",1
2498,"Syntax Error: Expected '_', but received ''     |     V > V:[+long] / ?     |                      ^     @ Rule 1, Line 1",1
2499,"Syntax Error: Unknown character ẽ at '0:0:31'.     |     t > ɾ / :{ _uwhen unstressed, _ẽwhen unstressed }:     |                                    ^     @ Rule 1, Line 1",1
2500,"Syntax Error: Expected ',', but received 'ʔ'     |     t > t͡ʃ / _{e,iʔ}     |                    ^     @ Rule 1, Line 1",1
2501,"Syntax Error: Unknown character š at '0:0:25'.     |     t > s // in cluster with š (presumably:[ʃ])     |                              ^     @ Rule 1, Line 1",1
2502,"Syntax Error: The output of a deletion rule must only contain `*` or `∅`     |     ʔ > ∅ (?)     |           ^     @ Rule 1, Line 1",1
2503,"Syntax Error: Expected end of line, received '('. Did you forget a '/' between the output and environment?     |     s > t͡ʃ (in certain cases? Not a lot of data available on this one)     |             ^     @ Rule 1, Line 1",1
2504,"Syntax Error: Unknown character “ at '0:0:11'.     |     l > {lʲ,n} “under obscure conditions”     |                ^     @ Rule 1, Line 1",1
2505,"Syntax Error: Expected an IPA character, Primative or Matrix, but received '…'     |     h > d / _a (…lolwut)     |                 ^     @ Rule 1, Line 1",1
2506,"Syntax Error: Expected an IPA character, Primative or Matrix, but received '…'     |     h > t / (…again, lolwut)     |              ^     @ Rule 1, Line 1",1
2507,"Syntax Error: Unknown character “ at '0:0:7'.     |     j > nʲ “under obscure conditions (PC morphophonemics?)”     |            ^     @ Rule 1, Line 1",1
2508,"Syntax Error: Unknown character ı at '0:0:0'.     |     ı̃ > i     |     ^     @ Rule 1, Line 1",1
2509,"Syntax Error: Expected '_', but received ''     |     e > i / in a few data set͡s where obscure morphological development͡s (in the ultimate or penultimate syllable) have resulted in regressive assimilation of vowel quality     |                                                                                                                                                                              ^     @ Rule 1, Line 1",1
2510,"Syntax Error: Unknown character ẽ at '0:0:0'.     |     ẽ > a / tʲ_     |     ^     @ Rule 1, Line 1",1
2511,"Syntax Error: Unknown character ẽ at '0:0:0'.     |     ẽ > i / h_     |     ^     @ Rule 1, Line 1",1
2512,"Syntax Error: Unknown character ẽ at '0:0:0'.     |     ẽ > i / in %:[+long -stress]     |     ^     @ Rule 1, Line 1",1
2513,"Syntax Error: Unknown character ẽ at '0:0:0'.     |     ẽ > e     |     ^     @ Rule 1, Line 1",1
2514,"Syntax Error: Unknown character “ at '0:0:10'.     |     a > {i,e} “under special conditions”     |               ^     @ Rule 1, Line 1",1
2515,"Syntax Error: Unknown character õ at '0:0:10'.     |     t > tʲ / _õ (…again…lolwut)     |               ^     @ Rule 1, Line 1",1
2516,"Syntax Error: A syllable can only have parameters stress and tone     |     { l, n } > { lʲ, nʲ } / e_ in %:[-long -stress]     |                                      ^^^^^^     @ Rule 1, Line 1",1
2517,"Syntax Error: Unknown character ’ at '0:0:22'.     |     ç > ʔ (? Not sure if I’m reading the phone(me)s right on this one)     |                           ^     @ Rule 1, Line 1",1
2518,"Syntax Error: Expected ',', but received 't'     |     { et, el, en } > { itʲ, elʲ, enʲ }     |        ^     @ Rule 1, Line 1",1
2519,"Syntax Error: Unknown character ı at '0:0:4'.     |     ɛ > ı̃ / S_#     |         ^     @ Rule 1, Line 1",1
2520,"Syntax Error: Expected '_', but received ''     |     ɛ > e / _ʔ#, in monosyllables     |                                  ^     @ Rule 1, Line 1",1
2521,"Syntax Error: Expected end of line, received ':'. Did you forget a '/' between the output and environment?     |     k > t͡ʃ / _:[+front]kʷ     |                ^     @ Rule 1, Line 1",1
2522,"Syntax Error: Unknown character ã at '0:0:17'.     |     kʲ > k / :{ _a, _ã }:     |                      ^     @ Rule 1, Line 1",1
2523,"Syntax Error: Unknown character õ at '0:0:23'.     |     t͡s > t͡ʃ / :{ #_aʔ, #_õʔ }:     |                            ^     @ Rule 1, Line 1",1
2524,"Syntax Error: Unknown character ẽ at '0:0:12'.     |     t͡s > ʃ / #_ẽ     |                 ^     @ Rule 1, Line 1",1
2525,"Syntax Error: Expected '_', but received '/'     |     s > ʃ / if /l/ is present in the same syllable     |                ^     @ Rule 1, Line 1",1
2526,"Syntax Error: Unknown character ı at '0:0:21'.     |     ʃ > s / :{ _ik, _e, _ı̃, _ẽ }:     |                          ^     @ Rule 1, Line 1",1
2527,"Syntax Error: Expected '_', but received ''     |     ʃ > t͡s / _i, in monosyllables     |                                   ^     @ Rule 1, Line 1",1
2528,"Syntax Error: A syllable can only have parameters stress and tone     |     lʲ > l / #_ in %:[-long -stress]     |                       ^^^^^^     @ Rule 1, Line 1",1
2529,"Syntax Error: Unknown character ã at '0:0:10'.     |     nʲ > j / _ã (with some exceptions?)     |               ^     @ Rule 1, Line 1",1
2530,"Syntax Error: Unknown character ã at '0:0:9'.     |     h > ʔ / _ã     |              ^     @ Rule 1, Line 1",1
2531,"Syntax Error: Unknown character ẽ at '0:0:0'.     |     ẽ > ı̃ / :{ t_#, h_# }:     |     ^     @ Rule 1, Line 1",1
2532,"Syntax Error: Unknown character ẽ at '0:0:0'.     |     ẽ > ı̃ / _ʔ#     |     ^     @ Rule 1, Line 1",1
2533,"Syntax Error: Unknown character ẽ at '0:0:0'.     |     ẽ > ı̃ / ʔ_# in one case     |     ^     @ Rule 1, Line 1",1
2534,"Syntax Error: Unknown character “ at '0:0:22'.     |     n > {n,ɲ} (the latter “under obscure conditions”)     |                           ^     @ Rule 1, Line 1",1
2535,"Syntax Error: Expected end of line, received '('. Did you forget a '/' between the output and environment?     |     j > l(V)     |          ^     @ Rule 1, Line 1",1
2536,"Syntax Error: Unknown grouping 'Y'. Known groupings are (C)onsonant, (O)bstruent, (S)onorant, (P)losive, (F)ricative, (L)iquid, (N)asal, (G)lide, and (V)owel     |     { Yt, Ynt, Ys } > { t͡ʃ, d͡ʒ, ʃ }     |       ^     @ Rule 1, Line 1",1
2537,"Syntax Error: Cannot have nested brackets of the same type     |     { {ns,nt}, nkʷ, nʲ, nʷ } > { (n)d, (m)b, r, m }     |       ^     @ Rule 1, Line 1",1
2538,"Syntax Error: Unknown character “ at '0:0:23'.     |     nk > {ɡ,ŋ} (the latter “under obscure conditions”)     |                            ^     @ Rule 1, Line 1",1
2539,"Syntax Error: Cannot have nested brackets of the same type     |     { {in,en}, an } > { a, u }     |       ^     @ Rule 1, Line 1",1
2540,"Syntax Error: Cannot have nested brackets of the same type     |     { {i:[+laryngeal]n,e:[+laryngeal]n,a:[+laryngeal]n}, u:[+laryngeal]n } > { ã, ũ }     |       ^     @ Rule 1, Line 1",1
2541,"Syntax Error: Unknown character š at '0:0:34'.     |     h > ʃ / _C:[-voice] (? both h and š occur before nasals, so it is possible that š has a separate source in Proto Otomanguean)     |                                       ^     @ Rule 1, Line 1",1
2542,"Syntax Error: Can't have segments after the end of a word     |     h > CVʔV / _# (or possibly in just any final syllable?)     |                 ^     @ Rule 1, Line 1",1
2543,"Syntax Error: Expected an IPA character, Primative or Matrix, but received '…'     |     e > i / _(C…)u     |                ^     @ Rule 1, Line 1",1
2544,"Syntax Error: Cannot have multiple underlines in an environment     |     l > ɾ // _$ or o_     |                     ^     @ Rule 1, Line 1",1
2545,"Syntax Error: Expected '_', but received ','     |     o > a / ,i} // o(C…)_ or _(C…){o     |             ^     @ Rule 1, Line 1",1
2546,"Syntax Error: Expected an IPA character, Primative or Matrix, but received '…'     |     o > u / _(C…)i     |                ^     @ Rule 1, Line 1",1
2547,"Syntax Error: Unknown grouping 'M'. Known groupings are (C)onsonant, (O)bstruent, (S)onorant, (P)losive, (F)ricative, (L)iquid, (N)asal, (G)lide, and (V)owel     |     VrV > V:[+long], M     |                      ^     @ Rule 1, Line 1",1
2548,"Syntax Error: Cannot have nested brackets of the same type     |     { t͡ʃʰ, kʰ, qʰ, {x,χ} } > { t͡ʃ, k(ʰ), {kʰ,qʰ,χ}, kʰ }     |                     ^     @ Rule 1, Line 1",1
2549,"Syntax Error: Expected ',', but received '('     |     { k(ʰ), kʼ, q(ʰ), qʼ } > { t͡ʃ(h), t͡ʃʼ, kʰ, kʼ }     |        ^     @ Rule 1, Line 1",1
2550,"Syntax Error: Expected ',', but received '('     |     { k(ʰ), kʼ, q(ʰ), qʼ } > { t͡ʃ(ʰ), t͡ʃʼ, k(ʰ), kʼ }     |        ^     @ Rule 1, Line 1",1
2551,"Syntax Error: The output of a deletion rule must only contain `*` or `∅`     |     χ > ∅ (?)     |           ^     @ Rule 1, Line 1",1
2552,"Syntax Error: Expected end of line, received '('. Did you forget a '/' between the output and environment?     |     i:[+long] ɨ:[+long] u:[+long] > e:[+long] ə:[+long] o:[+long] (this change sometimes did not occur)     |                                                                   ^     @ Rule 1, Line 1",1
2553,"Syntax Error: Expected end of line, received '('. Did you forget a '/' between the output and environment?     |     e:[+long] ə:[+long] > e ə (as a result of ablaut)     |                               ^     @ Rule 1, Line 1",1
2554,"Syntax Error: Expected ':', but received 'c'     |     { t, tʰ, tʼ } > { t͡s, t͡sʰ, t͡sʼ } / #_ (in some words, conditioning factors unclear)     |                                                              ^     @ Rule 1, Line 1",1
2555,"Syntax Error: Unknown character “ at '0:0:46'.     |     ∅ > h / :{ V_, when stressed (only sometimes, “particularly before consonant͡s”), V:[+long]_, when stressed (only sometimes, “particularly before consonant͡s”) }:     |                                                   ^     @ Rule 1, Line 1",1
2556,"Syntax Error: Cannot have nested brackets of the same type     |     { {, ɨ,, ɨ:[+long], }, {, ə,, ə:[+long], } } > { {, i,, i:[+long], }, {, e,, e:[+long], } }     |       ^     @ Rule 1, Line 1",1
2557,"Syntax Error: Expected '_', but received ''     |     Vʔ > V:[+long] / stressed     |                              ^     @ Rule 1, Line 1",1
2558,"Syntax Error: Expected ':', but received 'c'     |     { t, tʰ, tʼ } > { t͡ʃ, t͡ʃʰ, t͡ʃʼ } / #_ (in some words, conditioning factors unclear)     |                                                              ^     @ Rule 1, Line 1",1
2559,"Syntax Error: Unknown character “ at '0:0:6'.     |     ʂ > s “(sometimes remains allophonically in word-initial position before back vowels, but not consistently)”     |           ^     @ Rule 1, Line 1",1
2560,"Syntax Error: Unknown character “ at '0:0:21'.     |     ʈ ʈʰ ʈʼ > ʈʂ ʈʂʰ ʈʂʼ “(ʈʼ remains unchanged in careful speech)”     |                          ^     @ Rule 1, Line 1",1
2561,"Syntax Error: Unknown character “ at '0:0:41'.     |     t͡ʃ t͡ʃʰ t͡ʃʼ > t͡s t͡sʰ t͡sʼ (except in “lexicalized diminutives”, where these go to ʈʂ ʈʂʰ ʈʂʼ)     |                                              ^     @ Rule 1, Line 1",1
2562,"Syntax Error: Malformed Comment: Expected ';;', but received '; ' at 0:0:56     |     { t, tʰ, tʼ } > { t͡s, t͡sʰ, t͡sʼ } / #_ (in some words; conditioning factors unclear)     |                                                             ^     @ Rule 1, Line 1",1
2563,"Syntax Error: Expected '_', but received ''     |     {u,a} > e / _CVC#, ()     |                          ^     @ Rule 1, Line 1",1
2564,"Syntax Error: Expected '_', but received '//'     |     i > e / _CVC#, (, ) // _:[+laryngeal]     |                         ^^     @ Rule 1, Line 1",1
2565,"Syntax Error: Expected ',', but received '('     |     { t͡s(h), t͡ʃh } > { t͡ʃ, s }     |          ^     @ Rule 1, Line 1",1
2566,"Syntax Error: Expected an IPA character, Primative or Matrix, but received 'ʼ'     |     ɸ(ʼ,ʰ) > p     |       ^     @ Rule 1, Line 1",1
2567,"Syntax Error: Expected ',', but received 'h'     |     { ph, th, kh, qh } > { pʰ, tʰ, kʰ, qʰ }     |        ^     @ Rule 1, Line 1",1
2568,"Syntax Error: Cannot have nested brackets of the same type     |     { t͡s, {t͡sh,t͡ʃh} } > { t͡ʃ, t͡ʃʰ }     |            ^     @ Rule 1, Line 1",1
2569,"Syntax Error: Expected ',', but received 'h'     |     { ɸʼ, ɸh } > { pʼ, pʰ }     |            ^     @ Rule 1, Line 1",1
2570,"Syntax Error: Unknown feature 'affricate' at 0:14-24. Did you mean stridnt?      |     ph > p / #_V:[+affricate]     |                   ^^^^^^^^^^     @ Rule 1, Line 1",1
2571,"Syntax Error: Expected ',', but received 'h'     |     { kh, qh } > { kʰ, qʰ }     |        ^     @ Rule 1, Line 1",1
2572,"Syntax Error: Expected ',', but received 'h'     |     { t͡s, t͡sh } > { t͡ʃ, t͡ʃʰ }     |               ^     @ Rule 1, Line 1",1
2573,"Syntax Error: Expected end of line, received ':'. Did you forget a '/' between the output and environment?     |     t͡ʃh > s / _:[+front]     |                 ^     @ Rule 1, Line 1",1
2574,"Syntax Error: Expected ',', but received 'h'     |     {t͡ʃh,t͡ʃʼ} > t͡ʃ     |         ^     @ Rule 1, Line 1",1
2575,"Syntax Error: Expected ',', but received '('     |     { t͡s(h), t͡ʃ } > { t͡ʃ, t͡s }     |          ^     @ Rule 1, Line 1",1
2576,"Syntax Error: Cannot have nested brackets of the same type     |     { aw, aj, {uj,ij} } > { u:[+long], e:[+long], i:[+long] }     |               ^     @ Rule 1, Line 1",1
2577,"Syntax Error: Expected an IPA character, Primative or Matrix, but received 'ʰ'     |     t(ʰ) > d / n_     |       ^     @ Rule 1, Line 1",1
2578,"Syntax Error: Expected ',', but received 'h'     |     {ɸʼ,ɸh} > ɸ     |          ^     @ Rule 1, Line 1",1
2579,"Syntax Error: Expected end of line, received '#'. Did you forget a '/' between the output and environment?     |     χ > h #_     |           ^     @ Rule 1, Line 1",1
2580,"Syntax Error: Expected '_', but received '}'     |     qh > kʰ / _i ,t͡ʃ} // _i{ʃ     |                      ^     @ Rule 1, Line 1",1
2581,"Syntax Error: Unknown feature 'alveolar' at 0:12-21. Did you mean delay?      |     s > ʃ / _C:[+alveolar]     |                 ^^^^^^^^^     @ Rule 1, Line 1",1
2582,"Syntax Error: Expected end of line, received '#'. Did you forget a '/' between the output and environment?     |     χ > kʰ #_     |            ^     @ Rule 1, Line 1",1
2583,"Syntax Error: Options can only be used in Environments or Structures     |     t͡s(h) > t͡ʃ     |        ^^^     @ Rule 1, Line 1",1
2584,"Syntax Error: Cannot have multiple underlines in an environment     |     ʃ > s // i_i or _S     |                     ^     @ Rule 1, Line 1",1
2585,"Syntax Error: Options can only be used in Environments or Structures     |     q(h) > k     |      ^^^     @ Rule 1, Line 1",1
2586,"Syntax Error: Expected ',', but received '3'     |     V3ʔ > { V3, V3:[+long] }ʔ / _#     |              ^     @ Rule 1, Line 1",1
2587,"Syntax Error: The output of a deletion rule must only contain `*` or `∅`     |     ʔ > ∅ V3_SV     |           ^     @ Rule 1, Line 1",1
2588,"Syntax Error: The output of a deletion rule must only contain `*` or `∅`     |     ʔ > ∅ V3S_V     |           ^     @ Rule 1, Line 1",1
2589,"Syntax Error: Expected ',', but received '3'     |     {a3~ə3} > {ə3,a3}     |       ^     @ Rule 1, Line 1",1
2590,"Syntax Error: Expected ',', but received '3'     |     {a3~i3} > i3     |       ^     @ Rule 1, Line 1",1
2591,"Syntax Error: Expected ',', but received '1'     |     {a1~i1} > {a1,ə1}     |       ^     @ Rule 1, Line 1",1
2592,"Syntax Error: Expected ',', but received '3'     |     {i3~ə3} > ə3     |       ^     @ Rule 1, Line 1",1
2593,"Syntax Error: Expected ',', but received '3'     |     {i3~ə1} > {ə1,i1,i3}     |       ^     @ Rule 1, Line 1",1
2594,"Syntax Error: Expected ',', but received '1'     |     {i1~ə1} > i1     |       ^     @ Rule 1, Line 1",1
2595,"Runtime Error: Unknown reference '3' at 1     |     V3h > V3:[+long] / _C     |      ^     @ Rule 1, Line 1",1
2596,"Runtime Error: Unknown reference '3' at 1     |     V3ʔ > V3, V3:[+long] / _#     |      ^     @ Rule 1, Line 1",1
2597,"Runtime Error: Unknown reference '3' at 1     |     V3ʔ > V3:[+long] / _O     |      ^     @ Rule 1, Line 1",1
2598,"Runtime Error: Unknown reference '3' at 9     |     ∅ > V / V3_     |              ^     @ Rule 1, Line 1",1
2599,"Runtime Error: Unknown reference '3' at 1     |     V3ʔS > V3:[+long]S     |      ^     @ Rule 1, Line 1",1
2600,"Syntax Error: Cannot have nested brackets of the same type     |     { u3, {u1,a1}, a3, i1 } > { a3, ə1, ɛ3, {i1,ə1} }     |           ^     @ Rule 1, Line 1",1
2601,"Syntax Error: Expected ',', but received '3'     |     {u3~ə3} > {o3,ə3,a3}     |       ^     @ Rule 1, Line 1",1
2602,"Syntax Error: Expected ',', but received '3'     |     {a3~ə3} > {ɛ3,ə3}     |       ^     @ Rule 1, Line 1",1
2603,"Syntax Error: Expected ',', but received '3'     |     {a3~i3} > ɛ3     |       ^     @ Rule 1, Line 1",1
2604,"Syntax Error: Expected ',', but received '3'     |     {i3~e3} > {ə3,i3}     |       ^     @ Rule 1, Line 1",1
2605,"Syntax Error: Expected ',', but received '3'     |     {i3~ə1} > ə1     |       ^     @ Rule 1, Line 1",1
2606,"Syntax Error: Expected ',', but received '1'     |     {i1~ə1} > ə1     |       ^     @ Rule 1, Line 1",1
2607,"Syntax Error: Options can only be used in Environments or Structures     |     V3ʔ(V) > V3:[+long], V3ʔV     |        ^^^     @ Rule 1, Line 1",1
2608,"Runtime Error: Unknown reference '3' at 1     |     V3ʔS > V3ʔS, V3:[+long]Sʔ / _V     |      ^     @ Rule 1, Line 1",1
2609,"Syntax Error: Cannot have nested brackets of the same type     |     { a3, u3, {a1,u1}, i1 } > { ɛ3, a3, ə1, {i1,ə1} }     |               ^     @ Rule 1, Line 1",1
2610,"Syntax Error: Expected ',', but received '3'     |     {a3~ə3} > ə3     |       ^     @ Rule 1, Line 1",1
2611,"Syntax Error: Expected ',', but received '3'     |     {a3~i3} > a3     |       ^     @ Rule 1, Line 1",1
2612,"Syntax Error: Expected ',', but received '1'     |     {a1~i1} > ə1     |       ^     @ Rule 1, Line 1",1
2613,"Syntax Error: Expected an IPA character, Primative or Matrix, but received ':'     |     V3ʔ > V3{:[+long],ʔ} / _O     |              ^     @ Rule 1, Line 1",1
2614,"Runtime Error: Unknown reference '3' at 1     |     V3ʔV > V3:[+long], V3ʔV     |      ^     @ Rule 1, Line 1",1
2615,"Syntax Error: Expected ',', but received '3'     |     {u3~ə3} > ə3     |       ^     @ Rule 1, Line 1",1
2616,"Syntax Error: Expected ',', but received '3'     |     {a3~i3} > {a3,ɛ3}     |       ^     @ Rule 1, Line 1",1
2617,"Syntax Error: Expected ',', but received '1'     |     {a1~i1} > {ə1,ɛ1}     |       ^     @ Rule 1, Line 1",1
2618,"Syntax Error: Expected end of line, received '('. Did you forget a '/' between the output and environment?     |     xʲ > {s,ʃ} (the latter mainly from borrowings?)     |                ^     @ Rule 1, Line 1",1
2619,"Syntax Error: Options can only be used in Environments or Structures     |     V3ʔ(V) > V3ʔV     |        ^^^     @ Rule 1, Line 1",1
2620,"Runtime Error: Unknown reference '1' at 1     |     u1 > ə1     |      ^     @ Rule 1, Line 1",1
2621,"Syntax Error: Unknown feature 'uvular' at 0:15-22. Did you mean lar?      |     a3 > u3 / {Cʷ:[+uvular],[+ cons, - fr, + bk, + hi, - lo]ʷ,w}     |                    ^^^^^^^     @ Rule 1, Line 1",1
2622,"Syntax Error: Unknown feature 'uvular' at 0:23-30. Did you mean lar?      |     a3 > u3 / :{ _Cu, _Cʷ:[+uvular], _w }:     |                            ^^^^^^^     @ Rule 1, Line 1",1
2623,"Runtime Error: Unknown reference '1' at 1     |     a1 > ə1     |      ^     @ Rule 1, Line 1",1
2624,"Syntax Error: Expected ',', but received '3'     |     {a3~i3} > ə3     |       ^     @ Rule 1, Line 1",1
2625,"Syntax Error: Expected an IPA character, Primative or Matrix, but received ':'     |     V3h > V3{:[+long],ʔ} / _C     |              ^     @ Rule 1, Line 1",1
2626,"Syntax Error: Expected end of line, received '('. Did you forget a '/' between the output and environment?     |     V3ʔ > V3(ʔ) / _O     |             ^     @ Rule 1, Line 1",1
2627,"Syntax Error: Expected '_', but received ''     |     Sʔ > ʔS / V3C     |                  ^     @ Rule 1, Line 1",1
2628,"Runtime Error: Unknown reference '1' at 1     |     i1 > i1, ə1     |      ^     @ Rule 1, Line 1",1
2629,"Syntax Error: Expected ',', but received '3'     |     {u3~ə3} > a3     |       ^     @ Rule 1, Line 1",1
2630,"Syntax Error: Expected ',', but received '1'     |     {a1~i1} > i1     |       ^     @ Rule 1, Line 1",1
2631,"Syntax Error: Expected ',', but received '3'     |     {i3~ə3} > {i1,ə1}     |       ^     @ Rule 1, Line 1",1
2632,"Syntax Error: Expected ',', but received '3'     |     {i3~ə1} > {i3,i1}     |       ^     @ Rule 1, Line 1",1
2633,"Syntax Error: Expected ',', but received '1'     |     {i1~ə1} > {ə1,i1}     |       ^     @ Rule 1, Line 1",1
2634,"Syntax Error: Expected '_', but received '}'     |     s > ʃ / :{ #_xʲ,qʷa}, #_w{i,qʷa}, #_a,qʷa} }:     |                        ^     @ Rule 1, Line 1",1
2635,"Runtime Error: Unknown reference '3' at 9     |     ∅ > V / V3ʔ_     |              ^     @ Rule 1, Line 1",1
2636,"Syntax Error: Expected ',', but received '1'     |     { a1, u3, u1, i1 } > { æ2, o3, o1, i2 }     |        ^     @ Rule 1, Line 1",1
2637,"Runtime Error: Unknown reference '1' at 1     |     ə1 > æ2 / a3C(C)_     |      ^     @ Rule 1, Line 1",1
2638,"Runtime Error: Unknown reference '1' at 1     |     ə1 > æ2 / _C(C)a3     |      ^     @ Rule 1, Line 1",1
2639,"Syntax Error: Expected '_', but received ''     |     ə1 > æ2 / in some other unspecified circumstances     |                                                      ^     @ Rule 1, Line 1",1
2640,"Syntax Error: Expected ',', but received '3'     |     {u3~ə3} > o3     |       ^     @ Rule 1, Line 1",1
2641,"Syntax Error: Expected ',', but received '3'     |     {a3~ə3} > æ3     |       ^     @ Rule 1, Line 1",1
2642,"Syntax Error: Expected ',', but received '3'     |     {a3~i3} > æ3     |       ^     @ Rule 1, Line 1",1
2643,"Syntax Error: Expected ',', but received '1'     |     {a1~i1} > æ2     |       ^     @ Rule 1, Line 1",1
2644,"Syntax Error: Expected '..', but received .'ə' at 0:0:13     |     {i3~e3} > {i3.ə3}     |                  ^     @ Rule 1, Line 1",1
2645,"Syntax Error: Expected ',', but received '3'     |     {i3~ə1} > i3     |       ^     @ Rule 1, Line 1",1
2646,"Syntax Error: Expected ',', but received '1'     |     {i1~ə1} > {i2,ə1}     |       ^     @ Rule 1, Line 1",1
2647,"Syntax Error: Unknown character ’ at '0:0:4'.     |     { p(’), m } > { t͡ʃ(’), ŋ } // _u     |         ^     @ Rule 1, Line 1",1
2648,"Syntax Error: Unknown character ’ at '0:0:3'.     |     t͡ʃ’ > t͡s’     |        ^     @ Rule 1, Line 1",1
2649,"Syntax Error: Expected ',', but received '3'     |     { u3, u1 } > { o3, ə1 }     |        ^     @ Rule 1, Line 1",1
2650,"Syntax Error: Cannot have nested brackets of the same type     |     a3 > o3 / { {C:[+uvular]ʷ, [+ cons, - fr, + bk, + hi, - lo]ʷ },w}_     |                 ^     @ Rule 1, Line 1",1
2651,"Syntax Error: Unknown feature 'uvular' at 0:22-29. Did you mean lar?      |     a3 > o3 / :{ _Cu, _C:[+uvular]ʷ, _w }:     |                           ^^^^^^^     @ Rule 1, Line 1",1
2652,"Runtime Error: Unknown reference '3' at 1     |     a3 > e3     |      ^     @ Rule 1, Line 1",1
2653,"Syntax Error: Expected ',', but received '3'     |     {u3~ə3} > ə1     |       ^     @ Rule 1, Line 1",1
2654,"Syntax Error: Expected ',', but received '3'     |     {i3~e3} > ə3     |       ^     @ Rule 1, Line 1",1
2655,"Syntax Error: Unknown character ’ at '0:0:10'.     |     { t͡s, t͡s’ } > { {θ,s}, θ’ }     |               ^     @ Rule 1, Line 1",1
2656,"Syntax Error: Unknown character ’ at '0:0:3'.     |     t͡ʃ’ > θ’     |        ^     @ Rule 1, Line 1",1
2657,"Runtime Error: Unknown reference '3' at 1     |     V3h > V3, V3:[+long] / _C     |      ^     @ Rule 1, Line 1",1
2658,"Syntax Error: Expected ',', but received '3'     |     { u3, u1 } > { a3, ə1 }     |        ^     @ Rule 1, Line 1",1
2659,"Syntax Error: Unknown feature 'uvular' at 0:120-127. Did you mean lar?      |     a3 > e3 / :{ , [+ cons, - fr, + bk, + hi, - lo]ʷ },w}_ or when_Cu, , [+ cons, - fr, + bk, + hi, - lo]ʷ },w}_ or when_C:[+uvular]ʷ, , [+ cons, - fr, + bk, + hi, - lo]ʷ },w}_ or when_w }: // { {C:[+uvular]ʷ     |                                                                                                                             ^^^^^^^     @ Rule 1, Line 1",1
2660,"Syntax Error: Expected ',', but received '3'     |     {a3~ə3} > {ə3,e3}     |       ^     @ Rule 1, Line 1",1
2661,"Syntax Error: Cannot have nested brackets of the same type     |     a3 > a3 / { {C:[+uvular]ʷ, [+ cons, - fr, + bk, + hi, - lo]ʷ },w}_     |                 ^     @ Rule 1, Line 1",1
2662,"Syntax Error: Unknown feature 'uvular' at 0:22-29. Did you mean lar?      |     a3 > a3 / :{ _Cu, _C:[+uvular]ʷ, _w }:     |                           ^^^^^^^     @ Rule 1, Line 1",1
2663,"Syntax Error: Expected ',', but received '1'     |     {a1~i1} > {ə1,e1}     |       ^     @ Rule 1, Line 1",1
2664,"Syntax Error: Cannot have nested brackets of the same type     |     a3 > a3, o3 / { {C:[+uvular]ʷ, [+ cons, - fr, + bk, + hi, - lo]ʷ },w}_     |                     ^     @ Rule 1, Line 1",1
2665,"Syntax Error: Unknown character ’ at '0:0:10'.     |     { t͡s, t͡s’ } > { s, t͡s’ }     |               ^     @ Rule 1, Line 1",1
2666,"Runtime Error: Unknown reference '1' at 1     |     i1 > ə1     |      ^     @ Rule 1, Line 1",1
2667,"Syntax Error: Expected ',', but received '1'     |     {a1~i1} > {i1,ə1}     |       ^     @ Rule 1, Line 1",1
2668,"Syntax Error: Expected ',', but received '1'     |     {i1~ə1} > {i1,∅}     |       ^     @ Rule 1, Line 1",1
2669,"Runtime Error: Unknown reference '1' at 1     |     i1 > i1, ə1j     |      ^     @ Rule 1, Line 1",1
2670,"Syntax Error: Expected ',', but received '3'     |     {u3~ə3} > u3     |       ^     @ Rule 1, Line 1",1
2671,"Runtime Error: Unknown reference '1' at 1     |     u1 > u1, ə1     |      ^     @ Rule 1, Line 1",1
2672,"Syntax Error: Expected ',', but received '3'     |     {a3~ə3} > {a3,ə3}     |       ^     @ Rule 1, Line 1",1
2673,"Syntax Error: Expected ',', but received '3'     |     {i3~e3} > {i3,ə3}     |       ^     @ Rule 1, Line 1",1
2674,"Syntax Error: Unknown grouping 'I'. Known groupings are (C)onsonant, (O)bstruent, (S)onorant, (P)losive, (F)ricative, (L)iquid, (N)asal, (G)lide, and (V)owel     |     nˀ > aʔ / _# (all other Interior Salishan languages have /eʔ/ in this position)     |                             ^     @ Rule 1, Line 1",1
2675,"Syntax Error: Unknown feature 'glottalized' at 0:3-15. Did you mean contin?      |     N:[-glottalized] > e / _O:[+same PO:[+affricate]] ‘in primary forms’     |        ^^^^^^^^^^^^     @ Rule 1, Line 1",1
2676,"Syntax Error: Malformed Comment: Expected ';;', but received '; ' at 0:0:50     |     n̩ > e / n_ (this is admittedly a bit conjectural; the paper is not being very clear here)     |                                                       ^     @ Rule 1, Line 1",1
2677,"Syntax Error: Unknown feature 'stressed' at 0:35-44. Did you mean stress?      |     { em, emˀ } > { u, uʔ } / w_ in %:[-stressed]     |                                        ^^^^^^^^^     @ Rule 1, Line 1",1
2678,"Syntax Error: Unknown feature 'stressed' at 0:32-41. Did you mean stress?      |     { em, emˀ } > { a, aʔ } / in %:[-stressed] ,m(ˀ)}_ // {p(’)     |                                     ^^^^^^^^^     @ Rule 1, Line 1",1
2679,"Syntax Error: Unknown character ’ at '0:0:33'.     |     { en, enˀ } > { i, iʔ } / :{ t͡s(’)_ in %:[-stressed], s_ in %:[-stressed], j(ˀ)_ in %:[-stressed] }:     |                                      ^     @ Rule 1, Line 1",1
2680,"Syntax Error: Unknown feature 'stressed' at 0:31-40. Did you mean stress?      |     { en, enˀ } > { a, ʔ } / in %:[-stressed] ,lʲ,{n,l}(ˀ)}_ // {t(’)     |                                    ^^^^^^^^^     @ Rule 1, Line 1",1
2681,"Syntax Error: Expected ',', but received 'ʔ'     |     { n, nˀ } > { i, iʔ } / C_s     |                       ^     @ Rule 1, Line 1",1
2682,"Syntax Error: Expected ',', but received 'ʔ'     |     { n, nˀ } > { i, iʔ } / :{ _i(sporadic), _ʃ(sporadic) }:     |                       ^     @ Rule 1, Line 1",1
2683,"Syntax Error: Expected '->', but received -')' at 0:0:2     |     (C-)r- > l-     |       ^     @ Rule 1, Line 1",1
2684,"Syntax Error: Expected '->', but received -')' at 0:0:2     |     s(-)r > ʂ-     |       ^     @ Rule 1, Line 1",1
2685,"Syntax Error: Expected '->', but received -' ' at 0:0:10     |     r > ∅ / C_-     |               ^     @ Rule 1, Line 1",1
2686,"Syntax Error: Expected '->', but received -'P' at 0:0:1     |     r-P:[-voice]- > Ṭ     |      ^     @ Rule 1, Line 1",1
2687,"Syntax Error: Expected '->', but received -')' at 0:0:2     |     (C-)l- > {d,ji}-     |       ^     @ Rule 1, Line 1",1
2688,"Syntax Error: Expected '->', but received -'l' at 0:0:1     |     s-l- > {tʰ,z}-     |      ^     @ Rule 1, Line 1",1
2689,"Syntax Error: Expected '->', but received -' ' at 0:0:10     |     l > ∅ / s_-     |               ^     @ Rule 1, Line 1",1
2690,"Syntax Error: Expected '->', but received -' ' at 0:0:6     |     {m,ŋ}l- > d͡ʑ-     |           ^     @ Rule 1, Line 1",1
2691,"Syntax Error: Expected '->', but received -' ' at 0:0:2     |     Cl- > P:[-voice](ʑ)-     |       ^     @ Rule 1, Line 1",1
2692,"Syntax Error: Expected '->', but received -' ' at 0:0:69     |     [+ cons, - fr, + bk, + hi, - lo]w > [+ cons, - fr, + bk, + hi, - lo]ʷ- / _a-     |                                                                          ^     @ Rule 1, Line 1",1
2693,"Syntax Error: Expected '->', but received -' ' at 0:0:34     |     [+ cons, - fr, + bk, + hi, - lo]wə- > [+ cons, - fr, + bk, + hi, - lo]ʷɨ-     |                                       ^     @ Rule 1, Line 1",1
2694,"Syntax Error: Expected '->', but received -' ' at 0:0:10     |     w > r / P_-     |               ^     @ Rule 1, Line 1",1
2695,"Syntax Error: Expected '->', but received -' ' at 0:0:10     |     r > ∅ / P_-     |               ^     @ Rule 1, Line 1",1
2696,"Syntax Error: Expected ',', but received 'a'     |     xɦ > ∅ / _jʷ{?,ia,a(ta)}     |                     ^     @ Rule 1, Line 1",1
2697,"Syntax Error: Unknown character Ạ at '0:0:8'.     |     Cʲ > C {Ạ,F̣}_     |             ^     @ Rule 1, Line 1",1
2698,"Syntax Error: Unknown character ̣ at '0:0:6'.     |     Cʲ > C̣     |           ^     @ Rule 1, Line 1",1
2699,"Syntax Error: Expected '_', but received '/'     |     V1 > V2 / in syllables with /ɦ/, a nasal, or a liquid     |                                 ^     @ Rule 1, Line 1",1
2700,"Syntax Error: Expected '_', but received '/'     |     V3 > V4 / in syllables with /ɦ/     |                                 ^     @ Rule 1, Line 1",1
2701,"Syntax Error: Expected '_', but received '/'     |     V5 > V2 / in syllables with /ɦ/     |                                 ^     @ Rule 1, Line 1",1
2702,"Syntax Error: Expected '_', but received ''     |     V5 > V4 / in syllables with a nasal or liquid     |                                                  ^     @ Rule 1, Line 1",1
2703,"Runtime Error: Unknown reference '5' at 1     |     V5 > V3     |      ^     @ Rule 1, Line 1",1
2704,"Syntax Error: Expected '>', '->' or '=>', but received 'ʲ'     |     Cʲ > C / :{ f_, v_ }:     |      ^     @ Rule 1, Line 1",1
2705,"Syntax Error: Expected '_', but received 'ʲ'     |     w > o / Cʲ_?w     |              ^     @ Rule 1, Line 1",1
2706,"Syntax Error: Expected '_', but received 'ʷ'     |     i > ∅ / Cʷ_a     |              ^     @ Rule 1, Line 1",1
2707,"Syntax Error: Expected end of line, received 'ʲ'. Did you forget a '/' between the output and environment?     |     C > Cʲ / :{ {[+ cons, - fr, + bk, + hi, - lo],C:[+pharyngeal]}_a, {[+ cons, - fr, + bk, + hi, - lo],C:[+pharyngeal]}_a(ch) }:     |          ^     @ Rule 1, Line 1",1
2708,"Syntax Error: Expected '_', but received '}'     |     o > a / C_w ,C:[+pharyngeal]} // C = {[+ cons, - fr, + bk, + hi, - lo]     |                                 ^     @ Rule 1, Line 1",1
2709,"Syntax Error: Expected end of line, received 'ʲ'. Did you forget a '/' between the output and environment?     |     ŋ > n / n_Cʲa(ta)     |                ^     @ Rule 1, Line 1",1
2710,"Syntax Error: Cannot have nested brackets of the same type     |     { {o,a}, {a(ta),a(ch)} } > { e, a } / _ŋ     |       ^     @ Rule 1, Line 1",1
2711,"Syntax Error: Expected ',', but received '('     |     {a(ta),a(ch)} > o     |       ^     @ Rule 1, Line 1",1
2712,"Syntax Error: Unknown feature 'affricate' at 0:2-12. Did you mean stridnt?      |     {[+affricate]ʲ,Fʲ}[+alveolar] > [+affricate], F / _?ʲ     |       ^^^^^^^^^^     @ Rule 1, Line 1",1
2713,"Syntax Error: Expected end of line, received 'ʲ'. Did you forget a '/' between the output and environment?     |     C > Cʲ / ?ʲ{p,t}_     |          ^     @ Rule 1, Line 1",1
2714,"Syntax Error: Expected '_', but received 'ʲ'     |     o > a / Cʲ_w     |              ^     @ Rule 1, Line 1",1
2715,"Syntax Error: Expected '_', but received '}'     |     ∅ > w / C_o# ,C:[+pharyngeal]} // C = {[+ cons, - fr, + bk, + hi, - lo]     |                                  ^     @ Rule 1, Line 1",1
2716,"Syntax Error: Unknown character ̣ at '0:0:9'.     |     w > ∅ / C̣Cʲ_?w (optional)     |              ^     @ Rule 1, Line 1",1
2717,"Syntax Error: Expected end of line, received 'ʲ'. Did you forget a '/' between the output and environment?     |     ? > a / Cw_Cʲ     |                 ^     @ Rule 1, Line 1",1
2718,"Syntax Error: Expected end of line, received 'ʲ'. Did you forget a '/' between the output and environment?     |     {o,e} > ? / _Cʲ     |                   ^     @ Rule 1, Line 1",1
2719,"Syntax Error: Expected end of line, received 'ʲ'. Did you forget a '/' between the output and environment?     |     wʲ > w / _?Cʲ     |                 ^     @ Rule 1, Line 1",1
2720,"Syntax Error: Unknown character ̣ at '0:0:9'.     |     ∅ > w / C̣_aŋ     |              ^     @ Rule 1, Line 1",1
2721,"Syntax Error: Unknown character ̣ at '0:0:10'.     |     wʲ > w / C̣_oŋ     |               ^     @ Rule 1, Line 1",1
2722,"Syntax Error: Unknown character î at '0:0:9'.     |     j > ∅ / jî_     |              ^     @ Rule 1, Line 1",1
2723,"Syntax Error: Unknown character ̣ at '0:0:9'.     |     j > ∅ / C̣_     |              ^     @ Rule 1, Line 1",1
2724,"Syntax Error: Unknown character î at '0:0:0'.     |     î > e / _C# // C = r     |     ^     @ Rule 1, Line 1",1
2725,"Syntax Error: Unknown character ͡ at '0:0:17'.     |     { k(ʰ), h } > { ɕ͡(ʰ), ɕ } / _j     |                      ^     @ Rule 1, Line 1",1
2726,"Syntax Error: Cannot have nested brackets of the same type     |     { b, d, d͡z, ɡ } > { {p,pʼ}, {t,tʼ}, {t͡s,t͡sʼ}, {k,kʼ} }     |                          ^     @ Rule 1, Line 1",1
2727,"Syntax Error: Expected end of line, received '/'. Did you forget a '/' between the output and environment?     |     ŋ > ∅ / _u / _V     |                ^     @ Rule 1, Line 1",1
2728,"Syntax Error: Unknown character “ at '0:0:25'.     |     z > {s,t͡sʼ} (the former “without exception” “in oblique tone words”)     |                              ^     @ Rule 1, Line 1",1
2729,"Syntax Error: Feature 'i' has no modifier at 0:12-13.     |     ɖʐ > ʈʂ / :[i]n oblique tone syllables     |                 ^     @ Rule 1, Line 1",1
2730,"Syntax Error: Unknown character í at '0:0:15'.     |     ɖʐ > ʈʂʼ / in píng-tone syllables     |                    ^     @ Rule 1, Line 1",1
2731,"Syntax Error: Unknown feature 'affricate' at 0:8-18. Did you mean stridnt?      |     r > ʐ ([+affricate]pparently there was some situation where this went to ∅, and then something happened with the output syllable being:[ɚ])     |             ^^^^^^^^^^     @ Rule 1, Line 1",1
2732,"Syntax Error: Unknown character ɣ at '0:0:53'.     |     ʔ > ∅ / _u (not always? Perhaps some variation with:[ɣ] here?)     |                                                          ^     @ Rule 1, Line 1",1
2733,"Syntax Error: Unknown character ŋ at '0:0:72'.     |     P:[-voice]here seems to ahve been some stuff going on with palatalized:[ŋ] > {ɲ,n} but it seems highly dialectal and I’m not entirely sure just what exactly was going on here     |                                                                             ^     @ Rule 1, Line 1",1
2734,"Syntax Error: Unknown character ( at '0:0:3'.     |     uj > (ɣ)u     |        ^     @ Rule 1, Line 1",1
2735,"Syntax Error: Expected '->', but received -'t' at 0:0:4     |     long-tail vowel thing > i (or:[truncated vowel-thing] “where G:[+laryngeal] strident initial variant͡s occur”)     |         ^     @ Rule 1, Line 1",1
2736,"Syntax Error: Expected '->', but received -'t' at 0:0:5     |     {long-tail vowel thingʔ,əʔ} > ɛʔ     |          ^     @ Rule 1, Line 1",1
2737,"Syntax Error: Feature 'long' has no modifier at 0:6-10.     |     i > :[long-tail vowel thing] / C̣_ (     |           ^^^^     @ Rule 1, Line 1",1
2738,"Syntax Error: Unknown character ̣ at '0:0:27'.     |     { iʔ, iw } > { eʔ, ew } / C̣_ (the latter with variant iɛu?)     |                                ^     @ Rule 1, Line 1",1
2739,"Syntax Error: Expected end of line, received '('. Did you forget a '/' between the output and environment?     |     iʔ > ieʔ (     |              ^     @ Rule 1, Line 1",1
2740,"Syntax Error: Feature 'truncated' has no modifier at 0:18-27.     |     { ieʔ, ( } > { i:[truncated, vowel-thing]ʔ?) }     |                       ^^^^^^^^^     @ Rule 1, Line 1",1
2741,"Syntax Error: Expected end of line, received '('. Did you forget a '/' between the output and environment?     |     uʔ > oʔ (occasionally     |             ^     @ Rule 1, Line 1",1
2742,"Syntax Error: Expected an IPA character, Primative or Matrix, but received '>'     |     oʔ (occasionally > uɛʔ?)     |                      ^     @ Rule 1, Line 1",1
2743,"Syntax Error: Expected end of line, received '('. Did you forget a '/' between the output and environment?     |     uj > u(ɛ)i / m_     |           ^     @ Rule 1, Line 1",1
2744,"Syntax Error: Unknown feature 'guttural' at 0:21-30. Did you mean lateral?      |     uj > uɛi / :{ P_, C:[+guttural]_, ∅_ }:     |                          ^^^^^^^^^     @ Rule 1, Line 1",1
2745,"Syntax Error: Unknown feature 'dental' at 0:16-23. Did you mean ldental?      |     uj > ui / :{ C:[+dental]_, C:[+strident]_ }:     |                     ^^^^^^^     @ Rule 1, Line 1",1
2746,"Syntax Error: Expected end of line, received '('. Did you forget a '/' between the output and environment?     |     ujʔ > uɛʔ (dialectally     |               ^     @ Rule 1, Line 1",1
2747,"Syntax Error: Expected an IPA character, Primative or Matrix, but received '>'     |     uɛʔ (dialectally > uɔʔ?)     |                      ^     @ Rule 1, Line 1",1
2748,"Syntax Error: Unknown feature 'dental' at 0:35-42. Did you mean ldental?      |     un > uɛn / ,C:[+strident]}_ // {C:[+dental]     |                                        ^^^^^^^     @ Rule 1, Line 1",1
2749,"Syntax Error: Expected end of line, received '('. Did you forget a '/' between the output and environment?     |     uŋ > oŋ (in one source?)     |             ^     @ Rule 1, Line 1",1
2750,"Syntax Error: Expected ',', but received '∅'     |     juŋ > iuŋ / :{ _∅, _x, _ʋ, _ʔ }:     |                     ^     @ Rule 1, Line 1",1
2751,"Syntax Error: Expected ASCII character, but received 'í' at 0:0:18.     |     juŋ > iuŋ / _ɡ:[+píng tone]     |                       ^     @ Rule 1, Line 1",1
2752,"Syntax Error: Expected end of line, received '('. Did you forget a '/' between the output and environment?     |     juŋ > uŋ (     |              ^     @ Rule 1, Line 1",1
2753,"Syntax Error: Expected ',', but received 'ŋ'     |     { uŋ, ( } > { oŋ, dialectally?) }     |        ^     @ Rule 1, Line 1",1
2754,"Syntax Error: Expected ',', but received 'u'     |     { jujŋ, ujŋ } > { iuŋ, uŋ }     |        ^     @ Rule 1, Line 1",1
2755,"Syntax Error: Unknown character ̣ at '0:0:11'.     |     y > ɥ ( / C̣_     |                ^     @ Rule 1, Line 1",1
2756,"Syntax Error: Unknown character ̣ at '0:0:37'.     |     { ɥ, ( } > { y~u, dialectally?) } / C̣_     |                                          ^     @ Rule 1, Line 1",1
2757,"Syntax Error: Unknown character “ at '0:0:20'.     |     yʔ > yɛʔ / :{ l_ in “:[+click]YS -juət-type” finals, dialectally?, C:[+dental +strident]_ in “:[+click]YS -juət-type” finals, dialectally? }:     |                         ^     @ Rule 1, Line 1",1
2758,"Syntax Error: Unknown character “ at '0:0:32'.     |     yʔ > oʔ (eventually / :{ l_, in “:[+click]YS -k-types”, C:[+dental +strident]_, in “:[+click]YS -k-types” }:     |                                     ^     @ Rule 1, Line 1",1
2759,"Syntax Error: Cannot have nested brackets of the same type     |     oʔ (eventually > {ʊʔ,(i)uʔ?) / :{ l_, in “:[+click]YS -k-types”, C:[+dental +strident]_, in “:[+click]YS -k-types” }:     |                          ^     @ Rule 1, Line 1",1
2760,"Syntax Error: Unknown feature 'guttural' at 0:23-32. Did you mean lateral?      |     yʔ > yʔ(~yɛʔ?) / {∅,C:[+guttural]}, in -juət-types     |                            ^^^^^^^^^     @ Rule 1, Line 1",1
2761,"Syntax Error: Expected '->', but received -'k' at 0:0:23     |     yʔ > ioʔ ( / :{ ∅_, in -k-types, C:[+guttural]_, in -k-types }:     |                            ^     @ Rule 1, Line 1",1
2762,"Syntax Error: Expected '->', but received -'k' at 0:0:48     |     { ioʔ, ( } > { iʊʔ, dialectally?) } / :{ ∅_, in -k-types, C:[+guttural]_, in -k-types }:     |                                                     ^     @ Rule 1, Line 1",1
2763,"Syntax Error: Unknown character ̣ at '0:0:19'.     |     yʔ > ɥʔ, yʔ, uʔ / C̣, in -juət-types     |                        ^     @ Rule 1, Line 1",1
2764,"Syntax Error: Unknown character ̣ at '0:0:13'.     |     yʔ > oʔ ( / C̣_, in -k-types     |                  ^     @ Rule 1, Line 1",1
2765,"Syntax Error: Unknown character ̣ at '0:0:15'.     |     oʔ ( > ʊʔ?) / C̣_, in -k-types     |                    ^     @ Rule 1, Line 1",1
2766,"Syntax Error: Unknown character ̣ at '0:0:11'.     |     yn > un / C̣_ (may have stayed yn or → ɥn in at least one area?)     |                ^     @ Rule 1, Line 1",1
2767,"Syntax Error: Unknown character ̣ at '0:0:37'.     |     { je, jeʔ, yeʔ } > { ɛ, ɛʔ, uɛʔ } / C̣_     |                                          ^     @ Rule 1, Line 1",1
2768,"Syntax Error: Expected ',', but received 'e'     |     { je, jeʔ } > { iɛ, iɛʔ }     |        ^     @ Rule 1, Line 1",1
2769,"Syntax Error: Expected end of line, received '('. Did you forget a '/' between the output and environment?     |     yeʔ > yɛʔ (     |               ^     @ Rule 1, Line 1",1
2770,"Syntax Error: Expected an IPA character, Primative or Matrix, but received '>'     |     yɛʔ ( > {uɔʔ,yɔʔ} in southern speech?)     |           ^     @ Rule 1, Line 1",1
2771,"Syntax Error: Expected ',', but received 'e'     |     { ye, jej } > { yɛ, i }     |        ^     @ Rule 1, Line 1",1
2772,"Syntax Error: Unknown character ̣ at '0:0:12'.     |     jew > au / C̣(C?)_     |                 ^     @ Rule 1, Line 1",1
2773,"Syntax Error: Expected ',', but received 'e'     |     {jem,jen} > iɛn // ʐ_) (only in one variety?)     |       ^     @ Rule 1, Line 1",1
2774,"Syntax Error: Unknown character ̣ at '0:0:13'.     |     yen > uɛn / C̣_     |                  ^     @ Rule 1, Line 1",1
2775,"Syntax Error: Malformed Comment: Expected ';;', but received '; ' at 0:0:27     |     ɔ > a / in two cases cited; extremely rare change     |                                ^     @ Rule 1, Line 1",1
2776,"Syntax Error: Expected end of line, received '('. Did you forget a '/' between the output and environment?     |     wɔ > ɔ (occasionally     |            ^     @ Rule 1, Line 1",1
2777,"Syntax Error: Expected an IPA character, Primative or Matrix, but received '>'     |     ɔ (occasionally > uɔ after a guttural?)     |                     ^     @ Rule 1, Line 1",1
2778,"Syntax Error: Unknown feature 'guttural' at 0:15-24. Did you mean lateral?      |     wɔʔ > uɔʔ / C:[+guttural]_     |                    ^^^^^^^^^     @ Rule 1, Line 1",1
2779,"Syntax Error: Malformed Comment: Expected ';;', but received '; ' at 0:0:8     |     ɔn > an; “:[t]his final occurs exclusively after SS gutturals”     |             ^     @ Rule 1, Line 1",1
2780,"Syntax Error: Expected ',', but received 'ɔ'     |     { wɔn, ja, wa } > { uɔn, ia, ua }     |        ^     @ Rule 1, Line 1",1
2781,"Syntax Error: Unknown feature 'guttural' at 0:13-22. Did you mean lateral?      |     aʔ > ɔʔ / C:[+guttural]_     |                  ^^^^^^^^^     @ Rule 1, Line 1",1
2782,"Syntax Error: Expected ',', but received 'j'     |     { aj, jaj, waj, aw, jaw } > { ai, iai, uai, au, iau }     |        ^     @ Rule 1, Line 1",1
2783,"Syntax Error: Unknown character “ at '0:0:10'.     |     awʔ > ɔʔ (“P:[-voice]rigault gives a variant in -ɛʔ, which becomes general in the later G:[+laryngeal] varieties”)     |               ^     @ Rule 1, Line 1",1
2784,"Syntax Error: Unknown character ̣ at '0:0:20'.     |     {jawʔ,wawʔ} > ɔʔ / C̣_     |                         ^     @ Rule 1, Line 1",1
2785,"Syntax Error: Expected ',', but received 'a'     |     { jawʔ, wawʔ } > { iɔʔ, uɔʔ }     |        ^     @ Rule 1, Line 1",1
2786,"Syntax Error: Expected ',', but received 'a'     |     {jam,jan} > iɛn     |       ^     @ Rule 1, Line 1",1
2787,"Syntax Error: Unknown character ̣ at '0:0:29'.     |     { aŋ, jaŋ } > { uaŋ, aŋ } / C̣_     |                                  ^     @ Rule 1, Line 1",1
2788,"Syntax Error: Cannot have nested brackets of the same type     |     { əjʔ, əw, {əm,ən} } > { eʔ, ɛu, ɛn }     |                ^     @ Rule 1, Line 1",1
2789,"Syntax Error: Expected end of line, received '('. Did you forget a '/' between the output and environment?     |     əjŋ > ɛn (varies with ɛn?)     |              ^     @ Rule 1, Line 1",1
2790,"Syntax Error: Expected ',', but received 'N'     |     { a, u, i, iN } > { e, y, ɯ, i } / P:[-voice]_%     |                 ^     @ Rule 1, Line 1",1
2791,"Syntax Error: Cannot have nested brackets of the same type     |     { a, aS } > { ɑ, {ɑ,u} }     |                      ^     @ Rule 1, Line 1",1
2792,"Syntax Error: Unknown feature 'affricate' at 0:80-90. Did you mean stridnt?      |     {Np,mb} > b / _V (the paper implies similar development͡s occurred at other PO:[+affricate]s)     |                                                                                     ^^^^^^^^^^     @ Rule 1, Line 1",1
2793,"Syntax Error: Cannot have nested brackets of the same type     |     { {r,s}p(ʰ), {r,s}{Np,(m)b} } > { f, v } / _V (the paper implies similar development͡s occurred at other PO:[+affricate]s)     |       ^     @ Rule 1, Line 1",1
2794,"Syntax Error: Cannot have nested brackets of the same type     |     { {r,s}k, {r,s}Nk } > { f, w } / _V     |       ^     @ Rule 1, Line 1",1
2795,"Syntax Error: Cannot have nested brackets of the same type     |     { S{b,ɡ}, Sk } > { v, h } / _V     |        ^     @ Rule 1, Line 1",1
2796,"Syntax Error: Cannot have nested brackets of the same type     |     { {r,s}l, {r,s}n } > { l̥, N̥ } / %_V     |       ^     @ Rule 1, Line 1",1
2797,"Syntax Error: Unknown character Ṽ at '0:0:7'.     |     N̥V > hṼ     |            ^     @ Rule 1, Line 1",1
2798,"Syntax Error: Cannot have nested brackets of the same type     |     { {iN,u}, i } > { i, ɯ } / P:[-voice]_     |       ^     @ Rule 1, Line 1",1
2799,"Syntax Error: Expected ',', but received 'p'     |     {Np,mb} > b / _V     |       ^     @ Rule 1, Line 1",1
2800,"Syntax Error: Unknown feature 'affricate' at 0:113-123. Did you mean stridnt?      |     {r,s}pʰ {r,s}{(N)p,(m)b} > pʰ p b / _V (the paper implies similar development͡s occurred with stops at other PO:[+affricate]s)     |                                                                                                                      ^^^^^^^^^^     @ Rule 1, Line 1",1
2801,"Syntax Error: Cannot have nested brackets of the same type     |     { {r,s}k, {r,s}Nk } > { k, ʁ } / _V     |       ^     @ Rule 1, Line 1",1
2802,"Syntax Error: Unknown character ɚ at '0:0:15'.     |     a iN {i,u} > e ɚɯ / P:[-voice]_%     |                    ^     @ Rule 1, Line 1",1
2803,"Syntax Error: Cannot have nested brackets of the same type     |     { a, aS } > { ɑ, {ɑ,o} } / _%     |                      ^     @ Rule 1, Line 1",1
2804,"Syntax Error: Unknown character ɚ at '0:0:5'.     |     iN > ɚ / {P,C}r_%     |          ^     @ Rule 1, Line 1",1
2805,"Syntax Error: Unknown character ɚ at '0:0:4'.     |     u > ɚ / Pr_%     |         ^     @ Rule 1, Line 1",1
2806,"Syntax Error: Cannot have nested brackets of the same type     |     { {r,s}pʰ, {r,s}(N)p, {r,s}b, {r,s}mb } > { pʰ, p, b, mb } / _V (the paper implies similar development͡s occurred with stops at other PO:[+affricate]s)     |       ^     @ Rule 1, Line 1",1
2807,"Syntax Error: Options can only be used in Environments or Structures     |     {r,s}(N)k > k / _V     |          ^^^     @ Rule 1, Line 1",1
2808,"Syntax Error: Expected ',', but received 'b'     |     { Sb, Sk, Sɡ } > { b, ?, ɡ } / _V     |        ^     @ Rule 1, Line 1",1
2809,"Syntax Error: Expected end of line, received '̥'. Did you forget a '/' between the output and environment?     |     {r,s}N > N̥     |               ^     @ Rule 1, Line 1",1
2810,"Syntax Error: Unknown character Ṽ at '0:0:6'.     |     N̥ > hṼ     |           ^     @ Rule 1, Line 1",1
2811,"Syntax Error: Unknown character Ṽ at '0:0:1'.     |     hṼ > hV     |      ^     @ Rule 1, Line 1",1
2812,"Syntax Error: Cannot have nested brackets of the same type     |     { p, b, çp, çb, sP, rP, Np, Nb, pr, {br,pʲ}, bʲ } > { pʰ, p, ʝb, çp, sp, rpʰ, mpʰ, mb, br, pʰj, pʲ }     |                                         ^     @ Rule 1, Line 1",1
2813,"Syntax Error: Expected ',', but received 't'     |     { t, d, Nt, Nd, st, sd, çP:[-voice], tr, (ç)dr, [+ cons, - fr, + bk, + hi, - lo]P:[-voice] } > { tʰ, t, Ntʰ, md, zd, st, çtʲ, trh, (ç)tr, kt }     |              ^     @ Rule 1, Line 1",1
2814,"Syntax Error: Expected ',', but received 'k'     |     { k, sk, kr, ɡ, Pɡ, sɡ, Nɡ, (s)ɡr, ç[+ cons, - fr, + bk, + hi, - lo], r[+ cons, - fr, + bk, + hi, - lo], [+ cons, - fr, + bk, + hi, - lo]ç } > { kʰ, zɡʷ, dr, Nɡ, pk, sk, mk, (s)kr, çk, rɡʲ, ɡçkr }     |           ^     @ Rule 1, Line 1",1
2815,"Syntax Error: Expected an IPA character, Primative or Matrix, but received '('     |     { (ʔ)kʲ, (s)ɡʲ, Nkʲ } > { (k)tç, (s)kʲ, Nd͡ʒ }     |       ^     @ Rule 1, Line 1",1
2816,"Syntax Error: Expected ',', but received 'r'     |     { çr, Nç } > { dr, mkʰj }     |        ^     @ Rule 1, Line 1",1
2817,"Syntax Error: Cannot have nested brackets of the same type     |     { NP:[-voice]S, PP:[-voice]S, [+ cons, - fr, + bk, + hi, - lo]P:[-voice]S, sP:[-voice]S, çP:[-voice]S } > { {Nd͡z,mt͡s}, kt͡s(ʰ), pt͡sʰ, st͡s, {st͡s,rʲ} }     |                                                                                                                 ^     @ Rule 1, Line 1",1
2818,"Syntax Error: Expected an IPA character, Primative or Matrix, but received '('     |     { (r)t͡s, (r)d͡z } > { (r)t͡sʰ, (r)t͡s }     |       ^     @ Rule 1, Line 1",1
2819,"Syntax Error: Expected '..', but received .'n' at 0:0:13     |     N > m / :{ _ŋ.nʲ }:     |                  ^     @ Rule 1, Line 1",1
2820,"Syntax Error: Expected '_', but received ''     |     w > ʔ / something to do with either back vowels or prefixes     |                                                                ^     @ Rule 1, Line 1",1
2821,"Syntax Error: Expected ',', but received 'w'     |     { ew, iw } > { im, ju }     |        ^     @ Rule 1, Line 1",1
2822,"Syntax Error: Cannot have nested brackets of the same type     |     { p, çp, (ç)b, rP, Np, Nb, pr, {br,pʲ} } > { p., ç.w, (ç)p, rp., kʲ, m.p, n.br, p.j }     |                                    ^     @ Rule 1, Line 1",1
2823,"Syntax Error: Expected '..', but received .',' at 0:0:94     |     { t, st, tr, d, sd, (ç)dr, Nt, çP:[-voice], [+ cons, - fr, + bk, + hi, - lo]P:[-voice] } > { t., s.d, tr., t, s.t, (ç.)tr, m.t., n.dr, ɡ.t }     |                                                                                                   ^     @ Rule 1, Line 1",1
2824,"Syntax Error: Expected '..', but received .'k' at 0:0:37     |     ç[+ cons, - fr, + bk, + hi, - lo] > ç.k     |                                          ^     @ Rule 1, Line 1",1
2825,"Syntax Error: Expected ',', but received 'k'     |     { sk, r[+ cons, - fr, + bk, + hi, - lo] } > { j, sɡ }     |        ^     @ Rule 1, Line 1",1
2826,"Syntax Error: Expected '..', but received .',' at 0:0:32     |     { kʲ, Nkʲ, ʔkʲ, ɡʲ, sɡʲ } > { kʲ., nʲ, ɡ.t͡sʰ, kʲ, skʲ. }     |                                     ^     @ Rule 1, Line 1",1
2827,"Syntax Error: Expected '..', but received .'b' at 0:0:19     |     { kr, (s)ɡr } > { n.br, (s)kr }     |                        ^     @ Rule 1, Line 1",1
2828,"Syntax Error: Expected '..', but received .' ' at 0:0:36     |     [+ cons, - fr, + bk, + hi, - lo] > ɡ. / _ç     |                                         ^     @ Rule 1, Line 1",1
2829,"Syntax Error: Expected '..', but received .'p' at 0:0:6     |     Nç > n.pʲ.     |           ^     @ Rule 1, Line 1",1
2830,"Syntax Error: Expected '..', but received .'t' at 0:0:39     |     [+ cons, - fr, + bk, + hi, - lo]t͡s > ɡ.t͡sʰ.     |                                            ^     @ Rule 1, Line 1",1
2831,"Syntax Error: Expected '..', but received .'d' at 0:0:16     |     lP:[-voice]S > l.d͡z     |                     ^     @ Rule 1, Line 1",1
2832,"Syntax Error: Expected '..', but received .'t' at 0:0:122     |     t͡s (r)d͡z d͡ʒ PP:[-voice]S [+ cons, - fr, + bk, + hi, - lo]P:[-voice]S sP:[-voice]S çP:[-voice]S > {t͡sʰ,s} (r)t͡s t͡sʰ ɡ.t͡s s.{t͡s,pʲ} {s.t͡s,br}     |                                                                                                                               ^     @ Rule 1, Line 1",1
2833,"Syntax Error: Expected ',', but received 'm'     |     { rm, rn } > { mʲ, rʷ }     |        ^     @ Rule 1, Line 1",1
2834,"Syntax Error: Expected '..', but received .'n' at 0:0:10     |     çm çnʲ > ç.n     |               ^     @ Rule 1, Line 1",1
2835,"Syntax Error: Expected '..', but received .' ' at 0:0:5     |     N > m. / _ŋ     |          ^     @ Rule 1, Line 1",1
2836,"Syntax Error: Expected '..', but received .'m' at 0:0:7     |     rnʲ > r.mʲ     |            ^     @ Rule 1, Line 1",1
2837,"Syntax Error: Expected ',', but received 't'     |     { ut, uk } > { ud, oɡ }     |        ^     @ Rule 1, Line 1",1
2838,"Syntax Error: Expected '..', but received .'i' at 0:0:52     |     { a, ap, at, ar, am, aj } > { e, eb, e(d), er, om, e.i }     |                                                         ^     @ Rule 1, Line 1",1
2839,"Syntax Error: Expected '..', but received .'i' at 0:0:19     |     { et, ej } > { o, e.i }     |                        ^     @ Rule 1, Line 1",1
2840,"Syntax Error: Expected ',', but received 'p'     |     { ip, it } > { ib, o }     |        ^     @ Rule 1, Line 1",1
2841,"Syntax Error: Expected '..', but received .',' at 0:0:19     |     { p, k, t͡s } > { p., k., t͡ʃ. }     |                        ^     @ Rule 1, Line 1",1
2842,"Syntax Error: Expected '..', but received .' ' at 0:0:6     |     m > mt.     |           ^     @ Rule 1, Line 1",1
2843,"Syntax Error: Cannot have nested brackets of the same type     |     { an, {at.is} } > { o, ie }     |           ^     @ Rule 1, Line 1",1
2844,"Syntax Error: Expected an IPA character, Primative or Matrix, but received '_'     |     ɔ > ɤ / :{ _t# (possibly also _s# dialectally), _r# (possibly also _s# dialectally) }:     |                                   ^     @ Rule 1, Line 1",1
2845,"Syntax Error: Expected ',', but received 'd͡ʑ'     |     { ʑ, j } > { nd͡ʑ, ʑ }     |                   ^^^     @ Rule 1, Line 1",1
2846,"Syntax Error: Expected '..', but received .'j' at 0:0:26     |     { p, b, pr, br, çp } > { p.j, p, br, pʲ, ʃb }     |                               ^     @ Rule 1, Line 1",1
2847,"Syntax Error: Options can only be used in Environments or Structures     |     d(r) > t     |      ^^^     @ Rule 1, Line 1",1
2848,"Syntax Error: Expected '..', but received .',' at 0:0:17     |     { k, (N)ɡ } > { k., (m)k }     |                      ^     @ Rule 1, Line 1",1
2849,"Syntax Error: Expected ',', but received 'k'     |     { Nkʲ, ɡʲ, sɡʲ } > { mʲ, t͡s, st͡ʃʲ }     |        ^     @ Rule 1, Line 1",1
2850,"Syntax Error: Expected ',', but received 'w'     |     { C:[+strident]w, ç, Pç, Nç, çl } > { s, ʂ, ʃ, mʃ, ʃl }     |                    ^     @ Rule 1, Line 1",1
2851,"Syntax Error: Cannot have nested brackets of the same type     |     { t͡s, {d͡z,[+ cons, - fr, + bk, + hi, - lo]P:[-voice]S}, NP:[-voice]S, rd͡z, d͡zl, d͡ʒ } > { s, t͡s, {d͡z,mt͡ʃ.}, rt͡s, t͡sl, t͡ʃ. }     |            ^     @ Rule 1, Line 1",1
2852,"Syntax Error: Cannot have nested brackets of the same type     |     { ŋʷ, N{ŋ,nʲ} } > { ȵ, mɳ }     |            ^     @ Rule 1, Line 1",1
2853,"Syntax Error: Cannot have nested brackets of the same type     |     { (N)p, Nb, sP, çp, çb, pr, br, {p,b}j } > { (m)pʰ, (m)p, sp, ʝb, çp, br, pʰj, pʰj }     |                                     ^     @ Rule 1, Line 1",1
2854,"Syntax Error: Expected an IPA character, Primative or Matrix, but received '('     |     { (N)t, (N)d, st, sd, [+ cons, - fr, + bk, + hi, - lo]P:[-voice], çP:[-voice], tr, dr, çtr } > { (N)tʰ, mt, zd, st, kt, çtʲ, trh, tr, çtr }     |       ^     @ Rule 1, Line 1",1
2855,"Syntax Error: Expected an IPA character, Primative or Matrix, but received '('     |     { (P)ɡ, sɡ, ç[+ cons, - fr, + bk, + hi, - lo], Nɡ, k, sk, rk, (s)ɡʲ, (ʔ)kʲ } > { (p)k, sk, çk, mk, kʰ, zɡ, Nɡ, (s)kʲ, (ʔ)kʰj }     |       ^     @ Rule 1, Line 1",1
2856,"Syntax Error: Expected ',', but received 'k'     |     { Nkʲ, (s)ɡr, [+ cons, - fr, + bk, + hi, - lo]ç, kr, skr, ɡr } > { mɡʲ, (s)kr, ɡçkr, kʰr, zɡr, Nɡr }     |        ^     @ Rule 1, Line 1",1
2857,"Syntax Error: Cannot have nested brackets of the same type     |     { t͡s, (r)d͡z, d͡zl, d͡ʒ, NP:[-voice]S, PP:[-voice]S, [+ cons, - fr, + bk, + hi, - lo]t͡s, [+ cons, - fr, + bk, + hi, - lo]P:[-voice]S, sP:[-voice]S, çP:[-voice]S } > { t͡sʰ, (r)t͡s, Nd͡z, t͡sl, t͡s, ptç, ktç, kt͡s, st͡s, {s,ç}t͡s }     |                                                                                                                                                                                                                                   ^     @ Rule 1, Line 1",1
2858,"Syntax Error: The input of an insertion rule must only contain `*` or `∅`     |     *w > ʔ / something to do either with back vowels or prefixes     |      ^     @ Rule 1, Line 1",1
2859,"Runtime Error: A Set in output must have a matching Set in input     |     om > {o,a}m     |          ^^^^^     @ Rule 1, Line 1",1
2860,"Syntax Error: Expected ',', but received 'w'     |     { ew, iw } > { i, jo }     |        ^     @ Rule 1, Line 1",1
2861,"Syntax Error: Cannot have nested brackets of the same type     |     { t͡s, d͡ʒ, NP:[-voice]S } > { {s,t͡ʃ.}, t͡ʃ., m }     |                                    ^     @ Rule 1, Line 1",1
2862,"Syntax Error: Expected ',', but received 'm'     |     { im, it, ik, is, ij } > { em, u, e, es, e }     |        ^     @ Rule 1, Line 1",1
2863,"Syntax Error: Cannot have nested brackets of the same type     |     { {p,b}, Np, pr, {s,r}P, çb, Nb } > { p, mp, mbr, sp, ʃp, p.s }     |       ^     @ Rule 1, Line 1",1
2864,"Syntax Error: Expected '..', but received .',' at 0:0:77     |     { Nt, tr, d, [+ cons, - fr, + bk, + hi, - lo]P:[-voice], çP:[-voice] } > { mt., tʂ, t, kt, ʃt }     |                                                                                  ^     @ Rule 1, Line 1",1
2865,"Syntax Error: Expected '..', but received .'r' at 0:0:56     |     kr rk {r[+ cons, - fr, + bk, + hi, - lo],Pɡ} ɡ Pɡ sɡ > k.r rk. pk k sk     |                                                             ^     @ Rule 1, Line 1",1
2866,"Syntax Error: Expected end of line, received '('. Did you forget a '/' between the output and environment?     |     ɡʲ > cç ? (might be     |               ^     @ Rule 1, Line 1",1
2867,"Syntax Error: Expected an IPA character, Primative or Matrix, but received '>'     |     cç ? (might be > t͡sç?)     |                    ^     @ Rule 1, Line 1",1
2868,"Syntax Error: Expected '..', but received .' ' at 0:0:10     |     ʔkʲ > kt͡ʃ.     |               ^     @ Rule 1, Line 1",1
2869,"Syntax Error: Expected '..', but received .',' at 0:0:70     |     { lt͡s, rt͡s, NP:[-voice]S, PP:[-voice]S, SP:[-voice]S } > { lɖʐ, rt͡s., {md͡zr,mt͡ʃ}, nt., st͡s }     |                                                                           ^     @ Rule 1, Line 1",1
2870,"Syntax Error: Expected '..', but received .',' at 0:0:20     |     { t͡s, d͡ʒ } > { t͡ʃ., t͡ʃ }     |                         ^     @ Rule 1, Line 1",1
2871,"Syntax Error: Unknown character ȵ at '0:0:4'.     |     ŋ > ȵ     |         ^     @ Rule 1, Line 1",1
2872,"Syntax Error: Expected ',', but received 's'     |     { es, er } > { or, ər }     |        ^     @ Rule 1, Line 1",1
2873,"Syntax Error: Expected end of line, received '('. Did you forget a '/' between the output and environment?     |     an > a(i)     |           ^     @ Rule 1, Line 1",1
2874,"Syntax Error: Expected '..', but received .' ' at 0:0:6     |     Nb > p.     |           ^     @ Rule 1, Line 1",1
2875,"Syntax Error: Expected ',', but received '('     |     { d(r), çP:[-voice] } > { t, ʃt }     |        ^     @ Rule 1, Line 1",1
2876,"Syntax Error: Cannot have nested brackets of the same type     |     { k, {sɡ,ç[+ cons, - fr, + bk, + hi, - lo]}, Nɡ, r[+ cons, - fr, + bk, + hi, - lo] } > { k., sk, mɡ, nk }     |          ^     @ Rule 1, Line 1",1
2877,"Syntax Error: Expected '..', but received .' ' at 0:0:8     |     kʲ > t͡ʃ.     |             ^     @ Rule 1, Line 1",1
2878,"Syntax Error: Expected '..', but received .'j' at 0:0:29     |     { (P)ç, Nç, çl } > { (b)ɕ, np.j, ʂl }     |                                  ^     @ Rule 1, Line 1",1
2879,"Syntax Error: Cannot have nested brackets of the same type     |     { t͡s, d͡z, NP:[-voice]S, [+ cons, - fr, + bk, + hi, - lo]P:[-voice]S, sP:[-voice]S } > { t͡ʃ, t͡s, {t͡s,m}, ɡt͡s, sp }     |                                                                                                         ^     @ Rule 1, Line 1",1
2880,"Syntax Error: Expected ',', but received 'n'     |     { nʲ, rnʲ } > { nʲ, rɲ }     |            ^     @ Rule 1, Line 1",1
2881,"Syntax Error: Cannot have nested brackets of the same type     |     { ut, u{k,n}, ur } > { ud, uo, uɛ }     |            ^     @ Rule 1, Line 1",1
2882,"Syntax Error: Options can only be used in Environments or Structures     |     a(t) > ɛ / _#     |      ^^^     @ Rule 1, Line 1",1
2883,"Syntax Error: Unknown character ɿ at '0:0:5'.     |     an > ɿɛ     |          ^     @ Rule 1, Line 1",1
2884,"Syntax Error: Expected ',', but received 'w'     |     { ew, e, ej } > { ə, i, ei }     |        ^     @ Rule 1, Line 1",1
2885,"Syntax Error: Cannot have nested brackets of the same type     |     { i, i{t,k} } > { {ə,iɛ}, ə }     |           ^     @ Rule 1, Line 1",1
2886,"Syntax Error: Unknown character ʅ at '0:0:5'.     |     iŋ > ʅ     |          ^     @ Rule 1, Line 1",1
2887,"Syntax Error: Expected ',', but received 'd͡z'     |     { P, t } > { pd͡z, t͡ʃ } / r_     |                   ^^^     @ Rule 1, Line 1",1
2888,"Syntax Error: Expected ',', but received 'p'     |     { Np, Nb, Nt, Nɡ, Nç } > { st͡s, mp, mtʰ, mk, nt͡sʰd͡z }     |        ^     @ Rule 1, Line 1",1
2889,"Syntax Error: Cannot have nested brackets of the same type     |     { {d,[+ cons, - fr, + bk, + hi, - lo]P:[-voice]}, st } > { t͡ʃ, zd͡ʒ }     |       ^     @ Rule 1, Line 1",1
2890,"Syntax Error: Expected ',', but received 'r'     |     { dr, çdr } > { ʈ, ʂʈd͡z }     |        ^     @ Rule 1, Line 1",1
2891,"Syntax Error: Expected ',', but received 'k'     |     { k, rk, kr, kʲ, Nkʲ, ɡr } > { kʰd͡z, nɡ, kʰr, t͡ʃh, d͡ʒ, nkʰr }     |           ^     @ Rule 1, Line 1",1
2892,"Syntax Error: Expected '..', but received .'ç' at 0:0:6     |     Pç > b.ç     |           ^     @ Rule 1, Line 1",1
2893,"Syntax Error: Expected ',', but received 'w'     |     { C:[+strident]w, ç } > { swd͡z, sd͡z }     |                    ^     @ Rule 1, Line 1",1
2894,"Syntax Error: Cannot have nested brackets of the same type     |     { NP:[-voice]S, [+ cons, - fr, + bk, + hi, - lo]P:[-voice]S, lP:[-voice]S } > { mʈʂ, {kt͡s,ʈʂʰ}, bɖʐ }     |                                                                                          ^     @ Rule 1, Line 1",1
2895,"Syntax Error: Cannot have nested brackets of the same type     |     { t͡s, d͡z, rd͡z, d͡ʒ } > { {ʈʂ,ʒ}, t͡sʲ, rt͡sʰ, ʈʂ }     |                                 ^     @ Rule 1, Line 1",1
2896,"Syntax Error: Unknown character ȵ at '0:0:5'.     |     ŋʷ > ȵ(wj)     |          ^     @ Rule 1, Line 1",1
2897,"Syntax Error: Cannot have nested brackets of the same type     |     { uk, uŋ } > { {u,o}, e }     |                    ^     @ Rule 1, Line 1",1
2898,"Syntax Error: Expected ',', but received 'w'     |     { aw, aj } > { au, ai }     |        ^     @ Rule 1, Line 1",1
2899,"Syntax Error: Expected ',', but received 't'     |     { it, ik } > { o, ek }     |        ^     @ Rule 1, Line 1",1
2900,"Syntax Error: Expected ',', but received 'w'     |     { iw, ij } > { iu, ei }     |        ^     @ Rule 1, Line 1",1
2901,"Syntax Error: Expected ',', but received 'r'     |     { pr, b } > { br, p }     |        ^     @ Rule 1, Line 1",1
2902,"Syntax Error: Expected ',', but received 'P'     |     { d, [+ cons, - fr, + bk, + hi, - lo]P:[-voice] } > { l, kt }     |                                          ^     @ Rule 1, Line 1",1
2903,"Syntax Error: Expected '..', but received .',' at 0:0:22     |     { k, kr, kʲ, ɡ } > { k., k.r, t͡s., ɡ }     |                           ^     @ Rule 1, Line 1",1
2904,"Syntax Error: Expected ',', but received 'ç'     |     { Pç, çl } > { ʃ, ʃn }     |        ^     @ Rule 1, Line 1",1
2905,"Syntax Error: Cannot have nested brackets of the same type     |     { t͡s, d͡zl, NP:[-voice]S } > { {t͡ʃ.,j}, t͡sl, m }     |                                     ^     @ Rule 1, Line 1",1
2906,"Syntax Error: Expected ',', but received 'n'     |     { Nnʲ, çnʲ } > { mn, ʃn }     |        ^     @ Rule 1, Line 1",1
2907,"Syntax Error: Expected ',', but received 'n'     |     { an, ap } > { ai, ie }     |        ^     @ Rule 1, Line 1",1
2908,"Syntax Error: Expected ',', but received 't'     |     { it, ik } > { o, i }     |        ^     @ Rule 1, Line 1",1
2909,"Syntax Error: Expected ',', but received 'm'     |     { im, iŋ } > { wa, ie }     |        ^     @ Rule 1, Line 1",1
2910,"Runtime Error: Two matched sets must have the same number of elements     |     {d,ɡ,s,l,r} > {h,r} / #_     |     ^^^^^^^^^^^   ^^^^^     @ Rule 1, Line 1",1
2911,"Syntax Error: Expected ':', but received 'n'     |     ʃ > x / #_ (some dialect͡s, never when following preinitials)     |                                 ^     @ Rule 1, Line 1",1
2912,"Syntax Error: Cannot have nested brackets of the same type     |     { k(ʰ){r,j}, ɡ{r,j} } > { t͡ɕ(ʰ), d͡ʑ }     |           ^     @ Rule 1, Line 1",1
2913,"Syntax Error: Can't have segments after the end of a word     |     d > l / _# (some dialect͡s)     |              ^     @ Rule 1, Line 1",1
2914,"Syntax Error: Expected '->', but received -'b' at 0:0:38     |     t > l / _# (further development in bLa-brang)     |                                           ^     @ Rule 1, Line 1",1
2915,"Syntax Error: Unknown character õ at '0:0:16'.     |     w > ∅ / :{ _o, _õ, _ı̃ }:     |                     ^     @ Rule 1, Line 1",1
2916,"Syntax Error: Unknown character ã at '0:0:9'.     |     m > w / _ã     |              ^     @ Rule 1, Line 1",1
2917,"Syntax Error: Unknown character ã at '0:0:0'.     |     ã > ẽ     |     ^     @ Rule 1, Line 1",1
2918,"Syntax Error: Malformed Comment: Expected ';;', but received '; ' at 0:0:33     |     pʰ > ʍ (this is a bit of a guess; the paper proper has 〈hʷ〉 here)     |                                      ^     @ Rule 1, Line 1",1
2919,"Syntax Error: Unknown feature 'lowfallingtone' at 0:21-38. Did you mean continuant?      |     {wV,jV} > V:[+long]:[+low falling tone]     |                          ^^^^^^^^^^^^^^^^^     @ Rule 1, Line 1",1
2920,"Syntax Error: Unknown feature 'lowfallingtone' at 0:16-33. Did you mean continuant?      |     Vʔ > V:[+long]:[+low falling tone] / _C     |                     ^^^^^^^^^^^^^^^^^     @ Rule 1, Line 1",1
2921,"Syntax Error: Expected ',', but received 'h'     |     {Vh,Vʔ} > V:[+long] / _#     |       ^     @ Rule 1, Line 1",1
2922,"Syntax Error: Cannot have nested brackets of the same type     |     { {, a,, a:[+long], }{, wẽ,, wẽ:[+long], } } > { {, a,, a:[+long], }{, ma,, ma:[+long], } }     |       ^     @ Rule 1, Line 1",1
2923,"Syntax Error: Unknown feature 'highrisingtone' at 0:22-39. Did you mean strident?      |     V:[+nas] > a:[+long]:[+high rising tone]     |                           ^^^^^^^^^^^^^^^^^     @ Rule 1, Line 1",1
2924,"Syntax Error: Unknown feature 'highrisingtone' at 0:15-32. Did you mean strident?      |     ∅ > V:[+long]:[+high rising tone] / C_# (usually one of:[/a:[+long] i:[+long] ʌ̃:[+long]/ with this tone], the conditions are unclear)     |                    ^^^^^^^^^^^^^^^^^     @ Rule 1, Line 1",1
2925,"Syntax Error: Cannot have nested brackets of the same type     |     { {, ẽ,, ẽ:[+long], }, {, õ,, õ:[+long], } } > { {, o,, o:[+long], }, {, ʌ̃,, ʌ̃:[+long], } }     |       ^     @ Rule 1, Line 1",1
2926,"Syntax Error: Cannot have nested brackets of the same type     |     { {, o,, o:[+long], }, {, u,, u:[+long], } } > { {, a,, a:[+long], }, {, o,, o:[+long], } }     |       ^     @ Rule 1, Line 1",1
2927,"Syntax Error: Unknown character “ at '0:0:50'.     |     { iji, iji:[+long] } > { hi, hi:[+long] } / :{ k_ “(possibly after all non-glottal obstruent͡s)”, s_ “(possibly after all non-glottal obstruent͡s)” }:     |                                                       ^     @ Rule 1, Line 1",1
2928,"Syntax Error: Unknown character ” at '0:0:4'.     |     V > ”V / in antepenultimate syllables, if the vowel of the penultimate syllable was short */a/ followed by a single non-glottal consonant     |         ^     @ Rule 1, Line 1",1
2929,"Syntax Error: Unknown character ” at '0:0:4'.     |     V > ”V / in penultimate syllables not preceded by an accented antepenult     |         ^     @ Rule 1, Line 1",1
2930,"Syntax Error: Can't have segments before the beginning of a word     |     V:[+long] > V:[-long] // in %#     |                                  ^     @ Rule 1, Line 1",1
2931,"Syntax Error: Unknown character ” at '0:0:0'.     |     ”V > ”V:[+long] / in open penultimate syllables followed by a non-glottal consonant     |     ^     @ Rule 1, Line 1",1
2932,"Syntax Error: Unknown character ” at '0:0:0'.     |     ”V(C)(C)CaCV > V(C)”(C)CaCV / _#     |     ^     @ Rule 1, Line 1",1
2933,"Syntax Error: Expected '_', but received ','     |     t͡s > hs / V_ ,i,j,r} // _{h     |                     ^     @ Rule 1, Line 1",1
2934,"Syntax Error: Expected '_', but received ','     |     t͡s > s / ,i,j,r} // _{h     |               ^     @ Rule 1, Line 1",1
2935,"Syntax Error: Unknown feature 'glottal' at 0:20-28. Did you mean lateral?      |     V > V:[+long] / _C:[-glottal] in even-numbered syllables when accented or immediately before the accent     |                         ^^^^^^^^     @ Rule 1, Line 1",1
2936,"Syntax Error: Expected '->', but received -'n' at 0:0:16     |     Vʔ > ʔV / in odd-numbered unaccented non-final syllables; ,h}_ // {ʔ     |                     ^     @ Rule 1, Line 1",1
2937,"Syntax Error: Cannot have nested brackets of the same type     |     r > w / :{ {{ o, o:[+long] }{ ,õ, ,õ:[+long] }}_{ a{ ,e, ,e:[+long] }{ ,ẽ, ,ẽ:[+long] }{ ,i, ,i:[+long] }}, {{ o, o:[+long] }{ ,õ, ,õ:[+long] }}_a:[+long]{ ,e, ,e:[+long] }{ ,ẽ, ,ẽ:[+long] }{ ,i, ,i:[+long] }} }:     |                 ^     @ Rule 1, Line 1",1
2938,"Syntax Error: Cannot have nested brackets of the same type     |     r > j / :{ {{ e, e:[+long] }{ ,ẽ, ,ẽ:[+long] }{ ,i, ,i:[+long] }}_{ a{ ,o, ,o:[+long] }{ ,õ, ,õ:[+long] }}, {{ e, e:[+long] }{ ,ẽ, ,ẽ:[+long] }{ ,i, ,i:[+long] }}_a:[+long]{ ,o, ,o:[+long] }{ ,õ, ,õ:[+long] }} }:     |                 ^     @ Rule 1, Line 1",1
2939,"Syntax Error: Expected end of line, received ':'. Did you forget a '/' between the output and environment?     |     r > ∅ / _:[+laryngeal]     |              ^     @ Rule 1, Line 1",1
2940,"Syntax Error: Unknown character ” at '0:0:3'.     |     { V”V, ”V:[+long]V } > { ”VV, ”V:[-long]V }     |        ^     @ Rule 1, Line 1",1
2941,"Syntax Error: Unknown character ẽ at '0:0:19'.     |     { e, e:[+long] } > ẽ / _{ ẽ, ẽ:[+long] }     |                        ^     @ Rule 1, Line 1",1
2942,"Syntax Error: Unknown character õ at '0:0:19'.     |     { o, o:[+long] } > õ / _{ õ, õ:[+long] }     |                        ^     @ Rule 1, Line 1",1
2943,"Syntax Error: Unknown character ” at '0:0:0'.     |     ”VV > V:[+long]:[-accent]     |     ^     @ Rule 1, Line 1",1
2944,"Runtime Error: Grouped Environments cannot (yet) be used in insertion rules     |     ∅ > h / :{ t_n, k_n }:     |             ^^^^^^^^^^^^^^     @ Rule 1, Line 1",1
2945,"Syntax Error: Expected ',', but received 'ʔ'     |     { tʔ, t͡sʔ, kʔ, kʷʔ } > { tʼ, t͡sʼ, kʼ, kʷʼ }     |        ^     @ Rule 1, Line 1",1
2946,"Syntax Error: Expected '_', but received ','     |     s > ʃ / ,t,kʷ,w} or when part of the affricate /t͡s/ // _{n     |             ^     @ Rule 1, Line 1",1
2947,"Syntax Error: Expected '_', but received ','     |     t͡s > s / ,j} // _{i     |               ^     @ Rule 1, Line 1",1
2948,"Syntax Error: Expected ',', but received 'n'     |     { n, hn, sC } > { t, th, Ch } / s_     |           ^     @ Rule 1, Line 1",1
2949,"Syntax Error: Unknown character ” at '0:0:12'.     |     V:[+long] > ”V / in %#; this change may have been present in:[+laryngeal]uron already     |                 ^     @ Rule 1, Line 1",1
2950,"Syntax Error: Cannot have nested brackets of the same type     |     ∅ > w / {{ o, o:[+long] }{ ,õ, ,õ:[+long] }}_V     |              ^     @ Rule 1, Line 1",1
2951,"Syntax Error: Cannot have nested brackets of the same type     |     ∅ > j / {{ e, e:[+long] }{ ,ẽ, ,ẽ:[+long] }{ ,i, ,i:[+long] }}_V     |              ^     @ Rule 1, Line 1",1
2952,"Syntax Error: Expected '_', but received ''     |     { w, j } > { m, ɲ } / between two vowels of unlike nasality     |                                                                ^     @ Rule 1, Line 1",1
2953,"Syntax Error: Cannot have nested brackets of the same type     |     { {, ẽ,, ẽ:[+long], }, {, õ,, õ:[+long], }, {, o,, o:[+long], } } > { {, ɛ̃,, ɛ̃:[+long], }, {, ɔ̃,, ɔ̃:[+long], }, {, u,, u:[+long], } }     |       ^     @ Rule 1, Line 1",1
2954,"Syntax Error: Unknown character ã at '0:0:23'.     |     { ɛ̃, ɛ̃:[+long] } > { ã, ã:[+long] } / w_     |                            ^     @ Rule 1, Line 1",1
2955,"Syntax Error: Expected end of line, received '/'. Did you forget a '/' between the output and environment?     |     s > ʃ // n_ or when part of the unit affricate /t͡s/     |                                                    ^     @ Rule 1, Line 1",1
2956,"Syntax Error: Expected '_', but received ','     |     t͡s > s / ,i,j} // _{h     |               ^     @ Rule 1, Line 1",1
2957,"Syntax Error: Unknown character ” at '0:0:2'.     |     { ”V, ”V:[+long] }(C)(C)V:[+long] > V:[-long](C)”(C)CV:[-long] / _#     |       ^     @ Rule 1, Line 1",1
2958,"Syntax Error: Expected '_', but received ''     |     ara > a:[+long] / unaccented syllables only     |                                                ^     @ Rule 1, Line 1",1
2959,"Syntax Error: Unknown character ” at '0:0:0'.     |     ”V > ”V:[+long] / _C(S)V     |     ^     @ Rule 1, Line 1",1
2960,"Syntax Error: Unknown feature 'glottal' at 0:20-28. Did you mean lateral?      |     V > V:[+long] / _C:[-glottal](S)V{:[+long],:[+laryngeal]} in even numbered syllables only     |                         ^^^^^^^^     @ Rule 1, Line 1",1
2961,"Syntax Error: Unknown feature 'hightone' at 0:7-17. Did you mean high?      |     V > V:[+high tone] / _$V     |            ^^^^^^^^^^     @ Rule 1, Line 1",1
2962,"Syntax Error: Cannot have nested brackets of the same type     |     { {, a,, a:[+long], }, {, o,, o:[+long], }, {, õ,, õ:[+long], } } > { {, æ,, æ:[+long], }, {, e,, e:[+long], }, {, ẽ,, ẽ:[+long], } } / r_     |       ^     @ Rule 1, Line 1",1
2963,"Syntax Error: Cannot have nested brackets of the same type     |     r > j / {{ e, e:[+long] }{ ,ẽ, ,ẽ:[+long] }{ ,i, ,i:[+long] }}_V     |              ^     @ Rule 1, Line 1",1
2964,"Syntax Error: Cannot have nested brackets of the same type     |     r > w / {{ o, o:[+long] }{ ,õ, ,õ:[+long] }}_V     |              ^     @ Rule 1, Line 1",1
2965,"Syntax Error: Unknown character õ at '0:0:2'.     |     { õ, õ:[+long] } > { ũ, ũ:[+long] }     |       ^     @ Rule 1, Line 1",1
2966,"Syntax Error: Cannot have nested brackets of the same type     |     { {, ẽ,, ẽ:[+long], }, {, õ,, õ:[+long], } } > { {, ʌ̃,, ʌ̃:[+long], }, {, ũ,, ũ:[+long], } }     |       ^     @ Rule 1, Line 1",1
2967,"Syntax Error: Unknown character ” at '0:0:0'.     |     ”V > ”V:[+long]:[+falling tone] / :{ _ʔ, _hS }:     |     ^     @ Rule 1, Line 1",1
2968,"Syntax Error: Unknown feature 'fallingtone' at 0:19-32. Did you mean manner?      |     ʔ > ∅ / V:[+long]:[+falling tone]_C     |                        ^^^^^^^^^^^^^     @ Rule 1, Line 1",1
2969,"Syntax Error: Unknown feature 'fallingtone' at 0:19-32. Did you mean manner?      |     h > ∅ / V:[+long]:[+falling tone]_S     |                        ^^^^^^^^^^^^^     @ Rule 1, Line 1",1
2970,"Syntax Error: Expected '..', but received .' ' at 0:0:25     |     ∅ > e / w_r (and probably. . .in other environment͡s)     |                              ^     @ Rule 1, Line 1",1
2971,"Runtime Error: Grouped Environments cannot (yet) be used in insertion rules     |     ∅ > e / :{ t͡sh_r, s_r, n_r }:     |             ^^^^^^^^^^^^^^^^^^^^^^     @ Rule 1, Line 1",1
2972,"Runtime Error: Grouped Environments cannot (yet) be used in insertion rules     |     ∅ > e / :{ {t,k}_r, {t,k}_n }:     |             ^^^^^^^^^^^^^^^^^^^^^^     @ Rule 1, Line 1",1
2973,"Syntax Error: Unknown character — at '0:0:0'.     |     — r > l     |     ^     @ Rule 1, Line 1",1
2974,"Syntax Error: Unknown character — at '0:0:0'.     |     — t > k / _j     |     ^     @ Rule 1, Line 1",1
2975,"Syntax Error: Unknown character — at '0:0:0'.     |     — k > t / _j     |     ^     @ Rule 1, Line 1",1
2976,"Syntax Error: Unknown character — at '0:0:0'.     |     — wə̃ > ũ / :{ h_, s_ }:     |     ^     @ Rule 1, Line 1",1
2977,"Syntax Error: Unknown character — at '0:0:0'.     |     — j > ∅ / t͡s_     |     ^     @ Rule 1, Line 1",1
2978,"Syntax Error: Unknown character — at '0:0:0'.     |     — t > t͡ʃ / _(h)j     |     ^     @ Rule 1, Line 1",1
2979,"Syntax Error: Unknown character — at '0:0:0'.     |     — wh > f     |     ^     @ Rule 1, Line 1",1
2980,"Syntax Error: Unknown character — at '0:0:0'.     |     — t͡s > t͡ʃ / :{ _(h)i, _(h)j }:     |     ^     @ Rule 1, Line 1",1
2981,"Syntax Error: Unknown character — at '0:0:0'.     |     — t t͡ʃ kʷ > d d͡ʒ ɡʷ / :{ _V, _S }:     |     ^     @ Rule 1, Line 1",1
2982,"Syntax Error: Unknown character — at '0:0:0'.     |     — s > ʃ / _(h)j     |     ^     @ Rule 1, Line 1",1
2983,"Syntax Error: Unknown character — at '0:0:0'.     |     — s > z / :{ {#,V}_V, {#,V}_S }: // S = j     |     ^     @ Rule 1, Line 1",1
2984,"Syntax Error: Unknown character ” at '0:0:0'.     |     ”V:[+long]:[-falling tone]CV > V:[+long]”CV     |     ^     @ Rule 1, Line 1",1
2985,"Syntax Error: Unknown character ” at '0:0:0'.     |     ”V > ”V:[+long] / _ʔ     |     ^     @ Rule 1, Line 1",1
2986,"Syntax Error: Expected '->', but received -'p' at 0:0:40     |     h > ∅ / t͡s_r , see also below // in pre-pausal forms     |                                             ^     @ Rule 1, Line 1",1
2987,"Syntax Error: Expected '->', but received -'t' at 0:0:22     |     {h,ʔ} > ∅ / _S in post-tonic syllables     |                           ^     @ Rule 1, Line 1",1
2988,"Syntax Error: Expected '->', but received -'t' at 0:0:18     |     ʔ > h / _C in post-tonic syllables     |                       ^     @ Rule 1, Line 1",1
2989,"Syntax Error: Unknown character ” at '0:0:0'.     |     ”V:[+long]:[+falling tone] > ”V:[-long -falling tone]     |     ^     @ Rule 1, Line 1",1
2990,"Syntax Error: Unknown character ” at '0:0:23'.     |     V:[+long] > V:[-long] _”C(C)(C)V (“this change happens only in the Ontario dialect”)     |                            ^     @ Rule 1, Line 1",1
2991,"Syntax Error: Unknown character — at '0:0:0'.     |     — ∅ > e / :{ C_nV([+laryngeal])#, C_lV([+laryngeal])# }:     |     ^     @ Rule 1, Line 1",1
2992,"Syntax Error: Unknown character — at '0:0:0'.     |     — ∅ > o / C_wV([+laryngeal])#     |     ^     @ Rule 1, Line 1",1
2993,"Syntax Error: Unknown character — at '0:0:0'.     |     — ∅ > i / C_jV([+laryngeal])#     |     ^     @ Rule 1, Line 1",1
2994,"Syntax Error: Unknown character — at '0:0:0'.     |     — V:[+long]:[+falling tone]C(C)V([+laryngeal]) > V̊:[+long]:[+falling tone]C̊(C̊)V̊([+laryngeal]̊) / _#     |     ^     @ Rule 1, Line 1",1
2995,"Syntax Error: Unknown character — at '0:0:0'.     |     — CV:[+long]:[+falling tone] > C̊V̊:[+long]:[+falling tone] / _#     |     ^     @ Rule 1, Line 1",1
2996,"Syntax Error: Unknown character — at '0:0:0'.     |     — CVʔ > C̊V̊ʔ̊ / _#     |     ^     @ Rule 1, Line 1",1
2997,"Syntax Error: Unknown character — at '0:0:0'.     |     — V:[-long] > V̊ / S_#     |     ^     @ Rule 1, Line 1",1
2998,"Syntax Error: Unknown character — at '0:0:0'.     |     — OV:[-long] > O̊V̊ / _#     |     ^     @ Rule 1, Line 1",1
2999,"Syntax Error: Unknown character — at '0:0:0'.     |     — jV > ∅ / Ci_([+laryngeal])#     |     ^     @ Rule 1, Line 1",1
3000,"Syntax Error: Unknown character — at '0:0:0'.     |     — ʔ > h / _C#     |     ^     @ Rule 1, Line 1",1
3001,"Syntax Error: Unknown character — at '0:0:0'.     |     — S > S̊ / _#     |     ^     @ Rule 1, Line 1",1
3002,"Syntax Error: Unknown character “ at '0:0:21'.     |     V > V:[+long] / :{ _t“in even penultimate syllables”, _kʷ“in even penultimate syllables”, _s“in even penultimate syllables”, _n“in even penultimate syllables”, _r“in even penultimate syllables”, _j“in even penultimate syllables”, _w“in even penultimate syllables” }:     |                          ^     @ Rule 1, Line 1",1
3003,"Syntax Error: Expected ',', but received 'a'     |     a > æ / _{ ra, ra:[+long] }     |                 ^     @ Rule 1, Line 1",1
3004,"Syntax Error: Expected ',', but received 'o'     |     a > e / _{ ro, ro:[+long] }     |                 ^     @ Rule 1, Line 1",1
3005,"Syntax Error: Unknown character ã at '0:0:0'.     |     ã > ẽ / _rõ:[+long]     |     ^     @ Rule 1, Line 1",1
3006,"Syntax Error: Unknown character õ at '0:0:9'.     |     hʷ > ∅ / õ_     |              ^     @ Rule 1, Line 1",1
3007,"Syntax Error: Unknown feature 'glottal' at 0:14-22. Did you mean lateral?      |     r > j / :{ C:[-glottal](h)_{ o{ ,õ, ,õ:[+long] }, C:[-glottal](h)_o:[+long]{ ,õ, ,õ:[+long] } }:     |                   ^^^^^^^^     @ Rule 1, Line 1",1
3008,"Syntax Error: Unknown character ” at '0:0:1'.     |     V”V > ”VV     |      ^     @ Rule 1, Line 1",1
3009,"Syntax Error: Unknown character ẽ at '0:0:21'.     |     { a, a:[+long] } > { ẽ, ẽ:[+long] } / adjacent to a nasal vowel     |                          ^     @ Rule 1, Line 1",1
3010,"Syntax Error: Unknown character ẽ at '0:0:2'.     |     { ẽ, ẽ:[+long] } > { e, e:[+long] } / :{ _{ e{ ,o, ,o:[+long] }, _e:[+long]{ ,o, ,o:[+long] } }:     |       ^     @ Rule 1, Line 1",1
3011,"Syntax Error: Unknown feature 'glottal' at 0:3-11. Did you mean lateral?      |     C:[-glottal] > ∅ / _s#     |        ^^^^^^^^     @ Rule 1, Line 1",1
3012,"Syntax Error: Expected ',', but received 'h'     |     {ths,tt͡s} > t͡sh     |       ^     @ Rule 1, Line 1",1
3013,"Syntax Error: Cannot have nested brackets of the same type     |     { {, a,, a:[+long], }, {, æ,, æ:[+long], } } > { {, õ,, õ:[+long], }, {, ẽ,, ẽ:[+long], } } / n_     |       ^     @ Rule 1, Line 1",1
3014,"Syntax Error: Unknown character õ at '0:0:21'.     |     { a, a:[+long] } > { õ, õ:[+long] } / V:[+nas]:[+laryngeal]_     |                          ^     @ Rule 1, Line 1",1
3015,"Syntax Error: Unknown character õ at '0:0:21'.     |     { a, a:[+long] } > { õ, õ:[+long] } / V:[+nas]({ʔ,s})w_     |                          ^     @ Rule 1, Line 1",1
3016,"Syntax Error: Cannot have nested brackets of the same type     |     { {, ẽ,, ẽ:[+long], }, {, õ,, õ:[+long], } } > { {, ɛ̃,, ɛ̃:[+long], }, {, ɔ̃,, ɔ̃:[+long], } }     |       ^     @ Rule 1, Line 1",1
3017,"Syntax Error: Unknown character — at '0:0:0'.     |     — t kʷ > d ɡʷ / :{ _V, _S }:     |     ^     @ Rule 1, Line 1",1
3018,"Syntax Error: Unknown character — at '0:0:0'.     |     — s > ʃ / _j     |     ^     @ Rule 1, Line 1",1
3019,"Syntax Error: Unknown character — at '0:0:0'.     |     — a e o > ə ɪ ʊ / :{ C_C, C_i:[-long] }:     |     ^     @ Rule 1, Line 1",1
3020,"Syntax Error: Floating diacritic. Diacritics can only be used to modify IPA Segments     |     t > ˀt     |         ^     @ Rule 1, Line 1",1
3021,"Syntax Error: Unknown character ” at '0:0:0'.     |     ”V > ”V:[+long] / _n in penultimate syllables only     |     ^     @ Rule 1, Line 1",1
3022,"Syntax Error: Expected '_', but received ','     |     n > t / ,kʷ,V:[+nas]} // _{h     |             ^     @ Rule 1, Line 1",1
3023,"Syntax Error: Unknown character ” at '0:0:0'.     |     ”V > ”V:[+long] / :{ _kʷ{s,S,:[+laryngeal]} (“penultimate syllables only”), _(ˀ)t{s,S,:[+laryngeal]} (“penultimate syllables only”) }:     |     ^     @ Rule 1, Line 1",1
3024,"Syntax Error: Unknown character ” at '0:0:0'.     |     ”V > ”V:[+long] / _SS     |     ^     @ Rule 1, Line 1",1
3025,"Syntax Error: Cannot have nested brackets of the same type     |     {{ ẽ, ẽ:[+long] }{ ,õ, ,õ:[+long] }} > ə̃, ə̃:[+long]     |      ^     @ Rule 1, Line 1",1
3026,"Syntax Error: Floating diacritic. Diacritics can only be used to modify IPA Segments     |     ˀt > tʔ / _ˀt     |     ^     @ Rule 1, Line 1",1
3027,"Syntax Error: Floating diacritic. Diacritics can only be used to modify IPA Segments     |     ˀt > ∅ / _t     |     ^     @ Rule 1, Line 1",1
3028,"Syntax Error: Floating diacritic. Diacritics can only be used to modify IPA Segments     |     ˀt > ʔ / _r     |     ^     @ Rule 1, Line 1",1
3029,"Syntax Error: Floating diacritic. Diacritics can only be used to modify IPA Segments     |     ˀt > ʔn / :{ V_V, V_w, V_j }:     |     ^     @ Rule 1, Line 1",1
3030,"Syntax Error: Floating diacritic. Diacritics can only be used to modify IPA Segments     |     ˀt > n / :{ {#,C}_V, {#,C}_w, {#,C}_j }:     |     ^     @ Rule 1, Line 1",1
3031,"Syntax Error: Floating diacritic. Diacritics can only be used to modify IPA Segments     |     ˀt > t     |     ^     @ Rule 1, Line 1",1
3032,"Syntax Error: Expected ',', but received '_'     |     ∅ > j / { k_e, k_e:[+long] }     |                ^     @ Rule 1, Line 1",1
3033,"Syntax Error: Expected '_', but received ''     |     { ə̃, ə̃:[+long] } > { ɨ̃, ɨ̃:[+long] } // when both short and stressed     |                                                                            ^     @ Rule 1, Line 1",1
3034,"Syntax Error: Cannot have nested brackets of the same type     |     { {, a,, a:[+long], }, {, o,, o:[+long], } } > { {, ɔ,, ɔ:[+long], }, {, u,, u:[+long], } } // when both short and unstressed     |       ^     @ Rule 1, Line 1",1
3035,"Syntax Error: Unknown character ̊ at '0:0:32'.     |     { n, r, w, j } > { n̥, r̥, w̥, j̊ } / :{ _#, _O }:     |                                     ^     @ Rule 1, Line 1",1
3036,"Syntax Error: Unknown character ̊ at '0:0:11'.     |     { r̥, w̥, j̊ } > { s, f, ʃ }     |                ^     @ Rule 1, Line 1",1
3037,"Syntax Error: Unknown character “ at '0:0:109'.     |     { ə̃, ə̃:[+long] } { a, a:[+long] } { o, o:[+long] } > { ɨ̃, ɨ̃:[+long] } { ɔ, ɔ:[+long] } { u, u:[+long] } (“in all positions”)     |                                                                                                                  ^     @ Rule 1, Line 1",1
3038,"Syntax Error: Unknown character ẽ at '0:0:2'.     |     { ẽ, õ } > { ı̃, ũ }     |       ^     @ Rule 1, Line 1",1
3039,"Syntax Error: Expected an IPA character, Primative or Matrix, but received '*'     |     p > b / V_V (*)     |                  ^     @ Rule 1, Line 1",1
3040,"Syntax Error: Expected '_', but received ''     |     tʲ > ʃ / in %     |                  ^     @ Rule 1, Line 1",1
3041,"Syntax Error: Expected '_', but received ''     |     t > ∅ / _k, when medial     |                            ^     @ Rule 1, Line 1",1
3042,"Syntax Error: Unknown character ” at '0:0:0'.     |     ”V:[+nas] > Vn (*)     |     ^     @ Rule 1, Line 1",1
3043,"Syntax Error: Expected an IPA character, Primative or Matrix, but received ''     |     ∅ > ʔ / C_# (only     |                      ^     @ Rule 1, Line 1",1
3044,"Syntax Error: Cannot have nested brackets of the same type     |     { ç, x } > { x, {ʃ,ʒ} }     |                     ^     @ Rule 1, Line 1",1
3045,"Syntax Error: Expected '_', but received ''     |     s > z / in %:[-stress]     |                           ^     @ Rule 1, Line 1",1
3046,"Syntax Error: Expected ',', but received 'r'     |     {pr,mt} > md     |       ^     @ Rule 1, Line 1",1
3047,"Syntax Error: Expected '_', but received ''     |     kr > ɡʲ / medial     |                     ^     @ Rule 1, Line 1",1
3048,"Syntax Error: Cannot have nested brackets of the same type     |     { {pr,mt}, kr } > { bl, ɡl }     |       ^     @ Rule 1, Line 1",1
3049,"Syntax Error: Expected '>', '->' or '=>', but received 'ʲ'     |     Lʲ > n / _V:[+nas]     |      ^     @ Rule 1, Line 1",1
3050,"Syntax Error: Unknown character ã at '0:0:0'.     |     ã > a / in % (sporadic)     |     ^     @ Rule 1, Line 1",1
3051,"Runtime Error: An incomplete matrix cannot be inserted     |     mn > mVnV / :{ {C,V}_C, {C,V}_V }:     |             ^     @ Rule 1, Line 1",1
3052,"Syntax Error: Expected end of line, received ':'. Did you forget a '/' between the output and environment?     |     t > t͡ʃ / _:[+front]     |                ^     @ Rule 1, Line 1",1
3053,"Syntax Error: Expected end of line, received ':'. Did you forget a '/' between the output and environment?     |     t > d͡ʒ / _:[+front]:[-stress]     |                ^     @ Rule 1, Line 1",1
3054,"Syntax Error: Expected '_', but received ''     |     { tʲ, s } > { ʒ, z } / in %:[-stress]     |                                          ^     @ Rule 1, Line 1",1
3055,"Syntax Error: Expected end of line, received '('. Did you forget a '/' between the output and environment?     |     s z > θ ð (sporadic)     |               ^     @ Rule 1, Line 1",1
3056,"Syntax Error: Expected '>', '->' or '=>', but received 'ʲ'     |     Lʲ > r / _V:[-nas]     |      ^     @ Rule 1, Line 1",1
3057,"Syntax Error: Expected '_', but received ''     |     tk > ɡ / when medial     |                         ^     @ Rule 1, Line 1",1
3058,"Syntax Error: Cannot have nested brackets of the same type     |     { pr, {sr,xr}, sn, km } > { pVrV, ʃVrV, sVnV, kVwV }     |           ^     @ Rule 1, Line 1",1
3059,"Syntax Error: Cannot have nested brackets of the same type     |     { s, ç, {tʲ,x} } > { t͡s, x, ʃ }     |             ^     @ Rule 1, Line 1",1
3060,"Syntax Error: Expected end of line, received '('. Did you forget a '/' between the output and environment?     |     m > w (Crow seems to have gained a phonemic /m/ after this, however)     |           ^     @ Rule 1, Line 1",1
3061,"Syntax Error: Expected '>', '->' or '=>', but received 'ʲ'     |     Lʲ > r     |      ^     @ Rule 1, Line 1",1
3062,"Syntax Error: Unknown character ã at '0:0:2'.     |     { ã, ı̃, ũ } > { a, i, u }     |       ^     @ Rule 1, Line 1",1
3063,"Syntax Error: Expected end of line, received ':'. Did you forget a '/' between the output and environment?     |     t > ʃ / _:[+front]     |              ^     @ Rule 1, Line 1",1
3064,"Syntax Error: Expected ',', but received 'k'     |     { sk, kx } > { t͡sk, hk } / _V     |        ^     @ Rule 1, Line 1",1
3065,"Syntax Error: Expected '_', but received ''     |     { t, tʲ, s } > { d, ʒ, z } / in %:[-stress]     |                                                ^     @ Rule 1, Line 1",1
3066,"Syntax Error: Cannot have nested brackets of the same type     |     { L, Lʲ } > { {ð,j}, ʒ } / _V     |                   ^     @ Rule 1, Line 1",1
3067,"Syntax Error: Expected end of line, received '('. Did you forget a '/' between the output and environment?     |     w > β (sporadic, allophonic)     |           ^     @ Rule 1, Line 1",1
3068,"Syntax Error: Expected '_', but received ''     |     u > i / in % (sporadic)     |                            ^     @ Rule 1, Line 1",1
3069,"Syntax Error: The output of a deletion rule must only contain `*` or `∅`     |     k > ∅ #t_ (in morphemes)     |           ^     @ Rule 1, Line 1",1
3070,"Syntax Error: Expected ',', but received 'ʲ'     |     { r, Lʲ } > { d, j } / #_ (*)     |           ^     @ Rule 1, Line 1",1
3071,"Syntax Error: Expected an IPA character, Primative or Matrix, but received '*'     |     L > bl / #_e (*)     |                   ^     @ Rule 1, Line 1",1
3072,"Syntax Error: Unknown character ũ at '0:0:0'.     |     ũ > aN / stressed     |     ^     @ Rule 1, Line 1",1
3073,"Syntax Error: Expected ',', but received 'r'     |     { tʲr, kr } > { ʃt, l }     |         ^     @ Rule 1, Line 1",1
3074,"Syntax Error: Unknown character ã at '0:0:12'.     |     n > θ / :{ _ã, _ẽ, _õ }:     |                 ^     @ Rule 1, Line 1",1
3075,"Syntax Error: Expected '>', '->' or '=>', but received 'ʲ'     |     Lʲ > θ, n / _V:[+nas -stress]     |      ^     @ Rule 1, Line 1",1
3076,"Syntax Error: Unknown character ũ at '0:0:0'.     |     ũ > ã / stressed     |     ^     @ Rule 1, Line 1",1
3077,"Syntax Error: Expected ',', but received 'r'     |     { pr, sr, tʲr, kr } > { bθ, sn, ʃn, ɡθ }     |        ^     @ Rule 1, Line 1",1
3078,"Syntax Error: Expected end of line, received ':'. Did you forget a '/' between the output and environment?     |     t > t͡s / _:[+front]     |                ^     @ Rule 1, Line 1",1
3079,"Syntax Error: Expected end of line, received '('. Did you forget a '/' between the output and environment?     |     {ç,x} > z (sporadic)     |               ^     @ Rule 1, Line 1",1
3080,"Syntax Error: Unknown character ã at '0:0:12'.     |     n > ð / :{ _ã, _ẽ, _õ }:     |                 ^     @ Rule 1, Line 1",1
3081,"Syntax Error: Expected '>', '->' or '=>', but received 'ʲ'     |     Lʲ > ð / _V:[+nas -stress]     |      ^     @ Rule 1, Line 1",1
3082,"Syntax Error: Expected ',', but received 'r'     |     { pr, sr, tʲr, kr } > { bð, st͡s, ʃd, ɡð }     |        ^     @ Rule 1, Line 1",1
3083,"Syntax Error: Expected ',', but received 'n'     |     { sn, mt } > { hn, d }     |        ^     @ Rule 1, Line 1",1
3084,"Syntax Error: Unknown character ( at '0:0:3'.     |     xk > (ʃ)k / _V     |        ^     @ Rule 1, Line 1",1
3085,"Syntax Error: Expected end of line, received '('. Did you forget a '/' between the output and environment?     |     x > ʒ (*)     |           ^     @ Rule 1, Line 1",1
3086,"Syntax Error: Unknown character õ at '0:0:11'.     |     Lʲ > j / #_õ (*)     |                ^     @ Rule 1, Line 1",1
3087,"Syntax Error: Unknown character ã at '0:0:11'.     |     Lʲ > t / #_ã (*)     |                ^     @ Rule 1, Line 1",1
3088,"Syntax Error: Unknown character ã at '0:0:0'.     |     ã > õ (*)     |     ^     @ Rule 1, Line 1",1
3089,"Syntax Error: Unknown character ũ at '0:0:0'.     |     ũ > ã / stressed (*)     |     ^     @ Rule 1, Line 1",1
3090,"Syntax Error: Expected an IPA character, Primative or Matrix, but received '*'     |     m > ∅ / #_n (in morphemes) (*)     |                                 ^     @ Rule 1, Line 1",1
3091,"Syntax Error: Expected ',', but received 'ʲ'     |     { tʲ, Lʲ } > { t͡ʃ, j }     |            ^     @ Rule 1, Line 1",1
3092,"Syntax Error: Expected '_', but received ','     |     p > w / V_V, apparently as a result of some dissimilation, as this appears to be an allophone of /p/ here, II%C     |                                                              ^     @ Rule 1, Line 1",1
3093,"Syntax Error: Unknown character ã at '0:0:0'.     |     ã > an (sporadic)     |     ^     @ Rule 1, Line 1",1
3094,"Syntax Error: Cannot have nested brackets of the same type     |     { s, {ç,x} } > { f, s }     |          ^     @ Rule 1, Line 1",1
3095,"Syntax Error: Unknown character ã at '0:0:0'.     |     ã > an, õ     |     ^     @ Rule 1, Line 1",1
3096,"Syntax Error: Expected ',', but received 'r'     |     { sr, kr } > { ft, kVlV }     |        ^     @ Rule 1, Line 1",1
3097,"Syntax Error: Cannot have nested brackets of the same type     |     { {f,v}, {m,b} } > { pʰ, b }     |       ^     @ Rule 1, Line 1",1
3098,"Syntax Error: Cannot have nested brackets of the same type     |     { pl, b{l,r} } > { v, pʲ }     |            ^     @ Rule 1, Line 1",1
3099,"Syntax Error: Unknown character ̊ at '0:0:1'.     |     ŋ̊ > h     |      ^     @ Rule 1, Line 1",1
3100,"Syntax Error: Cannot have nested brackets of the same type     |     { xʷ, [+ cons, - fr, + bk, + hi, - lo]ʷ } > { {kʰ,x}, [+ cons, - fr, + bk, + hi, - lo]ʷ }     |                                                   ^     @ Rule 1, Line 1",1
3101,"Syntax Error: Unknown character ̊ at '0:0:1'.     |     ɲ̊ > j     |      ^     @ Rule 1, Line 1",1
3102,"Syntax Error: Cannot have nested brackets of the same type     |     { pr, b{l,r}, vr } > { v, bʲ, d }     |            ^     @ Rule 1, Line 1",1
3103,"Syntax Error: Expected '_', but received ','     |     { ɓ, ɗ } > { b, d } / ,r} // _{l     |                           ^     @ Rule 1, Line 1",1
3104,"Syntax Error: Expected '_', but received ','     |     {l,r} > ∅ / n,ɗ_     |                  ^     @ Rule 1, Line 1",1
3105,"Syntax Error: Expected end of line, received '('. Did you forget a '/' between the output and environment?     |     tr > tʰ(r)_     |            ^     @ Rule 1, Line 1",1
3106,"Syntax Error: Cannot have nested brackets of the same type     |     { kl, kr } > { {kʲ,t͡ʃ}, kʰj }     |                    ^     @ Rule 1, Line 1",1
3107,"Syntax Error: Cannot have nested brackets of the same type     |     { xʷ, ɣʷ } > { kʷʰ, {v,w} }     |                         ^     @ Rule 1, Line 1",1
3108,"Syntax Error: Unknown character ı at '0:0:5'.     |     iə > ı̆ / _C%     |          ^     @ Rule 1, Line 1",1
3109,"Syntax Error: Expected ',', but received 'i'     |     { ɛi, ei } > { ai, i:[+long] }     |        ^     @ Rule 1, Line 1",1
3110,"Syntax Error: Cannot have nested brackets of the same type     |     { {r,s,z}, t͡ʃʰ, d͡ʒ } > { ɬ, ʃ, t͡ʃ }     |       ^     @ Rule 1, Line 1",1
3111,"Syntax Error: Unknown character ̆ at '0:0:6'.     |     ɨə > ɨ̆ / _C%     |           ^     @ Rule 1, Line 1",1
3112,"Syntax Error: Unknown character ̆ at '0:0:3'.     |     { ɨ̆, i̯o } > { u, ə }     |        ^     @ Rule 1, Line 1",1
3113,"Syntax Error: Unknown character ŭ at '0:0:5'.     |     uə > ŭ     |          ^     @ Rule 1, Line 1",1
3114,"Syntax Error: Cannot have nested brackets of the same type     |     { u̯ɨ, u̯o } > { {ɨ,ə}, u }     |                      ^     @ Rule 1, Line 1",1
3115,"Syntax Error: Cannot have nested brackets of the same type     |     { o, {u̯ɔ,ɨɔ,ɔ} } > { u, o:[+long] }     |          ^     @ Rule 1, Line 1",1
3116,"Syntax Error: Expected an IPA character, Primative or Matrix, but received '('     |     {(i)ɛ,i̯ɛ} > e:[+long]     |      ^     @ Rule 1, Line 1",1
3117,"Syntax Error: Expected ',', but received 'ɔ'     |     { uɔ, ɨ̯ɔ } > { o:[+long], ɨ }     |        ^     @ Rule 1, Line 1",1
3118,"Syntax Error: Cannot have nested brackets of the same type     |     { {ɨo̯,ɨa̯,ɨe̯}, ie̯ } > { ɨ:[+long], i:[+long] }     |       ^     @ Rule 1, Line 1",1
3119,"Syntax Error: Expected ',', but received 'ɨ'     |     {uɨ̯,ua̯,ue̯} > u:[+long]     |       ^     @ Rule 1, Line 1",1
3120,"Syntax Error: Expected '_', but received ''     |     a > a:[+long] / _u,i     |                         ^     @ Rule 1, Line 1",1
3121,"Syntax Error: Expected ',', but received 'ɨ'     |     {ɛɨ,eɨ} > aɨ     |       ^     @ Rule 1, Line 1",1
3122,"Syntax Error: Cannot have nested brackets of the same type     |     { {uəi,uai}, iau } > { u:[+long]i, e:[+long]u }     |       ^     @ Rule 1, Line 1",1
3123,"Syntax Error: Cannot have nested brackets of the same type     |     { t͡ʃ, t͡ʃʰ, d͡ʒ } > { ʃ, t͡sʰ, {ʃ,t͡ʃ} }     |                                     ^     @ Rule 1, Line 1",1
3124,"Syntax Error: Cannot have nested brackets of the same type     |     { t͡ʃ, d͡ʒ } > { {x,t}, t͡ʃ }     |                      ^     @ Rule 1, Line 1",1
3125,"Syntax Error: Options can only be used in Environments or Structures     |     (ʔ)j > ʒ     |     ^^^     @ Rule 1, Line 1",1
3126,"Syntax Error: Expected ',', but received 'i'     |     { i, i:[+long], u } > { ə, ei, oʊ̯ }     |                                 ^     @ Rule 1, Line 1",1
3127,"Syntax Error: Expected an IPA character, Primative or Matrix, but received 'ʰ'     |     l > ∅ / p(ʰ),b_:[+front]     |               ^     @ Rule 1, Line 1",1
3128,"Syntax Error: Expected an IPA character, Primative or Matrix, but received 'ʰ'     |     l > j / p(ʰ),b_V     |               ^     @ Rule 1, Line 1",1
3129,"Syntax Error: Cannot have nested brackets of the same type     |     { {pʰ,b}, ɓ, {tʰ,d}, ɗ, {kʰ,ɡ}, {kʷʰ,ɡ} } > { p, b, t, d, k, kʷ }     |       ^     @ Rule 1, Line 1",1
3130,"Syntax Error: Cannot have nested brackets of the same type     |     { mʷ, f } > { f, {f,v,w,h} }     |                      ^     @ Rule 1, Line 1",1
3131,"Syntax Error: Expected ',', but received '('     |     {t͡ʃ(ʰ),d͡ʒ} > ʃ     |         ^     @ Rule 1, Line 1",1
3132,"Syntax Error: Unknown character ̆ at '0:0:1'.     |     ɨ̆ > a / _[+ cons, - fr, + bk, + hi, - lo]     |      ^     @ Rule 1, Line 1",1
3133,"Syntax Error: Expected ',', but received 'u'     |     {ɨ̯u,i̯ɛ} > ɨə̯~ɨa̯ / _%     |        ^     @ Rule 1, Line 1",1
3134,"Syntax Error: Expected ',', but received 'o'     |     { u̯o, i̯o } > { u, o }     |         ^     @ Rule 1, Line 1",1
3135,"Syntax Error: Expected end of line, received '~'. Did you forget a '/' between the output and environment?     |     ɨ̯a > ɨa̯~ɨə̯     |              ^     @ Rule 1, Line 1",1
3136,"Syntax Error: Expected ',', but received 'ɔ'     |     {u̯ɔ,u̯a} > ua~uə     |        ^     @ Rule 1, Line 1",1
3137,"Syntax Error: Expected end of line, received '~'. Did you forget a '/' between the output and environment?     |     ɨ̯ɔ > ɨa~ɨə     |             ^     @ Rule 1, Line 1",1
3138,"Syntax Error: Expected ',', but received 'ɨ'     |     { uɨ̯, ua̯ } > { ɨə, uɔ̯ }     |        ^     @ Rule 1, Line 1",1
3139,"Syntax Error: Expected ',', but received 'ə'     |     { ɨə, uɔ̯ } > { ɨ:[+long], ɔ:[+long] }     |        ^     @ Rule 1, Line 1",1
3140,"Syntax Error: Expected ',', but received 'i'     |     { ɛi, ei } > { ai, əi }     |        ^     @ Rule 1, Line 1",1
3141,"Syntax Error: Expected end of line, received '('. Did you forget a '/' between the output and environment?     |     v > w (possibly a conservation with other languages changing *w to v?)     |           ^     @ Rule 1, Line 1",1
3142,"Syntax Error: Unknown character ̆ at '0:0:1'.     |     ɨ̆ə > ɨ̆ / _C%     |      ^     @ Rule 1, Line 1",1
3143,"Syntax Error: Unknown character ̆ at '0:0:1'.     |     ɨ̆ > ə     |      ^     @ Rule 1, Line 1",1
3144,"Syntax Error: Expected end of line, received '>'. Did you forget a '/' between the output and environment?     |     ɨə̯~ɨa̯ > ɨ:[+long] / _%     |             ^     @ Rule 1, Line 1",1
3145,"Syntax Error: Expected end of line, received '>'. Did you forget a '/' between the output and environment?     |     ɨə̯~ɨa̯ > ɨ / _C%     |             ^     @ Rule 1, Line 1",1
3146,"Syntax Error: Unknown character ı at '0:0:25'.     |     { ɛ, iɛ } > { e:[+long], ı̆ }     |                              ^     @ Rule 1, Line 1",1
3147,"Syntax Error: Expected '>', '->' or '=>', but received 'ʷ'     |     Cʷə > Cɔ     |      ^     @ Rule 1, Line 1",1
3148,"Runtime Error: A Set in output must have a matching Set in input     |     ə > {a,ɒ,ɑ,ʌ} ?     |         ^^^^^^^^^     @ Rule 1, Line 1",1
3149,"Syntax Error: Expected end of line, received '>'. Did you forget a '/' between the output and environment?     |     ɨa̯~ɨə̯ > i:[+long] / j_     |             ^     @ Rule 1, Line 1",1
3150,"Syntax Error: Expected end of line, received '>'. Did you forget a '/' between the output and environment?     |     ɨa̯~ɨə̯ > ɨ:[+long]     |             ^     @ Rule 1, Line 1",1
3151,"Syntax Error: Expected end of line, received '>'. Did you forget a '/' between the output and environment?     |     ua~uə > u:[+long]     |           ^     @ Rule 1, Line 1",1
3152,"Syntax Error: Unknown character @ at '0:0:4'.     |     ua~u@̯ > u:[+long]     |         ^     @ Rule 1, Line 1",1
3153,"Syntax Error: Expected end of line, received '>'. Did you forget a '/' between the output and environment?     |     ɨ̯a~ɨə > ɨ:[+long]     |            ^     @ Rule 1, Line 1",1
3154,"Syntax Error: Expected ',', but received 'o'     |     { ɨo̯, ɨa̯, ie̯, ɨe̯ } > { u:[+long], a:[+long], e:[+long], i:[+long] }     |        ^     @ Rule 1, Line 1",1
3155,"Syntax Error: Expected ',', but received 'i'     |     {əi,ɛi,ei} > ai     |       ^     @ Rule 1, Line 1",1
3156,"Syntax Error: Expected ',', but received 'ə'     |     { u̯əi, ɔi } > { ʷi:[+long], o:[+long]i }     |         ^     @ Rule 1, Line 1",1
3157,"Syntax Error: Expected ',', but received 'i'     |     {ɛi,ei} > ɨ:[+long]     |       ^     @ Rule 1, Line 1",1
3158,"Syntax Error: Expected ',', but received 'u'     |     {ou,oɨ} > o:[+long]     |       ^     @ Rule 1, Line 1",1
3159,"Syntax Error: Expected ',', but received 'ə'     |     { uəi, uai, iau } > { i:[+long], o:[+long]i, e:[+long]u }     |        ^     @ Rule 1, Line 1",1
3160,"Syntax Error: Expected end of line, received '('. Did you forget a '/' between the output and environment?     |     p > p(ʰ)     |          ^     @ Rule 1, Line 1",1
3161,"Syntax Error: Expected an IPA character, Primative or Matrix, but received 'ʰ'     |     l > ∅ / :{ p_, k(ʰ)_, ŋ_ }:     |                      ^     @ Rule 1, Line 1",1
3162,"Syntax Error: Expected '_', but received ','     |     {l,r} > ∅ / t,ɗ_     |                  ^     @ Rule 1, Line 1",1
3163,"Syntax Error: Expected ',', but received 'l'     |     { tʰl, tʰr } > { tʰ, r̥ }     |         ^     @ Rule 1, Line 1",1
3164,"Syntax Error: Unknown character ı at '0:0:5'.     |     iə > ı̆ / _C% (not in all languages)     |          ^     @ Rule 1, Line 1",1
3165,"Syntax Error: Expected ',', but received 'l'     |     { bl, br } > { p, pʰ }     |        ^     @ Rule 1, Line 1",1
3166,"Syntax Error: Expected '_', but received ''     |     r̥ > r̥ / literary     |                       ^     @ Rule 1, Line 1",1
3167,"Syntax Error: Expected ',', but received 'l'     |     { ɡl, ɡr } > { k, kʰ }     |        ^     @ Rule 1, Line 1",1
3168,"Syntax Error: Cannot have nested brackets of the same type     |     { {kʰ,ɣ}, ɡ } > { x, k }     |       ^     @ Rule 1, Line 1",1
3169,"Syntax Error: Cannot have nested brackets of the same type     |     { {uɨ̯,ua̯,ue̯}, {ɨa̯,ɨe̯}, ie̯ } > { o, ə, e }     |       ^     @ Rule 1, Line 1",1
3170,"Syntax Error: Cannot have nested brackets of the same type     |     { ŋ, ɡ, ɣ } > { {h,ʃ}, kʰ, ɡ }     |                     ^     @ Rule 1, Line 1",1
3171,"Syntax Error: Cannot have nested brackets of the same type     |     { u{o,ə}, ɨu } > { u:[+long], ɨ:[+long] }     |        ^     @ Rule 1, Line 1",1
3172,"Syntax Error: Cannot have nested brackets of the same type     |     { {u̯o,u̯ɨ}, u̯ɔ } > { o, ɔ:[+long] }     |       ^     @ Rule 1, Line 1",1
3173,"Syntax Error: Expected ',', but received 'u'     |     { ɨ̯u, i̯o } > { u:[+long], u }     |         ^     @ Rule 1, Line 1",1
3174,"Syntax Error: Expected an IPA character, Primative or Matrix, but received '('     |     {(i)ɛ,i̯ɛ} > ɛ:[+long]     |      ^     @ Rule 1, Line 1",1
3175,"Syntax Error: Expected ',', but received 'ɔ'     |     {ɨɔ,ɨ̯ɔ} > ɔ:[+long]     |       ^     @ Rule 1, Line 1",1
3176,"Syntax Error: Expected ',', but received 'ə'     |     {u̯əi,ɔi} > ɔ:[+long]i     |        ^     @ Rule 1, Line 1",1
3177,"Syntax Error: Expected ',', but received 'ɨ'     |     {ɛɨ,eɨ} > ai     |       ^     @ Rule 1, Line 1",1
3178,"Syntax Error: Cannot have nested brackets of the same type     |     { {o,ə}, ɛ } > { a, ɛ:[+long] } / _u     |       ^     @ Rule 1, Line 1",1
3179,"Syntax Error: Expected ',', but received 'ə'     |     { ɨ̯əu, au } > { au, a:[+long]u }     |         ^     @ Rule 1, Line 1",1
3180,"Syntax Error: Expected ',', but received 'l'     |     { ɡ, ɡl } > { k, t͡ʃ }     |           ^     @ Rule 1, Line 1",1
3181,"Syntax Error: Cannot have nested brackets of the same type     |     { {kʰ,ɣ}, ɡ, ɡ{l,r} } > { x, k, t͡ʃ }     |       ^     @ Rule 1, Line 1",1
3182,"Syntax Error: Cannot have nested brackets of the same type     |     { x, {ɬ,t͡ɬ} } > { h, j }     |          ^     @ Rule 1, Line 1",1
3183,"Syntax Error: Unknown feature 'creaky' at 0:5-12. Did you mean delay?      |     { V:[+creaky, voice] } > { V:[-creaky, voice] }     |          ^^^^^^^     @ Rule 1, Line 1",1
3184,"Syntax Error: Unknown character ṵ at '0:0:17'.     |     { o, o̰ } > { u, ṵ }     |                      ^     @ Rule 1, Line 1",1
3185,"Syntax Error: Cannot have nested brackets of the same type     |     { {ə,ɔ}, {ə̰,ɔ̰} } > { a, a̰ }     |       ^     @ Rule 1, Line 1",1
3186,"Syntax Error: Unknown character ḛ at '0:0:7'.     |     {e,ɨ} {ḛ ɨ̰} > i ḭ     |            ^     @ Rule 1, Line 1",1
3187,"Syntax Error: Cannot have nested brackets of the same type     |     { t, k, ŋ } > { {l,t}, {h,k}, n } / #_     |                     ^     @ Rule 1, Line 1",1
3188,"Syntax Error: Cannot have nested brackets of the same type     |     { p, k, ⁿd } > { β, {h,k}, nʲ } / V_V     |                         ^     @ Rule 1, Line 1",1
3189,"Syntax Error: Cannot have nested brackets of the same type     |     { e, u, i } > { a, {u,ɨ}, {i,ɨ} }     |                        ^     @ Rule 1, Line 1",1
3190,"Runtime Error: A Set in output must have a matching Set in input     |     s > {t,s} / #_     |         ^^^^^     @ Rule 1, Line 1",1
3191,"Syntax Error: Cannot have nested brackets of the same type     |     { p, t, nʲ } > { {t,r}, {r,s,t}, s } / _#     |                      ^     @ Rule 1, Line 1",1
3192,"Syntax Error: Cannot have nested brackets of the same type     |     { ᵐb, ⁿd, ᵑɡ, nʲ } > { {p,ᵐb}, {ⁿd,z}, k, z } / V_V     |                            ^     @ Rule 1, Line 1",1
3193,"Syntax Error: Cannot have nested brackets of the same type     |     { {p,ᵐb}, ŋɡ } > { b, ɡ } / #_     |       ^     @ Rule 1, Line 1",1
3194,"Syntax Error: Cannot have nested brackets of the same type     |     { u, a } > { {u,o,y}, {a,o} }     |                  ^     @ Rule 1, Line 1",1
3195,"Syntax Error: Unknown feature 'samePO' at 0:7-15. Did you mean spread?      |     N > N:[+same PO:[+affricate]] / _S     |            ^^^^^^^^     @ Rule 1, Line 1",1
3196,"Syntax Error: Cannot have nested brackets of the same type     |     { ʔ{l,d}, ʔɡ } > { t, k }     |        ^     @ Rule 1, Line 1",1
3197,"Syntax Error: Expected '_', but received ''     |     ʔ > n / before modal suffixes     |                                  ^     @ Rule 1, Line 1",1
3198,"Syntax Error: Cannot have nested brackets of the same type     |     { Nw, Nm, N{n,j} } > { ŋk, mp, nt }     |                ^     @ Rule 1, Line 1",1
3199,"Syntax Error: Expected ',', but received 'b'     |     { m, n } > { mb, nd } / #_     |                   ^     @ Rule 1, Line 1",1
3200,"Syntax Error: Expected ',', but received 'v'     |     { ʔv, ʔm, ʔɡ, ʔr } > { t, p, k, v }     |        ^     @ Rule 1, Line 1",1
3201,"Syntax Error: Cannot have nested brackets of the same type     |     { ʔv, ʔm, ʔɡ, ʔr, ʔh } > { p, b, k, t, {s,f} }     |                                            ^     @ Rule 1, Line 1",1
3202,"Syntax Error: Unknown feature 'lowtone' at 0:3-12. Did you mean contin?      |     V:[+low tone] > ∅ / C_hV:[+high tone]     |        ^^^^^^^^^     @ Rule 1, Line 1",1
3203,"Syntax Error: Unknown feature 'lowtone' at 0:3-12. Did you mean contin?      |     V:[+low tone] > ∅ / C_CV:[+high tone] if both vowels are the same     |        ^^^^^^^^^     @ Rule 1, Line 1",1
3204,"Syntax Error: Expected ',', but received 'ŋ'     |     { ʔŋɡ, ʔd } > { ŋk, t }     |        ^     @ Rule 1, Line 1",1
3205,"Syntax Error: Unknown feature 'samePO' at 0:6-14. Did you mean spread?      |     N > :[+same PO:[+affricate]] / _C     |           ^^^^^^^^     @ Rule 1, Line 1",1
3206,"Syntax Error: Expected end of line, received '('. Did you forget a '/' between the output and environment?     |     N{w,d,r} nʲ > ŋk nt (not sure if *nʲ is supposed to be *ɲɟ)     |                         ^     @ Rule 1, Line 1",1
3207,"Syntax Error: Expected ',', but received 'w'     |     { ʔw, ʔb, ʔd, ʔɡ } > { m, p, t, k }     |        ^     @ Rule 1, Line 1",1
3208,"Syntax Error: Expected ',', but received 'r'     |     { nʷ, nr } > { mb, nd }     |            ^     @ Rule 1, Line 1",1
3209,"Syntax Error: Unknown grouping 'Y'. Known groupings are (C)onsonant, (O)bstruent, (S)onorant, (P)losive, (F)ricative, (L)iquid, (N)asal, (G)lide, and (V)owel     |     {P:[+voice],Y} > ∅ / _n     |                 ^     @ Rule 1, Line 1",1
3210,"Syntax Error: Unknown grouping 'Y'. Known groupings are (C)onsonant, (O)bstruent, (S)onorant, (P)losive, (F)ricative, (L)iquid, (N)asal, (G)lide, and (V)owel     |     { YO:[+voice], YO:[-voice] } > { Y, t }     |       ^     @ Rule 1, Line 1",1
3211,"Syntax Error: Expected ',', but received 'O'     |     { P:[+voice]O:[+voice], P:[+voice]O:[-voice] } > { nd, nt }     |                 ^     @ Rule 1, Line 1",1
3212,"Syntax Error: Cannot have nested brackets of the same type     |     { N{w,r}, Nj } > { ʔk, ʔt }     |        ^     @ Rule 1, Line 1",1
3213,"Syntax Error: Cannot have nested brackets of the same type     |     { k, ᵐb, ⁿd } > { {k,h}, b, {s,t} } / #_     |                       ^     @ Rule 1, Line 1",1
3214,"Syntax Error: Cannot have nested brackets of the same type     |     { ᵐb, ⁿd } > { {ᵐb,p}, s } / V_V     |                    ^     @ Rule 1, Line 1",1
3215,"Syntax Error: Cannot have nested brackets of the same type     |     { u, a } > { {u,ɔ}, {ɔ,a} }     |                  ^     @ Rule 1, Line 1",1
3216,"Syntax Error: Cannot have nested brackets of the same type     |     { t, k, ᵐb } > { {s,t}, {ɡ,∅}, {b,p} } / #_     |                      ^     @ Rule 1, Line 1",1
3217,"Syntax Error: Cannot have nested brackets of the same type     |     { t, ᵐb, ⁿd, {k,ᵑɡ}, nʲ } > { {r,t}, p, {d,t}, ɡ, r } / V_V     |                  ^     @ Rule 1, Line 1",1
3218,"Syntax Error: Cannot have nested brackets of the same type     |     { u, i } > { {u,o}, {i,e} }     |                  ^     @ Rule 1, Line 1",1
3219,"Syntax Error: Cannot have nested brackets of the same type     |     { ᵐb, ⁿd, s } > { b, {s,t}, {t,s} } / #_     |                          ^     @ Rule 1, Line 1",1
3220,"Syntax Error: Cannot have nested brackets of the same type     |     { t, ᵐb, nʲ, s } > { r, {b,p}, ⁿd, {s,d} } / V_V     |                             ^     @ Rule 1, Line 1",1
3221,"Syntax Error: Can't have segments after the end of a word     |     t > t / _# (?)     |              ^     @ Rule 1, Line 1",1
3222,"Syntax Error: Cannot have nested brackets of the same type     |     { u, o, a, e } > { {u,ɔ}, {o,ɔ}, {a,ɔ}, {e,o} }     |                        ^     @ Rule 1, Line 1",1
3223,"Syntax Error: Expected '_', but received ''     |     ŋ > k / _#, in latives     |                           ^     @ Rule 1, Line 1",1
3224,"Syntax Error: Expected ',', but received 'w'     |     { iw, ow } > { y, u:[+long] } / _(C) (*)     |        ^     @ Rule 1, Line 1",1
3225,"Syntax Error: Unknown character @ at '0:0:4'.     |     x > @ / _C     |         ^     @ Rule 1, Line 1",1
3226,"Syntax Error: Expected ',', but received '('     |     { ɤ(:[+long]?), ɑ:[+long], æ:[+long] } > { ɑ(:[+long]?), o:[+long], e:[+long] } / stressed     |        ^     @ Rule 1, Line 1",1
3227,"Syntax Error: Unknown character ê at '0:0:13'.     |     a > æ / {a,e,ê,i,y}(X)(C)(C)_, when unstressed     |                  ^     @ Rule 1, Line 1",1
3228,"Syntax Error: Unknown feature 'affricate' at 0:1-11. Did you mean stridnt?      |     [+affricate]w > o / unstressed (possibly analogical)     |      ^^^^^^^^^^     @ Rule 1, Line 1",1
3229,"Syntax Error: Expected '_', but received ''     |     i > e / _C, when unstressed     |                                ^     @ Rule 1, Line 1",1
3230,"Syntax Error: Expected '_', but received ''     |     iw > u / unstressed     |                        ^     @ Rule 1, Line 1",1
3231,"Syntax Error: Unknown character ê at '0:0:2'.     |     { ê, ô } > { e, o } / _(X)Ci     |       ^     @ Rule 1, Line 1",1
3232,"Syntax Error: Unknown character ê at '0:0:0'.     |     ê > y / _(X)C:[+affricate]     |     ^     @ Rule 1, Line 1",1
3233,"Syntax Error: Unknown character ô at '0:0:0'.     |     ô > ɯ / _(X)C:[+affricate]     |     ^     @ Rule 1, Line 1",1
3234,"Syntax Error: Unknown feature 'affricate' at 0:15-25. Did you mean stridnt?      |     ɯ > i / _(X)C:[+affricate]     |                    ^^^^^^^^^^     @ Rule 1, Line 1",1
3235,"Syntax Error: Expected '_', but received ''     |     ej > i / unstressed     |                        ^     @ Rule 1, Line 1",1
3236,"Syntax Error: Expected '_', but received ''     |     æ > e / _j, unstressed     |                           ^     @ Rule 1, Line 1",1
3237,"Syntax Error: Unknown grouping 'X'. Known groupings are (C)onsonant, (O)bstruent, (S)onorant, (P)losive, (F)ricative, (L)iquid, (N)asal, (G)lide, and (V)owel     |     ɑ > e / {o,u}(X)C_j     |                   ^     @ Rule 1, Line 1",1
3238,"Syntax Error: Unknown grouping 'X'. Known groupings are (C)onsonant, (O)bstruent, (S)onorant, (P)losive, (F)ricative, (L)iquid, (N)asal, (G)lide, and (V)owel     |     ɑ > o / {a,e,i}(X)C_j     |                     ^     @ Rule 1, Line 1",1
3239,"Syntax Error: Expected ',', but received 'x'     |     { ixi, uxu } > { ø:[+long], o:[+long] }     |        ^     @ Rule 1, Line 1",1
3240,"Syntax Error: Unknown character @ at '0:0:5'.     |     xi > @     |          ^     @ Rule 1, Line 1",1
3241,"Syntax Error: Unknown grouping 'I'. Known groupings are (C)onsonant, (O)bstruent, (S)onorant, (P)losive, (F)ricative, (L)iquid, (N)asal, (G)lide, and (V)owel     |     x > j / :{ I_C, :[+front]_C }:     |                ^     @ Rule 1, Line 1",1
3242,"Syntax Error: Unknown feature 'affricate' at 0:6-16. Did you mean stridnt?      |     { %ŋ:[+affricate], eŋi } > { O:[+long], ø:[+long] }     |           ^^^^^^^^^^     @ Rule 1, Line 1",1
3243,"Syntax Error: Unknown character @ at '0:0:5'.     |     ŋi > @ / V_     |          ^     @ Rule 1, Line 1",1
3244,"Syntax Error: Expected end of line, received 'ʲ'. Did you forget a '/' between the output and environment?     |     ŋ > j / _Cʲ (possibly _F instead?)     |               ^     @ Rule 1, Line 1",1
3245,"Syntax Error: Unknown feature 'affricate' at 0:13-23. Did you mean stridnt?      |     ŋ > w / :{ _[+affricate], _O, _% }:     |                  ^^^^^^^^^^     @ Rule 1, Line 1",1
3246,"Syntax Error: Expected end of line, received '('. Did you forget a '/' between the output and environment?     |     uwa > o:[+long] (*)     |                     ^     @ Rule 1, Line 1",1
3247,"Syntax Error: Expected ',', but received 'w'     |     { %wi, ewi } > { o:[+long], ø:[+long] }     |        ^     @ Rule 1, Line 1",1
3248,"Syntax Error: Unknown grouping 'I'. Known groupings are (C)onsonant, (O)bstruent, (S)onorant, (P)losive, (F)ricative, (L)iquid, (N)asal, (G)lide, and (V)owel     |     wI > i     |      ^     @ Rule 1, Line 1",1
3249,"Syntax Error: Expected '_', but received ''     |     ji > O / {i,e,y}     |                     ^     @ Rule 1, Line 1",1
3250,"Syntax Error: Unknown feature 'affricate' at 0:9-19. Did you mean stridnt?      |     i > ∅ / [+affricate]j_#     |              ^^^^^^^^^^     @ Rule 1, Line 1",1
3251,"Syntax Error: Expected end of line, received '('. Did you forget a '/' between the output and environment?     |     ø:[+long] > jø (?)     |                    ^     @ Rule 1, Line 1",1
3252,"Syntax Error: Expected ',', but received 'w'     |     { uw, ij } > { ow, ej } / _C     |        ^     @ Rule 1, Line 1",1
3253,"Syntax Error: Cannot have nested brackets of the same type     |     { ðʲ, sʲ, {, t͡sʲ,, t͡sʲ:[+long], }, lʲ } > { ð, s, {, t͡s,, t͡s:[+long], }, l }     |               ^     @ Rule 1, Line 1",1
3254,"Syntax Error: Expected an IPA character, Primative or Matrix, but received '*'     |     w > ∅ / o_st (*)     |                   ^     @ Rule 1, Line 1",1
3255,"Syntax Error: Expected '_', but received ''     |     t͡ʃ > t͡s / _k, in South:[+front]stonian     |                                             ^     @ Rule 1, Line 1",1
3256,"Syntax Error: Expected '->', but received -'L' at 0:0:15     |     tk > k / in Pre-Livonian (?)     |                    ^     @ Rule 1, Line 1",1
3257,"Syntax Error: Expected '_', but received ''     |     t > t͡s / _i // following a coronal obstruent or before a derivational suffix     |                                                                                  ^     @ Rule 1, Line 1",1
3258,"Syntax Error: Expected '_', but received ''     |     tʲ > t͡s // following a coronal obstruent or before a derivational suffix     |                                                                              ^     @ Rule 1, Line 1",1
3259,"Runtime Error: Blank syllables cannot be used in substitution output.     |     { j, w } > { i, % } / :{ V_C, V_# }:     |                     ^     @ Rule 1, Line 1",1
3260,"Syntax Error: Unknown character ˑ at '0:0:54'.     |     { p:[+long], t:[+long], t͡s:[+long], k:[+long] } > { pˑ, tˑ, t͡sˑ, kˑ }     |                                                           ^     @ Rule 1, Line 1",1
3261,"Syntax Error: Expected end of line, received '~'. Did you forget a '/' between the output and environment?     |     ɣ > j~ʋ     |          ^     @ Rule 1, Line 1",1
3262,"Syntax Error: Expected an IPA character, Primative or Matrix, but received '*'     |     j > ∅ / _i (*)     |                 ^     @ Rule 1, Line 1",1
3263,"Runtime Error: Grouped Environments cannot (yet) be used in insertion rules     |     ∅ > ʋ / :{ #_y:[+long], #_ø:[+long], #_o:[+long] }:     |             ^^^^^^^^^^^^^^^^^^^^^^^^^^^^^^^^^^^^^^^^^^^     @ Rule 1, Line 1",1
3264,"Syntax Error: Expected '_', but received ''     |     oi > o / unstressed     |                        ^     @ Rule 1, Line 1",1
3265,"Syntax Error: Cannot have nested brackets of the same type     |     { {kt,pt}, {kt͡s,pt͡s} } > { t:[+long], t:[+long]s }     |       ^     @ Rule 1, Line 1",1
3266,"Syntax Error: Expected end of line, received '('. Did you forget a '/' between the output and environment?     |     xk > k:[+long] (even across word boundaries)     |                    ^     @ Rule 1, Line 1",1
3267,"Syntax Error: Options can only be used in Environments or Structures     |     ({ t, t:[+long] })sn kx(tx) rn ln > s:[+long] x:[+long] r:[+long] l:[+long]     |     ^^^^^^^^^^^^^^^^^^     @ Rule 1, Line 1",1
3268,"Syntax Error: Cannot have nested brackets of the same type     |     { {p,t,k}({p,t,k})n, {p,t,k}({p,t,k})m } > { n:[+long], m:[+long] }     |       ^     @ Rule 1, Line 1",1
3269,"Syntax Error: Cannot have nested brackets of the same type     |     { {ks,nt͡s}, nt } > { s, t } / _#     |       ^     @ Rule 1, Line 1",1
3270,"Syntax Error: Unknown character ˑ at '0:0:10'.     |     { t͡s, t͡sˑ, t͡s:[+long] } > { s, θˑ, θ:[+long] }     |               ^     @ Rule 1, Line 1",1
3271,"Syntax Error: Cannot have nested brackets of the same type     |     {{ z,x, z,x:[+long] }} > h     |      ^     @ Rule 1, Line 1",1
3272,"Syntax Error: Unknown character @ at '0:0:4'.     |     e > @ / h_ (suffixal)     |         ^     @ Rule 1, Line 1",1
3273,"Syntax Error: Expected ',', but received 'e'     |     { e:[+long], ø:[+long], o:[+long] } > { ie, yø, uo }     |                                              ^     @ Rule 1, Line 1",1
3274,"Syntax Error: Unknown character ˑ at '0:0:3'.     |     { pˑ, tˑ, θˑ, kˑ } > { p, t, θ, k }     |        ^     @ Rule 1, Line 1",1
3275,"Syntax Error: Expected '_', but received ''     |     j > i / C_, when initial in a suffix     |                                         ^     @ Rule 1, Line 1",1
3276,"Syntax Error: Expected '->', but received -'m' at 0:0:34     |     Vh > hV / :{ j_# (also some double-metathesis triggered by the condition of being m_ ?), v_# (also some double-metathesis triggered by the condition of being m_ ?), n_# (also some double-metathesis triggered by the condition of being m_ ?), r_# (also some double-metathesis triggered by the condition of being m_ ?), l_# (also some double-metathesis triggered by the condition of being m_ ?) }:     |                                       ^     @ Rule 1, Line 1",1
3277,"Syntax Error: Unknown character ˟ at '0:0:8'.     |     {k,x} > ˟ / _#     |             ^     @ Rule 1, Line 1",1
3278,"Syntax Error: Unknown feature 'affricate' at 0:12-22. Did you mean stridnt?      |     t > z / _r{[+affricate],O}     |                 ^^^^^^^^^^     @ Rule 1, Line 1",1
3279,"Syntax Error: Unknown feature 'affricate' at 0:12-22. Did you mean stridnt?      |     z > % / _r{[+affricate],O}     |                 ^^^^^^^^^^     @ Rule 1, Line 1",1
3280,"Syntax Error: Unknown character @ at '0:0:4'.     |     z > @ / _r{i,e}     |         ^     @ Rule 1, Line 1",1
3281,"Syntax Error: Unknown character @ at '0:0:4'.     |     z > @ / _j     |         ^     @ Rule 1, Line 1",1
3282,"Syntax Error: Unknown feature 'affricate' at 0:12-22. Did you mean stridnt?      |     k > ɣ / :{ [+affricate]_S, O_S, %_S }: // S = j     |                 ^^^^^^^^^^     @ Rule 1, Line 1",1
3283,"Syntax Error: Unknown feature 'affricate' at 0:12-22. Did you mean stridnt?      |     ɣ > % / :{ [+affricate]_S, O_S, %_S }: // S = j     |                 ^^^^^^^^^^     @ Rule 1, Line 1",1
3284,"Syntax Error: Expected ',', but received 'ð'     |     { lð, rð } > { l:[+long], r:[+long] }     |        ^     @ Rule 1, Line 1",1
3285,"Syntax Error: Unknown grouping 'X'. Known groupings are (C)onsonant, (O)bstruent, (S)onorant, (P)losive, (F)ricative, (L)iquid, (N)asal, (G)lide, and (V)owel     |     ð > ∅ // V(X)_     |                ^     @ Rule 1, Line 1",1
3286,"Syntax Error: Expected number, but received %      |     ɣ > ʔ / VV_V // V = %     |                         ^     @ Rule 1, Line 1",1
3287,"Syntax Error: Unknown grouping 'X'. Known groupings are (C)onsonant, (O)bstruent, (S)onorant, (P)losive, (F)ricative, (L)iquid, (N)asal, (G)lide, and (V)owel     |     h > ∅ / V:[-stress](X)_V     |                         ^     @ Rule 1, Line 1",1
3288,"Syntax Error: Unknown feature 'affricate' at 0:1-11. Did you mean stridnt?      |     [+affricate]O > {[+affricate],O,%}:[+long] / unstressed     |      ^^^^^^^^^^     @ Rule 1, Line 1",1
3289,"Syntax Error: Unknown feature 'affricate' at 0:9-19. Did you mean stridnt?      |     e > i / [+affricate]_, when unstressed     |              ^^^^^^^^^^     @ Rule 1, Line 1",1
3290,"Syntax Error: Expected '_', but received ''     |     %e > e:[+long] / unstressed     |                                ^     @ Rule 1, Line 1",1
3291,"Syntax Error: Expected ',', but received '%'     |     { i%, O% } > { %:[+long], O:[+long] }     |        ^     @ Rule 1, Line 1",1
3292,"Syntax Error: Expected an IPA character, Primative or Matrix, but received '…'     |     æ > a / e(C…)_(C…)o     |                ^     @ Rule 1, Line 1",1
3293,"Syntax Error: Expected an IPA character, Primative or Matrix, but received '…'     |     e > ø / #(C…)_y     |                ^     @ Rule 1, Line 1",1
3294,"Syntax Error: Expected an IPA character, Primative or Matrix, but received '…'     |     i > y / #(C…)l_y     |                ^     @ Rule 1, Line 1",1
3295,"Syntax Error: Expected an IPA character, Primative or Matrix, but received '…'     |     i > y / #(C…)_væ     |                ^     @ Rule 1, Line 1",1
3296,"Syntax Error: Malformed Comment: Expected ';;', but received '; ' at 0:0:82     |     { θ, θ:[+long] } ð > t͡s d (this latter does have some highly sporadic exceptions; additionally, in some dialect͡s these may become {{ t, t:[+long] },h~t} and {r,∅}, respectively)     |                                                                                       ^     @ Rule 1, Line 1",1
3297,"Syntax Error: Expected '_', but received ''     |     Va > V:[+long] / unstressed     |                                ^     @ Rule 1, Line 1",1
3298,"Syntax Error: Unknown feature 'affricate' at 0:58-68. Did you mean stridnt?      |     { ie, yɤ, uo } > { i:[+long], y:[+long], u:[+long] } / _:[+affricate]     |                                                               ^^^^^^^^^^     @ Rule 1, Line 1",1
3299,"Syntax Error: Expected ',', but received '('     |     { t, t͡s, s(C), n, l, r } > { tʲ, t͡sʲ, sʲ(C), nʲ, lʲ, rʲ } / _i     |                ^     @ Rule 1, Line 1",1
3300,"Syntax Error: Expected '_', but received ''     |     æ > ɑ / unstressed     |                       ^     @ Rule 1, Line 1",1
3301,"Syntax Error: Expected an IPA character, Primative or Matrix, but received '…'     |     ɑ æ > æe / _(C…)i     |                   ^     @ Rule 1, Line 1",1
3302,"Syntax Error: Expected '_', but received '//'     |     V > ə / unstressed // V = ɑ     |                        ^^     @ Rule 1, Line 1",1
3303,"Syntax Error: Can't have segments after the end of a word     |     ɑ > ə / VC(C)ɑC(C)_# when unstressed     |                        ^     @ Rule 1, Line 1",1
3304,"Syntax Error: Could not get value of IPA 'ǃ'.     |     Vh > V:[+long]ɦ / _C // maybe ! _j and/or _ʋ     |                                   ^     @ Rule 1, Line 1",1
3305,"Syntax Error: Expected ',', but received 'ʲ'     |     { dʲ, lʲ, rʲ, ɡʲ } > { dʲ, l:[+long]ʲ, r:[+long]ʲ, jɡ }     |                                         ^     @ Rule 1, Line 1",1
3306,"Syntax Error: Expected ',', but received 'ʋ'     |     { lʋ, rʋ, jʋ } > { l:[+long], r:[+long], j:[+long] }     |        ^     @ Rule 1, Line 1",1
3307,"Syntax Error: Expected end of line, received '('. Did you forget a '/' between the output and environment?     |     ɑ:[+long] au > ɔ:[+long] ɔu (though sometimes ɑ:[+long] develops, apparently at least partially due to metathesis?)     |                                 ^     @ Rule 1, Line 1",1
3308,"Syntax Error: Cannot have nested brackets of the same type     |     { e:[+long], ø:[+long], o:[+long], {, ɤ,, ɤ:[+long], } } > { i:[+long]e, y:[+long]ø, u:[+long]o, {, ɨ,, ɨ:[+long], } }     |                                        ^     @ Rule 1, Line 1",1
3309,"Syntax Error: Expected ',', but received 'y'     |     { æy, ey } > { æu, eu }     |        ^     @ Rule 1, Line 1",1
3310,"Syntax Error: Expected ',', but received 'e'     |     { e:[+long], o:[+long] } > { je, wo }     |                                   ^     @ Rule 1, Line 1",1
3311,"Syntax Error: Unknown character ᵤ at '0:0:9'.     |     ∅ > h / Vᵤ_k     |              ^     @ Rule 1, Line 1",1
3312,"Syntax Error: Expected '_', but received ''     |     {w,j} > ∅ / medial     |                       ^     @ Rule 1, Line 1",1
3313,"Syntax Error: Unknown character “ at '0:0:26'.     |     p > v / :{ V_ (the latter “sometimes”), ɨ_ (the latter “sometimes”) }:     |                               ^     @ Rule 1, Line 1",1
3314,"Syntax Error: Expected '_', but received ''     |     p > v / other conditions not known     |                                       ^     @ Rule 1, Line 1",1
3315,"Syntax Error: Expected '_', but received ''     |     V > ∅ / in some final syllables (conditions are unknown and it varies by dialect)     |                                                                                      ^     @ Rule 1, Line 1",1
3316,"Syntax Error: Unknown character “ at '0:0:14'.     |     ɨ u > e {i,e} “(all */u/ affected, but conditions for when it became /i/ or /e/ are not known)”     |                   ^     @ Rule 1, Line 1",1
3317,"Syntax Error: Unknown feature 'voiced' at 0:42-50. Did you mean voice?      |     hkʷ hʔ (h)S S:[+long] > w ʔ S:[+voice] S:[-voiced -long] / V_V     |                                               ^^^^^^^^     @ Rule 1, Line 1",1
3318,"Syntax Error: Expected end of line, received '('. Did you forget a '/' between the output and environment?     |     uV V:[+long] > u:[+long] V:[+long] (not sure if this occurs before or after the previous change)     |                                        ^     @ Rule 1, Line 1",1
3319,"Syntax Error: Options can only be used in Environments or Structures     |     (h)k > (h)q / :{ _o, _a }: // ɨ_     |     ^^^     @ Rule 1, Line 1",1
3320,"Syntax Error: Options can only be used in Environments or Structures     |     (h)kʷ > hqʷ / :{ _o, _a }:     |     ^^^     @ Rule 1, Line 1",1
3321,"Syntax Error: Expected end of line, received '('. Did you forget a '/' between the output and environment?     |     uV > u(i)     |           ^     @ Rule 1, Line 1",1
3322,"Syntax Error: Malformed Comment: Expected ';;', but received '; ' at 0:0:21     |     l > ɲ / #_ (in doubt; initial *l occurs in too few cognates to be sure.:[+affricate]pparently P%:[+affricate] initial *l was rare and is of questionable certainty whether it existed at all.)     |                          ^     @ Rule 1, Line 1",1
3323,"Syntax Error: Expected '->', but received -'s' at 0:0:118     |     V > ∅ / when in the first syllable of a bisyllabic morpheme, if after a morpheme boundary in the word (all other first-syllable vowels have non-zero reflexes)     |                                                                                                                           ^     @ Rule 1, Line 1",1
3324,"Syntax Error: Unknown character “ at '0:0:15'.     |     l > i / :{ p_# “in all dialect͡s, and varies by dialect after other consonant͡s”, m_# “in all dialect͡s, and varies by dialect after other consonant͡s”, kʷ_# “in all dialect͡s, and varies by dialect after other consonant͡s”, w_# “in all dialect͡s, and varies by dialect after other consonant͡s” }:     |                    ^     @ Rule 1, Line 1",1
3325,"Syntax Error: Unknown character ś at '0:0:0'.     |     ś > {{ s, s:[+long] },ʃ} / _#     |     ^     @ Rule 1, Line 1",1
3326,"Syntax Error: Unknown character ś at '0:0:0'.     |     ś > s     |     ^     @ Rule 1, Line 1",1
3327,"Syntax Error: Unknown feature 'fortis' at 0:3-10. Did you mean contin?      |     S:[+fortis] > S:[-voice]:[+long] (specifically, the source list͡s t:[+fortis] k:[+fortis]     |        ^^^^^^^     @ Rule 1, Line 1",1
3328,"Syntax Error: Unknown feature 'fortis' at 0:55-62. Did you mean contin?      |     S:[-voice]:[+long] (specifically, the source list͡s t:[+fortis] k:[+fortis] > { t, t:[+long] } { k, k:[+long] }, both of the tokens with optional length suffixes and *aP:[-voice]a     |                                                            ^^^^^^^     @ Rule 1, Line 1",1
3329,"Syntax Error: Unknown character 〈 at '0:0:104'.     |     { t, t:[+long] } { k, k:[+long] }, both of the tokens with optional length suffixes and *aP:[-voice]a > 〈atta〉, so I’m extrapolating)     |                                                                                                             ^     @ Rule 1, Line 1",1
3330,"Syntax Error: Unknown feature 'fortis' at 0:3-10. Did you mean contin?      |     n:[+fortis] > n, n:[+long] / V_V     |        ^^^^^^^     @ Rule 1, Line 1",1
3331,"Syntax Error: Unknown feature 'fortis' at 0:5-12. Did you mean contin?      |     { n:[-fortis], n:[+fortis] } > { {n,r}(?), n }     |          ^^^^^^^     @ Rule 1, Line 1",1
3332,"Syntax Error: Unknown feature 'samePO' at 0:6-14. Did you mean spread?      |     N > :[+same PO:[+affricate]] / _S     |           ^^^^^^^^     @ Rule 1, Line 1",1
3333,"Syntax Error: Unknown feature 'fortis' at 0:3-10. Did you mean contin?      |     r:[+fortis] > ɾ / _#     |        ^^^^^^^     @ Rule 1, Line 1",1
3334,"Syntax Error: Unknown feature 'fortis' at 0:3-10. Did you mean contin?      |     r:[+fortis] > r     |        ^^^^^^^     @ Rule 1, Line 1",1
3335,"Syntax Error: Expected an IPA character, Primative or Matrix, but received ''     |     ɡ > k / #_ (     |                 ^     @ Rule 1, Line 1",1
3336,"Syntax Error: Expected '>', '->' or '=>', but received 'ʰ'     |     Sʰ > F / #_     |      ^     @ Rule 1, Line 1",1
3337,"Syntax Error: Expected end of line, received '('. Did you forget a '/' between the output and environment?     |     F > h ( / #_     |           ^     @ Rule 1, Line 1",1
3338,"Syntax Error: Expected an IPA character, Primative or Matrix, but received '>'     |     h ( > ∅) / #_     |         ^     @ Rule 1, Line 1",1
3339,"Syntax Error: Unknown character Ṽ at '0:0:5'.     |     Vn > Ṽ / _# (seems to have been reverted in most dialect͡s // for Souletin)     |          ^     @ Rule 1, Line 1",1
3340,"Syntax Error: Unknown character Ṽ at '0:0:5'.     |     Vn > Ṽ / _V (?)     |          ^     @ Rule 1, Line 1",1
3341,"Syntax Error: Unknown character Ṽ at '0:0:4'.     |     V > Ṽ / _N (Souletin, perhaps in other dialect͡s?)     |         ^     @ Rule 1, Line 1",1
3342,"Syntax Error: Expected end of line, received '('. Did you forget a '/' between the output and environment?     |     Cɾ > CVɾ (perhaps not a sound change per se, just a historical tendency)     |              ^     @ Rule 1, Line 1",1
3343,"Syntax Error: The input of an insertion rule must only contain `*` or `∅`     |     *L (fortis) > l (or *lh     |      ^     @ Rule 1, Line 1",1
3344,"Syntax Error: Expected an IPA character, Primative or Matrix, but received '*'     |     l (or *lh > l:[+long], which then lost gemination?)     |           ^     @ Rule 1, Line 1",1
3345,"Syntax Error: Expected end of line, received '('. Did you forget a '/' between the output and environment?     |     ð > some sort of tap distinct from ɾ ([+back]iscayan, Guipuscoan,:[+laryngeal]igh Navarrese)     |                                          ^     @ Rule 1, Line 1",1
3346,"Syntax Error: Expected end of line, received ':'. Did you forget a '/' between the output and environment?     |     b > ∅ / #_:[+back] (a few exceptions, mostly before _u)     |               ^     @ Rule 1, Line 1",1
3347,"Syntax Error: Expected an IPA character, Primative or Matrix, but received ''     |     F:[+voice] > ∅ / V_V (     |                           ^     @ Rule 1, Line 1",1
3348,"Syntax Error: Unknown character Ṽ at '0:0:0'.     |     Ṽ > Vɲ / _V (not Souletin)     |     ^     @ Rule 1, Line 1",1
3349,"Syntax Error: Unknown character Ṽ at '0:0:0'.     |     Ṽ > Vn or a diphthong (not Souletin)     |     ^     @ Rule 1, Line 1",1
3350,"Syntax Error: Expected end of line, received '('. Did you forget a '/' between the output and environment?     |     h̃ > h (not Souletin)     |            ^     @ Rule 1, Line 1",1
3351,"Syntax Error: Unknown character ũ at '0:0:5'.     |     { u, ũ } > { y, ỹ } / _r(p(ʰ),β,k(ʰ),ɣ,l,s̺,s̻,ʃ,h) (Souletin)     |          ^     @ Rule 1, Line 1",1
3352,"Syntax Error: Unknown character ũ at '0:0:5'.     |     { u, ũ } > { y, ỹ } / :{ _s̻(but not _s̺) (Souletin), _t͡s̺(but not _s̺) (Souletin), _t͡s̻(but not _s̺) (Souletin) }:     |          ^     @ Rule 1, Line 1",1
3353,"Syntax Error: Unknown character õ at '0:0:0'.     |     õ > ũ (Souletin)     |     ^     @ Rule 1, Line 1",1
3354,"Runtime Error: Grouped Environments cannot (yet) be used in insertion rules     |     ∅ > a / :{ #_ra(sporadic), #_ro(sporadic) }:     |             ^^^^^^^^^^^^^^^^^^^^^^^^^^^^^^^^^^^^     @ Rule 1, Line 1",1
3355,"Syntax Error: Unknown character ̺ at '0:0:14'.     |     ∅ > e / :{ #_s̺C, #_s̻C }:     |                   ^     @ Rule 1, Line 1",1
3356,"Syntax Error: Expected an IPA character, Primative or Matrix, but received '…'     |     i > u / _(C…)u (Soncalese)     |                ^     @ Rule 1, Line 1",1
3357,"Syntax Error: Expected an IPA character, Primative or Matrix, but received '…'     |     i > y / _(C…)y (Souletin)     |                ^     @ Rule 1, Line 1",1
3358,"Syntax Error: Expected an IPA character, Primative or Matrix, but received '…'     |     e > o / _(C…)o (eastern dialect͡s,:[+back]ermeo:[+back]iscayan)     |                ^     @ Rule 1, Line 1",1
3359,"Syntax Error: Expected an IPA character, Primative or Matrix, but received '…'     |     e > o / o(C…)_ (eastern dialect͡s)     |                ^     @ Rule 1, Line 1",1
3360,"Syntax Error: Unknown character ɛ at '0:0:46'.     |     { a, o, e } > { ɛ, u, i } / {i,u}(C…)_ (this:[ɛ] is tentatively marked as such;:[+front]gurtzegi transcribes it as /e/ but says it’s not as close as /e/)     |                                                   ^     @ Rule 1, Line 1",1
3361,"Syntax Error: Malformed Comment: Expected ';;', but received '; ' at 0:0:26     |     o > u / _n{C,#} (Souletin; some raising occurred elsewhere)     |                               ^     @ Rule 1, Line 1",1
3362,"Syntax Error: Unknown feature 'affricate' at 0:30-40. Did you mean stridnt?      |     a > e / _$a ([+back]iscayan,:[+affricate]lavese, some Guipuscoan)     |                                   ^^^^^^^^^^     @ Rule 1, Line 1",1
3363,"Syntax Error: Expected an IPA character, Primative or Matrix, but received '*'     |     { o, e } > { u, i } / _$a (raising of *o is less common)     |                                           ^     @ Rule 1, Line 1",1
3364,"Syntax Error: Unknown character “ at '0:0:16'.     |     e > a / :{ V_r (“mainly in the western dialect͡s”), C_r (“mainly in the western dialect͡s”) }:     |                     ^     @ Rule 1, Line 1",1
3365,"Syntax Error: Unknown character ̺ at '0:0:20'.     |     ∅ > j / :{ V_NS, V_s̺S, V_s̻S }:     |                         ^     @ Rule 1, Line 1",1
3366,"Syntax Error: Can't have segments after the end of a word     |     ∅ > V / Vk_# ([+continuant]eberio:[+back]iscayan)     |                ^     @ Rule 1, Line 1",1
3367,"Syntax Error: Expected ':', but received 'r'     |     e > ∅ / #_ (Navarrese, rare)     |                            ^     @ Rule 1, Line 1",1
3368,"Syntax Error: The output of a deletion rule must only contain `*` or `∅`     |     h > ∅ (western dialect͡s)     |           ^     @ Rule 1, Line 1",1
3369,"Syntax Error: Unknown character “ at '0:0:11'.     |     h…h > ∅…h (“affect:[s] both the oral /h/ and the nasalized aspiration”)     |                ^     @ Rule 1, Line 1",1
3370,"Syntax Error: Expected '->', but received -'ɾ' at 0:0:1     |     *-ɾ > -h stuff in compounds     |      ^     @ Rule 1, Line 1",1
3371,"Syntax Error: Unknown character ̻ at '0:0:3'.     |     { s̻, t͡s̻ } > { ʃ, t͡ʃ } / :{ [+front]_ (mostly:[+back]iscayan), j_ (mostly:[+back]iscayan) }:     |        ^     @ Rule 1, Line 1",1
3372,"Syntax Error: Unknown character “ at '0:0:22'.     |     t > c / :{ [+front]_ (“some areas”), j_ (“some areas”) }:     |                           ^     @ Rule 1, Line 1",1
3373,"Syntax Error: Unknown character “ at '0:0:38'.     |     { d, ð } > { ɟ, ʝ } / :{ [+front]_ ? (“some dialect͡s”), j_ ? (“some dialect͡s”) }:     |                                           ^     @ Rule 1, Line 1",1
3374,"Syntax Error: Expected ')', but received '['     |     { d, ð } > { ɟ, ʝ } / :{ ʎ_ (Guipuscoan,:[+laryngeal]igh Navarrese), ɲ_ (Guipuscoan,:[+laryngeal]igh Navarrese) }:     |                                              ^     @ Rule 1, Line 1",1
3375,"Syntax Error: Unknown character “ at '0:0:24'.     |     ɡ > d͡ʒ / :{ [+front]_ (“in some:[+back]iscayan areas”), j_ (“in some:[+back]iscayan areas”) }:     |                             ^     @ Rule 1, Line 1",1
3376,"Syntax Error: Expected end of line, received '('. Did you forget a '/' between the output and environment?     |     ʝ > j (northern:[+laryngeal]igh Navarrese, most Labourd, some:[+back]iscayan)     |           ^     @ Rule 1, Line 1",1
3377,"Syntax Error: Expected end of line, received '('. Did you forget a '/' between the output and environment?     |     ʝ > ʒ (Souletin, sporadic in northwestern:[+back]iscayan)     |           ^     @ Rule 1, Line 1",1
3378,"Syntax Error: Expected end of line, received '('. Did you forget a '/' between the output and environment?     |     j > ʝ (some:[+back]iscayan and Navarrese)     |           ^     @ Rule 1, Line 1",1
3379,"Syntax Error: Expected end of line, received '('. Did you forget a '/' between the output and environment?     |     ʝ > ɟ (typical of Low Navarrese)     |           ^     @ Rule 1, Line 1",1
3380,"Syntax Error: Expected end of line, received '('. Did you forget a '/' between the output and environment?     |     ʒ > d͡ʒ (northwestern:[+back]iscayan)     |             ^     @ Rule 1, Line 1",1
3381,"Syntax Error: Unknown feature 'affricate' at 0:8-18. Did you mean stridnt?      |     ʒ > ʃ ([+affricate]escoan, Salazarese, Soncalese, most southern:[+laryngeal]igh Navarrese)     |             ^^^^^^^^^^     @ Rule 1, Line 1",1
3382,"Syntax Error: Expected end of line, received '('. Did you forget a '/' between the output and environment?     |     ʃ > x (Guipuscoan, northwestern:[+laryngeal]igh Navarrese, eastern:[+back]iscayan)     |           ^     @ Rule 1, Line 1",1
3383,"Syntax Error: Unknown character ’ at '0:0:78'.     |     j > χ (probably through intermediates like above,:[+approximant]ikipedia doesn’t go into particulars of how and where)     |                                                                                   ^     @ Rule 1, Line 1",1
3384,"Syntax Error: Unknown character “ at '0:0:13'.     |     ʎ ɲ > jl jn (“common in Low Navarrese, Labourdin, and is even regular in the:[+laryngeal]igh Navarrese of Sakana”)     |                  ^     @ Rule 1, Line 1",1
3385,"Syntax Error: Unknown character — at '0:0:0'.     |     — V > ∅ / :{ S_ɾ(more common in Soncalese and Salazarese, but also in Navarrese and:[+affricate]escoan?), S_l(more common in Soncalese and Salazarese, but also in Navarrese and:[+affricate]escoan?) }:     |     ^     @ Rule 1, Line 1",1
3386,"Syntax Error: Unknown character — at '0:0:0'.     |     — V > ∅ / C:[+strident]_ɾ (Soncalese and Salazarese)     |     ^     @ Rule 1, Line 1",1
3387,"Syntax Error: Unknown character — at '0:0:0'.     |     — V > ∅ / :{ O_O (Soncalese, Salazarese, Navarrese,:[+affricate]escoan), ɾ_O (Soncalese, Salazarese, Navarrese,:[+affricate]escoan), r_O (Soncalese, Salazarese, Navarrese,:[+affricate]escoan) }:     |     ^     @ Rule 1, Line 1",1
3388,"Syntax Error: Unknown feature 'fortis' at 0:3-10. Did you mean contin?      |     n:[+fortis] > n     |        ^^^^^^^     @ Rule 1, Line 1",1
3389,"Syntax Error: Malformed Comment: Expected ';;', but received '; ' at 0:0:24     |     a > ∅ / V_# (Guipuscoan; happens because of reanalysis of the definite article)     |                             ^     @ Rule 1, Line 1",1
3390,"Syntax Error: Expected '_', but received ''     |     V > ∅ / _#, in trisyllables     |                                ^     @ Rule 1, Line 1",1
3391,"Syntax Error: Expected '_', but received ''     |     i > ∅ / _#, in disyllables     |                               ^     @ Rule 1, Line 1",1
3392,"Syntax Error: Expected '_', but received ''     |     u > ∅ / _#, in disyllables (eastern dialect͡s)     |                                                   ^     @ Rule 1, Line 1",1
3393,"Syntax Error: Expected '_', but received ''     |     {o,e} > a / _#, in disyllables (eastern dialect͡s)     |                                                       ^     @ Rule 1, Line 1",1
3394,"Syntax Error: Expected ',', but received 'u'     |     { hu, hi } > { ʊ, ɪ } / :{ o_ (also happened with /a/ sometimes, but usually such sequences just dropped one vowel), e_ (also happened with /a/ sometimes, but usually such sequences just dropped one vowel) }:     |        ^     @ Rule 1, Line 1",1
3395,"Syntax Error: Expected end of line, received 'ʲ'. Did you forget a '/' between the output and environment?     |     VɪC > VCʲ     |             ^     @ Rule 1, Line 1",1
3396,"Syntax Error: Expected end of line, received '('. Did you forget a '/' between the output and environment?     |     eɪ > e (rare)     |            ^     @ Rule 1, Line 1",1
3397,"Syntax Error: Unknown character ̺ at '0:0:14'.     |     aʊ > aɪ / ,r,s̺,s̻} (Souletin, Soncalese) // _{ɾ     |                   ^     @ Rule 1, Line 1",1
3398,"Syntax Error: Expected end of line, received '('. Did you forget a '/' between the output and environment?     |     oɪ > uɪ (rare)     |             ^     @ Rule 1, Line 1",1
3399,"Syntax Error: Expected ',', but received 'ð'     |     { eð, ( } > { e, ?) } / #_V     |        ^     @ Rule 1, Line 1",1
3400,"Syntax Error: Expected '>', '->' or '=>', but received ')'     |     e ?) > j / #_V     |        ^     @ Rule 1, Line 1",1
3401,"Syntax Error: Unknown character “ at '0:0:7'.     |     ʊa > o “especially after a velar stop”     |            ^     @ Rule 1, Line 1",1
3402,"Syntax Error: Unknown feature 'affricate' at 0:19-29. Did you mean stridnt?      |     C:[+strident] > C:[+affricate] / _#     |                        ^^^^^^^^^^     @ Rule 1, Line 1",1
3403,"Syntax Error: Unknown character ̻ at '0:0:1'.     |     s̻ t͡s̺ > s̺ t͡s̻ ([+back]iscayan, partially in Guipuscoan, P:[+voice]onostia, San Sebastián, though these latter two may be varieties of Guipuscoan)     |      ^     @ Rule 1, Line 1",1
3404,"Syntax Error: Unknown character ̻ at '0:0:1'.     |     s̻ > s̺ / :{ _C(sometimes), _#(sometimes) }:     |      ^     @ Rule 1, Line 1",1
3405,"Syntax Error: Unknown character ̺ at '0:0:4'.     |     it͡s̺ > t͡ʃ / _# ([+back]iscayan)     |         ^     @ Rule 1, Line 1",1
3406,"Syntax Error: Expected ',', but received 'a'     |     { oa, ea } > { u(e), i(e) } / _#     |        ^     @ Rule 1, Line 1",1
3407,"Syntax Error: Unknown character ̺ at '0:0:1'.     |     s̺ > t͡ʃ / #_ (Guipuscoan)     |      ^     @ Rule 1, Line 1",1
3408,"Syntax Error: Unknown character ̺ at '0:0:1'.     |     s̺ > ʃ̺ “for most French:[+back]asque speakers (P:[-voice]rask 1997:84), due to French influence” according to Campbell     |      ^     @ Rule 1, Line 1",1
3409,"Syntax Error: Expected '_', but received ''     |     i > ə / unstressed     |                       ^     @ Rule 1, Line 1",1
3410,"Syntax Error: Expected ',', but received 'w'     |     { aw, aj } > { o, e }     |        ^     @ Rule 1, Line 1",1
3411,"Syntax Error: Can't have segments after the end of a word     |     { kʷ, xʷ } > { q, χ } / _# (the paper calls these back velars)     |                              ^     @ Rule 1, Line 1",1
3412,"Syntax Error: Expected end of line, received '∅'. Did you forget a '/' between the output and environment?     |     ɲʲ > n ∅ / ʔ_     |            ^     @ Rule 1, Line 1",1
3413,"Syntax Error: Expected end of line, received '('. Did you forget a '/' between the output and environment?     |     V:[+long] > V (sporadic? conditioned?)     |                   ^     @ Rule 1, Line 1",1
3414,"Syntax Error: Unknown feature 'affricate' at 0:80-90. Did you mean stridnt?      |     S > F / :{ _i(P:[+voice]o not necessarily have to be fricatives at the same PO:[+affricate]; in some cases, the phones go to null or to /l/), _u(P:[+voice]o not necessarily have to be fricatives at the same PO:[+affricate]; in some cases, the phones go to null or to /l/) }:     |                                                                                     ^^^^^^^^^^     @ Rule 1, Line 1",1
3415,"Syntax Error: Malformed Comment: Expected ';;', but received '; ' at 0:0:25     |     { æ, ɪ } > { e, i } / _ŋ; some speakers (esp. ) may also have pin-pen and a single phoneme in contrast to the nasal diphthong:[ãɪ̃] of the %.S. Northeast (     |                              ^     @ Rule 1, Line 1",1
3416,"Syntax Error: Expected end of line, received '('. Did you forget a '/' between the output and environment?     |     ɑ > ɔ (does not occur in Sacramento)     |           ^     @ Rule 1, Line 1",1
3417,"Syntax Error: Unknown character “ at '0:0:11'.     |     oʊ̯ > eʊ̯ (“common only within certain social groups”)     |                ^     @ Rule 1, Line 1",1
3418,"Syntax Error: Expected '->', but received -'f' at 0:0:19     |     ai > ɛi / when stem-final     |                        ^     @ Rule 1, Line 1",1
3419,"Syntax Error: Expected '->', but received -'s' at 0:0:21     |     u:[+long] > ʌu / when-stem final, in northern varieties     |                          ^     @ Rule 1, Line 1",1
3420,"Syntax Error: Unknown grouping 'M'. Known groupings are (C)onsonant, (O)bstruent, (S)onorant, (P)losive, (F)ricative, (L)iquid, (N)asal, (G)lide, and (V)owel     |     ø:[+long] > wi / :{ k_ (in Mid Northern dialect͡s), ɡ_ (in Mid Northern dialect͡s) }:     |                                ^     @ Rule 1, Line 1",1
3421,"Syntax Error: Expected end of line, received '('. Did you forget a '/' between the output and environment?     |     ø:[+long] > i (in northern dialect͡s)     |                   ^     @ Rule 1, Line 1",1
3422,"Syntax Error: Floating diacritic. Diacritics can only be used to modify IPA Segments     |     ø:[+long] > ʲ{u,ʌ} / :{ _k(outcome varies depending upon dialect), _x(outcome varies depending upon dialect) }:     |                 ^     @ Rule 1, Line 1",1
3423,"Syntax Error: Cannot have nested brackets of the same type     |     { ai, oi, ui, ei, au, ou, iu, ɛ(o)u } > { e:[+long], oe, əi, i:[+long], {ɑ:[+long],ɔ:[+long]}, ʌu, ju, j(ʌ)u }     |                                                                             ^     @ Rule 1, Line 1",1
3424,"Syntax Error: Expected end of line, received '('. Did you forget a '/' between the output and environment?     |     ɛ:[+long] > ɛi ( / in some northern varieties     |                    ^     @ Rule 1, Line 1",1
3425,"Syntax Error: Cannot have nested brackets of the same type     |     { i:[+long], e:[+long], ɛ:[+long], a:[+long], o:[+long], u:[+long], {ø:[+long],y:[+long]} } > { əi, i, {i,e}, e, o, u, ø }     |                                                                         ^     @ Rule 1, Line 1",1
3426,"Syntax Error: Unknown feature 'alveolar' at 0:12-21. Did you mean delay?      |     æ > ɛ / _C:[+alveolar]     |                 ^^^^^^^^^     @ Rule 1, Line 1",1
3427,"Syntax Error: Cannot have nested brackets of the same type     |     { a, ɔ, u } > { {a,ɑ}, ɔ, ʌ }     |                     ^     @ Rule 1, Line 1",1
3428,"Syntax Error: Expected ',', but received 'j'     |     { i:[+long], u:[+long] } > { əj, əw }     |                                   ^     @ Rule 1, Line 1",1
3429,"Syntax Error: Expected ',', but received 'j'     |     { əj, əw } > { ɑj, ɑw }     |        ^     @ Rule 1, Line 1",1
3430,"Syntax Error: Expected ',', but received 'w'     |     { ɛ:[+long], o:[+long] } > { e:[+long], ow }     |                                              ^     @ Rule 1, Line 1",1
3431,"Syntax Error: Expected ',', but received 'w'     |     { e:[+long], ow } > { ej, (əw) }     |                   ^     @ Rule 1, Line 1",1
3432,"Syntax Error: Expected ',', but received 'i'     |     { ai, ɔi } > { ɛ, y:[+long] }     |        ^     @ Rule 1, Line 1",1
3433,"Syntax Error: Cannot have nested brackets of the same type     |     { {, y,, y:[+long], }, ɔ:[+long] } > { {, i,, i:[+long], }, ɔ }     |       ^     @ Rule 1, Line 1",1
3434,"Syntax Error: Expected ',', but received 'u'     |     { ɛu, au } > { ɛv, av }     |        ^     @ Rule 1, Line 1",1
3435,"Syntax Error: Expected ',', but received 'i'     |     { ɑ:[+long], æ:[+long], ɑi, æi } > { uɑ, iæ, ɑe, æe }     |                              ^     @ Rule 1, Line 1",1
3436,"Syntax Error: Expected ',', but received 'i'     |     { ei, oi, øi } > { e:[+long], oe, øe }     |        ^     @ Rule 1, Line 1",1
3437,"Syntax Error: Expected ',', but received 'u'     |     { ɑu, ou } > { ɑ:[+long], o:[+long] }     |        ^     @ Rule 1, Line 1",1
3438,"Syntax Error: Expected ',', but received 'y'     |     { æy, øy } > { æ:[+long], ø:[+long] }     |        ^     @ Rule 1, Line 1",1
3439,"Syntax Error: Expected ',', but received 'i'     |     { li, ni, ri, si } > { lʲi, nʲi, rʲi, sʲi }     |        ^     @ Rule 1, Line 1",1
3440,"Syntax Error: Expected ',', but received 'ə'     |     { uə, yə } > { ɔ, œ } / :{ _n, _t }:     |        ^     @ Rule 1, Line 1",1
3441,"Syntax Error: Unknown feature 'labiovelar' at 0:11-22. Did you mean labiodental?      |     ∅ > ə / C:[+labiovelar]_i     |                ^^^^^^^^^^^     @ Rule 1, Line 1",1
3442,"Syntax Error: Unknown character “ at '0:0:18'.     |     a > {a:[+long],ə} “(the environment͡s for these respective changes are somewhat unclear)”     |                       ^     @ Rule 1, Line 1",1
3443,"Syntax Error: Expected '_', but received ''     |     {a,æ:[+long]} > ɛa / a     |                           ^     @ Rule 1, Line 1",1
3444,"Syntax Error: Unknown character “ at '0:0:15'.     |     a:[+long] > ɔa “(except N:[+front] of the Faroes / ɔ     |                    ^     @ Rule 1, Line 1",1
3445,"Syntax Error: Unknown character “ at '0:0:3'.     |     ɔa “(except N:[+front] of the Faroes > a:[+long])” / ɔ     |        ^     @ Rule 1, Line 1",1
3446,"Syntax Error: Expected '_', but received ''     |     e > e:[+long] / ɛ     |                      ^     @ Rule 1, Line 1",1
3447,"Syntax Error: Unknown character “ at '0:0:15'.     |     e:[+long] > ɛa “(except Suðuroy / a (except Suðuroy → ɛ)     |                    ^     @ Rule 1, Line 1",1
3448,"Syntax Error: Unknown character “ at '0:0:3'.     |     ɛa “(except Suðuroy > e:[+long])” / a (except Suðuroy → ɛ)     |        ^     @ Rule 1, Line 1",1
3449,"Syntax Error: Expected '_', but received ''     |     {i,y} > i:[+long] / ɪ     |                          ^     @ Rule 1, Line 1",1
3450,"Syntax Error: Expected '_', but received ''     |     {i:[+long],y:[+long]} > ʊi / ʊ(i)     |                                      ^     @ Rule 1, Line 1",1
3451,"Syntax Error: Expected '_', but received ''     |     o > o:[+long] / ɔ     |                      ^     @ Rule 1, Line 1",1
3452,"Syntax Error: Unknown character → at '0:0:43'.     |     o:[+long] > ɔu, ɛu, œu / œ (except Suðuroy → ɔ)     |                                                ^     @ Rule 1, Line 1",1
3453,"Syntax Error: Expected '[', but received 'ʊ'     |     u > u:[+long] / short: ʊ / unstressed: {o,ɔ}     |                            ^     @ Rule 1, Line 1",1
3454,"Syntax Error: Expected '_', but received ''     |     u:[+long] > ʉu / ʏ     |                       ^     @ Rule 1, Line 1",1
3455,"Syntax Error: Unknown character “ at '0:0:20'.     |     {œ,ɔ} > ø:[+long]/œ “(except Suðuroy     |                         ^     @ Rule 1, Line 1",1
3456,"Syntax Error: Unknown character “ at '0:0:12'.     |     ø:[+long]/œ “(except Suðuroy > ʏ)”     |                 ^     @ Rule 1, Line 1",1
3457,"Syntax Error: Unknown character ẽ at '0:0:15'.     |     { en, an } > { ẽ, ã }     |                    ^     @ Rule 1, Line 1",1
3458,"Syntax Error: Unknown character ı at '0:0:4'.     |     i > ı̆:[ə?]     |         ^     @ Rule 1, Line 1",1
3459,"Syntax Error: Unknown character ı at '0:0:0'.     |     ı̆:[ə?] > {e,a} (strong)/∅ (weak) “in modern languages”     |     ^     @ Rule 1, Line 1",1
3460,"Syntax Error: Unknown character “ at '0:0:11'.     |     aj > {æ,i} “(reduced)”     |                ^     @ Rule 1, Line 1",1
3461,"Syntax Error: Unknown character ŭ at '0:0:4'.     |     u > ŭ:[ɤ?]     |         ^     @ Rule 1, Line 1",1
3462,"Syntax Error: Unknown character ŭ at '0:0:0'.     |     ŭ:[ɤ?] > {e,o,ɤ,a} (strong)/∅ (weak) “in modern languages”     |     ^     @ Rule 1, Line 1",1
3463,"Syntax Error: Expected ',', but received 'e'     |     { e, o } > { je, wo } / _#     |                   ^     @ Rule 1, Line 1",1
3464,"Syntax Error: Cannot have nested brackets of the same type     |     { {u,ɨ}i, {,a,i, {ɨi,i{a,ə}}, u{ɨ,a,ə} } > { wi, e, je, wo }     |       ^     @ Rule 1, Line 1",1
3465,"Syntax Error: Expected '->', but received -'i' at 0:0:2     |     { -i, -i{p,k}, -it, -i{m,ŋ}, -in } > { -i, -ɨʔ, -iʔ, -ɛ, -ɨ }     |       ^     @ Rule 1, Line 1",1
3466,"Syntax Error: Expected '->', but received -'u' at 0:0:2     |     { -u, -up, -ut, -uk, -um, -un, -uŋ } > { -u, -ɔʔ, -əʔ, -uʔ, -ɔ, -ə, -ɛ }     |       ^     @ Rule 1, Line 1",1
3467,"Syntax Error: Expected '_', but received ''     |     aɪ > ɑe:[+long] / (only for some speakers)     |                                               ^     @ Rule 1, Line 1",1
3468,"Syntax Error: Expected '_', but received ''     |     aɪ > a:[+long] / (only for some speakers)     |                                              ^     @ Rule 1, Line 1",1
3469,"Syntax Error: Expected ',', but received 'j'     |     { æ, ɛ, ɪ } > { æj(ə), ɛj(ə), ɪj(ə) }     |                      ^     @ Rule 1, Line 1",1
3470,"Syntax Error: Expected ',', but received 'j'     |     { ɛj(ə), ɪj(ə), i, eɪ } > { ej(ə), ij(ə), ɪi, ɛi }     |        ^     @ Rule 1, Line 1",1
3471,"Syntax Error: Expected '->', but received -'f' at 0:0:100     |     uʊ oʊ > ʉʊ̈ əʊ̈ (a bit of a guesstimate based upon the prose description in the article and the mean-formant-value chart cited from Labov,:[+affricate]sh &:[+back]obert (2006))     |                                                                                                         ^     @ Rule 1, Line 1",1
3472,"Syntax Error: Expected end of line, received '('. Did you forget a '/' between the output and environment?     |     ɔ > ɑɒ (for some speakers)     |            ^     @ Rule 1, Line 1",1
3473,"Syntax Error: Unknown character “ at '0:0:9'.     |     ɑɹ > ɒɹ (“often”)     |              ^     @ Rule 1, Line 1",1
3474,"Syntax Error: Unknown character ’ at '0:0:74'.     |     z > d / _n (not strictly a vowel shift but included here anyway because it’s cool, and also because it doesn’t occur in 〈hasn’t〉 because of the influence of 〈hadn’t〉)     |                                                                               ^     @ Rule 1, Line 1",1
3475,"Syntax Error: Expected '>', '->' or '=>', but received '/'     |     æ/ɑ:[+long] > æɪ     |      ^     @ Rule 1, Line 1",1
3476,"Syntax Error: Expected end of line, received '('. Did you forget a '/' between the output and environment?     |     w > p (Navajo, some Polynesian languages)     |           ^     @ Rule 1, Line 1",1
3477,"Syntax Error: Expected end of line, received '('. Did you forget a '/' between the output and environment?     |     kʲ ɡʲ > k ɡ (P:[+voice]anish)     |                 ^     @ Rule 1, Line 1",1
3478,"Syntax Error: Unknown character ś at '0:0:0'.     |     ś > k (Possibly unconditional; some Samoyedic langs)     |     ^     @ Rule 1, Line 1",1
3479,"Syntax Error: Expected end of line, received '('. Did you forget a '/' between the output and environment?     |     pʲ > kʲ (some Somanian dialect͡s, P:[-voice]sakonian)     |             ^     @ Rule 1, Line 1",1
3480,"Syntax Error: Malformed Comment: Expected ';;', but received '; ' at 0:0:23     |     t͡s > t (unconditional; some Samoyedic langs)     |                            ^     @ Rule 1, Line 1",1
3481,"Syntax Error: Expected end of line, received '('. Did you forget a '/' between the output and environment?     |     t > k (general Polynesian)     |           ^     @ Rule 1, Line 1",1
3482,"Syntax Error: Expected end of line, received '('. Did you forget a '/' between the output and environment?     |     n > ŋ (Samoan, but only in colloquial speech)     |           ^     @ Rule 1, Line 1",1
3483,"Syntax Error: Expected '..', but received .'w' at 0:0:80     |     j > p (some Polynesian languages, such as Levei and P:[+voice]rehet) (https://en.wikipedia.org/wiki/Proto-:[+affricate]ustronesian_language)     |                                                                                     ^     @ Rule 1, Line 1",1
3484,"Syntax Error: Expected '->', but received -'n' at 0:0:8     |     b > #c, -nc- (Sundanese)     |             ^     @ Rule 1, Line 1",1
3485,"Syntax Error: Expected end of line, received '('. Did you forget a '/' between the output and environment?     |     ŋ > {x,h} (various Mayan languages)     |               ^     @ Rule 1, Line 1",1
3486,"Syntax Error: Expected end of line, received '('. Did you forget a '/' between the output and environment?     |     h > ŋ (Nyole)     |           ^     @ Rule 1, Line 1",1
3487,"Syntax Error: Unknown feature 'affricate' at 0:75-85. Did you mean stridnt?      |     ʕ > ŋ (allegedly in:[+front]uropean:[+laryngeal]ebrew, both Sephardic and:[+affricate]shkenazi, but possibly not a sound change so much as a substitution) (https://en.wikipedia.org/wiki/[+laryngeal]ebrew_language#Varieties_of_ayin, http://sites.google.com/site/londonsephardiminhag/pronunciation, http://www.forward.com/articles/105938/)     |                                                                                ^^^^^^^^^^     @ Rule 1, Line 1",1
3488,"Syntax Error: Expected '->', but received -'S' at 0:0:56     |     f > p (? claimed to have occurred independently in Proto-Semitic and Proto-Omotic, and to a limited extent in:[+front]gyptian (but this may be related to the Semitic change); note that the:[+approximant]ikipedia article is cited to a single source and that source is admittedly theoretical, and acknowledges on page 77 another reconstruction that doesn’t believe Proto-:[+affricate]fro-:[+affricate]siatic had /f/ at all) (Page 77 of http://is.gd/[+approximant]NyXdn, https://en.wikipedia.org/wiki/Proto-:[+affricate]fro-:[+affricate]siatic_language)     |                                                             ^     @ Rule 1, Line 1",1
3489,"Syntax Error: Unknown character š at '0:0:1'.     |     tš > t (general:[+back]altic-Finnic; may not be unconditional but was certainly the most common outcome)     |      ^     @ Rule 1, Line 1",1
3490,"Syntax Error: Expected '..', but received .'g' at 0:0:34     |     ɡʟ > ɣ ([+laryngeal]iw) (http://is.gd/jCP:[+voice]LO1)     |                                       ^     @ Rule 1, Line 1",1
3491,"Syntax Error: Expected end of line, received '('. Did you forget a '/' between the output and environment?     |     mb nd > ʙ dr (Nias)     |                  ^     @ Rule 1, Line 1",1
3492,"Syntax Error: Malformed Comment: Expected ';;', but received '; ' at 0:0:21     |     w > f (Common Celtic; I’m not sure of the conditions)     |                          ^     @ Rule 1, Line 1",1
3493,"Syntax Error: Unknown grouping 'M'. Known groupings are (C)onsonant, (O)bstruent, (S)onorant, (P)losive, (F)ricative, (L)iquid, (N)asal, (G)lide, and (V)owel     |     {t,k} > ∅ / V_V (Marathi) probably with voiced stops as intermediates, since they also became silent     |                      ^     @ Rule 1, Line 1",1
3494,"Syntax Error: Unknown grouping 'M'. Known groupings are (C)onsonant, (O)bstruent, (S)onorant, (P)losive, (F)ricative, (L)iquid, (N)asal, (G)lide, and (V)owel     |     p > w / V_V (Marathi)     |                  ^     @ Rule 1, Line 1",1
3495,"Syntax Error: Malformed Comment: Expected ';;', but received '; ' at 0:0:83     |     { b, d, ɡ } > { b:[+long], d:[+long], ɡ:[+long] } / V_V (some dialect͡s of Italian; there may be more to it than this, since words like repubblica are in standard Italian and not just dialect͡s)     |                                                                                        ^     @ Rule 1, Line 1",1
3496,"Syntax Error: Unknown character ’ at '0:0:66'.     |     t > k / _s̩ (O:[+long]gami) (N:[+back]: P:[-voice]he article doesn’t have an underscore indicating whether this occurs before or after the /s̩/, but the linked page indicates where this change occurred) (http://amritas.com/101023.htm#10192359)     |                                                                       ^     @ Rule 1, Line 1",1
3497,"Syntax Error: Malformed Comment: Expected ';;', but received '; ' at 0:0:61     |     y > u (some mainland Greek dialect͡s, and P:[-voice]sakonian; this particular sound change has been said in some places to be impossible) (https://en.wikipedia.org/wiki/P:[-voice]sakonian_language#Consonant͡s)     |                                                                  ^     @ Rule 1, Line 1",1
3498,"Syntax Error: Expected '..', but received .'c' at 0:0:43     |     i u > s̩ f̩ (O:[+long]gami) (http://amritas.com/101023.htm#10192359)     |                                                ^     @ Rule 1, Line 1",1
