section,idx,syntax,error
6.1.1,7,"	{ e, o } > { i, u } / #{ ʔ_, _ }C","Syntax Error: Expected ',', but received '_'     |     { e, o } > { i, u } / #{ ʔ_, _ }C     |                               ^     @ Rule 1, Line 1"
6.1.1,9,"	{ e, o } > { i, u } / #{ ʔ_, _ }C$","Syntax Error: Expected ',', but received '_'     |     { e, o } > { i, u } / #{ ʔ_, _ }C$     |                               ^     @ Rule 1, Line 1"
6.1.1.1,2,"	{ x, s } > { ∅, ʃ } / V_V","Syntax Error: Expected an IPA character, Primative or Matrix, but received '∅'     |     { x, s } > { ∅, ʃ } / V_V     |                  ^     @ Rule 1, Line 1"
6.1.1.7,8,"	{ t͡ʃ, ʒ } > { ʔj, s }","Syntax Error: Expected ',', but received 'j'     |     { t͡ʃ, ʒ } > { ʔj, s }     |                     ^     @ Rule 1, Line 1"
6.2.1.1.1,1,"	{ z, d͡z, ɡ } > { ɡ, {z,d͡z}, ɡʷ }","Syntax Error: Cannot have nested brackets of the same type     |     { z, d͡z, ɡ } > { ɡ, {z,d͡z}, ɡʷ }     |                          ^     @ Rule 1, Line 1"
6.2.1.1.1,3,"	{ kʼ, kʷʼ } > { {ɣ,q}, ɣʷ }","Syntax Error: Cannot have nested brackets of the same type     |     { kʼ, kʷʼ } > { {ɣ,q}, ɣʷ }     |                     ^     @ Rule 1, Line 1"
6.2.1.1.2,2,"	{ {t͡s,t͡ʃ}, z, d͡z } > { ʃ, d, d͡ʒ }","Syntax Error: Cannot have nested brackets of the same type     |     { {t͡s,t͡ʃ}, z, d͡z } > { ʃ, d, d͡ʒ }     |       ^     @ Rule 1, Line 1"
6.2.1.1.3,3,"	{ {t͡s,t͡ʃ}, d͡z } > { ʃ, d͡ʒ }","Syntax Error: Cannot have nested brackets of the same type     |     { {t͡s,t͡ʃ}, d͡z } > { ʃ, d͡ʒ }     |       ^     @ Rule 1, Line 1"
6.2.2,2,"	{ {e,o}, {i,u} } > { a, ə }","Syntax Error: Cannot have nested brackets of the same type     |     { {e,o}, {i,u} } > { a, ə }     |       ^     @ Rule 1, Line 1"
6.2.2,3,	$VC$ > $CV$ “(This last rule turned all VC root͡s into CV)”,"Syntax Error: Unknown character “ at '0:0:12'.     |     $VC$ > $CV$ “(This last rule turned all VC root͡s into CV)”     |                 ^     @ Rule 1, Line 1"
6.2.2.1.1,2,	z > d / when another strident is in the word nearby and (word-finally?) when noun-stem final,"Syntax Error: Expected '->', but received -'f' at 0:0:61     |     z > d / when another strident is in the word nearby and (word-finally?) when noun-stem final     |                                                                  ^     @ Rule 1, Line 1"
6.2.2.1.1,4,	V > ∅ / _# in nominals,"Syntax Error: Can't have segments after the end of a word     |     V > ∅ / _# in nominals     |              ^     @ Rule 1, Line 1"
6.2.2.1.2,4,"	{ {ʃ,t͡s,z}, d͡z, t͡ʃ, {tʼ,t͡ʃʼ}, d͡ʒ } > { s, z, t͡s, t͡sʼ, d͡ʒ }","Syntax Error: Cannot have nested brackets of the same type     |     { {ʃ,t͡s,z}, d͡z, t͡ʃ, {tʼ,t͡ʃʼ}, d͡ʒ } > { s, z, t͡s, t͡sʼ, d͡ʒ }     |       ^     @ Rule 1, Line 1"
6.2.2.1.2,5,"	f > p / #_V{,C:[-voice],r}","Syntax Error: Expected an IPA character, Primative or Matrix, but received ','     |     f > p / #_V{,C:[-voice],r}     |                 ^     @ Rule 1, Line 1"
6.2.2.1.2,11,	CVʕ > ħʔ // C = ɡʷ,"Syntax Error: Expected number, but received ɡ      |     CVʕ > ħʔ // C = ɡʷ     |                     ^     @ Rule 1, Line 1"
6.2.2.1.2,16,"	[+ cons, - fr, + bk, + hi, - lo]ʷ > [+ cons, - fr, + bk, + hi, - lo]","Syntax Error: Expected '>', '->' or '=>', but received 'ʷ'     |     [+ cons, - fr, + bk, + hi, - lo]ʷ > [+ cons, - fr, + bk, + hi, - lo]     |                                     ^     @ Rule 1, Line 1"
6.2.2.1.2,18,"	q > i / #_V{,C:[+dental]}","Syntax Error: Unknown feature 'dental' at 0:16-23. Did you mean ldental?      |     q > i / #_V{,C:[+dental]}     |                     ^^^^^^^     @ Rule 1, Line 1"
6.2.2.1.2,19,	ʕ > i / #_VR,"Syntax Error: Unknown grouping 'R'. Known groupings are (C)onsonant, (O)bstruent, (S)onorant, (P)losive, (F)ricative, (L)iquid, (N)asal, (G)lide, and (V)owel     |     ʕ > i / #_VR     |                ^     @ Rule 1, Line 1"
6.2.2.1.2,23,	q > ʔ / _C:[+dental],"Syntax Error: Unknown feature 'dental' at 0:12-19. Did you mean ldental?      |     q > ʔ / _C:[+dental]     |                 ^^^^^^^     @ Rule 1, Line 1"
6.2.2.1.2,28,	tlʼ > dl / #_Vħr,"Syntax Error: Segment does not have prerequisite properties to have this diacritic. Must be [-sonorant]     |     tlʼ > dl / #_Vħr     |      ^^     @ Rule 1, Line 1"
6.2.2.1.2,29,	O:[+lateral] > O:[+palatal],"Syntax Error: Unknown feature 'palatal' at 0:18-26. Did you mean latrl?      |     O:[+lateral] > O:[+palatal]     |                       ^^^^^^^^     @ Rule 1, Line 1"
6.2.2.1.2,30,"	r > l / #_V{ VO, O }:[+labial]","Syntax Error: Expected ',', but received 'O'     |     r > l / #_V{ VO, O }:[+labial]     |                   ^     @ Rule 1, Line 1"
6.2.2.1.2,31,"	r > ʔ / :{ C_t# ,m,n,r,w,ʃ,x}, C_w# ,m,n,r,w,ʃ,x}, C_j# ,m,n,r,w,ʃ,x} }: // C = {ɡ","Syntax Error: Expected '_', but received ','     |     r > ʔ / :{ C_t# ,m,n,r,w,ʃ,x}, C_w# ,m,n,r,w,ʃ,x}, C_j# ,m,n,r,w,ʃ,x} }: // C = {ɡ     |                       ^     @ Rule 1, Line 1"
6.2.2.1.3,6,"	r > l / #{ C_, _ }c{ C#, # } ?","Syntax Error: Expected ',', but received '_'     |     r > l / #{ C_, _ }c{ C#, # } ?     |                 ^     @ Rule 1, Line 1"
6.2.2.1.4,2,	tlʼ > ɬ / _C:[+strident],"Syntax Error: Segment does not have prerequisite properties to have this diacritic. Must be [-sonorant]     |     tlʼ > ɬ / _C:[+strident]     |      ^^     @ Rule 1, Line 1"
6.2.2.1.4,3,	ɣ > ɡ / #_VCH,"Syntax Error: Unknown grouping 'H'. Known groupings are (C)onsonant, (O)bstruent, (S)onorant, (P)losive, (F)ricative, (L)iquid, (N)asal, (G)lide, and (V)owel     |     ɣ > ɡ / #_VCH     |                 ^     @ Rule 1, Line 1"
6.2.2.1.5,4,"	s > ʃ, h / in anaphora and certain derivational prefixes. . .:[t]his is common to many other Semitic languages as well","Syntax Error: Expected '..', but received .' ' at 0:0:56     |     s > ʃ, h / in anaphora and certain derivational prefixes. . .:[t]his is common to many other Semitic languages as well     |                                                             ^     @ Rule 1, Line 1"
6.2.2.1.5,9,"	m > n / in certain context͡s, notably in the nunation","Syntax Error: Expected '_', but received ','     |     m > n / in certain context͡s, notably in the nunation     |                                 ^     @ Rule 1, Line 1"
6.2.2.1.5,10,"	V{j,w}V > a:[+long] / some sequences","Syntax Error: Expected '_', but received ''     |     V{j,w}V > a:[+long] / some sequences     |                                         ^     @ Rule 1, Line 1"
6.2.2.1.6,2,	S > :[+voice] / :{ V_V }:,"Syntax Error: Unknown character : at '0:0:2'.     |     S > :[+voice] / :{ V_V }:     |       ^     @ Rule 1, Line 1"
6.2.2.1.6,3,	S > :[+voice] / V_R,"Syntax Error: Unknown character : at '0:0:2'.     |     S > :[+voice] / V_R     |       ^     @ Rule 1, Line 1"
6.2.2.1.6,8,"	j > c / {O,r}","Syntax Error: Expected '_', but received ''     |     j > c / {O,r}     |                  ^     @ Rule 1, Line 1"
6.2.2.1.6,11,"	∅ > F / :{ N_O, N_r }: // m_f","Runtime Error: Grouped Environments cannot (yet) be used in insertion rules     |     ∅ > F / :{ N_O, N_r }: // m_f     |             ^^^^^^^^^^^^^^     @ Rule 1, Line 1"
6.2.2.1.6,14,"	{ ʔ, h } > { ∅, x }","Syntax Error: Expected an IPA character, Primative or Matrix, but received '∅'     |     { ʔ, h } > { ∅, x }     |                  ^     @ Rule 1, Line 1"
6.2.2.1.6,20,"	{ j, j:[+long] } > ∅ / V_E","Syntax Error: Unknown grouping 'E'. Known groupings are (C)onsonant, (O)bstruent, (S)onorant, (P)losive, (F)ricative, (L)iquid, (N)asal, (G)lide, and (V)owel     |     { j, j:[+long] } > ∅ / V_E     |                              ^     @ Rule 1, Line 1"
6.2.2.1.6,23,"	i > a / :{ C:[+phargyn]_q, C:[+phargyn]_ɣ, C:[+phargyn]_ʕ }:","Syntax Error: Unknown feature 'phargyn' at 0:14-22. Did you mean pharyn?      |     i > a / :{ C:[+phargyn]_q, C:[+phargyn]_ɣ, C:[+phargyn]_ʕ }:     |                   ^^^^^^^^     @ Rule 1, Line 1"
6.2.2.1.6,24,"	i > a / :{ q_Cˤ, ɣ_Cˤ, ʕ_Cˤ }:","Syntax Error: Expected ',', but received 'ˤ'     |     i > a / :{ q_Cˤ, ɣ_Cˤ, ʕ_Cˤ }:     |                   ^     @ Rule 1, Line 1"
6.2.2.1.6,25,"	a > i / _C{ C,, , }","Syntax Error: Expected an IPA character, Primative or Matrix, but received ','     |     a > i / _C{ C,, , }     |                   ^     @ Rule 1, Line 1"
6.2.2.1.6,28,"	{u,a,i} > ∅ / _%, ()","Syntax Error: Expected '_', but received ''     |     {u,a,i} > ∅ / _%, ()     |                         ^     @ Rule 1, Line 1"
6.2.2.1.6,35,"	a > ∅ / _t, in the feminine ending","Syntax Error: Expected '_', but received ''     |     a > ∅ / _t, in the feminine ending     |                                       ^     @ Rule 1, Line 1"
6.2.2.1.6,36,"	a:[+long]ʔ > e / (C){ C_, _ }#","Syntax Error: Expected ',', but received '_'     |     a:[+long]ʔ > e / (C){ C_, _ }#     |                            ^     @ Rule 1, Line 1"
6.2.2.1.6,37,"	a:[+long] > a / :{ C:[+phargyn]_#, w_# }:","Syntax Error: Unknown feature 'phargyn' at 0:22-30. Did you mean pharyn?      |     a:[+long] > a / :{ C:[+phargyn]_#, w_# }:     |                           ^^^^^^^^     @ Rule 1, Line 1"
6.2.2.1.7,0,"	{ θ, ð } > { t, d } / usually in numbers or cases where a short vowel has been deleted and it’s in contact with another stop, e.g. CA/MSA kaˈθi:[+long]r → EA kti:[+long]r","Syntax Error: Unknown character ’ at '0:0:93'.     |     { θ, ð } > { t, d } / usually in numbers or cases where a short vowel has been deleted and it’s in contact with another stop, e.g. CA/MSA kaˈθi:[+long]r → EA kti:[+long]r     |                                                                                                  ^     @ Rule 1, Line 1"
6.2.2.1.7,3,"	dˤ > zˤ (seems to be a sporadic change only affecting a few words, e.g. CA/MSA ˈdˤa:[+long]bitˤ","Syntax Error: Expected '..', but received .'g' at 0:0:68     |     dˤ > zˤ (seems to be a sporadic change only affecting a few words, e.g. CA/MSA ˈdˤa:[+long]bitˤ     |                                                                         ^     @ Rule 1, Line 1"
6.2.2.1.7,4,"	zˤ (seems to be a sporadic change only affecting a few words, e.g. CA/MSA ˈdˤa:[+long]bitˤ > EA ˈzˤa:[+long]bitˤ)","Syntax Error: Expected '..', but received .'g' at 0:0:63     |     zˤ (seems to be a sporadic change only affecting a few words, e.g. CA/MSA ˈdˤa:[+long]bitˤ > EA ˈzˤa:[+long]bitˤ)     |                                                                    ^     @ Rule 1, Line 1"
6.2.2.1.7,6,"	{ i, u } > { e, o } / , // _#","Syntax Error: Expected '_', but received ','     |     { i, u } > { e, o } / , // _#     |                           ^     @ Rule 1, Line 1"
6.2.2.1.7,7,"	u > o, u / , _#","Syntax Error: Expected '_', but received ','     |     u > o, u / , _#     |                ^     @ Rule 1, Line 1"
6.2.2.1.7,8,"	{ aj, aw } > { e:[+long], o:[+long] } / in :[+closed]","Syntax Error: Unknown feature 'closed' at 0:45-52. Did you mean cons?      |     { aj, aw } > { e:[+long], o:[+long] } / in :[+closed]     |                                                  ^^^^^^^     @ Rule 1, Line 1"
6.2.2.1.7,9,"	V:[+long] > V / C_C{:[+long],C}V","Syntax Error: Expected an IPA character, Primative or Matrix, but received ':'     |     V:[+long] > V / C_C{:[+long],C}V     |                         ^     @ Rule 1, Line 1"
6.2.2.1.7,16,"	{ a, a:[+long] } > { æ, æ:[+long] } / (","Syntax Error: Expected an IPA character, Primative or Matrix, but received ''     |     { a, a:[+long] } > { æ, æ:[+long] } / (     |                                            ^     @ Rule 1, Line 1"
6.2.2.1.7,17,"	q > ʔ / except in several words, two of which are al-Qâhira and musîqâ","Syntax Error: Expected '->', but received -'Q' at 0:0:52     |     q > ʔ / except in several words, two of which are al-Qâhira and musîqâ     |                                                         ^     @ Rule 1, Line 1"
6.2.2.1.7,18,"	{{s,z}(ˤ),ʒ}ʃ > ʃ:[+long]","Syntax Error: Cannot have nested brackets of the same type     |     {{s,z}(ˤ),ʒ}ʃ > ʃ:[+long]     |      ^     @ Rule 1, Line 1"
6.2.2.1.8,5,"	V:[-long] > ∅ / #C_C, in some words","Syntax Error: Expected '_', but received ''     |     V:[-long] > ∅ / #C_C, in some words     |                                        ^     @ Rule 1, Line 1"
6.2.2.1.10,1,	f θ > v z̪ (the article isn’t exactly clear on what this second phone is),"Syntax Error: Unknown character ’ at '0:0:27'.     |     f θ > v z̪ (the article isn’t exactly clear on what this second phone is)     |                                ^     @ Rule 1, Line 1"
6.2.2.1.10,3,	x > χ (conjectured based upon the following but not outright stated in the article),"Syntax Error: Expected end of line, received '('. Did you forget a '/' between the output and environment?     |     x > χ (conjectured based upon the following but not outright stated in the article)     |           ^     @ Rule 1, Line 1"
6.2.2.1.10,7,"	V:[-long] > ∅ / :{ C_C(except for the feminine marker), C_#(except for the feminine marker) }:","Syntax Error: Can't have segments after the end of a word     |     V:[-long] > ∅ / :{ C_C(except for the feminine marker), C_#(except for the feminine marker) }:     |                                                               ^     @ Rule 1, Line 1"
6.2.2.1.10,8,"	aj aw > e:[+long]ʲ o:[+long]ʷ (sometimes, the article is unclear)","Syntax Error: Expected end of line, received 'ʲ'. Did you forget a '/' between the output and environment?     |     aj aw > e:[+long]ʲ o:[+long]ʷ (sometimes, the article is unclear)     |                      ^     @ Rule 1, Line 1"
6.2.2.1.10,9,	— j w > i u / #_CV,"Syntax Error: Unknown character — at '0:0:0'.     |     — j w > i u / #_CV     |     ^     @ Rule 1, Line 1"
6.2.2.1.10,10,	— j w > i:[+long] u:[+long] / #_CC,"Syntax Error: Unknown character — at '0:0:0'.     |     — j w > i:[+long] u:[+long] / #_CC     |     ^     @ Rule 1, Line 1"
6.2.2.1.11,0,"	k q > t͡ʃ {ɡ,q} (ɡ is more common)","Syntax Error: Expected end of line, received '('. Did you forget a '/' between the output and environment?     |     k q > t͡ʃ {ɡ,q} (ɡ is more common)     |                     ^     @ Rule 1, Line 1"
6.2.2.1.11,3,"	{ aj, aw } > { e:[+long], o:[+long] }","Syntax Error: Expected ',', but received 'j'     |     { aj, aw } > { e:[+long], o:[+long] }     |        ^     @ Rule 1, Line 1"
6.2.2.1.12,1,"	{ aj, aw } > { e(:[+long],j), o(:[+long],w) }","Syntax Error: Expected ',', but received 'j'     |     { aj, aw } > { e(:[+long],j), o(:[+long],w) }     |        ^     @ Rule 1, Line 1"
6.2.2.1.12,2,"	∅ > ə / C_CV(:[+long],V)CC","Syntax Error: Expected an IPA character, Primative or Matrix, but received ':'     |     ∅ > ə / C_CV(:[+long],V)CC     |                  ^     @ Rule 1, Line 1"
6.2.2.1.13,1,"	{ θ, ð(ˤ) } > { t, d(ˤ) }","Syntax Error: Expected ',', but received '('     |     { θ, ð(ˤ) } > { t, d(ˤ) }     |           ^     @ Rule 1, Line 1"
6.2.2.1.13,2,"	{ aj, aw } > { e:[+long], o:[+long] }","Syntax Error: Expected ',', but received 'j'     |     { aj, aw } > { e:[+long], o:[+long] }     |        ^     @ Rule 1, Line 1"
6.2.2.1.13,3,"	∅ > ə / CCV(:[+long],V)C_C","Syntax Error: Expected an IPA character, Primative or Matrix, but received ':'     |     ∅ > ə / CCV(:[+long],V)C_C     |                 ^     @ Rule 1, Line 1"
6.2.2.1.14,0,"	t > t͜s / plain t only, distinguishable from the sequence t͡s","Syntax Error: Unknown character ͜ at '0:0:5'.     |     t > t͜s / plain t only, distinguishable from the sequence t͡s     |          ^     @ Rule 1, Line 1"
6.2.2.1.14,1,"	{a,i} > ə / ; the change of short a blocked for some speakers before ħ ʕ","Syntax Error: Malformed Comment: Expected ';;', but received '; ' at 0:0:13     |     {a,i} > ə / ; the change of short a blocked for some speakers before ħ ʕ     |                  ^     @ Rule 1, Line 1"
6.2.2.1.14,3,	C:[+labial/+velar] > ʷ / adjacent to short u,"Syntax Error: Unknown feature 'velar' at 0:11-17. Did you mean delay?      |     C:[+labial/+velar] > ʷ / adjacent to short u     |                ^^^^^^     @ Rule 1, Line 1"
6.2.2.1.14,4,"	{u,ə} > ∅ // C_C{ C#, # }","Syntax Error: Expected ',', but received '#'     |     {u,ə} > ∅ // C_C{ C#, # }     |                        ^     @ Rule 1, Line 1"
6.2.2.1.14,11,	C:[+phargyn]C > CCˤ,"Syntax Error: Unknown feature 'phargyn' at 0:3-11. Did you mean pharyn?      |     C:[+phargyn]C > CCˤ     |        ^^^^^^^^     @ Rule 1, Line 1"
6.2.2.1.14,12,"	C:[+phargyn] > C / :{ #_V, V_V }:","Syntax Error: Unknown feature 'phargyn' at 0:3-11. Did you mean pharyn?      |     C:[+phargyn] > C / :{ #_V, V_V }:     |        ^^^^^^^^     @ Rule 1, Line 1"
6.2.2.1.14,14,"	d͡ʒ > d, ɡ / if s or z occur somewhere in the word","Syntax Error: Expected '_', but received ''     |     d͡ʒ > d, ɡ / if s or z occur somewhere in the word     |                                                       ^     @ Rule 1, Line 1"
6.2.2.1.14,16,	s > ʃ / if ʃ is somewhere in the stem after it,"Syntax Error: Expected '_', but received ''     |     s > ʃ / if ʃ is somewhere in the stem after it     |                                                   ^     @ Rule 1, Line 1"
6.2.2.1.14,17,	z > ʒ / if ʒ is somewhere in the stem after it,"Syntax Error: Expected '_', but received ''     |     z > ʒ / if ʒ is somewhere in the stem after it     |                                                   ^     @ Rule 1, Line 1"
6.2.2.1.16,1,"	{ u, u:[+long] } > {ɵ,o}(:[+long])","Syntax Error: Expected end of line, received '('. Did you forget a '/' between the output and environment?     |     { u, u:[+long] } > {ɵ,o}(:[+long])     |                             ^     @ Rule 1, Line 1"
6.2.2.1.17,1,	a > ɛ (sometimes),"Syntax Error: Expected end of line, received '('. Did you forget a '/' between the output and environment?     |     a > ɛ (sometimes)     |           ^     @ Rule 1, Line 1"
6.2.2.1.17,2,"	{ dˤ, q } > { ðˤ, {ɡ,q} }","Syntax Error: Cannot have nested brackets of the same type     |     { dˤ, q } > { ðˤ, {ɡ,q} }     |                       ^     @ Rule 1, Line 1"
6.2.2.1.17,5,	V:[+long] > V:[-long] / _# (except as below),"Syntax Error: Can't have segments after the end of a word     |     V:[+long] > V:[-long] / _# (except as below)     |                              ^     @ Rule 1, Line 1"
6.2.2.1.17,6,"	{ V, V:[+long] } > V:[+long] / in accented or stressed monosyllables","Syntax Error: Expected '_', but received ''     |     { V, V:[+long] } > V:[+long] / in accented or stressed monosyllables     |                                                                         ^     @ Rule 1, Line 1"
6.2.2.1.18,2,	— a:[+long] > o:[+long] // _#,"Syntax Error: Unknown character — at '0:0:0'.     |     — a:[+long] > o:[+long] // _#     |     ^     @ Rule 1, Line 1"
6.2.2.1.18,3,	— i i:[+long] u u:[+long] > eə i:[+long]ə oə u:[+long]ə / _R,"Syntax Error: Unknown character — at '0:0:0'.     |     — i i:[+long] u u:[+long] > eə i:[+long]ə oə u:[+long]ə / _R     |     ^     @ Rule 1, Line 1"
6.2.2.1.18,4,	— i:[+long] > e:[+long] / _#,"Syntax Error: Unknown character — at '0:0:0'.     |     — i:[+long] > e:[+long] / _#     |     ^     @ Rule 1, Line 1"
6.2.2.1.18,5,	— a > a:[+long] / _$,"Syntax Error: Unknown character — at '0:0:0'.     |     — a > a:[+long] / _$     |     ^     @ Rule 1, Line 1"
6.2.2.1.18,6,"	— a > {a,ɛ} (not common)","Syntax Error: Unknown character — at '0:0:0'.     |     — a > {a,ɛ} (not common)     |     ^     @ Rule 1, Line 1"
6.2.2.1.18,7,"	— i u > e a / _R{$,#} (","Syntax Error: Unknown character — at '0:0:0'.     |     — i u > e a / _R{$,#} (     |     ^     @ Rule 1, Line 1"
6.2.2.1.18,8,"	— i u > e o / _C{$,#} (","Syntax Error: Unknown character — at '0:0:0'.     |     — i u > e o / _C{$,#} (     |     ^     @ Rule 1, Line 1"
6.2.2.1.18,9,"	{ —, i } > { e:[+long], o:[+long] }","Syntax Error: Unknown character — at '0:0:2'.     |     { —, i } > { e:[+long], o:[+long] }     |       ^     @ Rule 1, Line 1"
6.2.2.1.18,10,	— aw > a:[+long]w,"Syntax Error: Unknown character — at '0:0:0'.     |     — aw > a:[+long]w     |     ^     @ Rule 1, Line 1"
6.2.2.1.18,11,	— aj > e:[+long] / _$,"Syntax Error: Unknown character — at '0:0:0'.     |     — aj > e:[+long] / _$     |     ^     @ Rule 1, Line 1"
6.2.2.1.18,12,	— aj > ɛ:[+long] / _#,"Syntax Error: Unknown character — at '0:0:0'.     |     — aj > ɛ:[+long] / _#     |     ^     @ Rule 1, Line 1"
6.2.2.1.18,13,"	— {o,u}(:[+long]) > i:[+long] / _$%o:[+long]","Syntax Error: Unknown character — at '0:0:0'.     |     — {o,u}(:[+long]) > i:[+long] / _$%o:[+long]     |     ^     @ Rule 1, Line 1"
6.2.2.1.18,14,	— o:[+long] > u:[+long],"Syntax Error: Unknown character — at '0:0:0'.     |     — o:[+long] > u:[+long]     |     ^     @ Rule 1, Line 1"
6.2.2.1.18,15,	— a > ∅ / _#,"Syntax Error: Unknown character — at '0:0:0'.     |     — a > ∅ / _#     |     ^     @ Rule 1, Line 1"
6.2.2.1.18,16,	— a > _$%%(…)”,"Syntax Error: Unknown character — at '0:0:0'.     |     — a > _$%%(…)”     |     ^     @ Rule 1, Line 1"
6.2.2.1.18,17,	— a > ə / _R if ə in an adjacent syllable,"Syntax Error: Unknown character — at '0:0:0'.     |     — a > ə / _R if ə in an adjacent syllable     |     ^     @ Rule 1, Line 1"
6.2.2.1.18,18,	— a > ə / R_ if ə in an adjacent syllable,"Syntax Error: Unknown character — at '0:0:0'.     |     — a > ə / R_ if ə in an adjacent syllable     |     ^     @ Rule 1, Line 1"
6.2.2.1.18,19,	— i > ə / _R if a frontal allophone of ə in an adjacent syllable,"Syntax Error: Unknown character — at '0:0:0'.     |     — i > ə / _R if a frontal allophone of ə in an adjacent syllable     |     ^     @ Rule 1, Line 1"
6.2.2.1.18,20,	— i > ə / R_ if a frontal allophone of ə in an adjacent syllable,"Syntax Error: Unknown character — at '0:0:0'.     |     — i > ə / R_ if a frontal allophone of ə in an adjacent syllable     |     ^     @ Rule 1, Line 1"
6.2.2.1.18,21,	— u > ə / _R if a backed allophone of ə in an adjacent syllable,"Syntax Error: Unknown character — at '0:0:0'.     |     — u > ə / _R if a backed allophone of ə in an adjacent syllable     |     ^     @ Rule 1, Line 1"
6.2.2.1.18,22,	— u > ə / R_ if a backed allophone of ə in an adjacent syllable,"Syntax Error: Unknown character — at '0:0:0'.     |     — u > ə / R_ if a backed allophone of ə in an adjacent syllable     |     ^     @ Rule 1, Line 1"
6.2.2.1.18,23,	— i > a / _R,"Syntax Error: Unknown character — at '0:0:0'.     |     — i > a / _R     |     ^     @ Rule 1, Line 1"
6.2.2.1.18,24,	— i > a / R_,"Syntax Error: Unknown character — at '0:0:0'.     |     — i > a / R_     |     ^     @ Rule 1, Line 1"
6.2.2.1.18,25,	— a i > a:[+long] e:[+long] / _%,"Syntax Error: Unknown character — at '0:0:0'.     |     — a i > a:[+long] e:[+long] / _%     |     ^     @ Rule 1, Line 1"
6.2.2.1.18,26,"	— u > ɔ / _C{$,#}","Syntax Error: Unknown character — at '0:0:0'.     |     — u > ɔ / _C{$,#}     |     ^     @ Rule 1, Line 1"
6.2.2.1.18,27,	— u > ∅ // _C:[+long],"Syntax Error: Unknown character — at '0:0:0'.     |     — u > ∅ // _C:[+long]     |     ^     @ Rule 1, Line 1"
6.2.2.1.18,28,	— aj aw > e:[+long] o:[+long],"Syntax Error: Unknown character — at '0:0:0'.     |     — aj aw > e:[+long] o:[+long]     |     ^     @ Rule 1, Line 1"
6.2.2.1.18,29,"	{ p, b, t, d, k, ɡ } > { b, v, θ, ð, x, ɣ } / non-intial singletons","Syntax Error: Expected '->', but received -'i' at 0:0:49     |     { p, b, t, d, k, ɡ } > { b, v, θ, ð, x, ɣ } / non-intial singletons     |                                                      ^     @ Rule 1, Line 1"
6.2.2.1.18,31,	j > ∅ / E_ (not clear whether only short or long also),"Syntax Error: Unknown grouping 'E'. Known groupings are (C)onsonant, (O)bstruent, (S)onorant, (P)losive, (F)ricative, (L)iquid, (N)asal, (G)lide, and (V)owel     |     j > ∅ / E_ (not clear whether only short or long also)     |             ^     @ Rule 1, Line 1"
6.2.2.1.18,32,	at > a:[+long] / _# (in feminine noun endings),"Syntax Error: Can't have segments after the end of a word     |     at > a:[+long] / _# (in feminine noun endings)     |                       ^     @ Rule 1, Line 1"
6.2.2.1.19,0,"	{{ e, e:[+long] },ɛ} > ɛ","Syntax Error: Cannot have nested brackets of the same type     |     {{ e, e:[+long] },ɛ} > ɛ     |      ^     @ Rule 1, Line 1"
6.2.2.1.19,3,"	ə > ɛ / #R_C or when breaking up what would otherwise be a three-consonant cluster; in the case of two schwas, only the first one is dropped","Syntax Error: Expected '->', but received -'c' at 0:0:64     |     ə > ɛ / #R_C or when breaking up what would otherwise be a three-consonant cluster; in the case of two schwas, only the first one is dropped     |                                                                     ^     @ Rule 1, Line 1"
6.2.2.1.19,5,	w θ ð ɣ > v t d ɡ (sometimes),"Syntax Error: Expected end of line, received '('. Did you forget a '/' between the output and environment?     |     w θ ð ɣ > v t d ɡ (sometimes)     |                       ^     @ Rule 1, Line 1"
6.2.2.1.19,9,	ʔ > ∅ // in onset of :[+stress] (colloquial),"Syntax Error: Expected '_', but received ''     |     ʔ > ∅ // in onset of :[+stress] (colloquial)     |                                                 ^     @ Rule 1, Line 1"
6.2.2.1.19,10,	h > ∅ (colloquial),"Syntax Error: The output of a deletion rule must only contain `*` or `∅`     |     h > ∅ (colloquial)     |           ^     @ Rule 1, Line 1"
7.1,11,"	w > ∅ / _# , k:[+long] }_ // { k","Syntax Error: Expected '_', but received '}'     |     w > ∅ / _# , k:[+long] }_ // { k     |                            ^     @ Rule 1, Line 1"
7.1,13,"	w > ∅ / C_ // C = [+ cons, - fr, + bk, + hi, - lo]","Syntax Error: Expected number, but received [      |     w > ∅ / C_ // C = [+ cons, - fr, + bk, + hi, - lo]     |                       ^     @ Rule 1, Line 1"
7.1,22,"	{ ʔs, ʔt͡s } > { s:[+long], t͡s:[+long] }","Syntax Error: Expected ',', but received 's'     |     { ʔs, ʔt͡s } > { s:[+long], t͡s:[+long] }     |        ^     @ Rule 1, Line 1"
7.2,0,"	{ nθ, nl } > { s:[+long], {s:[+long],hl} }","Syntax Error: Cannot have nested brackets of the same type     |     { nθ, nl } > { s:[+long], {s:[+long],hl} }     |                               ^     @ Rule 1, Line 1"
7.2,2,	N > ∅ / _RO,"Syntax Error: Unknown grouping 'R'. Known groupings are (C)onsonant, (O)bstruent, (S)onorant, (P)losive, (F)ricative, (L)iquid, (N)asal, (G)lide, and (V)owel     |     N > ∅ / _RO     |              ^     @ Rule 1, Line 1"
7.2,9,"	w > ∅ / _# , k:[+long] }_ // { k","Syntax Error: Expected '_', but received '}'     |     w > ∅ / _# , k:[+long] }_ // { k     |                            ^     @ Rule 1, Line 1"
7.2,11,"	w > ∅ / C_ // C = [+ cons, - fr, + bk, + hi, - lo]","Syntax Error: Expected number, but received [      |     w > ∅ / C_ // C = [+ cons, - fr, + bk, + hi, - lo]     |                       ^     @ Rule 1, Line 1"
7.2,13,"	{R,h} > ∅ / V_V (sporadic?)","Syntax Error: Unknown grouping 'R'. Known groupings are (C)onsonant, (O)bstruent, (S)onorant, (P)losive, (F)ricative, (L)iquid, (N)asal, (G)lide, and (V)owel     |     {R,h} > ∅ / V_V (sporadic?)     |      ^     @ Rule 1, Line 1"
7.2,20,"	{ ʔs, ʔt͡s } > { s:[+long], t͡s:[+long] }","Syntax Error: Expected ',', but received 's'     |     { ʔs, ʔt͡s } > { s:[+long], t͡s:[+long] }     |        ^     @ Rule 1, Line 1"
7.2,22,	i > e / _R,"Syntax Error: Unknown grouping 'R'. Known groupings are (C)onsonant, (O)bstruent, (S)onorant, (P)losive, (F)ricative, (L)iquid, (N)asal, (G)lide, and (V)owel     |     i > e / _R     |              ^     @ Rule 1, Line 1"
7.3,0,	(W)V > ∅ / _#,"Syntax Error: Unknown grouping 'W'. Known groupings are (C)onsonant, (O)bstruent, (S)onorant, (P)losive, (F)ricative, (L)iquid, (N)asal, (G)lide, and (V)owel     |     (W)V > ∅ / _#     |      ^     @ Rule 1, Line 1"
7.3,3,"	W > ∅ / { C_i, C_i:[+long] }","Syntax Error: Unknown grouping 'W'. Known groupings are (C)onsonant, (O)bstruent, (S)onorant, (P)losive, (F)ricative, (L)iquid, (N)asal, (G)lide, and (V)owel     |     W > ∅ / { C_i, C_i:[+long] }     |     ^     @ Rule 1, Line 1"
7.3,6,"	{ θ, h, {s,m,n,r} } > { ʃ, ∅, ʔ } / _C","Syntax Error: Cannot have nested brackets of the same type     |     { θ, h, {s,m,n,r} } > { ʃ, ∅, ʔ } / _C     |             ^     @ Rule 1, Line 1"
7.3,8,	W > j / C_,"Syntax Error: Unknown grouping 'W'. Known groupings are (C)onsonant, (O)bstruent, (S)onorant, (P)losive, (F)ricative, (L)iquid, (N)asal, (G)lide, and (V)owel     |     W > j / C_     |     ^     @ Rule 1, Line 1"
7.3,9,"	W > n / :{ #_, V_ }:","Syntax Error: Unknown grouping 'W'. Known groupings are (C)onsonant, (O)bstruent, (S)onorant, (P)losive, (F)ricative, (L)iquid, (N)asal, (G)lide, and (V)owel     |     W > n / :{ #_, V_ }:     |     ^     @ Rule 1, Line 1"
7.3,10,"	{ p, k } > { k, ∅ }","Syntax Error: Expected an IPA character, Primative or Matrix, but received '∅'     |     { p, k } > { k, ∅ }     |                     ^     @ Rule 1, Line 1"
7.3.1,1,"	({C,#}V)ʔ > ({C,#}V:[+long])∅ / _C","Syntax Error: Options can only be used in Environments or Structures     |     ({C,#}V)ʔ > ({C,#}V:[+long])∅ / _C     |     ^^^^^^^^     @ Rule 1, Line 1"
7.3.1,2,"	{ i, i:[+long] } > { u, u:[+long] } / { o, o:[+long] }(C:[-dental])(C:[-dental])_","Syntax Error: Unknown feature 'dental' at 0:58-65. Did you mean ldental?      |     { i, i:[+long] } > { u, u:[+long] } / { o, o:[+long] }(C:[-dental])(C:[-dental])_     |                                                               ^^^^^^^     @ Rule 1, Line 1"
7.3.1,4,"	{ ʃ, m } > { x, w } / _B","Syntax Error: Unknown grouping 'B'. Known groupings are (C)onsonant, (O)bstruent, (S)onorant, (P)losive, (F)ricative, (L)iquid, (N)asal, (G)lide, and (V)owel     |     { ʃ, m } > { x, w } / _B     |                            ^     @ Rule 1, Line 1"
7.3.1,5,"	{ ʃ, m } > { x, w } / B_#","Syntax Error: Unknown grouping 'B'. Known groupings are (C)onsonant, (O)bstruent, (S)onorant, (P)losive, (F)ricative, (L)iquid, (N)asal, (G)lide, and (V)owel     |     { ʃ, m } > { x, w } / B_#     |                           ^     @ Rule 1, Line 1"
7.3.1,6,"	{ ʃ, m } > { x, b } / { o, o:[+long] }{ _e, _e:[+long] }","Syntax Error: Expected an IPA character, Primative or Matrix, but received '_'     |     { ʃ, m } > { x, b } / { o, o:[+long] }{ _e, _e:[+long] }     |                                             ^     @ Rule 1, Line 1"
7.3.1,8,"	{ ʃ, k, m } > { s, t͡ʃ, b } / E_#","Syntax Error: Unknown grouping 'E'. Known groupings are (C)onsonant, (O)bstruent, (S)onorant, (P)losive, (F)ricative, (L)iquid, (N)asal, (G)lide, and (V)owel     |     { ʃ, k, m } > { s, t͡ʃ, b } / E_#     |                                   ^     @ Rule 1, Line 1"
7.3.1,9,	(V:[-long])N > ∅ / _#,"Syntax Error: Options can only be used in Environments or Structures     |     (V:[-long])N > ∅ / _#     |     ^^^^^^^^^^^     @ Rule 1, Line 1"
7.3.2,1,"	({C,#}V:[-long])ʔ > ({C,#}V:[+long]:[+falling tone])∅ / _C","Syntax Error: Unknown feature 'fallingtone' at 0:37-50. Did you mean manner?      |     ({C,#}V:[-long])ʔ > ({C,#}V:[+long]:[+falling tone])∅ / _C     |                                          ^^^^^^^^^^^^^     @ Rule 1, Line 1"
7.3.2,2,"	j > ∅ / {ʃ,θ}","Syntax Error: Expected '_', but received ''     |     j > ∅ / {ʃ,θ}     |                  ^     @ Rule 1, Line 1"
7.3.2,6,"	{ ʃ, {θ,t}, m, k } > { s, t͡s, tʲ, bʲ } / :{ _{ i,j,#}, _i:[+long],j,#} }:","Syntax Error: Cannot have nested brackets of the same type     |     { ʃ, {θ,t}, m, k } > { s, t͡s, tʲ, bʲ } / :{ _{ i,j,#}, _i:[+long],j,#} }:     |          ^     @ Rule 1, Line 1"
7.3.2,7,	(V:[-long])N > ∅ / _#,"Syntax Error: Options can only be used in Environments or Structures     |     (V:[-long])N > ∅ / _#     |     ^^^^^^^^^^^     @ Rule 1, Line 1"
7.4,0,"	{θ,t͡ʃ,ʃ,r} > t / unless adjacent to another consonant","Syntax Error: Expected '_', but received ''     |     {θ,t͡ʃ,ʃ,r} > t / unless adjacent to another consonant     |                                                           ^     @ Rule 1, Line 1"
7.4,1,"	∅ > x / _s ,#} // _C{C","Syntax Error: Expected '_', but received '}'     |     ∅ > x / _s ,#} // _C{C     |                  ^     @ Rule 1, Line 1"
7.4,5,"	{ʔθ,ʔr} > {ʔ,j,∅}","Syntax Error: Expected ',', but received 'θ'     |     {ʔθ,ʔr} > {ʔ,j,∅}     |       ^     @ Rule 1, Line 1"
7.4,9,"	{ nθ, hs } > { s:[+long]t, s:[+long] }","Syntax Error: Expected ',', but received 'θ'     |     { nθ, hs } > { s:[+long]t, s:[+long] }     |        ^     @ Rule 1, Line 1"
7.4,14,"	{ ns, sk } > { {x,s}, {x,s:[+long]} }","Syntax Error: Cannot have nested brackets of the same type     |     { ns, sk } > { {x,s}, {x,s:[+long]} }     |                    ^     @ Rule 1, Line 1"
7.4,15,"	{ θp, t͡ʃp, ʃp } > { {x,s:[+long]}, ʔp, s:[+long]p }","Syntax Error: Cannot have nested brackets of the same type     |     { θp, t͡ʃp, ʃp } > { {x,s:[+long]}, ʔp, s:[+long]p }     |                          ^     @ Rule 1, Line 1"
7.4,19,"	∅ > s / {{ i, i:[+long] },#e}_t","Syntax Error: Cannot have nested brackets of the same type     |     ∅ > s / {{ i, i:[+long] },#e}_t     |              ^     @ Rule 1, Line 1"
7.4,20,"	t > t͡s / :{ _{ i,a}, _e,a}, _i,a}, _e:[+long],a} }:","Syntax Error: Expected '_', but received '}'     |     t > t͡s / :{ _{ i,a}, _e,a}, _i,a}, _e:[+long],a} }:     |                               ^     @ Rule 1, Line 1"
7.4,21,"	∅ > s / { k_i, k_i:[+long] }","Syntax Error: Expected ',', but received '_'     |     ∅ > s / { k_i, k_i:[+long] }     |                ^     @ Rule 1, Line 1"
7.4,22,	s:[+long]:[+long] > s:[+long],"Syntax Error: Expected '>', '->' or '=>', but received ':'     |     s:[+long]:[+long] > s:[+long]     |              ^     @ Rule 1, Line 1"
7.4,25,"	∅ > j / :{ o:[+long]w_i#, i:[+long]j_i# }:","Runtime Error: Grouped Environments cannot (yet) be used in insertion rules     |     ∅ > j / :{ o:[+long]w_i#, i:[+long]j_i# }:     |             ^^^^^^^^^^^^^^^^^^^^^^^^^^^^^^^^^^     @ Rule 1, Line 1"
7.4,29,"	{ {ji:[+long],ja,ahi}, {owa:[+long],awa,awe}, awi, {i:[+long]wa,e:[+long]wa,aji,aje,ani} } > { i, o:[+long], o(ji), i:[+long] } / C_C","Syntax Error: Cannot have nested brackets of the same type     |     { {ji:[+long],ja,ahi}, {owa:[+long],awa,awe}, awi, {i:[+long]wa,e:[+long]wa,aji,aje,ani} } > { i, o:[+long], o(ji), i:[+long] } / C_C     |       ^     @ Rule 1, Line 1"
7.4,39,"	{i:[+long],ij,j} > j / C_B","Syntax Error: Expected ',', but received 'j'     |     {i:[+long],ij,j} > j / C_B     |                 ^     @ Rule 1, Line 1"
7.4,43,"	{ tem, {k,p}en } > { m:[+long], n:[+long] }","Syntax Error: Cannot have nested brackets of the same type     |     { tem, {k,p}en } > { m:[+long], n:[+long] }     |            ^     @ Rule 1, Line 1"
7.4,44,	ket > t:[+long] (,"Syntax Error: Expected end of line, received '('. Did you forget a '/' between the output and environment?     |     ket > t:[+long] (     |                     ^     @ Rule 1, Line 1"
7.4,45,	t:[+long] ( > s:[+long]?),"Syntax Error: Expected an IPA character, Primative or Matrix, but received '>'     |     t:[+long] ( > s:[+long]?)     |                 ^     @ Rule 1, Line 1"
7.4,46,	ke(h) > t:[+long] ?,"Syntax Error: Options can only be used in Environments or Structures     |     ke(h) > t:[+long] ?     |       ^^^     @ Rule 1, Line 1"
7.4,47,"	{kʷes,keθ} > s:[+long]","Syntax Error: Expected ',', but received 'e'     |     {kʷes,keθ} > s:[+long]     |        ^     @ Rule 1, Line 1"
7.4,48,	e > ∅ / O_ in # (not universal),"Syntax Error: Can't have segments after the end of a word     |     e > ∅ / O_ in # (not universal)     |                   ^     @ Rule 1, Line 1"
7.4,49,"	{me,ne} > ∅ / #_O (followed by truncation of following x)","Syntax Error: Expected ',', but received 'e'     |     {me,ne} > ∅ / #_O (followed by truncation of following x)     |       ^     @ Rule 1, Line 1"
7.4,50,"	{we,wi:[+long]} > o / #_","Syntax Error: Expected ',', but received 'e'     |     {we,wi:[+long]} > o / #_     |       ^     @ Rule 1, Line 1"
7.4,51,	t͡si > ∅ / $_OO (before a prefix; the first obstruent of the follow:[ing] cluster then becomes ʔ),"Syntax Error: Malformed Comment: Expected ';;', but received '; ' at 0:0:33     |     t͡si > ∅ / $_OO (before a prefix; the first obstruent of the follow:[ing] cluster then becomes ʔ)     |                                      ^     @ Rule 1, Line 1"
7.4,52,"	a:[+long] > aa / W_ ,:[+long]},#} // when _{C{C","Syntax Error: Cannot have nested brackets of the same type     |     a:[+long] > aa / W_ ,:[+long]},#} // when _{C{C     |                                                  ^     @ Rule 1, Line 1"
7.5,2,"	{ p, t, k } > { {hp,∅}, ht, {hk,∅} }","Syntax Error: Cannot have nested brackets of the same type     |     { p, t, k } > { {hp,∅}, ht, {hk,∅} }     |                     ^     @ Rule 1, Line 1"
7.5,3,"	{(t)l,θ} > t","Syntax Error: Expected an IPA character, Primative or Matrix, but received '('     |     {(t)l,θ} > t     |      ^     @ Rule 1, Line 1"
7.5,5,"	{ ʃ, t͡ʃ } > { {ʃ,x}, s }","Syntax Error: Cannot have nested brackets of the same type     |     { ʃ, t͡ʃ } > { {ʃ,x}, s }     |                    ^     @ Rule 1, Line 1"
7.5,6,"	{ w, j } > { {v,o}, {t,e} }","Syntax Error: Cannot have nested brackets of the same type     |     { w, j } > { {v,o}, {t,e} }     |                  ^     @ Rule 1, Line 1"
7.5,7,"	{kC,Ck} > ʔ","Syntax Error: Expected ',', but received 'C'     |     {kC,Ck} > ʔ     |       ^     @ Rule 1, Line 1"
7.5,11,	W > ∅,"Syntax Error: Unknown grouping 'W'. Known groupings are (C)onsonant, (O)bstruent, (S)onorant, (P)losive, (F)ricative, (L)iquid, (N)asal, (G)lide, and (V)owel     |     W > ∅     |     ^     @ Rule 1, Line 1"
7.6,9,	(t)ʃp > sp,"Syntax Error: Options can only be used in Environments or Structures     |     (t)ʃp > sp     |     ^^^     @ Rule 1, Line 1"
7.6,13,"	{ {n,q,h}ʃ, {n,q,h}l } > { s, {h,j,hʲ} }","Syntax Error: Cannot have nested brackets of the same type     |     { {n,q,h}ʃ, {n,q,h}l } > { s, {h,j,hʲ} }     |       ^     @ Rule 1, Line 1"
7.6,15,	a > i / in some unaccented syllables (),"Syntax Error: Expected '_', but received ''     |     a > i / in some unaccented syllables ()     |                                            ^     @ Rule 1, Line 1"
7.7,1,	e > i (short only),"Syntax Error: Expected end of line, received '('. Did you forget a '/' between the output and environment?     |     e > i (short only)     |           ^     @ Rule 1, Line 1"
7.7,9,	(t)ʃp > sp,"Syntax Error: Options can only be used in Environments or Structures     |     (t)ʃp > sp     |     ^^^     @ Rule 1, Line 1"
7.7,13,"	{ {n,q,h}ʃ, {n,q,h}l } > { ʃ, l }","Syntax Error: Cannot have nested brackets of the same type     |     { {n,q,h}ʃ, {n,q,h}l } > { ʃ, l }     |       ^     @ Rule 1, Line 1"
7.7,14,"	ʃ > ʃ, s / in inland varieties; remains /ʃ/ in coastal varieties","Syntax Error: Malformed Comment: Expected ';;', but received '; ' at 0:0:31     |     ʃ > ʃ, s / in inland varieties; remains /ʃ/ in coastal varieties     |                                    ^     @ Rule 1, Line 1"
7.8,1,"	e > i (short only in southern dialect͡s, both short and long in northern dialect͡s)","Syntax Error: Expected end of line, received '('. Did you forget a '/' between the output and environment?     |     e > i (short only in southern dialect͡s, both short and long in northern dialect͡s)     |           ^     @ Rule 1, Line 1"
7.8,9,	(t)ʃp > sp,"Syntax Error: Options can only be used in Environments or Structures     |     (t)ʃp > sp     |     ^^^     @ Rule 1, Line 1"
7.8,13,"	{ {n,q,h}ʃ, {n,q,h}l } > { s, {h,j,hʲ} }","Syntax Error: Cannot have nested brackets of the same type     |     { {n,q,h}ʃ, {n,q,h}l } > { s, {h,j,hʲ} }     |       ^     @ Rule 1, Line 1"
7.9,1,	e > i (short only),"Syntax Error: Expected end of line, received '('. Did you forget a '/' between the output and environment?     |     e > i (short only)     |           ^     @ Rule 1, Line 1"
7.9,9,	(t)ʃp > sp,"Syntax Error: Options can only be used in Environments or Structures     |     (t)ʃp > sp     |     ^^^     @ Rule 1, Line 1"
7.9,13,"	{ {n,q,h}ʃ, {n,q,h}l } > { ʃ, l }","Syntax Error: Cannot have nested brackets of the same type     |     { {n,q,h}ʃ, {n,q,h}l } > { ʃ, l }     |       ^     @ Rule 1, Line 1"
7.9,14,	ʃ > s / in West Swampy Cree (remains /ʃ/ in East Swampy Cree),"Syntax Error: Unknown grouping 'W'. Known groupings are (C)onsonant, (O)bstruent, (S)onorant, (P)losive, (F)ricative, (L)iquid, (N)asal, (G)lide, and (V)owel     |     ʃ > s / in West Swampy Cree (remains /ʃ/ in East Swampy Cree)     |                ^     @ Rule 1, Line 1"
7.10,8,	(t)ʃp > sp,"Syntax Error: Options can only be used in Environments or Structures     |     (t)ʃp > sp     |     ^^^     @ Rule 1, Line 1"
7.10,12,"	{ {n,q,h}ʃ, {n,q,h}l } > { s, {h,j,hʲ} }","Syntax Error: Cannot have nested brackets of the same type     |     { {n,q,h}ʃ, {n,q,h}l } > { s, {h,j,hʲ} }     |       ^     @ Rule 1, Line 1"
7.11,0,	t͡ʃ > t / in nouns,"Syntax Error: Expected '_', but received ''     |     t͡ʃ > t / in nouns     |                       ^     @ Rule 1, Line 1"
7.11,1,"	{ t, s } > { t͡ʃ, ʃ } / in diminutives","Syntax Error: Expected '_', but received ''     |     { t, s } > { t͡ʃ, ʃ } / in diminutives     |                                           ^     @ Rule 1, Line 1"
7.11,7,"	w > ∅ / ,p,m}_ // {k","Syntax Error: Expected '_', but received ','     |     w > ∅ / ,p,m}_ // {k     |             ^     @ Rule 1, Line 1"
7.11,8,"	Cʷ > C / _ə{(C){p,kʷ},m,w}","Syntax Error: Cannot have nested brackets of the same type     |     Cʷ > C / _ə{(C){p,kʷ},m,w}     |                    ^     @ Rule 1, Line 1"
7.11,10,"	we > wə / ,m,k} // adjacent to {p","Syntax Error: Expected '_', but received ','     |     we > wə / ,m,k} // adjacent to {p     |               ^     @ Rule 1, Line 1"
7.11,11,"	wə > o:[+long] / ,m,k} // adjacent to {p","Syntax Error: Expected '_', but received ','     |     wə > o:[+long] / ,m,k} // adjacent to {p     |                      ^     @ Rule 1, Line 1"
7.11,13,"	ʔ > h / _C , or when reduplicated // C = l","Syntax Error: Expected '_', but received '//'     |     ʔ > h / _C , or when reduplicated // C = l     |                                       ^^     @ Rule 1, Line 1"
7.11,15,"	{nθ,nl} > hl","Syntax Error: Expected ',', but received 'θ'     |     {nθ,nl} > hl     |       ^     @ Rule 1, Line 1"
7.11,16,	k > ∅ / h_ (,"Syntax Error: Expected an IPA character, Primative or Matrix, but received ''     |     k > ∅ / h_ (     |                 ^     @ Rule 1, Line 1"
7.11,21,"	V > ∅ / _# , in the latter of which long vowels were shortened // some monosyllables and analogical development͡s","Syntax Error: Expected '_', but received '//'     |     V > ∅ / _# , in the latter of which long vowels were shortened // some monosyllables and analogical development͡s     |                                                                    ^^     @ Rule 1, Line 1"
7.11,22,"	{a,ə} > ∅ / :{ _x“in the odd-numbered of any sequence of one or more short-vowel open syllables”; such vowels are considered “weak”, _h“in the odd-numbered of any sequence of one or more short-vowel open syllables”; such vowels are considered “weak” }:","Syntax Error: Unknown character “ at '0:0:17'.     |     {a,ə} > ∅ / :{ _x“in the odd-numbered of any sequence of one or more short-vowel open syllables”; such vowels are considered “weak”, _h“in the odd-numbered of any sequence of one or more short-vowel open syllables”; such vowels are considered “weak” }:     |                      ^     @ Rule 1, Line 1"
7.11,23,	ə:[+weak] > ∅ / #_C,"Syntax Error: Unknown feature 'weak' at 0:3-8. Did you mean man?      |     ə:[+weak] > ∅ / #_C     |        ^^^^^     @ Rule 1, Line 1"
7.11,24,	ə:[+weak] > ∅ / _C:[+voice] (sporadic),"Syntax Error: Unknown feature 'weak' at 0:3-8. Did you mean man?      |     ə:[+weak] > ∅ / _C:[+voice] (sporadic)     |        ^^^^^     @ Rule 1, Line 1"
7.11,25,"	{ a:[+weak], ə:[+weak] } > { ə, ∅ } / a_Z:[+voice]","Syntax Error: Unknown feature 'weak' at 0:5-10. Did you mean man?      |     { a:[+weak], ə:[+weak] } > { ə, ∅ } / a_Z:[+voice]     |          ^^^^^     @ Rule 1, Line 1"
7.11,31,	ə > a / _x :[i]n a nonrounding environment,"Syntax Error: Feature 'i' has no modifier at 0:13-14.     |     ə > a / _x :[i]n a nonrounding environment     |                  ^     @ Rule 1, Line 1"
7.12,0,"	{ we, je } > { o, i } / _C","Syntax Error: Expected ',', but received 'e'     |     { we, je } > { o, i } / _C     |        ^     @ Rule 1, Line 1"
7.12,4,	V:[-long] > ∅ / _# :[does not apply in disyllabic words containing two short vowels],"Syntax Error: Feature 'does' has no modifier at 0:21-25.     |     V:[-long] > ∅ / _# :[does not apply in disyllabic words containing two short vowels]     |                          ^^^^     @ Rule 1, Line 1"
7.12,6,	H > ∅ / _m,"Syntax Error: Unknown grouping 'H'. Known groupings are (C)onsonant, (O)bstruent, (S)onorant, (P)losive, (F)ricative, (L)iquid, (N)asal, (G)lide, and (V)owel     |     H > ∅ / _m     |     ^     @ Rule 1, Line 1"
7.12,10,	V > V:[+long] “when V is the second vowel of a word and follows a short-vowel syllable. Does not apply in glottal words”,"Syntax Error: Unknown character “ at '0:0:14'.     |     V > V:[+long] “when V is the second vowel of a word and follows a short-vowel syllable. Does not apply in glottal words”     |                   ^     @ Rule 1, Line 1"
7.12,11,	e > i / V:[+long]%_ // _H,"Syntax Error: Unknown grouping 'H'. Known groupings are (C)onsonant, (O)bstruent, (S)onorant, (P)losive, (F)ricative, (L)iquid, (N)asal, (G)lide, and (V)owel     |     e > i / V:[+long]%_ // _H     |                             ^     @ Rule 1, Line 1"
7.12,13,"	e > i / #{ C_, _ } // _H","Syntax Error: Expected ',', but received '_'     |     e > i / #{ C_, _ } // _H     |                 ^     @ Rule 1, Line 1"
7.12,14,"	e > i / :{ _k“when in the second syllable of glottal words”, _m“when in the second syllable of glottal words” }:","Syntax Error: Unknown character “ at '0:0:13'.     |     e > i / :{ _k“when in the second syllable of glottal words”, _m“when in the second syllable of glottal words” }:     |                  ^     @ Rule 1, Line 1"
7.12,17,"	{ wi, wi:[+long] } > { o, o:[+long] } / C_w","Syntax Error: Expected ',', but received 'i'     |     { wi, wi:[+long] } > { o, o:[+long] } / C_w     |        ^     @ Rule 1, Line 1"
7.12,19,"	V:[+long] > V:[-long] / CC{ G_, _ }C{V,#} :[i.e., when following a cluster but not followed by a cluster. Only applies ‘after the first long vowel of a nonglottal word, and everywhere in a glottal word’]","Syntax Error: Feature 'i' has no modifier at 0:44-45.     |     V:[+long] > V:[-long] / CC{ G_, _ }C{V,#} :[i.e., when following a cluster but not followed by a cluster. Only applies ‘after the first long vowel of a nonglottal word, and everywhere in a glottal word’]     |                                                 ^     @ Rule 1, Line 1"
7.12,21,"	V:[+long] > V:[-long] / _C{V,#} in even syllables; does not apply in the second syllable of a non-glottal word","Syntax Error: Malformed Comment: Expected ';;', but received '; ' at 0:0:50     |     V:[+long] > V:[-long] / _C{V,#} in even syllables; does not apply in the second syllable of a non-glottal word     |                                                       ^     @ Rule 1, Line 1"
7.12,22,"	{ {, e,, e:[+long], }, i } > { {, æ,, æ:[+long], }, e }","Syntax Error: Cannot have nested brackets of the same type     |     { {, e,, e:[+long], }, i } > { {, æ,, æ:[+long], }, e }     |       ^     @ Rule 1, Line 1"
7.12,23,"	i:[+long] o:[+long] oʔ > e:[+long] u:[+long] uʔ “:[blocked when i:[+long] or a C+G sequence follows anywhere in the word, but does apply if { æ, æ:[+long] } intervenes before any following i:[+long] or C+G]”","Syntax Error: Unknown character “ at '0:0:48'.     |     i:[+long] o:[+long] oʔ > e:[+long] u:[+long] uʔ “:[blocked when i:[+long] or a C+G sequence follows anywhere in the word, but does apply if { æ, æ:[+long] } intervenes before any following i:[+long] or C+G]”     |                                                     ^     @ Rule 1, Line 1"
7.12,24,"	{ {wi:[+long],ji:[+long],we:[+long],je:[+long],wæ:[+long],jæ:[+long]}, {wi,ji,we,je,wæ,jæ} } > { i:[+long], i } / C_","Syntax Error: Cannot have nested brackets of the same type     |     { {wi:[+long],ji:[+long],we:[+long],je:[+long],wæ:[+long],jæ:[+long]}, {wi,ji,we,je,wæ,jæ} } > { i:[+long], i } / C_     |       ^     @ Rule 1, Line 1"
7.12,25,"	æ > e / in odd syllables ,j,} // _{w","Syntax Error: Expected '_', but received ','     |     æ > e / in odd syllables ,j,} // _{w     |                              ^     @ Rule 1, Line 1"
7.12,27,"	{ wa, ja } > { uə̯, iə̯ } / C_","Syntax Error: Expected ',', but received 'a'     |     { wa, ja } > { uə̯, iə̯ } / C_     |        ^     @ Rule 1, Line 1"
7.13,0,	t͡ʃ > t / in nominal suffixes,"Syntax Error: Expected '_', but received ''     |     t͡ʃ > t / in nominal suffixes     |                                  ^     @ Rule 1, Line 1"
7.13,1,	t > t͡ʃ / in diminutives,"Syntax Error: Expected '_', but received ''     |     t > t͡ʃ / in diminutives     |                             ^     @ Rule 1, Line 1"
7.13,10,"	mV:[-long] > ∅ / :{ #_ʰC(allophonic, “optional”), #_s(allophonic, “optional”), #_ʃ(allophonic, “optional”) }:","Syntax Error: Unknown character “ at '0:0:37'.     |     mV:[-long] > ∅ / :{ #_ʰC(allophonic, “optional”), #_s(allophonic, “optional”), #_ʃ(allophonic, “optional”) }:     |                                          ^     @ Rule 1, Line 1"
7.13,16,"	{ hs, hʃ } > { s:[+long], ʃ:[+long] } / sporadic, usually {#,V:[+front]}_","Syntax Error: Expected ',', but received 's'     |     { hs, hʃ } > { s:[+long], ʃ:[+long] } / sporadic, usually {#,V:[+front]}_     |        ^     @ Rule 1, Line 1"
7.13,18,"	{ VNs, VNʃ } > { V:[+nas]z, V:[+nas]ʒ } / not universal?","Syntax Error: Expected ',', but received 'N'     |     { VNs, VNʃ } > { V:[+nas]z, V:[+nas]ʒ } / not universal?     |        ^     @ Rule 1, Line 1"
7.13,19,	S > ⁿS / #NV_ (sporadic),"Syntax Error: Could not get value of IPA 'ⁿ'.     |     S > ⁿS / #NV_ (sporadic)     |         ^     @ Rule 1, Line 1"
7.13,20,"	{ s, ʃ } > { ⁿs, ⁿʃ } / :[-nas] (highly sporadic)","Syntax Error: Could not get value of IPA 'ⁿ'.     |     { s, ʃ } > { ⁿs, ⁿʃ } / :[-nas] (highly sporadic)     |                  ^     @ Rule 1, Line 1"
7.14,1,"	{ n{θ,l}, h{θ,ʃ} } > { ∅, s }","Syntax Error: Cannot have nested brackets of the same type     |     { n{θ,l}, h{θ,ʃ} } > { ∅, s }     |        ^     @ Rule 1, Line 1"
7.14,3,"	{ ʔ{θ,ʃ}, ʔl } > { s, ∅ }","Syntax Error: Cannot have nested brackets of the same type     |     { ʔ{θ,ʃ}, ʔl } > { s, ∅ }     |        ^     @ Rule 1, Line 1"
7.14,7,"	k > χ / _{ ʷa, ʷa:[+long] } // #_","Syntax Error: Expected an IPA character, Primative or Matrix, but received 'ʷ'     |     k > χ / _{ ʷa, ʷa:[+long] } // #_     |                ^     @ Rule 1, Line 1"
7.14,12,	(aw)aha > a:[+long],"Syntax Error: Options can only be used in Environments or Structures     |     (aw)aha > a:[+long]     |     ^^^^     @ Rule 1, Line 1"
7.14,13,"	{awa,iwa,iwi} > u:[+long]","Syntax Error: Expected ',', but received 'w'     |     {awa,iwa,iwi} > u:[+long]     |       ^     @ Rule 1, Line 1"
7.14,16,"	{aja,iha,iji,ihi,ija} > i:[+long]","Syntax Error: Expected ',', but received 'j'     |     {aja,iha,iji,ihi,ija} > i:[+long]     |       ^     @ Rule 1, Line 1"
7.15,0,"	{ we, e } > { o, i }","Syntax Error: Expected ',', but received 'e'     |     { we, e } > { o, i }     |        ^     @ Rule 1, Line 1"
7.15,7,	H > ∅ / _m,"Syntax Error: Unknown grouping 'H'. Known groupings are (C)onsonant, (O)bstruent, (S)onorant, (P)losive, (F)ricative, (L)iquid, (N)asal, (G)lide, and (V)owel     |     H > ∅ / _m     |     ^     @ Rule 1, Line 1"
7.15,9,"	{j,w}V:[-long] > ∅ / C_# in disyllables with V:[+long] or in tri(-plus-)syllables","Syntax Error: Expected '->', but received -'p' at 0:0:65     |     {j,w}V:[-long] > ∅ / C_# in disyllables with V:[+long] or in tri(-plus-)syllables     |                                                                      ^     @ Rule 1, Line 1"
7.15,10,"	{w,j}V:[-long] > ∅ / V:[+long]_# (Whimemsz is unsure if this change is across-the-board or not)","Syntax Error: Expected '->', but received -'t' at 0:0:77     |     {w,j}V:[-long] > ∅ / V:[+long]_# (Whimemsz is unsure if this change is across-the-board or not)     |                                                                                  ^     @ Rule 1, Line 1"
7.15,11,"	V:[-long] > ∅ / V:[-long]{w,j}_# (Whimemsz is unsure if this change is across-the-board or not)","Syntax Error: Expected '->', but received -'t' at 0:0:77     |     V:[-long] > ∅ / V:[-long]{w,j}_# (Whimemsz is unsure if this change is across-the-board or not)     |                                                                                  ^     @ Rule 1, Line 1"
7.16,0,"	{θ,ʃ} > ɬ (conjectured based on 〈z〉 in the Piscataway source and on the lack of voicing in the original reconstructed sounds)","Syntax Error: Unknown character 〈 at '0:0:32'.     |     {θ,ʃ} > ɬ (conjectured based on 〈z〉 in the Piscataway source and on the lack of voicing in the original reconstructed sounds)     |                                     ^     @ Rule 1, Line 1"
7.16,2,	e > o / unclear conditioning,"Syntax Error: Expected '_', but received ''     |     e > o / unclear conditioning     |                                 ^     @ Rule 1, Line 1"
7.17,1,	r > s / H_,"Syntax Error: Unknown grouping 'H'. Known groupings are (C)onsonant, (O)bstruent, (S)onorant, (P)losive, (F)ricative, (L)iquid, (N)asal, (G)lide, and (V)owel     |     r > s / H_     |             ^     @ Rule 1, Line 1"
7.17,6,"	e > i / #{ C_, _ } (but remains e in a few cases?)","Syntax Error: Expected ',', but received '_'     |     e > i / #{ C_, _ } (but remains e in a few cases?)     |                 ^     @ Rule 1, Line 1"
7.17,8,"	j > ∅ / { C_i, C_i:[+long] }","Syntax Error: Expected ',', but received '_'     |     j > ∅ / { C_i, C_i:[+long] }     |                ^     @ Rule 1, Line 1"
7.17,21,"	∅ > ʔ / :{ C{v,d}_ʃp, C{v,d}_ʃk, C{v,d}_hV }:","Runtime Error: Grouped Environments cannot (yet) be used in insertion rules     |     ∅ > ʔ / :{ C{v,d}_ʃp, C{v,d}_ʃk, C{v,d}_hV }:     |             ^^^^^^^^^^^^^^^^^^^^^^^^^^^^^^^^^^^^^     @ Rule 1, Line 1"
7.17,26,	ʃ > s “(for many speakers)”,"Syntax Error: Unknown character “ at '0:0:6'.     |     ʃ > s “(for many speakers)”     |           ^     @ Rule 1, Line 1"
8.1,5,"	{ {a,e,o,æ}, i, u, y, ø } > { ə, i, ua, {u,ə}, {ə,u} } / _Ce","Syntax Error: Cannot have nested brackets of the same type     |     { {a,e,o,æ}, i, u, y, ø } > { ə, i, ua, {u,ə}, {ə,u} } / _Ce     |       ^     @ Rule 1, Line 1"
8.1,6,"	{ {a,æ,e,ø,i,y}, o } > { i, u } / _Ci","Syntax Error: Cannot have nested brackets of the same type     |     { {a,æ,e,ø,i,y}, o } > { i, u } / _Ci     |       ^     @ Rule 1, Line 1"
8.1,7,"	{ e, i, {o,u}, æ, ø, y } > { {ə,a}, {i,ə}, ə, a, {ə,u}, {u,ə} } / _Co","Syntax Error: Cannot have nested brackets of the same type     |     { e, i, {o,u}, æ, ø, y } > { {ə,a}, {i,ə}, ə, a, {ə,u}, {u,ə} } / _Co     |             ^     @ Rule 1, Line 1"
8.1,11,"	b > w / ,ə,Vj} // _{a","Syntax Error: Expected '_', but received ','     |     b > w / ,ə,Vj} // _{a     |             ^     @ Rule 1, Line 1"
8.1,14,	t͡ʃ > s / maybe // _#?,"Syntax Error: Expected '_', but received '//'     |     t͡ʃ > s / maybe // _#?     |                     ^^     @ Rule 1, Line 1"
8.1,21,"	ŋ > {∅,n} #_ else","Syntax Error: Expected an IPA character, Primative or Matrix, but received '∅'     |     ŋ > {∅,n} #_ else     |          ^     @ Rule 1, Line 1"
8.1,28,	U:[+long] > U:[-long],"Syntax Error: Unknown grouping 'U'. Known groupings are (C)onsonant, (O)bstruent, (S)onorant, (P)losive, (F)ricative, (L)iquid, (N)asal, (G)lide, and (V)owel     |     U:[+long] > U:[-long]     |     ^     @ Rule 1, Line 1"
8.1.1,2,	ʷe > je,"Syntax Error: Floating diacritic. Diacritics can only be used to modify IPA Segments     |     ʷe > je     |     ^     @ Rule 1, Line 1"
8.1.1,4,"	w > ∅ / ,o} // _{a","Syntax Error: Expected '_', but received ','     |     w > ∅ / ,o} // _{a     |             ^     @ Rule 1, Line 1"
8.1.1,5,"	{ au, iu, uu, eu, ou } > { ɔ:[+long], ju:[+long], u:[+long], jo:[+long], o:[+long] }","Syntax Error: Expected ',', but received 'u'     |     { au, iu, uu, eu, ou } > { ɔ:[+long], ju:[+long], u:[+long], jo:[+long], o:[+long] }     |        ^     @ Rule 1, Line 1"
8.2,0,"	{ {tʰ,d}, {k,ɡ} } > { r, {h,∅} } / :{ {C,V}_C, {C,V}_V }:","Syntax Error: Cannot have nested brackets of the same type     |     { {tʰ,d}, {k,ɡ} } > { r, {h,∅} } / :{ {C,V}_C, {C,V}_V }:     |       ^     @ Rule 1, Line 1"
8.2,1,"	{ pʰ, tʰ, kʰ } > { p, t, {k,h} }","Syntax Error: Cannot have nested brackets of the same type     |     { pʰ, tʰ, kʰ } > { p, t, {k,h} }     |                              ^     @ Rule 1, Line 1"
8.2,13,	U:[+long] > U:[-long],"Syntax Error: Unknown grouping 'U'. Known groupings are (C)onsonant, (O)bstruent, (S)onorant, (P)losive, (F)ricative, (L)iquid, (N)asal, (G)lide, and (V)owel     |     U:[+long] > U:[-long]     |     ^     @ Rule 1, Line 1"
8.3,4,"	{ e, o, u, æ, ø, y } > { {a,e}, {o,u}, {a,o,u, a, {a,o,u}, {o,u,i} } / _Ca","Syntax Error: Cannot have nested brackets of the same type     |     { e, o, u, æ, ø, y } > { {a,e}, {o,u}, {a,o,u, a, {a,o,u}, {o,u,i} } / _Ca     |                              ^     @ Rule 1, Line 1"
8.3,5,"	{ a, e, i, o, u, æ, ø, y } > { {a,i}, {e,ja}, {e,i}, {ø,y,o}, {o,u,y}, {i,a,e}, {e,ø}, {ø,y,o,u} } / _Ce","Syntax Error: Cannot have nested brackets of the same type     |     { a, e, i, o, u, æ, ø, y } > { {a,i}, {e,ja}, {e,i}, {ø,y,o}, {o,u,y}, {i,a,e}, {e,ø}, {ø,y,o,u} } / _Ce     |                                    ^     @ Rule 1, Line 1"
8.3,7,"	{ a, e, u, æ, ø, y } > { {a,e}, {e,i}, {y,ø}, {i,e}, {i,e,ø}, {ø,y,o,u} } / _Ci","Syntax Error: Cannot have nested brackets of the same type     |     { a, e, u, æ, ø, y } > { {a,e}, {e,i}, {y,ø}, {i,e}, {i,e,ø}, {ø,y,o,u} } / _Ci     |                              ^     @ Rule 1, Line 1"
8.3,12,"	{ a, e, o, i, æ, ø, y } > { {a,i,e}, {a,e}, u, {o,u}, e, {ø,y,o,u}, {o,u} } / _Co","Syntax Error: Cannot have nested brackets of the same type     |     { a, e, o, i, æ, ø, y } > { {a,i,e}, {a,e}, u, {o,u}, e, {ø,y,o,u}, {o,u} } / _Co     |                                 ^     @ Rule 1, Line 1"
8.3,13,"	{ a, e, {o,u}, æ, ø, y } > { {a,o,u}, {e,a}, {o,u}, {a,o,u}, {e,i,u}, {i,o,u,y,ø} } / _Cu","Syntax Error: Cannot have nested brackets of the same type     |     { a, e, {o,u}, æ, ø, y } > { {a,o,u}, {e,a}, {o,u}, {a,o,u}, {e,i,u}, {i,o,u,y,ø} } / _Cu     |             ^     @ Rule 1, Line 1"
8.3,14,"	b > h / , ,lʲ}_ or _ɡ // {rʲ","Syntax Error: Expected '_', but received ','     |     b > h / , ,lʲ}_ or _ɡ // {rʲ     |             ^     @ Rule 1, Line 1"
8.3,17,	pʰ > b / #_U:[+high pitch],"Syntax Error: Unknown feature 'highpitch' at 0:14-25. Did you mean high?      |     pʰ > b / #_U:[+high pitch]     |                   ^^^^^^^^^^^     @ Rule 1, Line 1"
8.3,18,	p > h (sporadic),"Syntax Error: Expected end of line, received '('. Did you forget a '/' between the output and environment?     |     p > h (sporadic)     |           ^     @ Rule 1, Line 1"
8.3,21,"	{ t(ʰ), d } > { t͡ʃ, d͡ʒ } / _i","Syntax Error: Expected ',', but received '('     |     { t(ʰ), d } > { t͡ʃ, d͡ʒ } / _i     |        ^     @ Rule 1, Line 1"
8.3,26,"	ɡ > h / ,V}_h // {C","Syntax Error: Expected '_', but received ','     |     ɡ > h / ,V}_h // {C     |             ^     @ Rule 1, Line 1"
8.4,2,"	{ {u,ø,y}, æ } > { {o,u}, ia } / _Ca","Syntax Error: Cannot have nested brackets of the same type     |     { {u,ø,y}, æ } > { {o,u}, ia } / _Ca     |       ^     @ Rule 1, Line 1"
8.4,4,"	{ æ, ø } > { i, {o,u} } / _Ce","Syntax Error: Cannot have nested brackets of the same type     |     { æ, ø } > { i, {o,u} } / _Ce     |                     ^     @ Rule 1, Line 1"
8.4,6,"	{ æ, ø, y } > { ia, {o,u}, i } / _Ci","Syntax Error: Cannot have nested brackets of the same type     |     { æ, ø, y } > { ia, {o,u}, i } / _Ci     |                         ^     @ Rule 1, Line 1"
8.4,7,"	{ {u,æ}, ø } > { {o,u}, i } / _Co","Syntax Error: Cannot have nested brackets of the same type     |     { {u,æ}, ø } > { {o,u}, i } / _Co     |       ^     @ Rule 1, Line 1"
8.4,9,"	{ {u,æ,y}, ø } > { {o,u}, ia } / _Cu","Syntax Error: Cannot have nested brackets of the same type     |     { {u,æ,y}, ø } > { {o,u}, ia } / _Cu     |       ^     @ Rule 1, Line 1"
8.4,21,	U:[-long +low pitch] U:[+long -low pitch] > U:[+long] U:[-long],"Syntax Error: Unknown feature 'lowpitch' at 0:9-19. Did you mean voice?      |     U:[-long +low pitch] U:[+long -low pitch] > U:[+long] U:[-long]     |              ^^^^^^^^^^     @ Rule 1, Line 1"
8.5,0,"	{ a, ø } > { {a,ʌ}, a } / P_Ca","Syntax Error: Cannot have nested brackets of the same type     |     { a, ø } > { {a,ʌ}, a } / P_Ca     |                  ^     @ Rule 1, Line 1"
8.5,1,"	{ a, e, i, u, æ, ø, y } > { a, {a,ʌ,e}, {ɯ,i}, {u,o}, {ia,ja,ɛ}, {ia,ja}, ɯ } / _Ca","Syntax Error: Cannot have nested brackets of the same type     |     { a, e, i, u, æ, ø, y } > { a, {a,ʌ,e}, {ɯ,i}, {u,o}, {ia,ja,ɛ}, {ia,ja}, ɯ } / _Ca     |                                    ^     @ Rule 1, Line 1"
8.5,6,"	{ a, {e,i}, o, u, æ, ø, y } > { {ɛ,a}, ɛ, {ø,o}, {y,u}, {ia,ja,ɛ}, {ia,ja}, {y,ø} } / _Ci","Syntax Error: Cannot have nested brackets of the same type     |     { a, {e,i}, o, u, æ, ø, y } > { {ɛ,a}, ɛ, {ø,o}, {y,u}, {ia,ja,ɛ}, {ia,ja}, {y,ø} } / _Ci     |          ^     @ Rule 1, Line 1"
8.5,9,"	{ a, e, i, æ, ø, y } > { {o,ja,aj}, {ʌ,ɜ}, ɯ, {ia,ja}, {o,u}, {u,o} } / _Co","Syntax Error: Cannot have nested brackets of the same type     |     { a, e, i, æ, ø, y } > { {o,ja,aj}, {ʌ,ɜ}, ɯ, {ia,ja}, {o,u}, {u,o} } / _Co     |                              ^     @ Rule 1, Line 1"
8.5,10,"	{ e, i, æ, ø, y } > { {ɛ,a,ʌ}, {ɯ,i}, {e,a}, {u,o}, ɯ } / _Cu","Syntax Error: Cannot have nested brackets of the same type     |     { e, i, æ, ø, y } > { {ɛ,a,ʌ}, {ɯ,i}, {e,a}, {u,o}, ɯ } / _Cu     |                           ^     @ Rule 1, Line 1"
8.5,11,"	{pʰ,ŋ} > {∅,j} / #_","Syntax Error: Expected an IPA character, Primative or Matrix, but received '∅'     |     {pʰ,ŋ} > {∅,j} / #_     |               ^     @ Rule 1, Line 1"
8.5,21,"	{ʒ,d͡ʒ} > j / #_ (marked as to Pre-Proto-Turkic)","Syntax Error: Expected '->', but received -'P' at 0:0:34     |     {ʒ,d͡ʒ} > j / #_ (marked as to Pre-Proto-Turkic)     |                                       ^     @ Rule 1, Line 1"
8.5,22,"	{d,n} > j / #_ (?) (marked as to Pre-Proto-Turkic)","Syntax Error: Expected '->', but received -'P' at 0:0:36     |     {d,n} > j / #_ (?) (marked as to Pre-Proto-Turkic)     |                                         ^     @ Rule 1, Line 1"
8.5,26,	d ɡ > t k (may have been part of a more sweeping merger; Firespeaker calls it “lenis-fortis”),"Syntax Error: Malformed Comment: Expected ';;', but received '; ' at 0:0:56     |     d ɡ > t k (may have been part of a more sweeping merger; Firespeaker calls it “lenis-fortis”)     |                                                             ^     @ Rule 1, Line 1"
8.5.1,0,	V:[-long] > ∅ (shared with Old Turkic),"Syntax Error: The output of a deletion rule must only contain `*` or `∅`     |     V:[-long] > ∅ (shared with Old Turkic)     |                   ^     @ Rule 1, Line 1"
8.5.1,1,	h > ∅ (shared with Old Turkic),"Syntax Error: The output of a deletion rule must only contain `*` or `∅`     |     h > ∅ (shared with Old Turkic)     |           ^     @ Rule 1, Line 1"
8.5.1,5,"	d > t / #_ (kind of, something about evidence from borrowings)","Syntax Error: Expected ':', but received 's'     |     d > t / #_ (kind of, something about evidence from borrowings)     |                          ^     @ Rule 1, Line 1"
8.5.1,6,	V > V:[-round] / U_,"Syntax Error: Unknown grouping 'U'. Known groupings are (C)onsonant, (O)bstruent, (S)onorant, (P)losive, (F)ricative, (L)iquid, (N)asal, (G)lide, and (V)owel     |     V > V:[-round] / U_     |                      ^     @ Rule 1, Line 1"
8.5.1,9,	ɡm rɡ > mɡ ɡr (this second one is listed as,"Syntax Error: Expected end of line, received '('. Did you forget a '/' between the output and environment?     |     ɡm rɡ > mɡ ɡr (this second one is listed as     |                   ^     @ Rule 1, Line 1"
8.5.1,10,	mɡ ɡr (this second one is listed as > rɡ but it might be a typo),"Syntax Error: Expected an IPA character, Primative or Matrix, but received '>'     |     mɡ ɡr (this second one is listed as > rɡ but it might be a typo)     |                                         ^     @ Rule 1, Line 1"
8.5.1,11,"	rd > dr (possibly sporadic and/or confined to [+ cons, - fr, + bk, + hi, - lo]azakh)","Syntax Error: Expected end of line, received '('. Did you forget a '/' between the output and environment?     |     rd > dr (possibly sporadic and/or confined to [+ cons, - fr, + bk, + hi, - lo]azakh)     |             ^     @ Rule 1, Line 1"
8.5.1,13,"	{ {e,æ}b, ub } > { ew, uw }","Syntax Error: Cannot have nested brackets of the same type     |     { {e,æ}b, ub } > { ew, uw }     |       ^     @ Rule 1, Line 1"
8.5.1,18,	ew ( > øj),"Syntax Error: Expected an IPA character, Primative or Matrix, but received '>'     |     ew ( > øj)     |          ^     @ Rule 1, Line 1"
8.5.1,19,	øj) > yj,"Syntax Error: Expected '>', '->' or '=>', but received ')'     |     øj) > yj     |       ^     @ Rule 1, Line 1"
8.5.1,23,	a > æ // _B,"Syntax Error: Unknown grouping 'B'. Known groupings are (C)onsonant, (O)bstruent, (S)onorant, (P)losive, (F)ricative, (L)iquid, (N)asal, (G)lide, and (V)owel     |     a > æ // _B     |               ^     @ Rule 1, Line 1"
8.5.1,26,	ŋ > ɡ / syllable-final,"Syntax Error: Expected '->', but received -'f' at 0:0:16     |     ŋ > ɡ / syllable-final     |                     ^     @ Rule 1, Line 1"
8.5.1.1,1,	j > d͡ʒ / #_ (did not occur in Qara Nogay),"Syntax Error: Unknown grouping 'Q'. Known groupings are (C)onsonant, (O)bstruent, (S)onorant, (P)losive, (F)ricative, (L)iquid, (N)asal, (G)lide, and (V)owel     |     j > d͡ʒ / #_ (did not occur in Qara Nogay)     |                                    ^     @ Rule 1, Line 1"
8.5.1.1,2,	d͡ʒ > ʒ (did not occur in Qara Nogay or Central Nogay),"Syntax Error: Expected end of line, received '('. Did you forget a '/' between the output and environment?     |     d͡ʒ > ʒ (did not occur in Qara Nogay or Central Nogay)     |             ^     @ Rule 1, Line 1"
8.5.1.2,2,"	{ {u,ɯ}w, {i,y}w, aw, {æ,e}w } > { u:[+long], y:[+long], o:[+long], ø:[+long] }","Syntax Error: Cannot have nested brackets of the same type     |     { {u,ɯ}w, {i,y}w, aw, {æ,e}w } > { u:[+long], y:[+long], o:[+long], ø:[+long] }     |       ^     @ Rule 1, Line 1"
8.5.1.2,4,"	æ Vh {ʕ,h} > ɑ:[+long] V:[+long] ∅ (seems to have largely been confined to loanwords from Persian)","Syntax Error: Expected end of line, received '∅'. Did you forget a '/' between the output and environment?     |     æ Vh {ʕ,h} > ɑ:[+long] V:[+long] ∅ (seems to have largely been confined to loanwords from Persian)     |                                      ^     @ Rule 1, Line 1"
8.5.1.2,8,"	∅ > U / :{ #_l(not sure what 〈〉 represent͡s here; maybe just some sort of back vowel?), #_r(not sure what 〈〉 represent͡s here; maybe just some sort of back vowel?) }:","Syntax Error: Unknown character 〈 at '0:0:29'.     |     ∅ > U / :{ #_l(not sure what 〈〉 represent͡s here; maybe just some sort of back vowel?), #_r(not sure what 〈〉 represent͡s here; maybe just some sort of back vowel?) }:     |                                  ^     @ Rule 1, Line 1"
8.5.1.2,10,	e > i / k_y (maybe they mean k_j?),"Syntax Error: Expected an IPA character, Primative or Matrix, but received '_'     |     e > i / k_y (maybe they mean k_j?)     |                                   ^     @ Rule 1, Line 1"
8.5.2,0,"	{e,ɤ}:[+long] > je (the second one is conjectured based on my admittedly sparse knowledge of Turkish; I can only guess that 〈ė〉 is some sort of back unrounded vowel)","Syntax Error: Malformed Comment: Expected ';;', but received '; ' at 0:0:101     |     {e,ɤ}:[+long] > je (the second one is conjectured based on my admittedly sparse knowledge of Turkish; I can only guess that 〈ė〉 is some sort of back unrounded vowel)     |                                                                                                          ^     @ Rule 1, Line 1"
8.5.2,1,"	{ o, oɡ, ø, øɡ, iɡ } > { wo, ɥø, o:[+long], ø:[+long], i:[+long] }","Syntax Error: Expected ',', but received 'ɡ'     |     { o, oɡ, ø, øɡ, iɡ } > { wo, ɥø, o:[+long], ø:[+long], i:[+long] }     |           ^     @ Rule 1, Line 1"
8.5.2,2,"	{ a{ɡ̌(ɯ),b}, {o{ɡ̌,b},aɡ̌u}, u{ɡ̌,b} } > { ɰa, wo, u:[+long] }","Syntax Error: Cannot have nested brackets of the same type     |     { a{ɡ̌(ɯ),b}, {o{ɡ̌,b},aɡ̌u}, u{ɡ̌,b} } > { ɰa, wo, u:[+long] }     |        ^     @ Rule 1, Line 1"
8.5.2,3,	iɡ̌ > ɯ:[+long],"Syntax Error: Unknown character ̌ at '0:0:2'.     |     iɡ̌ > ɯ:[+long]     |       ^     @ Rule 1, Line 1"
8.5.2,4,	ɯ:[+long] > i:[+long] (but original ɯ:[+long] unaffected?),"Syntax Error: Expected end of line, received '('. Did you forget a '/' between the output and environment?     |     ɯ:[+long] > i:[+long] (but original ɯ:[+long] unaffected?)     |                           ^     @ Rule 1, Line 1"
8.5.2,6,"	{ d, s, {ʃ,z} } > { t, ∅, s } / V_V","Syntax Error: Cannot have nested brackets of the same type     |     { d, s, {ʃ,z} } > { t, ∅, s } / V_V     |             ^     @ Rule 1, Line 1"
8.5.2,9,	j > s (possibly only initially?),"Syntax Error: Expected end of line, received '('. Did you forget a '/' between the output and environment?     |     j > s (possibly only initially?)     |           ^     @ Rule 1, Line 1"
9.1.1,2,	tʰ > h (Only seems to have occurred with first-register tones),"Syntax Error: Expected '->', but received -'r' at 0:0:46     |     tʰ > h (Only seems to have occurred with first-register tones)     |                                                   ^     @ Rule 1, Line 1"
9.1.1,3,"	{kʰ,ɡʱ} > x (Presyllables don’t seem to have affected this much)","Syntax Error: Unknown character ’ at '0:0:29'.     |     {kʰ,ɡʱ} > x (Presyllables don’t seem to have affected this much)     |                                  ^     @ Rule 1, Line 1"
9.1.1,4,	m n > b d (Only seems to have occurred with first-register tones),"Syntax Error: Expected '->', but received -'r' at 0:0:49     |     m n > b d (Only seems to have occurred with first-register tones)     |                                                      ^     @ Rule 1, Line 1"
9.1.1,5,"	{ {pʲ,bʲ}, {tʲ,dʲ}, {cʲ,ɟʲ} } > { b, d, j }","Syntax Error: Cannot have nested brackets of the same type     |     { {pʲ,bʲ}, {tʲ,dʲ}, {cʲ,ɟʲ} } > { b, d, j }     |       ^     @ Rule 1, Line 1"
9.1.1,6,	ɓ ɗ > b d (Only seems to have occurred with first-register tones),"Syntax Error: Expected '->', but received -'r' at 0:0:49     |     ɓ ɗ > b d (Only seems to have occurred with first-register tones)     |                                                      ^     @ Rule 1, Line 1"
9.1.1,7,"	{n̥j,nʲ,ɲ̊j,ɲʲ} > ɲ j","Syntax Error: Unknown character ̊ at '0:0:9'.     |     {n̥j,nʲ,ɲ̊j,ɲʲ} > ɲ j     |              ^     @ Rule 1, Line 1"
9.1.1,8,"	{ N:[-voice], W:[-voice] } > { N:[+voice], W:[+voice] }","Syntax Error: Unknown grouping 'W'. Known groupings are (C)onsonant, (O)bstruent, (S)onorant, (P)losive, (F)ricative, (L)iquid, (N)asal, (G)lide, and (V)owel     |     { N:[-voice], W:[-voice] } > { N:[+voice], W:[+voice] }     |                   ^     @ Rule 1, Line 1"
9.1.1,9,"	(h)ə{p,b} > t / _l","Syntax Error: Options can only be used in Environments or Structures     |     (h)ə{p,b} > t / _l     |     ^^^     @ Rule 1, Line 1"
9.1.1,12,	w > ∅ / tʰV_k (,"Syntax Error: Expected an IPA character, Primative or Matrix, but received ''     |     w > ∅ / tʰV_k (     |                    ^     @ Rule 1, Line 1"
9.1.2,0,"	bʱ {tʰ,dʱ} {t*ʰ,d*ʱ} {kʰ,ɡʱ} > pʰ t tʰ kʰ (after *kʰ *ɡʱ, only first-register tones may occur)","Syntax Error: Expected '->', but received -'r' at 0:0:68     |     bʱ {tʰ,dʱ} {t*ʰ,d*ʱ} {kʰ,ɡʱ} > pʰ t tʰ kʰ (after *kʰ *ɡʱ, only first-register tones may occur)     |                                                                         ^     @ Rule 1, Line 1"
9.1.2,1,"	{ (h)ə{p,b}, (h)ə{t,d}, (h)ə{c,ɟ}, (h)ə{k,ɡ} } > { β, dʲ, ɟ, ɡ }","Syntax Error: Cannot have nested brackets of the same type     |     { (h)ə{p,b}, (h)ə{t,d}, (h)ə{c,ɟ}, (h)ə{k,ɡ} } > { β, dʲ, ɟ, ɡ }     |           ^     @ Rule 1, Line 1"
9.1.2,2,"	{ {pʲ,bʲ}, {tʲ,dʲ}, {cʲ,ɟʲ} } > { {β,w}, dʲ, ɟ }","Syntax Error: Cannot have nested brackets of the same type     |     { {pʲ,bʲ}, {tʲ,dʲ}, {cʲ,ɟʲ} } > { {β,w}, dʲ, ɟ }     |       ^     @ Rule 1, Line 1"
9.1.2,3,	ɓ ɗ > m n (For some reason it seems that only first-register tones can occur in this environment),"Syntax Error: Expected '->', but received -'r' at 0:0:51     |     ɓ ɗ > m n (For some reason it seems that only first-register tones can occur in this environment)     |                                                        ^     @ Rule 1, Line 1"
9.1.2,4,"	{n̥j,nʲ,ɲ̊j,ɲʲ} > ɲ (Thompson appears to me to have hedged a bit on the last one; based on other evidence in the paper I’m sticking this one as a palatal nasal)","Syntax Error: Unknown character ̊ at '0:0:9'.     |     {n̥j,nʲ,ɲ̊j,ɲʲ} > ɲ (Thompson appears to me to have hedged a bit on the last one; based on other evidence in the paper I’m sticking this one as a palatal nasal)     |              ^     @ Rule 1, Line 1"
9.1.2,5,	t͡ʃ > Ω (This is my own notation. I don’t have a clue what the intermediate form was; became something else in different dialect͡s),"Syntax Error: Unknown character Ω at '0:0:6'.     |     t͡ʃ > Ω (This is my own notation. I don’t have a clue what the intermediate form was; became something else in different dialect͡s)     |           ^     @ Rule 1, Line 1"
9.1.2,6,"	{ N:[-voice], W:[-voice] } > { N:[+voice], W:[+voice] }","Syntax Error: Unknown grouping 'W'. Known groupings are (C)onsonant, (O)bstruent, (S)onorant, (P)losive, (F)ricative, (L)iquid, (N)asal, (G)lide, and (V)owel     |     { N:[-voice], W:[-voice] } > { N:[+voice], W:[+voice] }     |                   ^     @ Rule 1, Line 1"
9.1.2,7,"	{ ((h)ə)p, d } > { b, t } / _l","Syntax Error: Cannot have nested brackets of the same type     |     { ((h)ə)p, d } > { b, t } / _l     |        ^     @ Rule 1, Line 1"
9.1.2,8,	t > ∅ / _ɹ (only first-register tones can occur in this environment),"Syntax Error: Expected '->', but received -'r' at 0:0:22     |     t > ∅ / _ɹ (only first-register tones can occur in this environment)     |                           ^     @ Rule 1, Line 1"
9.1.2,9,"	{ t*ʰ, d, ɡ } > { tʰ, t, k } / _w","Syntax Error: Expected ',', but received '*'     |     { t*ʰ, d, ɡ } > { tʰ, t, k } / _w     |        ^     @ Rule 1, Line 1"
9.1.2,10,	s > t(ʰ?),"Syntax Error: Expected end of line, received '('. Did you forget a '/' between the output and environment?     |     s > t(ʰ?)     |          ^     @ Rule 1, Line 1"
9.1.2,11,"	{əkʰ,əɡɦj} > ɟ (I think Thompson implied this was just a bit of a kludge)","Syntax Error: Expected ',', but received 'k'     |     {əkʰ,əɡɦj} > ɟ (I think Thompson implied this was just a bit of a kludge)     |       ^     @ Rule 1, Line 1"
9.1.2,14,"	{ c, ɲ } > { t, n } // E_ (apparently the precursor to Vietnamese short *a was treated as a short vowel here)","Syntax Error: Unknown grouping 'E'. Known groupings are (C)onsonant, (O)bstruent, (S)onorant, (P)losive, (F)ricative, (L)iquid, (N)asal, (G)lide, and (V)owel     |     { c, ɲ } > { t, n } // E_ (apparently the precursor to Vietnamese short *a was treated as a short vowel here)     |                            ^     @ Rule 1, Line 1"
9.1.2,15,"	{ a, ɔ } > { ɨə, uə }","Syntax Error: Expected ',', but received 'ə'     |     { a, ɔ } > { ɨə, uə }     |                   ^     @ Rule 1, Line 1"
9.1.2.1,1,	kʰ > x (only seems to have occurred with first-register tones),"Syntax Error: Expected '->', but received -'r' at 0:0:46     |     kʰ > x (only seems to have occurred with first-register tones)     |                                                   ^     @ Rule 1, Line 1"
9.1.2.1,2,"	{ {β,w}, {dʲ,ɟ} } > { v, z }","Syntax Error: Cannot have nested brackets of the same type     |     { {β,w}, {dʲ,ɟ} } > { v, z }     |       ^     @ Rule 1, Line 1"
9.1.2.1,3,	ɹ > z (only seems to have occurred with first-register tones),"Syntax Error: Expected '->', but received -'r' at 0:0:45     |     ɹ > z (only seems to have occurred with first-register tones)     |                                                  ^     @ Rule 1, Line 1"
9.1.2.1,6,	mɲ > ɲ (Thompson seems to indicate that this may have become:[l] as well; only seems to have occurred with second-register tones),"Syntax Error: Feature 'l' has no modifier at 0:62-63.     |     mɲ > ɲ (Thompson seems to indicate that this may have become:[l] as well; only seems to have occurred with second-register tones)     |                                                                   ^     @ Rule 1, Line 1"
9.1.2.1,7,"	{ Ω, cʰ } > { s, t͡ɕ }","Syntax Error: Unknown character Ω at '0:0:2'.     |     { Ω, cʰ } > { s, t͡ɕ }     |       ^     @ Rule 1, Line 1"
9.1.2.1,9,	ɛ > a / _C:[+palatal],"Syntax Error: Unknown feature 'palatal' at 0:12-20. Did you mean latrl?      |     ɛ > a / _C:[+palatal]     |                 ^^^^^^^^     @ Rule 1, Line 1"
9.1.2.1,10,	w > ∅ / tV_wk (,"Syntax Error: Expected an IPA character, Primative or Matrix, but received ''     |     w > ∅ / tV_wk (     |                    ^     @ Rule 1, Line 1"
9.1.2.2,1,	kʰ > x (only seems to have occurred with first-register tones),"Syntax Error: Expected '->', but received -'r' at 0:0:46     |     kʰ > x (only seems to have occurred with first-register tones)     |                                                   ^     @ Rule 1, Line 1"
9.1.2.2,2,"	{β,w} > bʲ~vʲ~v","Syntax Error: Expected end of line, received '~'. Did you forget a '/' between the output and environment?     |     {β,w} > bʲ~vʲ~v     |               ^     @ Rule 1, Line 1"
9.1.2.2,3,"	{bl,tl} > ʈ (?)","Syntax Error: Expected ',', but received 'l'     |     {bl,tl} > ʈ (?)     |       ^     @ Rule 1, Line 1"
9.1.2.2,6,"	{ Ω, cʰ } > { ʂ, ʈʂ }","Syntax Error: Unknown character Ω at '0:0:2'.     |     { Ω, cʰ } > { ʂ, ʈʂ }     |       ^     @ Rule 1, Line 1"
9.1.2.2,7,	ɹ > ʐ (sometimes?),"Syntax Error: Expected end of line, received '('. Did you forget a '/' between the output and environment?     |     ɹ > ʐ (sometimes?)     |           ^     @ Rule 1, Line 1"
9.1.2.2,8,"	{ c, ɲ, t, n } > { t, n, k, ŋ } / a_ (short /a/ only)","Syntax Error: Expected an IPA character, Primative or Matrix, but received '/'     |     { c, ɲ, t, n } > { t, n, k, ŋ } / a_ (short /a/ only)     |                                                 ^     @ Rule 1, Line 1"
9.1.2.2,11,"	ə > ∅ / :{ {i,ɨ}_p, {i,ɨ}_m.w }:","Syntax Error: Expected '..', but received .'w' at 0:0:27     |     ə > ∅ / :{ {i,ɨ}_p, {i,ɨ}_m.w }:     |                                ^     @ Rule 1, Line 1"
9.1.2.2,16,	ɛ > a / _C:[+palatal],"Syntax Error: Unknown feature 'palatal' at 0:12-20. Did you mean latrl?      |     ɛ > a / _C:[+palatal]     |                 ^^^^^^^^     @ Rule 1, Line 1"
9.1.2.2,17,	w > ∅ / tV_wk (,"Syntax Error: Expected an IPA character, Primative or Matrix, but received ''     |     w > ∅ / tV_wk (     |                    ^     @ Rule 1, Line 1"
10.1.1,3,	R > r,"Syntax Error: Unknown grouping 'R'. Known groupings are (C)onsonant, (O)bstruent, (S)onorant, (P)losive, (F)ricative, (L)iquid, (N)asal, (G)lide, and (V)owel     |     R > r     |     ^     @ Rule 1, Line 1"
10.1.1,6,"	{ iw, uj } > { {i,?}, i } / _#","Syntax Error: Cannot have nested brackets of the same type     |     { iw, uj } > { {i,?}, i } / _#     |                    ^     @ Rule 1, Line 1"
10.1.1,7,	— aj aw > ej ow / _#,"Syntax Error: Unknown character — at '0:0:0'.     |     — aj aw > ej ow / _#     |     ^     @ Rule 1, Line 1"
10.1.1,8,	— aj aw > e ow / _#,"Syntax Error: Unknown character — at '0:0:0'.     |     — aj aw > e ow / _#     |     ^     @ Rule 1, Line 1"
10.1.1,10,	HəS > (h)ə(N)S / #_,"Syntax Error: Unknown grouping 'H'. Known groupings are (C)onsonant, (O)bstruent, (S)onorant, (P)losive, (F)ricative, (L)iquid, (N)asal, (G)lide, and (V)owel     |     HəS > (h)ə(N)S / #_     |     ^     @ Rule 1, Line 1"
10.1.1.1,1,"	{r,h} > {∅,h}","Syntax Error: Expected an IPA character, Primative or Matrix, but received '∅'     |     {r,h} > {∅,h}     |              ^     @ Rule 1, Line 1"
10.1.1.1,4,"	{ ej, ow } > { i, u }","Syntax Error: Expected ',', but received 'j'     |     { ej, ow } > { i, u }     |        ^     @ Rule 1, Line 1"
10.1.1.2,0,	h > q / _# (might’ve been a retention?),"Syntax Error: Unknown character ’ at '0:0:17'.     |     h > q / _# (might’ve been a retention?)     |                      ^     @ Rule 1, Line 1"
10.1.1.2,2,"	{ iw, ow, ej } > { i, o, e } / _#","Syntax Error: Expected ',', but received 'w'     |     { iw, ow, ej } > { i, o, e } / _#     |        ^     @ Rule 1, Line 1"
10.1.1.2,3,"	V(h) > V(q) / _# (again, might’ve been a retention?)","Syntax Error: Unknown character ’ at '0:0:30'.     |     V(h) > V(q) / _# (again, might’ve been a retention?)     |                                   ^     @ Rule 1, Line 1"
10.1.1.2,4,	a > ə / _# (Meno-mene and Mriak-mriku only),"Syntax Error: Expected '->', but received -'m' at 0:0:16     |     a > ə / _# (Meno-mene and Mriak-mriku only)     |                     ^     @ Rule 1, Line 1"
10.1.1.2,5,	d > r / medial (Meno-mene and Mriak-mriku only),"Syntax Error: Expected '->', but received -'m' at 0:0:20     |     d > r / medial (Meno-mene and Mriak-mriku only)     |                         ^     @ Rule 1, Line 1"
10.1.1.2,6,	r > h / _# (Meno-mene and Mriak-mriku only),"Syntax Error: Expected '->', but received -'m' at 0:0:16     |     r > h / _# (Meno-mene and Mriak-mriku only)     |                     ^     @ Rule 1, Line 1"
10.1.1.3,0,	h > q / _# (might’ve been a retention?),"Syntax Error: Unknown character ’ at '0:0:17'.     |     h > q / _# (might’ve been a retention?)     |                      ^     @ Rule 1, Line 1"
10.1.1.3,3,"	{ ej, ow } > { e, o } / _#","Syntax Error: Expected ',', but received 'j'     |     { ej, ow } > { e, o } / _#     |        ^     @ Rule 1, Line 1"
10.1.1.3,5,"	V(h) > V(q) / _# (again, might’ve been a retention?)","Syntax Error: Unknown character ’ at '0:0:30'.     |     V(h) > V(q) / _# (again, might’ve been a retention?)     |                                   ^     @ Rule 1, Line 1"
10.1.1.3,9,	b > ∅ / medial (sporadic),"Syntax Error: Expected '_', but received ''     |     b > ∅ / medial (sporadic)     |                              ^     @ Rule 1, Line 1"
10.1.2,0,	*T > t,"Syntax Error: The input of an insertion rule must only contain `*` or `∅`     |     *T > t     |      ^     @ Rule 1, Line 1"
10.1.2,1,"	{*D,*Z,z} > d / #_","Syntax Error: Expected an IPA character, Primative or Matrix, but received '*'     |     {*D,*Z,z} > d / #_     |      ^     @ Rule 1, Line 1"
10.1.2,2,	*D > d / _#,"Syntax Error: The input of an insertion rule must only contain `*` or `∅`     |     *D > d / _#     |      ^     @ Rule 1, Line 1"
10.1.2,3,	*R > ɡ / #_,"Syntax Error: The input of an insertion rule must only contain `*` or `∅`     |     *R > ɡ / #_     |      ^     @ Rule 1, Line 1"
10.1.2,4,"	*R > l, ɡ / _#","Syntax Error: The input of an insertion rule must only contain `*` or `∅`     |     *R > l, ɡ / _#     |      ^     @ Rule 1, Line 1"
10.1.2.1,2,"	{ *j, {*D,z} } > { r, d } / V_V","Syntax Error: Cannot have nested brackets of the same type     |     { *j, {*D,z} } > { r, d } / V_V     |           ^     @ Rule 1, Line 1"
10.1.2.1,3,	*j > ɡ / #_,"Syntax Error: The input of an insertion rule must only contain `*` or `∅`     |     *j > ɡ / #_     |      ^     @ Rule 1, Line 1"
10.1.2.1,4,"	{ h, *j } > { ∅, d } / _#","Syntax Error: Expected an IPA character, Primative or Matrix, but received '*'     |     { h, *j } > { ∅, d } / _#     |          ^     @ Rule 1, Line 1"
10.1.2.1,5,	*R > ɡ,"Syntax Error: The input of an insertion rule must only contain `*` or `∅`     |     *R > ɡ     |      ^     @ Rule 1, Line 1"
10.1.2.2,1,"	{ *D, d } > { l, r } / V_V","Syntax Error: Expected an IPA character, Primative or Matrix, but received '*'     |     { *D, d } > { l, r } / V_V     |       ^     @ Rule 1, Line 1"
10.1.2.2,2,	*j > d / #_,"Syntax Error: The input of an insertion rule must only contain `*` or `∅`     |     *j > d / #_     |      ^     @ Rule 1, Line 1"
10.1.2.2,3,"	{ {*j,*Z}, z } > { l, r } / V_V","Syntax Error: Cannot have nested brackets of the same type     |     { {*j,*Z}, z } > { l, r } / V_V     |       ^     @ Rule 1, Line 1"
10.1.2.2,4,"	{ h, *j } > { ∅, d } / _#","Syntax Error: Expected an IPA character, Primative or Matrix, but received '*'     |     { h, *j } > { ∅, d } / _#     |          ^     @ Rule 1, Line 1"
10.1.2.2,5,	*R > ɡ,"Syntax Error: The input of an insertion rule must only contain `*` or `∅`     |     *R > ɡ     |      ^     @ Rule 1, Line 1"
10.1.2.3,1,	*D > l,"Syntax Error: The input of an insertion rule must only contain `*` or `∅`     |     *D > l     |      ^     @ Rule 1, Line 1"
10.1.2.3,2,	*j > d / #_,"Syntax Error: The input of an insertion rule must only contain `*` or `∅`     |     *j > d / #_     |      ^     @ Rule 1, Line 1"
10.1.2.3,3,"	{ {*Z,*j}, z } > { l, r } / V_V","Syntax Error: Cannot have nested brackets of the same type     |     { {*Z,*j}, z } > { l, r } / V_V     |       ^     @ Rule 1, Line 1"
10.1.2.3,4,	*j > d / _#,"Syntax Error: The input of an insertion rule must only contain `*` or `∅`     |     *j > d / _#     |      ^     @ Rule 1, Line 1"
10.1.2.4,1,	*D > r,"Syntax Error: The input of an insertion rule must only contain `*` or `∅`     |     *D > r     |      ^     @ Rule 1, Line 1"
10.1.2.4,2,	*j > ɡ / possible exception in word-initial position?,"Syntax Error: Expected '->', but received -'i' at 0:0:35     |     *j > ɡ / possible exception in word-initial position?     |                                        ^     @ Rule 1, Line 1"
10.1.2.4,3,	*Z > r,"Syntax Error: The input of an insertion rule must only contain `*` or `∅`     |     *Z > r     |      ^     @ Rule 1, Line 1"
10.1.2.4,5,	*R > ɡ,"Syntax Error: The input of an insertion rule must only contain `*` or `∅`     |     *R > ɡ     |      ^     @ Rule 1, Line 1"
10.1.2.5,1,	*j > ɡ / _#,"Syntax Error: The input of an insertion rule must only contain `*` or `∅`     |     *j > ɡ / _#     |      ^     @ Rule 1, Line 1"
10.1.2.5,2,"	{z,*Z,*D,*j} > d","Syntax Error: Expected an IPA character, Primative or Matrix, but received '*'     |     {z,*Z,*D,*j} > d     |        ^     @ Rule 1, Line 1"
10.1.2.6,0,	*D > d,"Syntax Error: The input of an insertion rule must only contain `*` or `∅`     |     *D > d     |      ^     @ Rule 1, Line 1"
10.1.2.6,1,"	{z,*Z,*j} > d / V_V","Syntax Error: Expected an IPA character, Primative or Matrix, but received '*'     |     {z,*Z,*j} > d / V_V     |        ^     @ Rule 1, Line 1"
10.1.2.6,2,	*j > ɡ,"Syntax Error: The input of an insertion rule must only contain `*` or `∅`     |     *j > ɡ     |      ^     @ Rule 1, Line 1"
10.1.2.6,3,"	R > ɡ, r / _#","Syntax Error: Unknown grouping 'R'. Known groupings are (C)onsonant, (O)bstruent, (S)onorant, (P)losive, (F)ricative, (L)iquid, (N)asal, (G)lide, and (V)owel     |     R > ɡ, r / _#     |     ^     @ Rule 1, Line 1"
10.1.2.6,4,	R > r,"Syntax Error: Unknown grouping 'R'. Known groupings are (C)onsonant, (O)bstruent, (S)onorant, (P)losive, (F)ricative, (L)iquid, (N)asal, (G)lide, and (V)owel     |     R > r     |     ^     @ Rule 1, Line 1"
10.1.2.7,2,"	{ *R, ɲ } > { l, n }","Syntax Error: Expected an IPA character, Primative or Matrix, but received '*'     |     { *R, ɲ } > { l, n }     |       ^     @ Rule 1, Line 1"
10.1.2.7.1,3,	aɪ ai > ɪɪ ii (not sure if there’s a long vowel or hiatus here),"Syntax Error: Unknown character ’ at '0:0:32'.     |     aɪ ai > ɪɪ ii (not sure if there’s a long vowel or hiatus here)     |                                     ^     @ Rule 1, Line 1"
10.1.2.7.1,5,	s > t / _V // _E,"Syntax Error: Unknown grouping 'E'. Known groupings are (C)onsonant, (O)bstruent, (S)onorant, (P)losive, (F)ricative, (L)iquid, (N)asal, (G)lide, and (V)owel     |     s > t / _V // _E     |                    ^     @ Rule 1, Line 1"
10.1.2.7.2,0,"	{ {t,k}, q } > { ʔ, k } / _C","Syntax Error: Cannot have nested brackets of the same type     |     { {t,k}, q } > { ʔ, k } / _C     |       ^     @ Rule 1, Line 1"
10.1.2.7.2,4,	aɪ ai > ɪɪ ii (not sure if there’s a long vowel or hiatus here),"Syntax Error: Unknown character ’ at '0:0:32'.     |     aɪ ai > ɪɪ ii (not sure if there’s a long vowel or hiatus here)     |                                     ^     @ Rule 1, Line 1"
10.1.2.7.2,6,	s > t / _V // _E,"Syntax Error: Unknown grouping 'E'. Known groupings are (C)onsonant, (O)bstruent, (S)onorant, (P)losive, (F)ricative, (L)iquid, (N)asal, (G)lide, and (V)owel     |     s > t / _V // _E     |                    ^     @ Rule 1, Line 1"
10.1.2.7.2,8,	s > c& _ (the paper doesn’t explain what this represent͡s),"Syntax Error: Unknown character ’ at '0:0:25'.     |     s > c& _ (the paper doesn’t explain what this represent͡s)     |                              ^     @ Rule 1, Line 1"
10.1.2.7.3,3,	aɪ ai > ɪɪ ii (not sure if there’s a long vowel or hiatus here),"Syntax Error: Unknown character ’ at '0:0:32'.     |     aɪ ai > ɪɪ ii (not sure if there’s a long vowel or hiatus here)     |                                     ^     @ Rule 1, Line 1"
10.1.2.8,0,"	{*D,*Z} > d","Syntax Error: Expected an IPA character, Primative or Matrix, but received '*'     |     {*D,*Z} > d     |      ^     @ Rule 1, Line 1"
10.1.2.8,1,"	{z,*j} > d / V_V","Syntax Error: Expected an IPA character, Primative or Matrix, but received '*'     |     {z,*j} > d / V_V     |        ^     @ Rule 1, Line 1"
10.1.2.8,2,	*j > ɡ / _#,"Syntax Error: The input of an insertion rule must only contain `*` or `∅`     |     *j > ɡ / _#     |      ^     @ Rule 1, Line 1"
10.1.2.9,2,"	{ {*D,*j}, {d,z} } > { l, r } / V_V","Syntax Error: Cannot have nested brackets of the same type     |     { {*D,*j}, {d,z} } > { l, r } / V_V     |       ^     @ Rule 1, Line 1"
10.1.2.9,3,	*j > d / #_,"Syntax Error: The input of an insertion rule must only contain `*` or `∅`     |     *j > d / #_     |      ^     @ Rule 1, Line 1"
10.1.2.9,4,"	{ h, *j } > { ∅, d } / _#","Syntax Error: Expected an IPA character, Primative or Matrix, but received '*'     |     { h, *j } > { ∅, d } / _#     |          ^     @ Rule 1, Line 1"
10.1.2.9,5,	*R > ɡ,"Syntax Error: The input of an insertion rule must only contain `*` or `∅`     |     *R > ɡ     |      ^     @ Rule 1, Line 1"
10.1.2.9,6,	q > ∅ (not sure what happens word-finally to it),"Syntax Error: Expected '->', but received -'f' at 0:0:33     |     q > ∅ (not sure what happens word-finally to it)     |                                      ^     @ Rule 1, Line 1"
10.1.2.9,7,"	{ uj, iw } > { oj, uj } / _#","Syntax Error: Expected ',', but received 'j'     |     { uj, iw } > { oj, uj } / _#     |        ^     @ Rule 1, Line 1"
10.1.2.10,2,	*T > t,"Syntax Error: The input of an insertion rule must only contain `*` or `∅`     |     *T > t     |      ^     @ Rule 1, Line 1"
10.1.2.10,3,"	{*D,*Z} > r / V_V","Syntax Error: Expected an IPA character, Primative or Matrix, but received '*'     |     {*D,*Z} > r / V_V     |      ^     @ Rule 1, Line 1"
10.1.2.10,4,"	{*D,*Z,z} > d","Syntax Error: Expected an IPA character, Primative or Matrix, but received '*'     |     {*D,*Z,z} > d     |      ^     @ Rule 1, Line 1"
10.1.2.10,5,	*j > r / V_V,"Syntax Error: The input of an insertion rule must only contain `*` or `∅`     |     *j > r / V_V     |      ^     @ Rule 1, Line 1"
10.1.2.10,6,	*j > d,"Syntax Error: The input of an insertion rule must only contain `*` or `∅`     |     *j > d     |      ^     @ Rule 1, Line 1"
10.1.2.10,7,	*R > ɡ,"Syntax Error: The input of an insertion rule must only contain `*` or `∅`     |     *R > ɡ     |      ^     @ Rule 1, Line 1"
10.1.2.10,9,	*c > s,"Syntax Error: The input of an insertion rule must only contain `*` or `∅`     |     *c > s     |      ^     @ Rule 1, Line 1"
10.2,3,"	{t͡s,ʈ} {ɟ͡ʝ,ɖ} {lʲ,ɲ} {ʔ,x,s,h} ʀ > t d n ∅ r (velar fricative is conjectured; changes","Syntax Error: Malformed Comment: Expected ';;', but received '; ' at 0:0:79     |     {t͡s,ʈ} {ɟ͡ʝ,ɖ} {lʲ,ɲ} {ʔ,x,s,h} ʀ > t d n ∅ r (velar fricative is conjectured; changes     |                                                                                    ^     @ Rule 1, Line 1"
10.2,4,	t d n ∅ r (velar fricative is conjectured; changes > d “unsure”),"Syntax Error: Malformed Comment: Expected ';;', but received '; ' at 0:0:42     |     t d n ∅ r (velar fricative is conjectured; changes > d “unsure”)     |                                               ^     @ Rule 1, Line 1"
10.2,5,	q > ∅ / #_ (,"Syntax Error: Expected an IPA character, Primative or Matrix, but received ''     |     q > ∅ / #_ (     |                 ^     @ Rule 1, Line 1"
10.2,6,	z > j (fricative changes to approximant),"Syntax Error: Expected end of line, received '('. Did you forget a '/' between the output and environment?     |     z > j (fricative changes to approximant)     |           ^     @ Rule 1, Line 1"
10.2.1,3,"	{ R, q } > { r, h }","Syntax Error: Unknown grouping 'R'. Known groupings are (C)onsonant, (O)bstruent, (S)onorant, (P)losive, (F)ricative, (L)iquid, (N)asal, (G)lide, and (V)owel     |     { R, q } > { r, h }     |       ^     @ Rule 1, Line 1"
10.2.1,4,"	{ i, iw, u } > { ɔj, ?, ɔw } / _#","Syntax Error: Expected ',', but received 'w'     |     { i, iw, u } > { ɔj, ?, ɔw } / _#     |           ^     @ Rule 1, Line 1"
10.2.1,8,	d j > r ɭ (sporadic),"Syntax Error: Expected end of line, received '('. Did you forget a '/' between the output and environment?     |     d j > r ɭ (sporadic)     |               ^     @ Rule 1, Line 1"
10.2.1,9,	a > a:[+long] / _C# (,"Syntax Error: Expected an IPA character, Primative or Matrix, but received ''     |     a > a:[+long] / _C# (     |                          ^     @ Rule 1, Line 1"
10.2.2,4,"	{ i, u } > { e, o } / CC# (sporadic)","Syntax Error: Can't have segments before the beginning of a word     |     { i, u } > { e, o } / CC# (sporadic)     |                             ^     @ Rule 1, Line 1"
10.2.2,5,	a > æ “(in some forms; environment and conditioning unclear)”,"Syntax Error: Unknown character “ at '0:0:6'.     |     a > æ “(in some forms; environment and conditioning unclear)”     |           ^     @ Rule 1, Line 1"
10.2.2,9,	k > ∅ / _# (sporadic),"Syntax Error: Can't have segments after the end of a word     |     k > ∅ / _# (sporadic)     |              ^     @ Rule 1, Line 1"
10.2.3,4,	R > r,"Syntax Error: Unknown grouping 'R'. Known groupings are (C)onsonant, (O)bstruent, (S)onorant, (P)losive, (F)ricative, (L)iquid, (N)asal, (G)lide, and (V)owel     |     R > r     |     ^     @ Rule 1, Line 1"
10.2.3,5,	h > ʔ / _# (,"Syntax Error: Expected an IPA character, Primative or Matrix, but received ''     |     h > ʔ / _# (     |                 ^     @ Rule 1, Line 1"
10.2.3,7,"	{iw,uj} > i / _#","Syntax Error: Expected ',', but received 'w'     |     {iw,uj} > i / _#     |       ^     @ Rule 1, Line 1"
10.2.3,8,	— aj aw > i u / _#,"Syntax Error: Unknown character — at '0:0:0'.     |     — aj aw > i u / _#     |     ^     @ Rule 1, Line 1"
10.2.3,9,	— aj aw > aj aw / _#,"Syntax Error: Unknown character — at '0:0:0'.     |     — aj aw > aj aw / _#     |     ^     @ Rule 1, Line 1"
10.2.3,11,"	{ C:[+A, POA]C:[+B, POA] } > { C:[+B, POA]C:[+B, POA] }","Syntax Error: Expected ASCII character, but received ',' at 0:0:7.     |     { C:[+A, POA]C:[+B, POA] } > { C:[+B, POA]C:[+B, POA] }     |            ^     @ Rule 1, Line 1"
10.2.3,13,"	H > ∅, h / _əNS / #_","Syntax Error: Unknown grouping 'H'. Known groupings are (C)onsonant, (O)bstruent, (S)onorant, (P)losive, (F)ricative, (L)iquid, (N)asal, (G)lide, and (V)owel     |     H > ∅, h / _əNS / #_     |     ^     @ Rule 1, Line 1"
10.2.3.1,0,	V > ə / _(C…)UU#,"Syntax Error: Expected an IPA character, Primative or Matrix, but received '…'     |     V > ə / _(C…)UU#     |                ^     @ Rule 1, Line 1"
10.2.3.1,1,	ə > a / _(C…)#,"Syntax Error: Expected an IPA character, Primative or Matrix, but received '…'     |     ə > a / _(C…)#     |                ^     @ Rule 1, Line 1"
10.2.3.1,2,	n > ɲ / in the environment of i (sporadic),"Syntax Error: Expected '_', but received ''     |     n > ɲ / in the environment of i (sporadic)     |                                               ^     @ Rule 1, Line 1"
10.2.3.1,3,	h > ∅ // _# (sporadic),"Syntax Error: Can't have segments after the end of a word     |     h > ∅ // _# (sporadic)     |               ^     @ Rule 1, Line 1"
10.2.4,1,"	{ q, h } > { h, ∅ }","Syntax Error: Expected an IPA character, Primative or Matrix, but received '∅'     |     { q, h } > { h, ∅ }     |                     ^     @ Rule 1, Line 1"
10.2.4,2,	— aw aj > əw əj / _#,"Syntax Error: Unknown character — at '0:0:0'.     |     — aw aj > əw əj / _#     |     ^     @ Rule 1, Line 1"
10.2.4,3,	— aw aj > aw aj / _#,"Syntax Error: Unknown character — at '0:0:0'.     |     — aw aj > aw aj / _#     |     ^     @ Rule 1, Line 1"
10.2.4.1,0,"	{ {l,d}, z } > { r, d }","Syntax Error: Cannot have nested brackets of the same type     |     { {l,d}, z } > { r, d }     |       ^     @ Rule 1, Line 1"
10.2.4.1,1,	b > w // adjacent to another consonant,"Syntax Error: Expected '_', but received ''     |     b > w // adjacent to another consonant     |                                           ^     @ Rule 1, Line 1"
10.2.4.1,3,	R > ∅,"Syntax Error: Unknown grouping 'R'. Known groupings are (C)onsonant, (O)bstruent, (S)onorant, (P)losive, (F)ricative, (L)iquid, (N)asal, (G)lide, and (V)owel     |     R > ∅     |     ^     @ Rule 1, Line 1"
10.2.4.1,6,"	{ iw, uj } > { ju, i } / _#","Syntax Error: Expected ',', but received 'w'     |     { iw, uj } > { ju, i } / _#     |        ^     @ Rule 1, Line 1"
10.2.4.1,7,	— əw əj > i u / _#,"Syntax Error: Unknown character — at '0:0:0'.     |     — əw əj > i u / _#     |     ^     @ Rule 1, Line 1"
10.2.4.1,8,	— aw aj > e ó / _#,"Syntax Error: Unknown character — at '0:0:0'.     |     — aw aj > e ó / _#     |     ^     @ Rule 1, Line 1"
10.2.4.1,10,	HəS > (h)əNS,"Syntax Error: Unknown grouping 'H'. Known groupings are (C)onsonant, (O)bstruent, (S)onorant, (P)losive, (F)ricative, (L)iquid, (N)asal, (G)lide, and (V)owel     |     HəS > (h)əNS     |     ^     @ Rule 1, Line 1"
10.2.4.2,2,	z > jʰ,"Syntax Error: Segment does not have prerequisite properties to have this diacritic. Must be [-voice]     |     z > jʰ     |         ^^     @ Rule 1, Line 1"
10.2.4.2,4,	R > ʔ / _#,"Syntax Error: Unknown grouping 'R'. Known groupings are (C)onsonant, (O)bstruent, (S)onorant, (P)losive, (F)ricative, (L)iquid, (N)asal, (G)lide, and (V)owel     |     R > ʔ / _#     |     ^     @ Rule 1, Line 1"
10.2.4.2,5,	R > r,"Syntax Error: Unknown grouping 'R'. Known groupings are (C)onsonant, (O)bstruent, (S)onorant, (P)losive, (F)ricative, (L)iquid, (N)asal, (G)lide, and (V)owel     |     R > r     |     ^     @ Rule 1, Line 1"
10.2.4.2,6,	h > ʔ / VV,"Syntax Error: Expected '_', but received ''     |     h > ʔ / VV     |               ^     @ Rule 1, Line 1"
10.2.4.2,8,"	{ {p,t,k}, b, d, ɡ } > { ʔ, p, t, k } / _#","Syntax Error: Cannot have nested brackets of the same type     |     { {p,t,k}, b, d, ɡ } > { ʔ, p, t, k } / _#     |       ^     @ Rule 1, Line 1"
10.2.4.2,9,"	{ ij, uw } > { uj, {uj,ój} } / _#","Syntax Error: Cannot have nested brackets of the same type     |     { ij, uw } > { uj, {uj,ój} } / _#     |                        ^     @ Rule 1, Line 1"
10.2.4.2,10,	V > V:[+long] / ə(C…?)_,"Syntax Error: Expected an IPA character, Primative or Matrix, but received '…'     |     V > V:[+long] / ə(C…?)_     |                        ^     @ Rule 1, Line 1"
10.2.4.2,12,	HəS > (h)əNS / #_,"Syntax Error: Unknown grouping 'H'. Known groupings are (C)onsonant, (O)bstruent, (S)onorant, (P)losive, (F)ricative, (L)iquid, (N)asal, (G)lide, and (V)owel     |     HəS > (h)əNS / #_     |     ^     @ Rule 1, Line 1"
10.2.4.3,0,"	{ {l,j}, z } > { r, j }","Syntax Error: Cannot have nested brackets of the same type     |     { {l,j}, z } > { r, j }     |       ^     @ Rule 1, Line 1"
10.2.4.3,2,"	R > ∅, r, j","Syntax Error: Unknown grouping 'R'. Known groupings are (C)onsonant, (O)bstruent, (S)onorant, (P)losive, (F)ricative, (L)iquid, (N)asal, (G)lide, and (V)owel     |     R > ∅, r, j     |     ^     @ Rule 1, Line 1"
10.2.4.3,3,"	{ iw, uj } > { {ju,i}, oj } / _#","Syntax Error: Cannot have nested brackets of the same type     |     { iw, uj } > { {ju,i}, oj } / _#     |                    ^     @ Rule 1, Line 1"
10.2.4.3,4,	— əw əj > o e / _#,"Syntax Error: Unknown character — at '0:0:0'.     |     — əw əj > o e / _#     |     ^     @ Rule 1, Line 1"
10.2.4.3,5,	— aw aj > o aj / _#,"Syntax Error: Unknown character — at '0:0:0'.     |     — aw aj > o aj / _#     |     ^     @ Rule 1, Line 1"
10.2.5,0,"	{ aj, aw, uj } > { e, o, i }","Syntax Error: Expected ',', but received 'j'     |     { aj, aw, uj } > { e, o, i }     |        ^     @ Rule 1, Line 1"
10.2.5,4,"	∅ > ə / C_C (for certain consonant combinations, which the paper doesn’t specify)","Syntax Error: Unknown character ’ at '0:0:70'.     |     ∅ > ə / C_C (for certain consonant combinations, which the paper doesn’t specify)     |                                                                           ^     @ Rule 1, Line 1"
10.2.5,6,"	ə > e, o / stressed; (result of /e/ or /o/ unpredictable)","Syntax Error: Malformed Comment: Expected ';;', but received '; ' at 0:0:20     |     ə > e, o / stressed; (result of /e/ or /o/ unpredictable)     |                         ^     @ Rule 1, Line 1"
10.2.5,9,	V > ə / unstressed,"Syntax Error: Expected '_', but received ''     |     V > ə / unstressed     |                       ^     @ Rule 1, Line 1"
10.2.5,10,"	{aw,əw} > o / _#","Syntax Error: Expected ',', but received 'w'     |     {aw,əw} > o / _#     |       ^     @ Rule 1, Line 1"
10.2.5,16,	ə > ∅ “(sporadic)”,"Syntax Error: Unknown character “ at '0:0:6'.     |     ə > ∅ “(sporadic)”     |           ^     @ Rule 1, Line 1"
10.2.5,17,	t > ð // adjacent to S,"Syntax Error: Expected '_', but received ''     |     t > ð // adjacent to S     |                           ^     @ Rule 1, Line 1"
10.2.5,19,	ʀ > r / _C:[+dental],"Syntax Error: Unknown feature 'dental' at 0:12-19. Did you mean ldental?      |     ʀ > r / _C:[+dental]     |                 ^^^^^^^     @ Rule 1, Line 1"
10.2.5,22,	ɖ > ɽ “(only one example)”,"Syntax Error: Unknown character “ at '0:0:6'.     |     ɖ > ɽ “(only one example)”     |           ^     @ Rule 1, Line 1"
10.2.5,23,	ɲ > n (except possibly to n when #_),"Syntax Error: Expected end of line, received '('. Did you forget a '/' between the output and environment?     |     ɲ > n (except possibly to n when #_)     |           ^     @ Rule 1, Line 1"
10.2.5,29,"	t > s, ð / unpredictably, to eliminate sV{ Ct, t } and tV{ Cs, s } sequences","Syntax Error: Expected '_', but received ','     |     t > s, ð / unpredictably, to eliminate sV{ Ct, t } and tV{ Cs, s } sequences     |                             ^     @ Rule 1, Line 1"
10.2.5,31,	q > χ (,"Syntax Error: Expected end of line, received '('. Did you forget a '/' between the output and environment?     |     q > χ (     |           ^     @ Rule 1, Line 1"
10.2.5,32,	χ ( > ʕ),"Syntax Error: Expected an IPA character, Primative or Matrix, but received '>'     |     χ ( > ʕ)     |         ^     @ Rule 1, Line 1"
10.2.6,6,	ə > ∅ / adjacent to a vowel,"Syntax Error: Expected '_', but received ''     |     ə > ∅ / adjacent to a vowel     |                                ^     @ Rule 1, Line 1"
10.2.6,7,"	a > ə / _UU{ …#, # }","Syntax Error: Unknown grouping 'U'. Known groupings are (C)onsonant, (O)bstruent, (S)onorant, (P)losive, (F)ricative, (L)iquid, (N)asal, (G)lide, and (V)owel     |     a > ə / _UU{ …#, # }     |              ^     @ Rule 1, Line 1"
10.2.6,9,	ə > ∅ VC_CV,"Syntax Error: The output of a deletion rule must only contain `*` or `∅`     |     ə > ∅ VC_CV     |           ^     @ Rule 1, Line 1"
10.2.6,12,"	b:[+long] d:[+long] d͡z:[+long] ɡ:[+long] > bʱ dʱ d͡zʱ ɡʱ (Whimemsz says these become “voiced stops with voiceless releases. . .treated as unit phonemes, not clusters)”","Syntax Error: Unknown character “ at '0:0:86'.     |     b:[+long] d:[+long] d͡z:[+long] ɡ:[+long] > bʱ dʱ d͡zʱ ɡʱ (Whimemsz says these become “voiced stops with voiceless releases. . .treated as unit phonemes, not clusters)”     |                                                                                           ^     @ Rule 1, Line 1"
10.2.6,13,"	ə > ∅ / #_UU{ …#, # } (i.e., in word-initial position in prepenultimate syllables)","Syntax Error: Expected '..', but received .'e' at 0:0:24     |     ə > ∅ / #_UU{ …#, # } (i.e., in word-initial position in prepenultimate syllables)     |                             ^     @ Rule 1, Line 1"
10.2.6.1,2,"	{ ai, au } > { ai̯, au̯ } / _#","Syntax Error: Expected ',', but received 'i'     |     { ai, au } > { ai̯, au̯ } / _#     |        ^     @ Rule 1, Line 1"
10.2.6.1,4,"	{ ai, au } > { ɛ:[+long], ɔ:[+long] } / _…#","Syntax Error: Expected ',', but received 'i'     |     { ai, au } > { ɛ:[+long], ɔ:[+long] } / _…#     |        ^     @ Rule 1, Line 1"
10.2.6.1,5,"	{ i, u } > { əi̯, əu̯ } / _#","Syntax Error: Expected ',', but received 'i'     |     { i, u } > { əi̯, əu̯ } / _#     |                   ^     @ Rule 1, Line 1"
10.2.6.1,9,	ə > ∅ / adjacent to a vowel,"Syntax Error: Expected '_', but received ''     |     ə > ∅ / adjacent to a vowel     |                                ^     @ Rule 1, Line 1"
10.2.6.1,10,	V:[+stress] > V:[+long] / _C# // V = ə and/or C = h (applies to diphthongal nuclei as well a:[s] monophthongs),"Syntax Error: Feature 's' has no modifier at 0:94-95.     |     V:[+stress] > V:[+long] / _C# // V = ə and/or C = h (applies to diphthongal nuclei as well a:[s] monophthongs)     |                                                                                                   ^     @ Rule 1, Line 1"
10.2.6.1,11,"	ʀ > l, ɾ // _# (the latter is more common)","Syntax Error: Can't have segments after the end of a word     |     ʀ > l, ɾ // _# (the latter is more common)     |                  ^     @ Rule 1, Line 1"
10.2.6.1,12,	l > ∅ // _# (irregular),"Syntax Error: Can't have segments after the end of a word     |     l > ∅ // _# (irregular)     |               ^     @ Rule 1, Line 1"
10.2.6.1,13,"	u > əw / _V (also cases of { Cu, u } → w /_V)","Syntax Error: Unknown character → at '0:0:37'.     |     u > əw / _V (also cases of { Cu, u } → w /_V)     |                                          ^     @ Rule 1, Line 1"
10.2.6.1,14,"	i > əj / _V (also cases of { Ci, i } → j /_V)","Syntax Error: Unknown character → at '0:0:37'.     |     i > əj / _V (also cases of { Ci, i } → j /_V)     |                                          ^     @ Rule 1, Line 1"
10.2.6.1,19,	ʀ > ʔ / _# (in a handful of forms),"Syntax Error: Can't have segments after the end of a word     |     ʀ > ʔ / _# (in a handful of forms)     |              ^     @ Rule 1, Line 1"
10.2.6.1,21,"	a > i / O:[+voice]…_{ C#, # } (blocked if there was an intervening nasal, and","Syntax Error: Expected ',', but received '#'     |     a > i / O:[+voice]…_{ C#, # } (blocked if there was an intervening nasal, and     |                            ^     @ Rule 1, Line 1"
10.2.6.1,22,"	{ i, u } > { əi̯, əu̯ } / :{ _ʔ#, _# }:","Syntax Error: Expected ',', but received 'i'     |     { i, u } > { əi̯, əu̯ } / :{ _ʔ#, _# }:     |                   ^     @ Rule 1, Line 1"
10.2.6.1,23,"	{ əi̯, əu̯ } > { ai̯, au̯ } // O:[+voice] earlier in the word","Syntax Error: Expected ',', but received 'i'     |     { əi̯, əu̯ } > { ai̯, au̯ } // O:[+voice] earlier in the word     |        ^     @ Rule 1, Line 1"
10.2.6.1,24,"	{ bʱ, {dʱ,d͡zʱ}, ɡʱ } > { f, s, k }","Syntax Error: Cannot have nested brackets of the same type     |     { bʱ, {dʱ,d͡zʱ}, ɡʱ } > { f, s, k }     |           ^     @ Rule 1, Line 1"
10.2.6.1,28,"	{ {i,ɛ}, {u,ɔ} } > { iə̯, uə̯ } / :{ _k# “(and also sporadically before final *t and *n and some other consonant͡s), _ŋ# “(and also sporadically before final *t and *n and some other consonant͡s) }:","Syntax Error: Cannot have nested brackets of the same type     |     { {i,ɛ}, {u,ɔ} } > { iə̯, uə̯ } / :{ _k# “(and also sporadically before final *t and *n and some other consonant͡s), _ŋ# “(and also sporadically before final *t and *n and some other consonant͡s) }:     |       ^     @ Rule 1, Line 1"
10.2.6.1,29,"	{ k, ŋ } > { ʔ, ∅ } / Və̯_#","Syntax Error: Expected an IPA character, Primative or Matrix, but received '∅'     |     { k, ŋ } > { ʔ, ∅ } / Və̯_#     |                     ^     @ Rule 1, Line 1"
10.2.6.1,30,"	ə > ə, a / _C# (free variant͡s)","Syntax Error: Can't have segments after the end of a word     |     ə > ə, a / _C# (free variant͡s)     |                  ^     @ Rule 1, Line 1"
10.2.6.1,32,	(C)V > ∅ / #_C… (irregular),"Syntax Error: Options can only be used in Environments or Structures     |     (C)V > ∅ / #_C… (irregular)     |     ^^^     @ Rule 1, Line 1"
10.2.6.1,36,	d͡z > d / #_ (,"Syntax Error: Expected an IPA character, Primative or Matrix, but received ''     |     d͡z > d / #_ (     |                   ^     @ Rule 1, Line 1"
10.2.6.2,1,"	ʀ > h / V_V{ C#, # }","Syntax Error: Expected ',', but received '#'     |     ʀ > h / V_V{ C#, # }     |                   ^     @ Rule 1, Line 1"
10.2.6.2.1,5,	u > o / _ŋ# (sporadically failed to occur),"Syntax Error: Can't have segments after the end of a word     |     u > o / _ŋ# (sporadically failed to occur)     |               ^     @ Rule 1, Line 1"
10.2.6.2.1,7,	a > o / _# (not in all forms),"Syntax Error: Can't have segments after the end of a word     |     a > o / _# (not in all forms)     |              ^     @ Rule 1, Line 1"
10.2.6.2.1,8,	ʔ > ∅ / _# (but aʔ → əʔ in some forms),"Syntax Error: Unknown character → at '0:0:19'.     |     ʔ > ∅ / _# (but aʔ → əʔ in some forms)     |                        ^     @ Rule 1, Line 1"
10.2.6.2.1,11,"	{ {p,t}, n } > { c̚, ɲ } / :{ i_#, ɛ_# }:","Syntax Error: Cannot have nested brackets of the same type     |     { {p,t}, n } > { c̚, ɲ } / :{ i_#, ɛ_# }:     |       ^     @ Rule 1, Line 1"
10.2.6.2.1,13,"	{ ai̯, au̯ } > { ɛ, ɔ }","Syntax Error: Expected ',', but received 'i'     |     { ai̯, au̯ } > { ɛ, ɔ }     |        ^     @ Rule 1, Line 1"
10.2.6.2.1,14,"	{ui̯,iu̯} > e","Syntax Error: Expected ',', but received 'i'     |     {ui̯,iu̯} > e     |       ^     @ Rule 1, Line 1"
10.2.6.2.1,15,"	{ i, u } > { e, o } / _CV:[+close-mid]{ C#, # } (iə is treated as close mid for this change)","Syntax Error: Unknown feature 'close' at 0:27-33. Did you mean cons?      |     { i, u } > { e, o } / _CV:[+close-mid]{ C#, # } (iə is treated as close mid for this change)     |                                ^^^^^^     @ Rule 1, Line 1"
10.2.6.2.1,16,"	{ i, u } > { ɛ, ɔ } / _CV:[+open-mid]{ C#, # }","Syntax Error: Unknown feature 'open' at 0:27-32. Did you mean ten?      |     { i, u } > { ɛ, ɔ } / _CV:[+open-mid]{ C#, # }     |                                ^^^^^     @ Rule 1, Line 1"
10.2.6.2.1,18,	ŋ > ŋ̊ / _#,"Syntax Error: Unknown character ̊ at '0:0:5'.     |     ŋ > ŋ̊ / _#     |          ^     @ Rule 1, Line 1"
10.2.6.2.1,19,"	{ {p,t}, {m,n} } > { k, ŋ } / ɯ_#","Syntax Error: Cannot have nested brackets of the same type     |     { {p,t}, {m,n} } > { k, ŋ } / ɯ_#     |       ^     @ Rule 1, Line 1"
10.2.6.2.1,20,"	{ i, u } > { əj, əw } / _V{ C#, # }","Syntax Error: Expected ',', but received 'j'     |     { i, u } > { əj, əw } / _V{ C#, # }     |                   ^     @ Rule 1, Line 1"
10.2.6.3,0,	n > ɲ / in the environment of i,"Syntax Error: Expected '_', but received ''     |     n > ɲ / in the environment of i     |                                    ^     @ Rule 1, Line 1"
10.2.6.3,1,	h > ∅ // _# (some exceptions),"Syntax Error: Can't have segments after the end of a word     |     h > ∅ // _# (some exceptions)     |               ^     @ Rule 1, Line 1"
10.2.6.3,2,	a > o / _(C…)#,"Syntax Error: Expected an IPA character, Primative or Matrix, but received '…'     |     a > o / _(C…)#     |                ^     @ Rule 1, Line 1"
10.2.6.3,3,	u i > o e (sporadic),"Syntax Error: Expected end of line, received '('. Did you forget a '/' between the output and environment?     |     u i > o e (sporadic)     |               ^     @ Rule 1, Line 1"
10.2.6.3,4,	— ə > a / _(C…)# (eventually spread to everywhere),"Syntax Error: Unknown character — at '0:0:0'.     |     — ə > a / _(C…)# (eventually spread to everywhere)     |     ^     @ Rule 1, Line 1"
10.2.6.3,5,"	— m p > n t / :{ u_, i_ }:","Syntax Error: Unknown character — at '0:0:0'.     |     — m p > n t / :{ u_, i_ }:     |     ^     @ Rule 1, Line 1"
10.2.6.3,6,"	— a u > e uj / :{ _t#, _s# }:","Syntax Error: Unknown character — at '0:0:0'.     |     — a u > e uj / :{ _t#, _s# }:     |     ^     @ Rule 1, Line 1"
10.2.6.3,7,	— a > o / _p#,"Syntax Error: Unknown character — at '0:0:0'.     |     — a > o / _p#     |     ^     @ Rule 1, Line 1"
10.2.6.3,8,"	— u i > uə iə / :{ _k#, _ŋ#, _h#, _l#, _r# }:","Syntax Error: Unknown character — at '0:0:0'.     |     — u i > uə iə / :{ _k#, _ŋ#, _h#, _l#, _r# }:     |     ^     @ Rule 1, Line 1"
10.2.6.3,9,"	— {p,t,k} s > ʔ h / _#","Syntax Error: Unknown character — at '0:0:0'.     |     — {p,t,k} s > ʔ h / _#     |     ^     @ Rule 1, Line 1"
10.2.6.3,10,"	— {l,r} > ∅ / _# (retained across morpheme boundaries)","Syntax Error: Unknown character — at '0:0:0'.     |     — {l,r} > ∅ / _# (retained across morpheme boundaries)     |     ^     @ Rule 1, Line 1"
10.3,1,"	{ {nt͡s,ns,nz,nɡʲ}, {t͡s,z,ɡʲ} } > { ɡʲ, s }","Syntax Error: Cannot have nested brackets of the same type     |     { {nt͡s,ns,nz,nɡʲ}, {t͡s,z,ɡʲ} } > { ɡʲ, s }     |       ^     @ Rule 1, Line 1"
10.3,2,"	{ {ŋk,ŋɡ}, ɡ } > { ɡ, k }","Syntax Error: Cannot have nested brackets of the same type     |     { {ŋk,ŋɡ}, ɡ } > { ɡ, k }     |       ^     @ Rule 1, Line 1"
10.3,4,"	{ e, {uj,iw} } > { o, i }","Syntax Error: Cannot have nested brackets of the same type     |     { e, {uj,iw} } > { o, i }     |          ^     @ Rule 1, Line 1"
10.3.2,0,"	{ p, pʷ, {c,*j}, k, q } > { β, βʷ, s, ɣ, ∅ }","Syntax Error: Cannot have nested brackets of the same type     |     { p, pʷ, {c,*j}, k, q } > { β, βʷ, s, ɣ, ∅ }     |              ^     @ Rule 1, Line 1"
10.3.2,1,"	{ β, b, m } > { βʷ, bʷ, mʷ } / typically","Syntax Error: Expected '_', but received ''     |     { β, b, m } > { βʷ, bʷ, mʷ } / typically     |                                             ^     @ Rule 1, Line 1"
10.3.2,2,"	{ dr, *r } > { d, r }","Syntax Error: Expected ',', but received 'r'     |     { dr, *r } > { d, r }     |        ^     @ Rule 1, Line 1"
10.3.2,9,	h > ∅ (sporadic),"Syntax Error: The output of a deletion rule must only contain `*` or `∅`     |     h > ∅ (sporadic)     |           ^     @ Rule 1, Line 1"
10.3.2,11,	”V:[+high(er)] > ∅ / _CV,"Syntax Error: Unknown character ” at '0:0:0'.     |     ”V:[+high(er)] > ∅ / _CV     |     ^     @ Rule 1, Line 1"
10.3.2,12,	”V > ə / _CV,"Syntax Error: Unknown character ” at '0:0:0'.     |     ”V > ə / _CV     |     ^     @ Rule 1, Line 1"
10.3.2,13,	a > e / _CV:[+mid] (sporadic),"Syntax Error: Unknown feature 'mid' at 0:13-17. Did you mean man?      |     a > e / _CV:[+mid] (sporadic)     |                  ^^^^     @ Rule 1, Line 1"
10.3.2,15,"	{ a(C)V:[+high], a(C)V:[+mid], aCa } > { ɔ(C), a(C), {ɔ,a}(C)ə }","Syntax Error: Unknown feature 'mid' at 0:24-28. Did you mean man?      |     { a(C)V:[+high], a(C)V:[+mid], aCa } > { ɔ(C), a(C), {ɔ,a}(C)ə }     |                             ^^^^     @ Rule 1, Line 1"
10.3.2,16,"	{ e(C){V:[-low]}, e(C)a } > { e(C), e(C)ə }","Syntax Error: Cannot have nested brackets of the same type     |     { e(C){V:[-low]}, e(C)a } > { e(C), e(C)ə }     |           ^     @ Rule 1, Line 1"
10.3.2,17,"	{ i(C)V:[+high], i(C)V:[+mid], i(C)a } > { i(C), i(C)ə, {e,i}(C)ə }","Syntax Error: Unknown feature 'mid' at 0:24-28. Did you mean man?      |     { i(C)V:[+high], i(C)V:[+mid], i(C)a } > { i(C), i(C)ə, {e,i}(C)ə }     |                             ^^^^     @ Rule 1, Line 1"
10.3.2,18,"	{ o(C)V:[+high], o(C)V:[+mid], o(C)a } > { ɵ(C), o(C), ɔ(C)ə }","Syntax Error: Unknown feature 'mid' at 0:24-28. Did you mean man?      |     { o(C)V:[+high], o(C)V:[+mid], o(C)a } > { ɵ(C), o(C), ɔ(C)ə }     |                             ^^^^     @ Rule 1, Line 1"
10.3.2,19,"	{ u(C)V:[+high], u(C)e, u(C)o, u(C)a } > { {u,i}(C), u(C)ə, e(C)ə, {u,ɵ}(C)ə }","Syntax Error: Cannot have nested brackets of the same type     |     { u(C)V:[+high], u(C)e, u(C)o, u(C)a } > { {u,i}(C), u(C)ə, e(C)ə, {u,ɵ}(C)ə }     |                                                ^     @ Rule 1, Line 1"
10.3.2,21,"	{e,i} > ɪ (sporadic)","Syntax Error: Expected end of line, received '('. Did you forget a '/' between the output and environment?     |     {e,i} > ɪ (sporadic)     |               ^     @ Rule 1, Line 1"
10.3.3,0,"	{ p, pʷ, k, q } > { β, w, ɣ, ∅ }","Syntax Error: Expected an IPA character, Primative or Matrix, but received '∅'     |     { p, pʷ, k, q } > { β, w, ɣ, ∅ }     |                                  ^     @ Rule 1, Line 1"
10.3.3,2,"	{ ndr, *R } > { d, r }","Syntax Error: Expected ',', but received 'd'     |     { ndr, *R } > { d, r }     |        ^     @ Rule 1, Line 1"
10.3.3,3,"	{ {c,*j}, ɲ } > { s, n }","Syntax Error: Cannot have nested brackets of the same type     |     { {c,*j}, ɲ } > { s, n }     |       ^     @ Rule 1, Line 1"
10.3.3,4,	t > ʔ “often”,"Syntax Error: Unknown character “ at '0:0:6'.     |     t > ʔ “often”     |           ^     @ Rule 1, Line 1"
10.3.3,5,"	{ b, bʷ, d, ɡ } > { p, kpʷ, t, k }","Syntax Error: Expected ',', but received 'p'     |     { b, bʷ, d, ɡ } > { p, kpʷ, t, k }     |                             ^     @ Rule 1, Line 1"
10.3.3,7,	— iCV:[-high] > aC,"Syntax Error: Unknown character — at '0:0:0'.     |     — iCV:[-high] > aC     |     ^     @ Rule 1, Line 1"
10.3.3,8,	— eCV:[+mid] > ɛC,"Syntax Error: Unknown character — at '0:0:0'.     |     — eCV:[+mid] > ɛC     |     ^     @ Rule 1, Line 1"
10.3.3,9,	— eCV:[+low] > aC,"Syntax Error: Unknown character — at '0:0:0'.     |     — eCV:[+low] > aC     |     ^     @ Rule 1, Line 1"
10.3.3,10,"	— aCV:[+high] > {ɛ,œ}C","Syntax Error: Unknown character — at '0:0:0'.     |     — aCV:[+high] > {ɛ,œ}C     |     ^     @ Rule 1, Line 1"
10.3.3,11,"	— aCa > {ɘ,a}C","Syntax Error: Unknown character — at '0:0:0'.     |     — aCa > {ɘ,a}C     |     ^     @ Rule 1, Line 1"
10.3.3,12,	— oCV:[+high] > øC,"Syntax Error: Unknown character — at '0:0:0'.     |     — oCV:[+high] > øC     |     ^     @ Rule 1, Line 1"
10.3.3,13,"	{ —, oCo } > { œC, (sporadic) }","Syntax Error: Unknown character — at '0:0:2'.     |     { —, oCo } > { œC, (sporadic) }     |       ^     @ Rule 1, Line 1"
10.3.3,14,	— oCV:[-high] > ɔC,"Syntax Error: Unknown character — at '0:0:0'.     |     — oCV:[-high] > ɔC     |     ^     @ Rule 1, Line 1"
10.3.3,15,	— uCV:[-high] > oC,"Syntax Error: Unknown character — at '0:0:0'.     |     — uCV:[-high] > oC     |     ^     @ Rule 1, Line 1"
10.3.3,17,	ia > ɪ “(only somoetimes?)”,"Syntax Error: Unknown character “ at '0:0:7'.     |     ia > ɪ “(only somoetimes?)”     |            ^     @ Rule 1, Line 1"
10.3.3,20,	CVC”V > CVC”V,"Syntax Error: Unknown character ” at '0:0:3'.     |     CVC”V > CVC”V     |        ^     @ Rule 1, Line 1"
10.3.4,3,	R > r,"Syntax Error: Unknown grouping 'R'. Known groupings are (C)onsonant, (O)bstruent, (S)onorant, (P)losive, (F)ricative, (L)iquid, (N)asal, (G)lide, and (V)owel     |     R > r     |     ^     @ Rule 1, Line 1"
10.3.4,4,	d > r (sporadic),"Syntax Error: Expected end of line, received '('. Did you forget a '/' between the output and environment?     |     d > r (sporadic)     |           ^     @ Rule 1, Line 1"
10.3.4,5,"	{ p, pʷ, bʷ, k, ɡ } > { β, w, kpʷ, ɣ, k }","Syntax Error: Expected ',', but received 'p'     |     { p, pʷ, bʷ, k, ɡ } > { β, w, kpʷ, ɣ, k }     |                                    ^     @ Rule 1, Line 1"
10.3.4,6,"	{ mʷ, ɲ } > { ŋmʷ, n }","Syntax Error: Expected ',', but received 'm'     |     { mʷ, ɲ } > { ŋmʷ, n }     |                    ^     @ Rule 1, Line 1"
10.3.4,7,"	{c,*j} > s","Syntax Error: Expected an IPA character, Primative or Matrix, but received '*'     |     {c,*j} > s     |        ^     @ Rule 1, Line 1"
10.3.4,8,	s > h “(often)”,"Syntax Error: Unknown character “ at '0:0:6'.     |     s > h “(often)”     |           ^     @ Rule 1, Line 1"
10.3.4,12,	uCi > iC (sporadic),"Syntax Error: Expected end of line, received '('. Did you forget a '/' between the output and environment?     |     uCi > iC (sporadic)     |              ^     @ Rule 1, Line 1"
10.3.4,15,	aCV:[+high] > ɪ / unless primarily stressed,"Syntax Error: Expected '_', but received ''     |     aCV:[+high] > ɪ / unless primarily stressed     |                                                ^     @ Rule 1, Line 1"
10.3.4,16,	(C)VC”V > (C)VV,"Syntax Error: Unknown character ” at '0:0:5'.     |     (C)VC”V > (C)VV     |          ^     @ Rule 1, Line 1"
10.3.4,18,"	V > ∅ / { CV, V }_VCV","Syntax Error: Expected ',', but received 'V'     |     V > ∅ / { CV, V }_VCV     |                ^     @ Rule 1, Line 1"
10.3.5,2,	*R > ∅,"Syntax Error: The input of an insertion rule must only contain `*` or `∅`     |     *R > ∅     |      ^     @ Rule 1, Line 1"
10.3.5,5,	NS > ⁿS,"Syntax Error: Could not get value of IPA 'ⁿ'.     |     NS > ⁿS     |          ^     @ Rule 1, Line 1"
10.3.5,6,	CC > C:[+long] (fortis),"Syntax Error: Expected end of line, received '('. Did you forget a '/' between the output and environment?     |     CC > C:[+long] (fortis)     |                    ^     @ Rule 1, Line 1"
10.3.5.1,0,"	{ p:[+long], pʷ:[+long], t:[+long], ʈ:[+long], q:[+long], k:[+long] } > { pʰ, pwʰ, cʰ, tʰ, h, jʰ }","Syntax Error: Expected ',', but received 'w'     |     { p:[+long], pʷ:[+long], t:[+long], ʈ:[+long], q:[+long], k:[+long] } > { pʰ, pwʰ, cʰ, tʰ, h, jʰ }     |                                                                                    ^     @ Rule 1, Line 1"
10.3.5.1,1,"	{ q, {k,t}, {s,ʈ} } > { k, c, t }","Syntax Error: Cannot have nested brackets of the same type     |     { q, {k,t}, {s,ʈ} } > { k, c, t }     |          ^     @ Rule 1, Line 1"
10.3.5.1,4,"	V > ∅ / #{ CV, V }(C){ C_, _ }#","Syntax Error: Expected ',', but received 'V'     |     V > ∅ / #{ CV, V }(C){ C_, _ }#     |                 ^     @ Rule 1, Line 1"
10.3.5.1,5,	jʰ > h / _i,"Syntax Error: Segment does not have prerequisite properties to have this diacritic. Must be [-voice]     |     jʰ > h / _i     |     ^^     @ Rule 1, Line 1"
10.3.5.1,8,	VnV > ṼlṼ,"Syntax Error: Unknown character Ṽ at '0:0:6'.     |     VnV > ṼlṼ     |           ^     @ Rule 1, Line 1"
10.3.5.1,9,	ⁿS > N / _#,"Syntax Error: Could not get value of IPA 'ⁿ'.     |     ⁿS > N / _#     |     ^     @ Rule 1, Line 1"
10.3.5.1,10,	u > i (typical),"Syntax Error: Expected end of line, received '('. Did you forget a '/' between the output and environment?     |     u > i (typical)     |           ^     @ Rule 1, Line 1"
10.3.5.1,11,	u i > o e (not always),"Syntax Error: Expected end of line, received '('. Did you forget a '/' between the output and environment?     |     u i > o e (not always)     |               ^     @ Rule 1, Line 1"
10.3.5.2,0,"	{ q, k, {ʈ,s} } > { k, c, t̪ }","Syntax Error: Cannot have nested brackets of the same type     |     { q, k, {ʈ,s} } > { k, c, t̪ }     |             ^     @ Rule 1, Line 1"
10.3.5.2,1,"	{ p:[+long], pʷ:[+long], t̪:[+long], t:[+long], k:[+long], c:[+long] } > { pʰ, hʷ, t̪ʰ, tʰ, h, jʰ }","Syntax Error: Segment does not have prerequisite properties to have this diacritic. Must be [-voice]     |     { p:[+long], pʷ:[+long], t̪:[+long], t:[+long], k:[+long], c:[+long] } > { pʰ, hʷ, t̪ʰ, tʰ, h, jʰ }     |                                                                                                    ^^     @ Rule 1, Line 1"
10.3.5.2,3,	C:[+long] > Cʰ,"Syntax Error: Expected end of line, received 'ʰ'. Did you forget a '/' between the output and environment?     |     C:[+long] > Cʰ     |                  ^     @ Rule 1, Line 1"
10.3.5.2,5,	jʰ > h / _i,"Syntax Error: Segment does not have prerequisite properties to have this diacritic. Must be [-voice]     |     jʰ > h / _i     |     ^^     @ Rule 1, Line 1"
10.3.5.3,0,"	{ q, k, {ʈ,s} } > { k, c, t̪ }","Syntax Error: Cannot have nested brackets of the same type     |     { q, k, {ʈ,s} } > { k, c, t̪ }     |             ^     @ Rule 1, Line 1"
10.3.5.3,1,"	{ p:[+long], pʷ:[+long], t:[+long], t̪:[+long], k:[+long], c:[+long] } > { f, hʷ, t̪ʰ, tʰ, h, jʰ }","Syntax Error: Segment does not have prerequisite properties to have this diacritic. Must be [-voice]     |     { p:[+long], pʷ:[+long], t:[+long], t̪:[+long], k:[+long], c:[+long] } > { f, hʷ, t̪ʰ, tʰ, h, jʰ }     |                                                                                                   ^^     @ Rule 1, Line 1"
10.3.5.3,3,	C:[+long] > Cʰ,"Syntax Error: Expected end of line, received 'ʰ'. Did you forget a '/' between the output and environment?     |     C:[+long] > Cʰ     |                  ^     @ Rule 1, Line 1"
10.3.5.3,4,"	{ t, tʰ } > { c, h } / _E","Syntax Error: Unknown grouping 'E'. Known groupings are (C)onsonant, (O)bstruent, (S)onorant, (P)losive, (F)ricative, (L)iquid, (N)asal, (G)lide, and (V)owel     |     { t, tʰ } > { c, h } / _E     |                             ^     @ Rule 1, Line 1"
10.3.5.3,6,	jʰ > h / _i,"Syntax Error: Segment does not have prerequisite properties to have this diacritic. Must be [-voice]     |     jʰ > h / _i     |     ^^     @ Rule 1, Line 1"
10.3.5.3,8,"	{ n, n̥ } > { ɲ, ɲ̊ } / _E","Syntax Error: Unknown character ̊ at '0:0:18'.     |     { n, n̥ } > { ɲ, ɲ̊ } / _E     |                       ^     @ Rule 1, Line 1"
10.3.5.3,9,	ONV > SʰṼ / Pije and Fwai,"Syntax Error: Unknown character Ṽ at '0:0:8'.     |     ONV > SʰṼ / Pije and Fwai     |             ^     @ Rule 1, Line 1"
10.3.5.3,10,	f > ɸ / Pije and Fwai,"Syntax Error: Expected '_', but received ''     |     f > ɸ / Pije and Fwai     |                          ^     @ Rule 1, Line 1"
10.3.5.4,1,	C:[+long] > Cʰ,"Syntax Error: Expected end of line, received 'ʰ'. Did you forget a '/' between the output and environment?     |     C:[+long] > Cʰ     |                  ^     @ Rule 1, Line 1"
10.3.5.4.1,0,"	V > ∅ / _#, often","Syntax Error: Expected '_', but received ''     |     V > ∅ / _#, often     |                      ^     @ Rule 1, Line 1"
10.3.5.4.1,6,"	cʰ > ʃ, jʰ","Syntax Error: Segment does not have prerequisite properties to have this diacritic. Must be [-voice]     |     cʰ > ʃ, jʰ     |             ^^     @ Rule 1, Line 1"
10.3.5.4.1,8,"	{ pʷ, p, t, ʈ, k, c } > { (v)w, v, r, l, ɣ, j } / V_V","Syntax Error: Expected an IPA character, Primative or Matrix, but received '('     |     { pʷ, p, t, ʈ, k, c } > { (v)w, v, r, l, ɣ, j } / V_V     |                               ^     @ Rule 1, Line 1"
10.3.5.4.1,11,	VnV > ṼlṼ,"Syntax Error: Unknown character Ṽ at '0:0:6'.     |     VnV > ṼlṼ     |           ^     @ Rule 1, Line 1"
10.3.5.4.1,12,	ⁿS > N / _#,"Syntax Error: Could not get value of IPA 'ⁿ'.     |     ⁿS > N / _#     |     ^     @ Rule 1, Line 1"
10.3.5.4.1,14,"	{ pwʰ, pʰ, tʰ, kʰ } > { fʷ, f, rʰ, x } / in Nelemwa","Syntax Error: Expected ',', but received 'w'     |     { pwʰ, pʰ, tʰ, kʰ } > { fʷ, f, rʰ, x } / in Nelemwa     |        ^     @ Rule 1, Line 1"
10.3.5.4.1,16,	V:[+mid] > a,"Syntax Error: Unknown feature 'mid' at 0:3-7. Did you mean man?      |     V:[+mid] > a     |        ^^^^     @ Rule 1, Line 1"
10.3.5.4.1,17,"	{ u, i } > { o, e } / in monosyllabic forms almost always","Syntax Error: Expected '_', but received ''     |     { u, i } > { o, e } / in monosyllabic forms almost always     |                                                              ^     @ Rule 1, Line 1"
10.3.5.4.1,18,	”V > V:[+long] (usually),"Syntax Error: Unknown character ” at '0:0:0'.     |     ”V > V:[+long] (usually)     |     ^     @ Rule 1, Line 1"
10.3.5.5,0,"	V > ∅ / #{ CV, V }(C){ C_, _ }#","Syntax Error: Expected ',', but received 'V'     |     V > ∅ / #{ CV, V }(C){ C_, _ }#     |                 ^     @ Rule 1, Line 1"
10.3.5.5,4,"	{ p, pʷ, t̪, ʈ, c } > { v, (v)w, r, l, j } / V_V","Syntax Error: Expected an IPA character, Primative or Matrix, but received '('     |     { p, pʷ, t̪, ʈ, c } > { v, (v)w, r, l, j } / V_V     |                                ^     @ Rule 1, Line 1"
10.3.5.5,6,	pʷ > w (sporadic),"Syntax Error: Expected end of line, received '('. Did you forget a '/' between the output and environment?     |     pʷ > w (sporadic)     |            ^     @ Rule 1, Line 1"
10.3.5.5,9,"	{ p:[+long], pʷ:[+long], t:[+long], q:[+long], c:[+long] } > { pʰ, pwʰ, tʰ, h, cʰ }","Syntax Error: Expected ',', but received 'w'     |     { p:[+long], pʷ:[+long], t:[+long], q:[+long], c:[+long] } > { pʰ, pwʰ, tʰ, h, cʰ }     |                                                                         ^     @ Rule 1, Line 1"
10.3.5.5,11,"	{ jʰ, j } > { h, ∅ } / _i","Syntax Error: Segment does not have prerequisite properties to have this diacritic. Must be [-voice]     |     { jʰ, j } > { h, ∅ } / _i     |       ^^     @ Rule 1, Line 1"
10.3.5.5,12,"	w > ɣ (sporadic, conditioning unknown)","Syntax Error: Expected end of line, received '('. Did you forget a '/' between the output and environment?     |     w > ɣ (sporadic, conditioning unknown)     |           ^     @ Rule 1, Line 1"
10.3.5.5,13,	ⁿS > N / _#,"Syntax Error: Could not get value of IPA 'ⁿ'.     |     ⁿS > N / _#     |     ^     @ Rule 1, Line 1"
10.3.5.5,15,	VnV > ṼlṼ,"Syntax Error: Unknown character Ṽ at '0:0:6'.     |     VnV > ṼlṼ     |           ^     @ Rule 1, Line 1"
10.3.5.5,16,	V > Ṽ / _N,"Syntax Error: Unknown character Ṽ at '0:0:4'.     |     V > Ṽ / _N     |         ^     @ Rule 1, Line 1"
10.3.5.5,17,	ⁿS > N / _Ṽ,"Syntax Error: Unknown character Ṽ at '0:0:10'.     |     ⁿS > N / _Ṽ     |               ^     @ Rule 1, Line 1"
10.3.5.5,18,	u > i “often”,"Syntax Error: Unknown character “ at '0:0:6'.     |     u > i “often”     |           ^     @ Rule 1, Line 1"
10.3.5.5,19,	u i > o e (not always),"Syntax Error: Expected end of line, received '('. Did you forget a '/' between the output and environment?     |     u i > o e (not always)     |               ^     @ Rule 1, Line 1"
10.3.5.6,0,	V > ∅ / _# (sporadic?),"Syntax Error: Can't have segments after the end of a word     |     V > ∅ / _# (sporadic?)     |              ^     @ Rule 1, Line 1"
10.3.5.6,2,"	{ p:[+long], pʷ:[+long], t:[+long], ʈ, k:[+long], c:[+long] } > { f, hʷ, tʰ, lʰ, h, s }","Syntax Error: Segment does not have prerequisite properties to have this diacritic. Must be [-voice]     |     { p:[+long], pʷ:[+long], t:[+long], ʈ, k:[+long], c:[+long] } > { f, hʷ, tʰ, lʰ, h, s }     |                                                                                  ^^     @ Rule 1, Line 1"
10.3.5.6,4,"	{ k, c } > { ∅, {j,∅} } / V_V","Syntax Error: Cannot have nested brackets of the same type     |     { k, c } > { ∅, {j,∅} } / V_V     |                     ^     @ Rule 1, Line 1"
10.3.5.6,5,	C:[+long] > Cʰ,"Syntax Error: Expected end of line, received 'ʰ'. Did you forget a '/' between the output and environment?     |     C:[+long] > Cʰ     |                  ^     @ Rule 1, Line 1"
10.3.5.6,6,"	{ jʰ, j } > { s, z }","Syntax Error: Segment does not have prerequisite properties to have this diacritic. Must be [-voice]     |     { jʰ, j } > { s, z }     |       ^^     @ Rule 1, Line 1"
10.3.5.7,0,	V > ∅ / _# (sporadic?),"Syntax Error: Can't have segments after the end of a word     |     V > ∅ / _# (sporadic?)     |              ^     @ Rule 1, Line 1"
10.3.5.7,1,"	{ q, k, {ʈ,s} } > { k, c, t̪ }","Syntax Error: Cannot have nested brackets of the same type     |     { q, k, {ʈ,s} } > { k, c, t̪ }     |             ^     @ Rule 1, Line 1"
10.3.5.7,3,"	{ t̪(ʰ), t(ʰ) } > { cʰ, tʰ }","Syntax Error: Expected ',', but received '('     |     { t̪(ʰ), t(ʰ) } > { cʰ, tʰ }     |         ^     @ Rule 1, Line 1"
10.3.5.7,4,	C:[+long] > Cʰ,"Syntax Error: Expected end of line, received 'ʰ'. Did you forget a '/' between the output and environment?     |     C:[+long] > Cʰ     |                  ^     @ Rule 1, Line 1"
10.3.5.7,5,"	{ p, pʷ, t, {k,c} } > { {v,∅}, w, l, ∅ } / V_V","Syntax Error: Cannot have nested brackets of the same type     |     { p, pʷ, t, {k,c} } > { {v,∅}, w, l, ∅ } / V_V     |                 ^     @ Rule 1, Line 1"
10.3.5.7,7,	bʷ mʷ > ɡʷ ŋʷ ( / _V:[+rounded]),"Syntax Error: Unknown feature 'rounded' at 0:22-30. Did you mean round?      |     bʷ mʷ > ɡʷ ŋʷ ( / _V:[+rounded])     |                           ^^^^^^^^     @ Rule 1, Line 1"
10.3.5.7,8,	ɡʷ ŋʷ ( > ɡ ŋ / _V:[+rounded]),"Syntax Error: Unknown feature 'rounded' at 0:20-28. Did you mean round?      |     ɡʷ ŋʷ ( > ɡ ŋ / _V:[+rounded])     |                         ^^^^^^^^     @ Rule 1, Line 1"
10.3.5.8,1,"	{ p:[+long], pʷ:[+long], t̪:[+long], t:[+long], ʈ:[+long], c:[+long], k:[+long] } > { pʰ, pwʰ, t̪ʰ, tʰ, ʈʰ, jʰ, h }","Syntax Error: Expected ',', but received 'w'     |     { p:[+long], pʷ:[+long], t̪:[+long], t:[+long], ʈ:[+long], c:[+long], k:[+long] } > { pʰ, pwʰ, t̪ʰ, tʰ, ʈʰ, jʰ, h }     |                                                                                                ^     @ Rule 1, Line 1"
10.3.5.8,2,	C:[+long] > Cʰ,"Syntax Error: Expected end of line, received 'ʰ'. Did you forget a '/' between the output and environment?     |     C:[+long] > Cʰ     |                  ^     @ Rule 1, Line 1"
10.3.5.8,4,	t(ʰ) > k(ʰ),"Syntax Error: Expected an IPA character, Primative or Matrix, but received 'ʰ'     |     t(ʰ) > k(ʰ)     |       ^     @ Rule 1, Line 1"
10.3.5.8,5,	jʰ > h / _i,"Syntax Error: Segment does not have prerequisite properties to have this diacritic. Must be [-voice]     |     jʰ > h / _i     |     ^^     @ Rule 1, Line 1"
10.3.5.8,6,"	{ p, pʷ, t̪, ʈ, k, c } > { v, w, ð, l, ∅, j } / V_V","Syntax Error: Expected an IPA character, Primative or Matrix, but received '∅'     |     { p, pʷ, t̪, ʈ, k, c } > { v, w, ð, l, ∅, j } / V_V     |                                            ^     @ Rule 1, Line 1"
10.3.5.8,9,	ⁿS > N / _#,"Syntax Error: Could not get value of IPA 'ⁿ'.     |     ⁿS > N / _#     |     ^     @ Rule 1, Line 1"
10.3.5.8,10,"	{ u, i } > { o, e } / in monosyllables","Syntax Error: Expected '_', but received ''     |     { u, i } > { o, e } / in monosyllables     |                                           ^     @ Rule 1, Line 1"
10.3.5.8,11,"	{ au, ai } > { ɔ, ɛ }","Syntax Error: Expected ',', but received 'u'     |     { au, ai } > { ɔ, ɛ }     |        ^     @ Rule 1, Line 1"
10.3.5.8,12,	o > ɔ “sometimes”,"Syntax Error: Unknown character “ at '0:0:6'.     |     o > ɔ “sometimes”     |           ^     @ Rule 1, Line 1"
10.3.5.8,13,"	a > {ɛ,e} “in some words”","Syntax Error: Unknown character “ at '0:0:10'.     |     a > {ɛ,e} “in some words”     |               ^     @ Rule 1, Line 1"
10.3.5.8.1,0,	V > Ṽ / _N#,"Syntax Error: Unknown character Ṽ at '0:0:4'.     |     V > Ṽ / _N#     |         ^     @ Rule 1, Line 1"
10.3.5.8.1,2,	jʰ > θ,"Syntax Error: Segment does not have prerequisite properties to have this diacritic. Must be [-voice]     |     jʰ > θ     |     ^^     @ Rule 1, Line 1"
10.3.5.8.1,3,"	j > {ð,z} ?","Runtime Error: A Set in output must have a matching Set in input     |     j > {ð,z} ?     |         ^^^^^     @ Rule 1, Line 1"
10.3.6,0,	p > ∅ / _B,"Syntax Error: Unknown grouping 'B'. Known groupings are (C)onsonant, (O)bstruent, (S)onorant, (P)losive, (F)ricative, (L)iquid, (N)asal, (G)lide, and (V)owel     |     p > ∅ / _B     |              ^     @ Rule 1, Line 1"
10.3.6.1,3,	*R > l,"Syntax Error: The input of an insertion rule must only contain `*` or `∅`     |     *R > l     |      ^     @ Rule 1, Line 1"
10.3.6.2,4,"	{ q, *R } > { ∅, {l,∅} }","Syntax Error: Cannot have nested brackets of the same type     |     { q, *R } > { ∅, {l,∅} }     |                      ^     @ Rule 1, Line 1"
10.3.6.3,3,"	{ t, k } > { l, ∅ } / V_V","Syntax Error: Expected an IPA character, Primative or Matrix, but received '∅'     |     { t, k } > { l, ∅ } / V_V     |                     ^     @ Rule 1, Line 1"
10.3.6.3,6,"	{ q, *R } > { ∅, {l,∅} }","Syntax Error: Cannot have nested brackets of the same type     |     { q, *R } > { ∅, {l,∅} }     |                      ^     @ Rule 1, Line 1"
10.3.7,2,"	*R > ∅, r","Syntax Error: The input of an insertion rule must only contain `*` or `∅`     |     *R > ∅, r     |      ^     @ Rule 1, Line 1"
10.3.7,3,"	{ ɲ, c, *j } > { n, s, z }","Syntax Error: Expected an IPA character, Primative or Matrix, but received '*'     |     { ɲ, c, *j } > { n, s, z }     |             ^     @ Rule 1, Line 1"
10.3.7,6,"	V:[+high] > ∅ / _# ,z,d(r)}_ // {p","Syntax Error: Expected '_', but received ','     |     V:[+high] > ∅ / _# ,z,d(r)}_ // {p     |                          ^     @ Rule 1, Line 1"
10.3.7,7,"	{ v, t, l, r } > { p, dr, n, w } / _#","Syntax Error: Expected ',', but received 'r'     |     { v, t, l, r } > { p, dr, n, w } / _#     |                            ^     @ Rule 1, Line 1"
10.3.7,9,	”a > i / _CV:[-high],"Syntax Error: Unknown character ” at '0:0:0'.     |     ”a > i / _CV:[-high]     |     ^     @ Rule 1, Line 1"
10.3.7,10,	”a > e / _CV:[+high],"Syntax Error: Unknown character ” at '0:0:0'.     |     ”a > e / _CV:[+high]     |     ^     @ Rule 1, Line 1"
10.3.7,11,"	{ p, ŋ } > { f, ∅ } / V_V","Syntax Error: Expected an IPA character, Primative or Matrix, but received '∅'     |     { p, ŋ } > { f, ∅ } / V_V     |                     ^     @ Rule 1, Line 1"
10.3.7,12,"	{ ɣ, s, d } > { ∅, {j, dr} } / _#","Syntax Error: Cannot have nested brackets of the same type     |     { ɣ, s, d } > { ∅, {j, dr} } / _#     |                        ^     @ Rule 1, Line 1"
10.3.7,13,"	{ ɣ, s, d } > { ∅, {j, dr} } / before a post-tonic vowel","Syntax Error: Cannot have nested brackets of the same type     |     { ɣ, s, d } > { ∅, {j, dr} } / before a post-tonic vowel     |                        ^     @ Rule 1, Line 1"
10.3.7,14,	V > e / C_# // C = j,"Syntax Error: Expected number, but received j      |     V > e / C_# // C = j     |                        ^     @ Rule 1, Line 1"
10.3.7,15,"	V > ∅ / :{ ”V_, j_ }:","Syntax Error: Unknown character ” at '0:0:11'.     |     V > ∅ / :{ ”V_, j_ }:     |                ^     @ Rule 1, Line 1"
10.3.7,18,	∅ > h / #_V (it isn’t clear if this happens unconditionally),"Syntax Error: Unknown character ’ at '0:0:19'.     |     ∅ > h / #_V (it isn’t clear if this happens unconditionally)     |                        ^     @ Rule 1, Line 1"
10.3.8,2,"	*R > {∅,r} (the former seems more common)","Syntax Error: The input of an insertion rule must only contain `*` or `∅`     |     *R > {∅,r} (the former seems more common)     |      ^     @ Rule 1, Line 1"
10.3.8,3,"	{ ɲ, c, *j } > { n, s, z }","Syntax Error: Expected an IPA character, Primative or Matrix, but received '*'     |     { ɲ, c, *j } > { n, s, z }     |             ^     @ Rule 1, Line 1"
10.3.8,4,"	{ m, b } > { n̼, t̼ } / :{ _a, _e, _i }:","Syntax Error: Unknown character ̼ at '0:0:14'.     |     { m, b } > { n̼, t̼ } / :{ _a, _e, _i }:     |                   ^     @ Rule 1, Line 1"
10.3.8,5,"	{ n̼, t̼ } > { n, t } / :{ _a, _e, _i }:","Syntax Error: Unknown character ̼ at '0:0:3'.     |     { n̼, t̼ } > { n, t } / :{ _a, _e, _i }:     |        ^     @ Rule 1, Line 1"
10.3.8,9,"	{z,dr} > t͡s","Syntax Error: Expected ',', but received 'r'     |     {z,dr} > t͡s     |         ^     @ Rule 1, Line 1"
10.3.8,10,	u > i (“sporadic”),"Syntax Error: Unknown character “ at '0:0:7'.     |     u > i (“sporadic”)     |            ^     @ Rule 1, Line 1"
10.3.8,11,	a > e (rare?),"Syntax Error: Expected end of line, received '('. Did you forget a '/' between the output and environment?     |     a > e (rare?)     |           ^     @ Rule 1, Line 1"
10.3.9,0,"	p q > v ∅ (in general, seems like there was something going on with conditioning in the case of *p?)","Syntax Error: Expected end of line, received '∅'. Did you forget a '/' between the output and environment?     |     p q > v ∅ (in general, seems like there was something going on with conditioning in the case of *p?)     |             ^     @ Rule 1, Line 1"
10.3.9,1,	w > ∅ (? Tanibili:[w] may just be phonetically determined),"Syntax Error: Feature 'w' has no modifier at 0:19-20.     |     w > ∅ (? Tanibili:[w] may just be phonetically determined)     |                        ^     @ Rule 1, Line 1"
10.3.9,2,	C > ∅ / _# (except for *k?),"Syntax Error: Expected an IPA character, Primative or Matrix, but received '*'     |     C > ∅ / _# (except for *k?)     |                            ^     @ Rule 1, Line 1"
10.3.9.1,0,	p > w / _B,"Syntax Error: Unknown grouping 'B'. Known groupings are (C)onsonant, (O)bstruent, (S)onorant, (P)losive, (F)ricative, (L)iquid, (N)asal, (G)lide, and (V)owel     |     p > w / _B     |              ^     @ Rule 1, Line 1"
10.3.9.1,2,"	{ dr, s, l } > { {d,ɟ}, {∅,s}, {n,∅} }","Syntax Error: Cannot have nested brackets of the same type     |     { dr, s, l } > { {d,ɟ}, {∅,s}, {n,∅} }     |                      ^     @ Rule 1, Line 1"
10.3.9.1,3,"	{ c, ɲ } > { ∅, {ɲ,j} }","Syntax Error: Cannot have nested brackets of the same type     |     { c, ɲ } > { ∅, {ɲ,j} }     |                     ^     @ Rule 1, Line 1"
10.3.9.1,4,"	{ t, r, l } > { {j,s}, {j,∅}, j } / _u","Syntax Error: Cannot have nested brackets of the same type     |     { t, r, l } > { {j,s}, {j,∅}, j } / _u     |                     ^     @ Rule 1, Line 1"
10.3.9.1,9,"	*R > l, ∅","Syntax Error: The input of an insertion rule must only contain `*` or `∅`     |     *R > l, ∅     |      ^     @ Rule 1, Line 1"
10.3.9.2,1,"	{ t, k } > { r, ∅ } / #_ (","Syntax Error: Expected an IPA character, Primative or Matrix, but received '∅'     |     { t, k } > { r, ∅ } / #_ (     |                     ^     @ Rule 1, Line 1"
10.3.9.2,2,"	t > r, t / _B","Syntax Error: Unknown grouping 'B'. Known groupings are (C)onsonant, (O)bstruent, (S)onorant, (P)losive, (F)ricative, (L)iquid, (N)asal, (G)lide, and (V)owel     |     t > r, t / _B     |                 ^     @ Rule 1, Line 1"
10.3.9.2,5,"	{ r, *R } > { l, ∅ }","Syntax Error: Expected an IPA character, Primative or Matrix, but received '*'     |     { r, *R } > { l, ∅ }     |          ^     @ Rule 1, Line 1"
10.3.9.2,6,	l > ∅ (occasionally?),"Syntax Error: The output of a deletion rule must only contain `*` or `∅`     |     l > ∅ (occasionally?)     |           ^     @ Rule 1, Line 1"
10.3.9.2,7,"	{ c, ɲ } > { ∅, n }","Syntax Error: Expected an IPA character, Primative or Matrix, but received '∅'     |     { c, ɲ } > { ∅, n }     |                  ^     @ Rule 1, Line 1"
10.3.9.3,0,"	{s,*R} > ∅","Syntax Error: Expected an IPA character, Primative or Matrix, but received '*'     |     {s,*R} > ∅     |        ^     @ Rule 1, Line 1"
10.3.9.3,1,"	{ p, t, {r,l} } > { ∅, s, j } / _u","Syntax Error: Cannot have nested brackets of the same type     |     { p, t, {r,l} } > { ∅, s, j } / _u     |             ^     @ Rule 1, Line 1"
10.3.9.3,3,"	t > t, r, kʷ / #_ (I’m not kidding. That’s what’s listed as the reflexes.)","Syntax Error: Unknown character ’ at '0:0:20'.     |     t > t, r, kʷ / #_ (I’m not kidding. That’s what’s listed as the reflexes.)     |                         ^     @ Rule 1, Line 1"
10.3.9.3,5,"	{ t, k } > { {t,r,kʷ,∅}, ∅ } / V_V","Syntax Error: Cannot have nested brackets of the same type     |     { t, k } > { {t,r,kʷ,∅}, ∅ } / V_V     |                  ^     @ Rule 1, Line 1"
10.3.9.3,8,"	{ d, c, ɲ } > { ɟ, {s,∅}, n }","Syntax Error: Cannot have nested brackets of the same type     |     { d, c, ɲ } > { ɟ, {s,∅}, n }     |                        ^     @ Rule 1, Line 1"
10.3.9.3,9,"	{r,l} > l (occasionally","Syntax Error: Expected end of line, received '('. Did you forget a '/' between the output and environment?     |     {r,l} > l (occasionally     |               ^     @ Rule 1, Line 1"
10.3.9.3,10,	l (occasionally > ∅?),"Syntax Error: Expected an IPA character, Primative or Matrix, but received '>'     |     l (occasionally > ∅?)     |                     ^     @ Rule 1, Line 1"
10.3.10,1,"	{ p, q } > { {v,p}, ∅ }","Syntax Error: Cannot have nested brackets of the same type     |     { p, q } > { {v,p}, ∅ }     |                  ^     @ Rule 1, Line 1"
10.3.10,4,"	{s,*R} > r / _#","Syntax Error: Expected an IPA character, Primative or Matrix, but received '*'     |     {s,*R} > r / _#     |        ^     @ Rule 1, Line 1"
10.3.10.1,0,"	{ p, t } > { ∅, {s,k} } / _u","Syntax Error: Cannot have nested brackets of the same type     |     { p, t } > { ∅, {s,k} } / _u     |                     ^     @ Rule 1, Line 1"
10.3.10.1,5,"	{ c, *R } > { ∅, {l,∅} }","Syntax Error: Cannot have nested brackets of the same type     |     { c, *R } > { ∅, {l,∅} }     |                      ^     @ Rule 1, Line 1"
10.3.10.1,6,"	ŋ > {ŋ,ɡ} (ŋ remains when _i)","Syntax Error: Expected end of line, received '('. Did you forget a '/' between the output and environment?     |     ŋ > {ŋ,ɡ} (ŋ remains when _i)     |               ^     @ Rule 1, Line 1"
10.3.10.2,1,"	{ pʷ, w } > { b, ∅ }","Syntax Error: Expected an IPA character, Primative or Matrix, but received '∅'     |     { pʷ, w } > { b, ∅ }     |                      ^     @ Rule 1, Line 1"
10.3.10.2,5,"	{ c, *R } > { ∅, {l,∅} }","Syntax Error: Cannot have nested brackets of the same type     |     { c, *R } > { ∅, {l,∅} }     |                      ^     @ Rule 1, Line 1"
10.3.10.3,2,"	t > l / #_, in nouns","Syntax Error: Expected '_', but received ''     |     t > l / #_, in nouns     |                         ^     @ Rule 1, Line 1"
10.3.10.3,5,"	r > l / ,#} // _{u","Syntax Error: Expected '_', but received ','     |     r > l / ,#} // _{u     |             ^     @ Rule 1, Line 1"
10.3.10.3,7,"	{ c, *R } > { {j,∅}, l }","Syntax Error: Cannot have nested brackets of the same type     |     { c, *R } > { {j,∅}, l }     |                   ^     @ Rule 1, Line 1"
10.3.11,1,	p > bʷ (sporadic),"Syntax Error: Expected end of line, received '('. Did you forget a '/' between the output and environment?     |     p > bʷ (sporadic)     |            ^     @ Rule 1, Line 1"
10.3.11,4,	k *R > ɣ r “(frequently)”,"Syntax Error: Unknown character “ at '0:0:11'.     |     k *R > ɣ r “(frequently)”     |                ^     @ Rule 1, Line 1"
10.3.11,5,	*R > ∅,"Syntax Error: The input of an insertion rule must only contain `*` or `∅`     |     *R > ∅     |      ^     @ Rule 1, Line 1"
10.3.11,11,	t > c / _E,"Syntax Error: Unknown grouping 'E'. Known groupings are (C)onsonant, (O)bstruent, (S)onorant, (P)losive, (F)ricative, (L)iquid, (N)asal, (G)lide, and (V)owel     |     t > c / _E     |              ^     @ Rule 1, Line 1"
10.3.11,12,"	{ q, ( } > { kʷ, ?) }","Syntax Error: Expected an IPA character, Primative or Matrix, but received '('     |     { q, ( } > { kʷ, ?) }     |          ^     @ Rule 1, Line 1"
10.3.11,13,"	{ kʷ, ?) } > { v, (rare) }","Syntax Error: Expected ',', but received ')'     |     { kʷ, ?) } > { v, (rare) }     |            ^     @ Rule 1, Line 1"
10.3.11.1,0,	C > ∅ / _# // C = t,"Syntax Error: Expected number, but received t      |     C > ∅ / _# // C = t     |                       ^     @ Rule 1, Line 1"
10.3.11.1,5,	s > h / rarely,"Syntax Error: Expected '_', but received ''     |     s > h / rarely     |                   ^     @ Rule 1, Line 1"
10.3.11.1,6,"	s > θ / , occasionally // _i","Syntax Error: Expected '_', but received ','     |     s > θ / , occasionally // _i     |             ^     @ Rule 1, Line 1"
10.3.11.1,7,"	{ d, {c,*j} } > { t͡ʃ, s }","Syntax Error: Cannot have nested brackets of the same type     |     { d, {c,*j} } > { t͡ʃ, s }     |          ^     @ Rule 1, Line 1"
10.3.11.1,8,"	{n,ŋ} > ɲ / _E","Syntax Error: Unknown grouping 'E'. Known groupings are (C)onsonant, (O)bstruent, (S)onorant, (P)losive, (F)ricative, (L)iquid, (N)asal, (G)lide, and (V)owel     |     {n,ŋ} > ɲ / _E     |                  ^     @ Rule 1, Line 1"
10.3.11.1,12,	V > ∅ / _# (with very few exceptions),"Syntax Error: Can't have segments after the end of a word     |     V > ∅ / _# (with very few exceptions)     |              ^     @ Rule 1, Line 1"
10.3.11.1,22,"	au > {u,o} “sometimes”","Syntax Error: Unknown character “ at '0:0:11'.     |     au > {u,o} “sometimes”     |                ^     @ Rule 1, Line 1"
10.3.11.1,23,	e > i / Ḱ_ :[tendency],"Syntax Error: Unknown character Ḱ at '0:0:8'.     |     e > i / Ḱ_ :[tendency]     |             ^     @ Rule 1, Line 1"
10.3.11.1,24,	e > i / _Ḱ :[tendency],"Syntax Error: Unknown character Ḱ at '0:0:9'.     |     e > i / _Ḱ :[tendency]     |              ^     @ Rule 1, Line 1"
10.3.11.1,25,	a > o / P_ :[tendency],"Syntax Error: Feature 'tendency' has no modifier at 0:13-21.     |     a > o / P_ :[tendency]     |                  ^^^^^^^^     @ Rule 1, Line 1"
10.3.11.1,26,	a > o / _P :[tendency],"Syntax Error: Feature 'tendency' has no modifier at 0:13-21.     |     a > o / _P :[tendency]     |                  ^^^^^^^^     @ Rule 1, Line 1"
10.3.11.2,2,	v > f / C:[+strident]%,"Syntax Error: Expected '_', but received ''     |     v > f / C:[+strident]%     |                           ^     @ Rule 1, Line 1"
10.3.11.2,3,	v > f / %C:[+strident],"Syntax Error: Expected '_', but received ''     |     v > f / %C:[+strident]     |                           ^     @ Rule 1, Line 1"
10.3.11.2,4,	r > *L (some sort of lateral?) / occasionally,"Syntax Error: The output of a deletion rule must only contain `*` or `∅`     |     r > *L (some sort of lateral?) / occasionally     |          ^     @ Rule 1, Line 1"
10.3.11.2,5,"	{ s, {c,*j} } > { h, s }","Syntax Error: Cannot have nested brackets of the same type     |     { s, {c,*j} } > { h, s }     |          ^     @ Rule 1, Line 1"
10.3.11.2,7,	u i > o e (sporadic),"Syntax Error: Expected end of line, received '('. Did you forget a '/' between the output and environment?     |     u i > o e (sporadic)     |               ^     @ Rule 1, Line 1"
10.3.11.2.1,0,	*L > r,"Syntax Error: The input of an insertion rule must only contain `*` or `∅`     |     *L > r     |      ^     @ Rule 1, Line 1"
10.3.11.2.1,3,"	{ b, d, ɡ } > { mp, nt, ŋk }","Syntax Error: Expected ',', but received 'p'     |     { b, d, ɡ } > { mp, nt, ŋk }     |                      ^     @ Rule 1, Line 1"
10.3.11.2.1,8,	s > h “often”,"Syntax Error: Unknown character “ at '0:0:6'.     |     s > h “often”     |           ^     @ Rule 1, Line 1"
10.3.11.2.2,1,	*L > l,"Syntax Error: The input of an insertion rule must only contain `*` or `∅`     |     *L > l     |      ^     @ Rule 1, Line 1"
10.3.11.2.2,6,	u > e / ɣ_# (? this change is a bit unclear),"Syntax Error: Can't have segments after the end of a word     |     u > e / ɣ_# (? this change is a bit unclear)     |               ^     @ Rule 1, Line 1"
10.3.11.2.2,8,	k > ∅ (perhaps doesn’t always happen but happens often),"Syntax Error: Unknown character ’ at '0:0:20'.     |     k > ∅ (perhaps doesn’t always happen but happens often)     |                         ^     @ Rule 1, Line 1"
10.3.11.3,1,"	{ s, c, *J } > { {h,z}, {s,z}, z }","Syntax Error: Cannot have nested brackets of the same type     |     { s, c, *J } > { {h,z}, {s,z}, z }     |                      ^     @ Rule 1, Line 1"
10.3.11.3,2,"	{ ɡ, q } > { k, ∅ }","Syntax Error: Expected an IPA character, Primative or Matrix, but received '∅'     |     { ɡ, q } > { k, ∅ }     |                     ^     @ Rule 1, Line 1"
10.3.11.3,4,"	{ o, e } > { {u,ə}, i }","Syntax Error: Cannot have nested brackets of the same type     |     { o, e } > { {u,ə}, i }     |                  ^     @ Rule 1, Line 1"
10.3.11.3.1,3,	s > h “irregularly”,"Syntax Error: Unknown character “ at '0:0:6'.     |     s > h “irregularly”     |           ^     @ Rule 1, Line 1"
10.3.11.3.1,6,	ə > a / in #,"Syntax Error: Can't have segments before the beginning of a word     |     ə > a / in #     |                ^     @ Rule 1, Line 1"
10.3.11.3.2,4,	ɣ > ∅ / E_,"Syntax Error: Unknown grouping 'E'. Known groupings are (C)onsonant, (O)bstruent, (S)onorant, (P)losive, (F)ricative, (L)iquid, (N)asal, (G)lide, and (V)owel     |     ɣ > ∅ / E_     |             ^     @ Rule 1, Line 1"
10.3.11.3.2,5,	ɣ > ∅ / _E,"Syntax Error: Unknown grouping 'E'. Known groupings are (C)onsonant, (O)bstruent, (S)onorant, (P)losive, (F)ricative, (L)iquid, (N)asal, (G)lide, and (V)owel     |     ɣ > ∅ / _E     |              ^     @ Rule 1, Line 1"
10.3.11.3.2,8,"	{ c, *j } > { s, {z,s} }","Syntax Error: Cannot have nested brackets of the same type     |     { c, *j } > { s, {z,s} }     |                      ^     @ Rule 1, Line 1"
10.3.11.3.2,10,	s > h “irregularly”,"Syntax Error: Unknown character “ at '0:0:6'.     |     s > h “irregularly”     |           ^     @ Rule 1, Line 1"
10.3.11.3.3,5,"	v > {w,u} (“sporadically”)","Syntax Error: Unknown character “ at '0:0:11'.     |     v > {w,u} (“sporadically”)     |                ^     @ Rule 1, Line 1"
10.3.11.3.3,7,	ɣ > ∅ / _E,"Syntax Error: Unknown grouping 'E'. Known groupings are (C)onsonant, (O)bstruent, (S)onorant, (P)losive, (F)ricative, (L)iquid, (N)asal, (G)lide, and (V)owel     |     ɣ > ∅ / _E     |              ^     @ Rule 1, Line 1"
10.3.11.3.3,11,	d > t (often),"Syntax Error: Expected end of line, received '('. Did you forget a '/' between the output and environment?     |     d > t (often)     |           ^     @ Rule 1, Line 1"
10.3.11.3.4,5,"	{c,*j} > s","Syntax Error: Expected an IPA character, Primative or Matrix, but received '*'     |     {c,*j} > s     |        ^     @ Rule 1, Line 1"
10.3.11.3.4,6,	s > h “irregularly”,"Syntax Error: Unknown character “ at '0:0:6'.     |     s > h “irregularly”     |           ^     @ Rule 1, Line 1"
10.3.11.3.4,9,	ə > a / in #,"Syntax Error: Can't have segments before the beginning of a word     |     ə > a / in #     |                ^     @ Rule 1, Line 1"
10.3.11.3.5,6,	ɣ > ∅ / _E,"Syntax Error: Unknown grouping 'E'. Known groupings are (C)onsonant, (O)bstruent, (S)onorant, (P)losive, (F)ricative, (L)iquid, (N)asal, (G)lide, and (V)owel     |     ɣ > ∅ / _E     |              ^     @ Rule 1, Line 1"
10.3.11.3.5,8,"	{ c, *j } > { s, {z,s} }","Syntax Error: Cannot have nested brackets of the same type     |     { c, *j } > { s, {z,s} }     |                      ^     @ Rule 1, Line 1"
10.3.11.3.5,9,	s > h “often”,"Syntax Error: Unknown character “ at '0:0:6'.     |     s > h “often”     |           ^     @ Rule 1, Line 1"
10.3.12,0,"	{ p, pʷ, k, q } > { β, w, ɣ, ∅ }","Syntax Error: Expected an IPA character, Primative or Matrix, but received '∅'     |     { p, pʷ, k, q } > { β, w, ɣ, ∅ }     |                                  ^     @ Rule 1, Line 1"
10.3.12,2,"	{ ndr, *R } > { d, r }","Syntax Error: Expected ',', but received 'd'     |     { ndr, *R } > { d, r }     |        ^     @ Rule 1, Line 1"
10.3.12,3,"	{ {c,*j}, ɲ } > { s, n }","Syntax Error: Cannot have nested brackets of the same type     |     { {c,*j}, ɲ } > { s, n }     |       ^     @ Rule 1, Line 1"
10.3.12,4,	t > ʔ “often”,"Syntax Error: Unknown character “ at '0:0:6'.     |     t > ʔ “often”     |           ^     @ Rule 1, Line 1"
10.3.12,6,	β > f / (rarely),"Syntax Error: Expected '_', but received ''     |     β > f / (rarely)     |                     ^     @ Rule 1, Line 1"
10.3.12,7,"	{ bʷ, ɡ } > { kpʷ, k }","Syntax Error: Expected ',', but received 'p'     |     { bʷ, ɡ } > { kpʷ, k }     |                    ^     @ Rule 1, Line 1"
10.3.12,9,	i(C)V:[+high] > i(C),"Syntax Error: Options can only be used in Environments or Structures     |     i(C)V:[+high] > i(C)     |      ^^^     @ Rule 1, Line 1"
10.3.12,10,	i(C)V:[-high] > i(C)ɪ,"Syntax Error: Options can only be used in Environments or Structures     |     i(C)V:[-high] > i(C)ɪ     |      ^^^     @ Rule 1, Line 1"
10.3.12,11,	e(C)V:[-low] > e(C),"Syntax Error: Options can only be used in Environments or Structures     |     e(C)V:[-low] > e(C)     |      ^^^     @ Rule 1, Line 1"
10.3.12,12,	e(C)V:[+low] > ɛCɛ,"Syntax Error: Options can only be used in Environments or Structures     |     e(C)V:[+low] > ɛCɛ     |      ^^^     @ Rule 1, Line 1"
10.3.12,13,"	{ a(C)i, a(C)u } > { {a,ɛ}(C), {ɔ,a,ɛ}(C) }","Syntax Error: Cannot have nested brackets of the same type     |     { a(C)i, a(C)u } > { {a,ɛ}(C), {ɔ,a,ɛ}(C) }     |                          ^     @ Rule 1, Line 1"
10.3.12,14,"	a(C){o,e} > a(C)","Syntax Error: Options can only be used in Environments or Structures     |     a(C){o,e} > a(C)     |      ^^^     @ Rule 1, Line 1"
10.3.12,16,	uCV:[+high] > iC “sometimes”,"Syntax Error: Unknown character “ at '0:0:17'.     |     uCV:[+high] > iC “sometimes”     |                      ^     @ Rule 1, Line 1"
10.3.12,18,"	{ oa, {ae,ea} } > { uɔ, iɛ }","Syntax Error: Cannot have nested brackets of the same type     |     { oa, {ae,ea} } > { uɔ, iɛ }     |           ^     @ Rule 1, Line 1"
10.3.12,22,	CVC”V > CVC”V,"Syntax Error: Unknown character ” at '0:0:3'.     |     CVC”V > CVC”V     |        ^     @ Rule 1, Line 1"
10.4.1,0,"	[+ cons, - fr, + bk, + hi, - lo] > [+ cons, - fr, + bk, + hi, - lo]ʷ / :{ _C:[+round], _V:[+round] }:","Syntax Error: Expected end of line, received 'ʷ'. Did you forget a '/' between the output and environment?     |     [+ cons, - fr, + bk, + hi, - lo] > [+ cons, - fr, + bk, + hi, - lo]ʷ / :{ _C:[+round], _V:[+round] }:     |                                                                        ^     @ Rule 1, Line 1"
10.4.1,3,	V:[+mid] > ɘ / _C:[+high],"Syntax Error: Unknown feature 'mid' at 0:3-7. Did you mean man?      |     V:[+mid] > ɘ / _C:[+high]     |        ^^^^     @ Rule 1, Line 1"
10.4.1,5,	V > ∅ / in CV reduplications,"Syntax Error: Expected '_', but received ''     |     V > ∅ / in CV reduplications     |                                 ^     @ Rule 1, Line 1"
10.4.1,11,"	∅ > j / :{ #_aC:[+low], #_V:[-back], #_C:[-back] }:","Runtime Error: Grouped Environments cannot (yet) be used in insertion rules     |     ∅ > j / :{ #_aC:[+low], #_V:[-back], #_C:[-back] }:     |             ^^^^^^^^^^^^^^^^^^^^^^^^^^^^^^^^^^^^^^^^^^^     @ Rule 1, Line 1"
10.4.1,12,"	∅ > w / :{ #_C:[+round], #_V:[+round] }:","Runtime Error: Grouped Environments cannot (yet) be used in insertion rules     |     ∅ > w / :{ #_C:[+round], #_V:[+round] }:     |             ^^^^^^^^^^^^^^^^^^^^^^^^^^^^^^^^     @ Rule 1, Line 1"
10.4.1,13,"	{ {i,u}, {e,o} } > { ɨ, ɜ }","Syntax Error: Cannot have nested brackets of the same type     |     { {i,u}, {e,o} } > { ɨ, ɜ }     |       ^     @ Rule 1, Line 1"
10.4.1,14,"	{ p, {t,t͡s}, c } > { pʲ, tʲ, rʲ }","Syntax Error: Cannot have nested brackets of the same type     |     { p, {t,t͡s}, c } > { pʲ, tʲ, rʲ }     |          ^     @ Rule 1, Line 1"
10.4.1,15,"	{ {ç,s}, x } > { tᵚ, ∅ }","Syntax Error: Cannot have nested brackets of the same type     |     { {ç,s}, x } > { tᵚ, ∅ }     |       ^     @ Rule 1, Line 1"
10.5,3,"	{qʷ,ku,qu} > kʷ (note that PAn might have had *qʷ *kʷ","Syntax Error: Expected ',', but received 'u'     |     {qʷ,ku,qu} > kʷ (note that PAn might have had *qʷ *kʷ     |          ^     @ Rule 1, Line 1"
10.5,4,"	kʷ (note that PAn might have had *qʷ *kʷ > q {k,w} instead; may be a change from POn-PAn, if it existed)","Syntax Error: Malformed Comment: Expected ';;', but received '; ' at 0:0:59     |     kʷ (note that PAn might have had *qʷ *kʷ > q {k,w} instead; may be a change from POn-PAn, if it existed)     |                                                                ^     @ Rule 1, Line 1"
10.5,5,"	{c,*C,s,*S} > c (again, possibly a change from POn-PAn, if it existed)","Syntax Error: Expected '->', but received -'P' at 0:0:50     |     {c,*C,s,*S} > c (again, possibly a change from POn-PAn, if it existed)     |                                                       ^     @ Rule 1, Line 1"
10.5,7,"	{ u, a, ə } > { {u,o}, {a,e}, e }","Syntax Error: Cannot have nested brackets of the same type     |     { u, a, ə } > { {u,o}, {a,e}, e }     |                     ^     @ Rule 1, Line 1"
10.5,8,"	{ ɟ, ɡ, *N, *R } > { {ɟ,j}, {ɟ,ɡ}, {l,j}, {l,r} }","Syntax Error: Cannot have nested brackets of the same type     |     { ɟ, ɡ, *N, *R } > { {ɟ,j}, {ɟ,ɡ}, {l,j}, {l,r} }     |                          ^     @ Rule 1, Line 1"
10.5,9,"	z > c (again, possibly evidence of a change from POn-PAn, if it existed)","Syntax Error: Expected '->', but received -'P' at 0:0:52     |     z > c (again, possibly evidence of a change from POn-PAn, if it existed)     |                                                         ^     @ Rule 1, Line 1"
10.5,10,"	h > {h,j,∅} (Blevins has marked what apparently is *ɟ but I’m assuming it’s an error)","Syntax Error: Unknown character ’ at '0:0:59'.     |     h > {h,j,∅} (Blevins has marked what apparently is *ɟ but I’m assuming it’s an error)     |                                                                ^     @ Rule 1, Line 1"
10.5,11,"	e > ə / _N when unstressed , but not listed on the correspondence list) // Ḱ_ (?; included here based on a comment earlier in the paper","Syntax Error: Unknown character Ḱ at '0:0:75'.     |     e > ə / _N when unstressed , but not listed on the correspondence list) // Ḱ_ (?; included here based on a comment earlier in the paper     |                                                                                ^     @ Rule 1, Line 1"
10.5,12,"	{ {m,ɲ}, n } > { {ɲ,∅}, {ŋ,∅} } / _# (first change marked in progress?)","Syntax Error: Cannot have nested brackets of the same type     |     { {m,ɲ}, n } > { {ɲ,∅}, {ŋ,∅} } / _# (first change marked in progress?)     |       ^     @ Rule 1, Line 1"
10.5.1,0,"	e > ə / _N, when unstressed (?)","Syntax Error: Expected '_', but received ''     |     e > ə / _N, when unstressed (?)     |                                    ^     @ Rule 1, Line 1"
10.5.1,1,	n > ŋ / _# (?),"Syntax Error: Can't have segments after the end of a word     |     n > ŋ / _# (?)     |              ^     @ Rule 1, Line 1"
10.5.1,3,	∅ > a / h#_ (that’s not a typo; this happens across the word boundary),"Syntax Error: Unknown character ’ at '0:0:17'.     |     ∅ > a / h#_ (that’s not a typo; this happens across the word boundary)     |                      ^     @ Rule 1, Line 1"
10.5.1,6,	e > ∅ / _# (?),"Syntax Error: Can't have segments after the end of a word     |     e > ∅ / _# (?)     |              ^     @ Rule 1, Line 1"
10.5.2,0,"	e > ə / _N, when unstressed (?)","Syntax Error: Expected '_', but received ''     |     e > ə / _N, when unstressed (?)     |                                    ^     @ Rule 1, Line 1"
10.5.2,1,	n > ŋ / _# (?),"Syntax Error: Can't have segments after the end of a word     |     n > ŋ / _# (?)     |              ^     @ Rule 1, Line 1"
10.5.2,9,"	{ ɡd, ɡl } > { d:[+long], l:[+long] }","Syntax Error: Expected ',', but received 'd'     |     { ɡd, ɡl } > { d:[+long], l:[+long] }     |        ^     @ Rule 1, Line 1"
10.6,0,"	{ t, d, d, Z } > { t, d, ɖ, ɟ }","Syntax Error: Unknown grouping 'Z'. Known groupings are (C)onsonant, (O)bstruent, (S)onorant, (P)losive, (F)ricative, (L)iquid, (N)asal, (G)lide, and (V)owel     |     { t, d, d, Z } > { t, d, ɖ, ɟ }     |                ^     @ Rule 1, Line 1"
10.6,1,"	{ l, *L } > { ɭ, ʎ }","Syntax Error: Expected an IPA character, Primative or Matrix, but received '*'     |     { l, *L } > { ɭ, ʎ }     |          ^     @ Rule 1, Line 1"
10.6,2,"	{ b, d } > { {v,b}, z }","Syntax Error: Cannot have nested brackets of the same type     |     { b, d } > { {v,b}, z }     |                  ^     @ Rule 1, Line 1"
10.7,0,"	{ {t,c}, {d,z}, d } > { t, d, ɖ }","Syntax Error: Cannot have nested brackets of the same type     |     { {t,c}, {d,z}, d } > { t, d, ɖ }     |       ^     @ Rule 1, Line 1"
10.7,1,"	{ R, l, L } > { {r,ʔ}, ɭ, l }","Syntax Error: Cannot have nested brackets of the same type     |     { R, l, L } > { {r,ʔ}, ɭ, l }     |                     ^     @ Rule 1, Line 1"
10.7,2,	S s d *C > s θ ð t͡s (not sure what *C stands for here),"Syntax Error: Expected '>', '->' or '=>', but received '*'     |     S s d *C > s θ ð t͡s (not sure what *C stands for here)     |           ^     @ Rule 1, Line 1"
10.7.1,0,"	{ {v,ʔ}, ð } > { ∅, j }","Syntax Error: Cannot have nested brackets of the same type     |     { {v,ʔ}, ð } > { ∅, j }     |       ^     @ Rule 1, Line 1"
10.8,0,"	{ {*C,d}, j, *R } > { c, z, r }","Syntax Error: Cannot have nested brackets of the same type     |     { {*C,d}, j, *R } > { c, z, r }     |       ^     @ Rule 1, Line 1"
11.1.1,1,"	{ d͡z, d͡ʒ } > { {t͡s:[+long]ʼ,z}, {t͡s:[+long]ʼ,d͡ʒ} }","Syntax Error: Cannot have nested brackets of the same type     |     { d͡z, d͡ʒ } > { {t͡s:[+long]ʼ,z}, {t͡s:[+long]ʼ,d͡ʒ} }     |                      ^     @ Rule 1, Line 1"
11.1.1,2,"	{t͡s,st} > t͡ʃ","Syntax Error: Expected ',', but received 't'     |     {t͡s,st} > t͡ʃ     |           ^     @ Rule 1, Line 1"
11.1.1,4,"	{ k:[+long], ɢ } > { xʲ, {q:[+long]ʼ,ɣ} }","Syntax Error: Cannot have nested brackets of the same type     |     { k:[+long], ɢ } > { xʲ, {q:[+long]ʼ,ɣ} }     |                              ^     @ Rule 1, Line 1"
11.1.1,5,"	{l,r} > ∅ (sometimes, only from original *l)","Syntax Error: The output of a deletion rule must only contain `*` or `∅`     |     {l,r} > ∅ (sometimes, only from original *l)     |               ^     @ Rule 1, Line 1"
11.1.2,0,"	{ {t͡s,st}, d͡z } > { s, {t͡s:[+long]ʼ,z} }","Syntax Error: Cannot have nested brackets of the same type     |     { {t͡s,st}, d͡z } > { s, {t͡s:[+long]ʼ,z} }     |       ^     @ Rule 1, Line 1"
11.1.2,2,"	d͡ʒ > t͡ʃ:[+long]ʼ, d͡ʒ","Syntax Error: Expected end of line, received 'ʼ'. Did you forget a '/' between the output and environment?     |     d͡ʒ > t͡ʃ:[+long]ʼ, d͡ʒ     |                      ^     @ Rule 1, Line 1"
11.1.2,3,"	{ t͡ɬ, {, t͡ɬ,, t͡ɬ:[+long], }, {, t͡ɬʼ,, t͡ɬ:[+long]ʼ, }, d͡ʒ } > { ɬ, {, t͡ɬ,, t͡ɬ:[+long], }, {, t͡ɬʼ,, t͡ɬ:[+long]ʼ, }, t͡ɬ:[+long] }","Syntax Error: Cannot have nested brackets of the same type     |     { t͡ɬ, {, t͡ɬ,, t͡ɬ:[+long], }, {, t͡ɬʼ,, t͡ɬ:[+long]ʼ, }, d͡ʒ } > { ɬ, {, t͡ɬ,, t͡ɬ:[+long], }, {, t͡ɬʼ,, t͡ɬ:[+long]ʼ, }, t͡ɬ:[+long] }     |            ^     @ Rule 1, Line 1"
11.1.2,4,"	{ q, ɢ } > { x, {q:[+long]ʼ,ɣ} }","Syntax Error: Cannot have nested brackets of the same type     |     { q, ɢ } > { x, {q:[+long]ʼ,ɣ} }     |                     ^     @ Rule 1, Line 1"
11.1.3,0,"	t͡s t͡s:[+long] t͡sʼ t͡s:[+long]ʼ d͡z > sh t͡s t͡ʃʼ { t͡sʼ, t͡s:[+long]ʼ } t͡sʼ","Syntax Error: Expected '>', '->' or '=>', but received 'ʼ'     |     t͡s t͡s:[+long] t͡sʼ t͡s:[+long]ʼ d͡z > sh t͡s t͡ʃʼ { t͡sʼ, t͡s:[+long]ʼ } t͡sʼ     |                                     ^     @ Rule 1, Line 1"
11.1.3,1,"	{ st, st:[+long] } > t͡s","Syntax Error: Expected ',', but received 't'     |     { st, st:[+long] } > t͡s     |        ^     @ Rule 1, Line 1"
11.1.3,2,"	t͡ʃ t͡ʃ:[+long] t͡ʃ:[+long]ʼ d͡ʒ > t͡s(?) t͡ʃ { t͡ʃʼ, t͡ʃ:[+long]ʼ } t͡sʼ","Syntax Error: Expected '>', '->' or '=>', but received 'ʼ'     |     t͡ʃ t͡ʃ:[+long] t͡ʃ:[+long]ʼ d͡ʒ > t͡s(?) t͡ʃ { t͡ʃʼ, t͡ʃ:[+long]ʼ } t͡sʼ     |                                ^     @ Rule 1, Line 1"
11.1.3,3,"	t͡ɬ t͡ɬʼ t͡ɬ:[+long] t͡ɬ:[+long]ʼ > ɬ tʼ t͡ɬ { t͡ɬʼ, t͡ɬ:[+long]ʼ }","Syntax Error: Expected '>', '->' or '=>', but received 'ʼ'     |     t͡ɬ t͡ɬʼ t͡ɬ:[+long] t͡ɬ:[+long]ʼ > ɬ tʼ t͡ɬ { t͡ɬʼ, t͡ɬ:[+long]ʼ }     |                                     ^     @ Rule 1, Line 1"
11.1.3,4,"	q q:[+long]ʼ ɢ > x { { qʼ, q:[+long]ʼ },ɡh} qʼ (not sure if that last 〈gh〉 should be ɣ)","Syntax Error: Cannot have nested brackets of the same type     |     q q:[+long]ʼ ɢ > x { { qʼ, q:[+long]ʼ },ɡh} qʼ (not sure if that last 〈gh〉 should be ɣ)     |                          ^     @ Rule 1, Line 1"
11.1.3,5,"	{ s, s:[+long], ɬ:[+long], x, x:[+long] } > { {s,ʃ}, x, ɬ, {x,h}, x }","Syntax Error: Cannot have nested brackets of the same type     |     { s, s:[+long], ɬ:[+long], x, x:[+long] } > { {s,ʃ}, x, ɬ, {x,h}, x }     |                                                   ^     @ Rule 1, Line 1"
11.2,0,"	{ {t͡s:[+long],st}, t͡s:[+long]ʼ, d͡z, st:[+long] } > { t͡s, z, t͡s:[+long], s }","Syntax Error: Cannot have nested brackets of the same type     |     { {t͡s:[+long],st}, t͡s:[+long]ʼ, d͡z, st:[+long] } > { t͡s, z, t͡s:[+long], s }     |       ^     @ Rule 1, Line 1"
11.2,1,"	{ t͡ʃ, t͡ʃ:[+long], d͡ʒ } > { {t͡sʼ,t͡ʃʼ}, ʒ, t͡s }","Syntax Error: Cannot have nested brackets of the same type     |     { t͡ʃ, t͡ʃ:[+long], d͡ʒ } > { {t͡sʼ,t͡ʃʼ}, ʒ, t͡s }     |                                   ^     @ Rule 1, Line 1"
11.2,2,"	{ t͡ɬ, t͡ɬ:[+long], t͡ɬʼ, t͡ɬ:[+long]ʼ } > { k, {xʲ:[+long],k:[+long]}, kʰ, {ɡ,q}(?) }","Syntax Error: Cannot have nested brackets of the same type     |     { t͡ɬ, t͡ɬ:[+long], t͡ɬʼ, t͡ɬ:[+long]ʼ } > { k, {xʲ:[+long],k:[+long]}, kʰ, {ɡ,q}(?) }     |                                                     ^     @ Rule 1, Line 1"
11.2,3,	q:[+long]ʼ > ʕ,"Syntax Error: Expected '>', '->' or '=>', but received 'ʼ'     |     q:[+long]ʼ > ʕ     |              ^     @ Rule 1, Line 1"
11.2,4,"	{ ʃ, ʃ:[+long], ɬ, ɬ:[+long] } > { {s,ʃ}, ʃ, xʲ, {xʲ,ʃ} }","Syntax Error: Cannot have nested brackets of the same type     |     { ʃ, ʃ:[+long], ɬ, ɬ:[+long] } > { {s,ʃ}, ʃ, xʲ, {xʲ,ʃ} }     |                                        ^     @ Rule 1, Line 1"
11.3,0,"	{ b, d } > { {b,v}, z }","Syntax Error: Cannot have nested brackets of the same type     |     { b, d } > { {b,v}, z }     |                  ^     @ Rule 1, Line 1"
11.3,1,"	{ {t͡s:[+long],st}, {t͡s:[+long]ʼ,d͡z} } > { t͡s, t͡sʼ }","Syntax Error: Cannot have nested brackets of the same type     |     { {t͡s:[+long],st}, {t͡s:[+long]ʼ,d͡z} } > { t͡s, t͡sʼ }     |       ^     @ Rule 1, Line 1"
11.3,2,"	{{ t͡ʃ, t͡ʃ:[+long] },d͡ʒ} > t͡ʃʼ","Syntax Error: Cannot have nested brackets of the same type     |     {{ t͡ʃ, t͡ʃ:[+long] },d͡ʒ} > t͡ʃʼ     |      ^     @ Rule 1, Line 1"
11.3,3,"	{ t͡ɬ, t͡ɬ:[+long], t͡ɬʼ, t͡ɬ:[+long]ʼ, d͡ɮ } > { k, {k,xʲ}, {kʼ,ɡ}, {kʼ,k:[+long]}, kʼ }","Syntax Error: Cannot have nested brackets of the same type     |     { t͡ɬ, t͡ɬ:[+long], t͡ɬʼ, t͡ɬ:[+long]ʼ, d͡ɮ } > { k, {k,xʲ}, {kʼ,ɡ}, {kʼ,k:[+long]}, kʼ }     |                                                          ^     @ Rule 1, Line 1"
11.3,4,"	{ k:[+long], kʼ, ɡ } > { k, {kʼ,ɡ}, {kʼ,k:[+long]} }","Syntax Error: Cannot have nested brackets of the same type     |     { k:[+long], kʼ, ɡ } > { k, {kʼ,ɡ}, {kʼ,k:[+long]} }     |                                 ^     @ Rule 1, Line 1"
11.3,5,"	{q:[+long]ʼ,ɢ} > qʼ","Syntax Error: Expected ',', but received 'ʼ'     |     {q:[+long]ʼ,ɢ} > qʼ     |               ^     @ Rule 1, Line 1"
11.4,0,"	b d > {p:[+long],b} {t:[+long],d} (but *b is “:[p]rone to change to *m”)","Syntax Error: Unknown character “ at '0:0:45'.     |     b d > {p:[+long],b} {t:[+long],d} (but *b is “:[p]rone to change to *m”)     |                                                  ^     @ Rule 1, Line 1"
11.4,1,"	{ {t͡s:[+long],st:[+long]}, d͡z, st } > { s:[+long], {t͡s:[+long],z}, t͡s }","Syntax Error: Cannot have nested brackets of the same type     |     { {t͡s:[+long],st:[+long]}, d͡z, st } > { s:[+long], {t͡s:[+long],z}, t͡s }     |       ^     @ Rule 1, Line 1"
11.4,2,"	t͡ʃ t͡ʃ:[+long] d͡ʒ > {t͡s,t͡ʃ} {t͡sʼ,t͡ʃʼ} { t͡ʃʼ, t͡ʃ:[+long]ʼ }","Syntax Error: Expected ',', but received 'ʼ'     |     t͡ʃ t͡ʃ:[+long] d͡ʒ > {t͡s,t͡ʃ} {t͡sʼ,t͡ʃʼ} { t͡ʃʼ, t͡ʃ:[+long]ʼ }     |                                                                    ^     @ Rule 1, Line 1"
11.4,3,"	t͡ɬ t͡ɬ:[+long] { t͡ɬʼ, t͡ɬ:[+long]ʼ } d͡ɮ > xʲ x:[+long] kʼ {k:[+long],l}","Syntax Error: Expected ',', but received 'ʼ'     |     t͡ɬ t͡ɬ:[+long] { t͡ɬʼ, t͡ɬ:[+long]ʼ } d͡ɮ > xʲ x:[+long] kʼ {k:[+long],l}     |                                        ^     @ Rule 1, Line 1"
11.4,5,"	{ qʼ, qʼ:[+long], ɡ } > { {qʼ,j}, qʼ, {q:[+long],ɣ} }","Syntax Error: Cannot have nested brackets of the same type     |     { qʼ, qʼ:[+long], ɡ } > { {qʼ,j}, qʼ, {q:[+long],ɣ} }     |                               ^     @ Rule 1, Line 1"
11.4,6,"	{ ʃ, ɬ, ɬ:[+long] } > { s, {xʲ,ʃ}, x:[+long] }","Syntax Error: Cannot have nested brackets of the same type     |     { ʃ, ɬ, ɬ:[+long] } > { s, {xʲ,ʃ}, x:[+long] }     |                                ^     @ Rule 1, Line 1"
11.4,7,"	{ m, l } > { {m,n}, {l,∅} }","Syntax Error: Cannot have nested brackets of the same type     |     { m, l } > { {m,n}, {l,∅} }     |                  ^     @ Rule 1, Line 1"
11.5,0,"	{ q, ɢ } > { {x,q}, ɣ }","Syntax Error: Cannot have nested brackets of the same type     |     { q, ɢ } > { {x,q}, ɣ }     |                  ^     @ Rule 1, Line 1"
11.5.1,0,"	{ b, d } > { {b,w}, {d,z} }","Syntax Error: Cannot have nested brackets of the same type     |     { b, d } > { {b,w}, {d,z} }     |                  ^     @ Rule 1, Line 1"
11.5.1,1,"	{ {t͡s,st}, t͡s:[+long], t͡s:[+long]ʼ, st:[+long], d͡z } > { {s,t͡s}, {t͡s,t͡ʃ}, t:[+long], s, z }","Syntax Error: Cannot have nested brackets of the same type     |     { {t͡s,st}, t͡s:[+long], t͡s:[+long]ʼ, st:[+long], d͡z } > { {s,t͡s}, {t͡s,t͡ʃ}, t:[+long], s, z }     |       ^     @ Rule 1, Line 1"
11.5.1,2,	t͡ʃ:[+long]ʼ > t͡ʃ:[+long],"Syntax Error: Expected '>', '->' or '=>', but received 'ʼ'     |     t͡ʃ:[+long]ʼ > t͡ʃ:[+long]     |                ^     @ Rule 1, Line 1"
11.5.1,3,"	{ t͡ɬ, t͡ɬ:[+long], t͡ɬʼ, t͡ɬ:[+long]ʼ, d͡ɮ } > { xʲ, x, kʼ, k:[+long], {,j,xʲ} }","Syntax Error: Cannot have nested brackets of the same type     |     { t͡ɬ, t͡ɬ:[+long], t͡ɬʼ, t͡ɬ:[+long]ʼ, d͡ɮ } > { xʲ, x, kʼ, k:[+long], {,j,xʲ} }     |                                                                             ^     @ Rule 1, Line 1"
11.5.1,4,	q:[+long]ʼ > q:[+long],"Syntax Error: Expected '>', '->' or '=>', but received 'ʼ'     |     q:[+long]ʼ > q:[+long]     |              ^     @ Rule 1, Line 1"
11.5.2,2,"	{ {t͡s,st}, t͡s:[+long], t͡s:[+long]ʼ, st:[+long], d͡z } > { s, {s,ʃ}, t͡sʼ, s:[+long], t͡s }","Syntax Error: Cannot have nested brackets of the same type     |     { {t͡s,st}, t͡s:[+long], t͡s:[+long]ʼ, st:[+long], d͡z } > { s, {s,ʃ}, t͡sʼ, s:[+long], t͡s }     |       ^     @ Rule 1, Line 1"
11.5.2,4,"	t͡ɬ t͡ɬ:[+long] t͡ɬʼ t͡ɬ:[+long]ʼ d͡ɮ > ɬ { ɬ, ɬ:[+long] } kʼ t͡ɬʼ t͡ɬ:[+long]","Syntax Error: Expected '>', '->' or '=>', but received 'ʼ'     |     t͡ɬ t͡ɬ:[+long] t͡ɬʼ t͡ɬ:[+long]ʼ d͡ɮ > ɬ { ɬ, ɬ:[+long] } kʼ t͡ɬʼ t͡ɬ:[+long]     |                                     ^     @ Rule 1, Line 1"
11.5.2,5,"	{ k:[+long], ɡ } > { x, {k:[+long],ɡ} }","Syntax Error: Cannot have nested brackets of the same type     |     { k:[+long], ɡ } > { x, {k:[+long],ɡ} }     |                             ^     @ Rule 1, Line 1"
11.5.2,6,"	ɣ > q (more likely, *ɢ","Syntax Error: Expected end of line, received '('. Did you forget a '/' between the output and environment?     |     ɣ > q (more likely, *ɢ     |           ^     @ Rule 1, Line 1"
11.5.2,7,"	q (more likely, *ɢ > q instead of","Syntax Error: Expected ':', but received '*'     |     q (more likely, *ɢ > q instead of     |                     ^     @ Rule 1, Line 1"
11.5.2,8,	q instead of > ɣ),"Syntax Error: Expected end of line, received ')'. Did you forget a '/' between the output and environment?     |     q instead of > ɣ)     |                     ^     @ Rule 1, Line 1"
11.5.2,9,"	q q:[+long]ʼ > x { qʼ, q:[+long]ʼ }","Syntax Error: Expected '>', '->' or '=>', but received 'ʼ'     |     q q:[+long]ʼ > x { qʼ, q:[+long]ʼ }     |                ^     @ Rule 1, Line 1"
11.5.2,10,"	{ s:[+long], x:[+long] } > { {s:[+long],h}, x }","Syntax Error: Cannot have nested brackets of the same type     |     { s:[+long], x:[+long] } > { {s:[+long],h}, x }     |                                  ^     @ Rule 1, Line 1"
11.5.3,0,"	{ b, d } > { {p:[+long],b}, {t:[+long],d} }","Syntax Error: Cannot have nested brackets of the same type     |     { b, d } > { {p:[+long],b}, {t:[+long],d} }     |                  ^     @ Rule 1, Line 1"
11.5.3,1,"	{t͡s,st} t͡s:[+long] t͡s:[+long]ʼ d͡z > {ʃ,t͡ʃ} t͡ʃʼ {t͡ʃ:[+long],d͡ʒ}","Syntax Error: Expected ',', but received 't'     |     {t͡s,st} t͡s:[+long] t͡s:[+long]ʼ d͡z > {ʃ,t͡ʃ} t͡ʃʼ {t͡ʃ:[+long],d͡ʒ}     |           ^     @ Rule 1, Line 1"
11.5.3,2,"	{ t͡ɬ, t͡ɬ:[+long], t͡ɬʼ, t͡ɬ:[+long]ʼ, d͡ɮ } > { xʲ, {ɣʲ,ɡ}, qʼ, kʼ, {k:[+long],ɣʲ} }","Syntax Error: Cannot have nested brackets of the same type     |     { t͡ɬ, t͡ɬ:[+long], t͡ɬʼ, t͡ɬ:[+long]ʼ, d͡ɮ } > { xʲ, {ɣʲ,ɡ}, qʼ, kʼ, {k:[+long],ɣʲ} }     |                                                           ^     @ Rule 1, Line 1"
11.5.3,4,"	ɣ > {q:[+long],ɣ} (again, probably a difference in the development of *ɢ than this strict sound change)","Syntax Error: Expected end of line, received '('. Did you forget a '/' between the output and environment?     |     ɣ > {q:[+long],ɣ} (again, probably a difference in the development of *ɢ than this strict sound change)     |                       ^     @ Rule 1, Line 1"
11.5.3,5,	q:[+long]ʼ > qʼ,"Syntax Error: Expected '>', '->' or '=>', but received 'ʼ'     |     q:[+long]ʼ > qʼ     |              ^     @ Rule 1, Line 1"
11.5.4,0,"	{ b, d } > { {b,w}, {d,z} }","Syntax Error: Cannot have nested brackets of the same type     |     { b, d } > { {b,w}, {d,z} }     |                  ^     @ Rule 1, Line 1"
11.5.4,1,"	{ {t͡s,st}, t͡s:[+long]ʼ, d͡z } > { {s,t͡s}, {d,t}, z }","Syntax Error: Cannot have nested brackets of the same type     |     { {t͡s,st}, t͡s:[+long]ʼ, d͡z } > { {s,t͡s}, {d,t}, z }     |       ^     @ Rule 1, Line 1"
11.5.4,2,"	{ t͡ʃ, t͡ʃ:[+long], t͡ʃ:[+long]ʼ } > { {ʃ,t͡ʃ}, ʃ, t͡ʃ }","Syntax Error: Cannot have nested brackets of the same type     |     { t͡ʃ, t͡ʃ:[+long], t͡ʃ:[+long]ʼ } > { {ʃ,t͡ʃ}, ʃ, t͡ʃ }     |                                            ^     @ Rule 1, Line 1"
11.5.4,3,"	{ t͡ɬ:[+long], t͡ɬʼ, t͡ɬ:[+long]ʼ, d͡ɮ } > { xʲ, qʼ, qʼ, {w,xʲ,j} }","Syntax Error: Cannot have nested brackets of the same type     |     { t͡ɬ:[+long], t͡ɬʼ, t͡ɬ:[+long]ʼ, d͡ɮ } > { xʲ, qʼ, qʼ, {w,xʲ,j} }     |                                                              ^     @ Rule 1, Line 1"
11.5.4,5,	q:[+long]ʼ > qʼ,"Syntax Error: Expected '>', '->' or '=>', but received 'ʼ'     |     q:[+long]ʼ > qʼ     |              ^     @ Rule 1, Line 1"
11.5.5,0,"	{ b, d } > { {b,w}, {d,z} }","Syntax Error: Cannot have nested brackets of the same type     |     { b, d } > { {b,w}, {d,z} }     |                  ^     @ Rule 1, Line 1"
11.5.5,1,"	{ {t͡s,st}, t͡s:[+long], t͡s:[+long]ʼ } > { {s,t͡s}, {t͡s,t͡ʃ}, t͡s:[+long] }","Syntax Error: Cannot have nested brackets of the same type     |     { {t͡s,st}, t͡s:[+long], t͡s:[+long]ʼ } > { {s,t͡s}, {t͡s,t͡ʃ}, t͡s:[+long] }     |       ^     @ Rule 1, Line 1"
11.5.5,2,"	{ t͡ʃ, t͡ʃ:[+long], t͡ʃ:[+long]ʼ } > { {ʃ,t͡ʃ}, {t͡ʃ,d͡ʒ}, {t͡ʃ:[+long],t͡ʃʼ}(?) }","Syntax Error: Cannot have nested brackets of the same type     |     { t͡ʃ, t͡ʃ:[+long], t͡ʃ:[+long]ʼ } > { {ʃ,t͡ʃ}, {t͡ʃ,d͡ʒ}, {t͡ʃ:[+long],t͡ʃʼ}(?) }     |                                            ^     @ Rule 1, Line 1"
11.5.5,3,"	{ t͡ɬ, t͡ɬ:[+long], t͡ɬʼ, t͡ɬ:[+long]ʼ, d͡ɮ } > { xʲ, {ɣʲ,ɡ}, k, k:[+long], ɣʲ }","Syntax Error: Cannot have nested brackets of the same type     |     { t͡ɬ, t͡ɬ:[+long], t͡ɬʼ, t͡ɬ:[+long]ʼ, d͡ɮ } > { xʲ, {ɣʲ,ɡ}, k, k:[+long], ɣʲ }     |                                                           ^     @ Rule 1, Line 1"
11.5.5,5,"	{ ɬ, {ʃ:[+long],ɬ:[+long]}, x:[+long] } > { xʲ, ʃ, x }","Syntax Error: Cannot have nested brackets of the same type     |     { ɬ, {ʃ:[+long],ɬ:[+long]}, x:[+long] } > { xʲ, ʃ, x }     |          ^     @ Rule 1, Line 1"
11.5.6,0,"	{ t͡s, t͡s:[+long], t͡sʼ, t͡s:[+long]ʼ, d͡z } > { {∅,s}, t͡ʃ, {∅,t͡sʼ}, {t͡sʼ,t͡ʃʼ}, z }","Syntax Error: Cannot have nested brackets of the same type     |     { t͡s, t͡s:[+long], t͡sʼ, t͡s:[+long]ʼ, d͡z } > { {∅,s}, t͡ʃ, {∅,t͡sʼ}, {t͡sʼ,t͡ʃʼ}, z }     |                                                       ^     @ Rule 1, Line 1"
11.5.6,2,"	{ t͡ʃ, t͡ʃ:[+long], t͡ʃʼ, t͡ʃ:[+long]ʼ, d͡ʒ } > { {∅,ʃ}, t͡ʃ, ∅, t͡ʃʼ, {d͡ʒ,t͡ʃ} }","Syntax Error: Cannot have nested brackets of the same type     |     { t͡ʃ, t͡ʃ:[+long], t͡ʃʼ, t͡ʃ:[+long]ʼ, d͡ʒ } > { {∅,ʃ}, t͡ʃ, ∅, t͡ʃʼ, {d͡ʒ,t͡ʃ} }     |                                                       ^     @ Rule 1, Line 1"
11.5.6,3,"	{ t͡ɬ, t͡ɬ:[+long], t͡ɬʼ, t͡ɬ:[+long]ʼ, d͡ɮ } > { {∅,x}, q, {∅,qʼ}, qʼ, {ɣ,l} }","Syntax Error: Cannot have nested brackets of the same type     |     { t͡ɬ, t͡ɬ:[+long], t͡ɬʼ, t͡ɬ:[+long]ʼ, d͡ɮ } > { {∅,x}, q, {∅,qʼ}, qʼ, {ɣ,l} }     |                                                       ^     @ Rule 1, Line 1"
11.5.6,5,"	{ q, qʼ, q:[+long]ʼ, ɢ } > { ∅(?), ∅, qʼ, ɣ }","Syntax Error: Expected ',', but received 'ʼ'     |     { q, qʼ, q:[+long]ʼ, ɢ } > { ∅(?), ∅, qʼ, ɣ }     |                       ^     @ Rule 1, Line 1"
11.5.6,6,"	{{ ɬ, ɬ:[+long] },x:[+long]} > x","Syntax Error: Cannot have nested brackets of the same type     |     {{ ɬ, ɬ:[+long] },x:[+long]} > x     |      ^     @ Rule 1, Line 1"
11.6,0,"	{ st, st:[+long] } > { stʼ, st }","Syntax Error: Expected ',', but received 't'     |     { st, st:[+long] } > { stʼ, st }     |        ^     @ Rule 1, Line 1"
11.6,2,	t͡s:[+long]ʼ > t͡s:[+long],"Syntax Error: Expected '>', '->' or '=>', but received 'ʼ'     |     t͡s:[+long]ʼ > t͡s:[+long]     |                ^     @ Rule 1, Line 1"
11.6,4,"	{ t͡ɬ, t͡ɬ:[+long] } t͡ɬʼ t͡ɬ:[+long]ʼ > x qʼ ʕ","Syntax Error: Expected '>', '->' or '=>', but received 'ʼ'     |     { t͡ɬ, t͡ɬ:[+long] } t͡ɬʼ t͡ɬ:[+long]ʼ > x qʼ ʕ     |                                          ^     @ Rule 1, Line 1"
11.6,5,"	{ k:[+long], q:[+long]ʼ } > { xk(?), qʼ }","Syntax Error: Expected ',', but received 'ʼ'     |     { k:[+long], q:[+long]ʼ } > { xk(?), qʼ }     |                           ^     @ Rule 1, Line 1"
11.7,0,"	{ {t͡s,st}, {t͡s:[+long]ʼ,d͡z} } > { s, t͡s }","Syntax Error: Cannot have nested brackets of the same type     |     { {t͡s,st}, {t͡s:[+long]ʼ,d͡z} } > { s, t͡s }     |       ^     @ Rule 1, Line 1"
11.7,1,"	t͡ʃ {t͡ʃ:[+long],d͡ʒ} > ʃ t͡ʃ (the change of *t͡ʃ:[+long]ʼ is conjectured for Bezhta, as the change is only listed in Tsez, but given the development of *t͡s:[+long]ʼ I don’t find it unreasonable to put it here)","Syntax Error: Unknown character ’ at '0:0:172'.     |     t͡ʃ {t͡ʃ:[+long],d͡ʒ} > ʃ t͡ʃ (the change of *t͡ʃ:[+long]ʼ is conjectured for Bezhta, as the change is only listed in Tsez, but given the development of *t͡s:[+long]ʼ I don’t find it unreasonable to put it here)     |                                                                                                                                                                                 ^     @ Rule 1, Line 1"
11.7,2,"	{ t͡ɬ, t͡ɬ:[+long]ʼ } > { ɬ, t͡ɬ }","Syntax Error: Expected ',', but received 'ʼ'     |     { t͡ɬ, t͡ɬ:[+long]ʼ } > { ɬ, t͡ɬ }     |                       ^     @ Rule 1, Line 1"
11.7.2,2,"	{ k:[+long]ʼ, ɡ } > { k, kʼ }","Syntax Error: Expected ',', but received 'ʼ'     |     { k:[+long]ʼ, ɡ } > { k, kʼ }     |                ^     @ Rule 1, Line 1"
11.7.2,3,"	{ q, q:[+long]ʼ } > { x(?), q }","Syntax Error: Expected ',', but received 'ʼ'     |     { q, q:[+long]ʼ } > { x(?), q }     |                   ^     @ Rule 1, Line 1"
12.1,0,"	{ {pʷ,pʲ}, {pʲ:[+long],bˤ}, bʷ, pʷʲ, bʷʲ } > { p, b, f, t͡sʲ, d͡zʲ }","Syntax Error: Cannot have nested brackets of the same type     |     { {pʷ,pʲ}, {pʲ:[+long],bˤ}, bʷ, pʷʲ, bʷʲ } > { p, b, f, t͡sʲ, d͡zʲ }     |       ^     @ Rule 1, Line 1"
12.1,4,	t͡sʲ:[+long] > d͡zʲ (marked as dubious in the source),"Syntax Error: Expected end of line, received '('. Did you forget a '/' between the output and environment?     |     t͡sʲ:[+long] > d͡zʲ (marked as dubious in the source)     |                         ^     @ Rule 1, Line 1"
12.1,6,"	{ t͡sʷ:[+long], t͡sʷʲ } > { t͡sʷ, (t͡ʃ) }","Syntax Error: Expected an IPA character, Primative or Matrix, but received '('     |     { t͡sʷ:[+long], t͡sʷʲ } > { t͡sʷ, (t͡ʃ) }     |                                       ^     @ Rule 1, Line 1"
12.1,7,"	{ zʷʲ, t͡sʷʲʼ, d͡zʷʲ } > { d͡zʲ~zʲ, t͡ʃʼ, d͡ʒ~ʒ }","Syntax Error: Expected ',', but received '~'     |     { zʷʲ, t͡sʷʲʼ, d͡zʷʲ } > { d͡zʲ~zʲ, t͡ʃʼ, d͡ʒ~ʒ }     |                                    ^     @ Rule 1, Line 1"
12.1,9,"	{ ʃ(~ʃ:[+long]), ʒ } > { sʲ, sʲ }","Syntax Error: Expected ',', but received '('     |     { ʃ(~ʃ:[+long]), ʒ } > { sʲ, sʲ }     |        ^     @ Rule 1, Line 1"
12.1,10,	t͡ɕ:[+long] > d͡zʲ(~t͡ɕ),"Syntax Error: Expected end of line, received '('. Did you forget a '/' between the output and environment?     |     t͡ɕ:[+long] > d͡zʲ(~t͡ɕ)     |                       ^     @ Rule 1, Line 1"
12.1,11,"	{ ɕ, ɕ:[+long] } ʑ > ʃ ʒ (the change of singleton *ɕ to ʃ is marked as dubious)","Syntax Error: Expected end of line, received '('. Did you forget a '/' between the output and environment?     |     { ɕ, ɕ:[+long] } ʑ > ʃ ʒ (the change of singleton *ɕ to ʃ is marked as dubious)     |                              ^     @ Rule 1, Line 1"
12.1,12,"	{ t͡ʃʷʼ, t͡ʃʷ:[+long], d͡ʒʷ } > { t͡ʃʼ, zʷ, d͡zʷ~zʷ }","Syntax Error: Expected ',', but received '~'     |     { t͡ʃʷʼ, t͡ʃʷ:[+long], d͡ʒʷ } > { t͡ʃʼ, zʷ, d͡zʷ~zʷ }     |                                                     ^     @ Rule 1, Line 1"
12.1,13,	ʃʷ ʃʷ:[+long] ʒʷ > sʷ ʃ zʲ (this final change is marked as dubious),"Syntax Error: Expected end of line, received '('. Did you forget a '/' between the output and environment?     |     ʃʷ ʃʷ:[+long] ʒʷ > sʷ ʃ zʲ (this final change is marked as dubious)     |                                ^     @ Rule 1, Line 1"
12.1,14,"	{ t͡ɕʷʼ, t͡ɕʷ:[+long] } > { t͡ʃʼ, d͡ʒ~ʒ }","Syntax Error: Expected ',', but received '~'     |     { t͡ɕʷʼ, t͡ɕʷ:[+long] } > { t͡ʃʼ, d͡ʒ~ʒ }     |                                          ^     @ Rule 1, Line 1"
12.1,16,"	{ t͡ɬ, t͡ɬ:[+long], t͡ɬʼ, d͡ɮ } > { x, t͡s, {x,t͡sʼ}, l }","Syntax Error: Cannot have nested brackets of the same type     |     { t͡ɬ, t͡ɬ:[+long], t͡ɬʼ, d͡ɮ } > { x, t͡s, {x,t͡sʼ}, l }     |                                                 ^     @ Rule 1, Line 1"
12.1,19,"	{ ɬʲ(~ɬʲʷ:[+long]), ɮʲ } > { ɕ, ʑ }","Syntax Error: Expected ',', but received '('     |     { ɬʲ(~ɬʲʷ:[+long]), ɮʲ } > { ɕ, ʑ }     |         ^     @ Rule 1, Line 1"
12.1,21,	lʲ > l~ɣʲ,"Syntax Error: Expected end of line, received '~'. Did you forget a '/' between the output and environment?     |     lʲ > l~ɣʲ     |           ^     @ Rule 1, Line 1"
12.1,25,	ɬʷʲ(~ɬʷ:[+long]) > ʃ,"Syntax Error: Expected an IPA character, Primative or Matrix, but received '~'     |     ɬʷʲ(~ɬʷ:[+long]) > ʃ     |         ^     @ Rule 1, Line 1"
12.1,29,	xʷʲ ɣʷʲ > sʷ zʷ (*ɣʷʲ is marked as dubious),"Syntax Error: Expected end of line, received '('. Did you forget a '/' between the output and environment?     |     xʷʲ ɣʷʲ > sʷ zʷ (*ɣʷʲ is marked as dubious)     |                     ^     @ Rule 1, Line 1"
12.1,30,	q q:[+long] ɢ > (ħ) q ɣ (*ɢ is marked as *G in the document),"Syntax Error: Unknown character ( at '0:0:8'.     |     q q:[+long] ɢ > (ħ) q ɣ (*ɢ is marked as *G in the document)     |             ^     @ Rule 1, Line 1"
12.1,35,"	{ qʷʲ, ɢʷʰ } > { ħʷ, ɣʷ }","Syntax Error: Segment does not have prerequisite properties to have this diacritic. Must be [-voice]     |     { qʷʲ, ɢʷʰ } > { ħʷ, ɣʷ }     |            ^ ^     @ Rule 1, Line 1"
12.1,36,	qʷʲʼ > ʕʷ (qʷʼ?),"Syntax Error: Expected end of line, received '('. Did you forget a '/' between the output and environment?     |     qʷʲʼ > ʕʷ (qʷʼ?)     |               ^     @ Rule 1, Line 1"
12.1,38,	qˤ:[+long] qˤʼ > ʕ ħ (this latter is marked as dubious),"Syntax Error: Expected end of line, received '('. Did you forget a '/' between the output and environment?     |     qˤ:[+long] qˤʼ > ʕ ħ (this latter is marked as dubious)     |                          ^     @ Rule 1, Line 1"
12.1,40,"	{ qˤʲ, qˤʲ:[+long], qˤʲʼ } > { q, ʔ, ħ(?) }","Syntax Error: Expected ',', but received '('     |     { qˤʲ, qˤʲ:[+long], qˤʲʼ } > { q, ʔ, ħ(?) }     |                                           ^     @ Rule 1, Line 1"
12.1,42,"	{ qˤʷ, qˤʷ:[+long], qˤʷʼ, χˤʷ, ʁˤʷ } > { ħʷ, ʕʷ, qʷʼ, ħʷ, (ħʷ?) }","Syntax Error: Expected an IPA character, Primative or Matrix, but received '('     |     { qˤʷ, qˤʷ:[+long], qˤʷʼ, χˤʷ, ʁˤʷ } > { ħʷ, ʕʷ, qʷʼ, ħʷ, (ħʷ?) }     |                                                               ^     @ Rule 1, Line 1"
12.1.1,2,	”Vʕ ʕ”V > ”aa a”a (but stays /ʕ/ sometimes?),"Syntax Error: Unknown character ” at '0:0:0'.     |     ”Vʕ ʕ”V > ”aa a”a (but stays /ʕ/ sometimes?)     |     ^     @ Rule 1, Line 1"
12.1.1,4,"	{ tʷʼ, dʷ } > { {tʷʼ,pʼ}, {dʷ,b} }","Syntax Error: Cannot have nested brackets of the same type     |     { tʷʼ, dʷ } > { {tʷʼ,pʼ}, {dʷ,b} }     |                     ^     @ Rule 1, Line 1"
12.1.2,0,"	{ {t͡ʃʷʼ,t͡ɕ}, {d͡ʒʷ,d͡ʑ} } > { t͡sʼ, d͡z }","Syntax Error: Cannot have nested brackets of the same type     |     { {t͡ʃʷʼ,t͡ɕ}, {d͡ʒʷ,d͡ʑ} } > { t͡sʼ, d͡z }     |       ^     @ Rule 1, Line 1"
12.1.2,1,"	{ t͡ɕʷʼ, d͡ʑʷ } > { {t͡ɕʷʼ,t͡ʃʷʼ}, {d͡ʑʷ,d͡ʒʷ} }","Syntax Error: Cannot have nested brackets of the same type     |     { t͡ɕʷʼ, d͡ʑʷ } > { {t͡ɕʷʼ,t͡ʃʷʼ}, {d͡ʑʷ,d͡ʒʷ} }     |                         ^     @ Rule 1, Line 1"
12.1.2,3,"	{ ʃʷ, ʒʷ, ɕʷ, ʑʷ } > { {ɕʷ,ʃʷ}, {ʑʷ,ʒʷ}, {ɕʷ,ʃʷ}, {ʑʷ,ʒʷ} }","Syntax Error: Cannot have nested brackets of the same type     |     { ʃʷ, ʒʷ, ɕʷ, ʑʷ } > { {ɕʷ,ʃʷ}, {ʑʷ,ʒʷ}, {ɕʷ,ʃʷ}, {ʑʷ,ʒʷ} }     |                            ^     @ Rule 1, Line 1"
12.1.3,2,"	{ ”Vʕ, ʕ”V } > { ”aa, a”a }","Syntax Error: Unknown character ” at '0:0:2'.     |     { ”Vʕ, ʕ”V } > { ”aa, a”a }     |       ^     @ Rule 1, Line 1"
12.1.4,1,"	{ ”Vʕ, ʕ”V } > { ”aa, a”a }","Syntax Error: Unknown character ” at '0:0:2'.     |     { ”Vʕ, ʕ”V } > { ”aa, a”a }     |       ^     @ Rule 1, Line 1"
12.1.5,2,"	{ ”Vʕ, ʕ”V } > { ”aa, a”a }","Syntax Error: Unknown character ” at '0:0:2'.     |     { ”Vʕ, ʕ”V } > { ”aa, a”a }     |       ^     @ Rule 1, Line 1"
12.1.6,2,"	{ ”Vʕ, ʕ”V } > { ”aa, a”a }","Syntax Error: Unknown character ” at '0:0:2'.     |     { ”Vʕ, ʕ”V } > { ”aa, a”a }     |       ^     @ Rule 1, Line 1"
12.1.7,1,"	{ ɕ, ɕʷ, ʑ, ʑʷ } > { s, {ʃʷ,ɕʷ}, z, {ʒʷ,ʑʷ} }","Syntax Error: Cannot have nested brackets of the same type     |     { ɕ, ɕʷ, ʑ, ʑʷ } > { s, {ʃʷ,ɕʷ}, z, {ʒʷ,ʑʷ} }     |                             ^     @ Rule 1, Line 1"
12.1.7,2,"	{ ”Vʕ, ʕ”V } > { ”aa, a”a }","Syntax Error: Unknown character ” at '0:0:2'.     |     { ”Vʕ, ʕ”V } > { ”aa, a”a }     |       ^     @ Rule 1, Line 1"
12.1.8,2,"	{ ”Vʕ, ʕ”V } > { ”aa, a”a }","Syntax Error: Unknown character ” at '0:0:2'.     |     { ”Vʕ, ʕ”V } > { ”aa, a”a }     |       ^     @ Rule 1, Line 1"
12.2,1,"	{ {, pʲ,, pʲ:[+long], }, pʲʼ, bʲ } > { {, t,, t:[+long], }, tʼ, d }","Syntax Error: Cannot have nested brackets of the same type     |     { {, pʲ,, pʲ:[+long], }, pʲʼ, bʲ } > { {, t,, t:[+long], }, tʼ, d }     |       ^     @ Rule 1, Line 1"
12.2,3,"	{ {, pˤ,, pˤ:[+long], }, pˤ, bˤ } > { {, p,, p:[+long], }, pʼ, b }","Syntax Error: Cannot have nested brackets of the same type     |     { {, pˤ,, pˤ:[+long], }, pˤ, bˤ } > { {, p,, p:[+long], }, pʼ, b }     |       ^     @ Rule 1, Line 1"
12.2,5,"	{ r, l } > { t:[+long], tħ } / #_","Syntax Error: Expected ',', but received 'ħ'     |     { r, l } > { t:[+long], tħ } / #_     |                              ^     @ Rule 1, Line 1"
12.2,7,"	{ {, tʷ,, tʷ:[+long], }, tʷʼ, dʷ } > { {, t,, t:[+long], }, tʼ, d }","Syntax Error: Cannot have nested brackets of the same type     |     { {, tʷ,, tʷ:[+long], }, tʷʼ, dʷ } > { {, t,, t:[+long], }, tʼ, d }     |       ^     @ Rule 1, Line 1"
12.2,9,"	{ t͡s, t͡s:[+long], d͡z } > { {s,c}, t͡s:[+long], d͡z~z }","Syntax Error: Cannot have nested brackets of the same type     |     { t͡s, t͡s:[+long], d͡z } > { {s,c}, t͡s:[+long], d͡z~z }     |                                   ^     @ Rule 1, Line 1"
12.2,10,"	{ t͡sʲ, t͡sʲ:[+long], t͡sʲʼ, d͡zʲ } > { (s), t͡s:[+long], t͡sʼ, d͡z~z }","Syntax Error: Expected an IPA character, Primative or Matrix, but received '('     |     { t͡sʲ, t͡sʲ:[+long], t͡sʲʼ, d͡zʲ } > { (s), t͡s:[+long], t͡sʼ, d͡z~z }     |                                             ^     @ Rule 1, Line 1"
12.2,12,"	{ t͡sʷ, lʲ, {qʲʷ,qˤʷ} } > { sʷ, d, qʷ } / #_ (data not given for non-initial forms)","Syntax Error: Cannot have nested brackets of the same type     |     { t͡sʷ, lʲ, {qʲʷ,qˤʷ} } > { sʷ, d, qʷ } / #_ (data not given for non-initial forms)     |                 ^     @ Rule 1, Line 1"
12.2,15,"	{ t͡ʃ, t͡ʃʼ, d͡ʒ, d͡ʑ } > { s, t͡sʲʼ(?), d͡z~z, d͡ʑ~ʑ }","Syntax Error: Expected ',', but received '('     |     { t͡ʃ, t͡ʃʼ, d͡ʒ, d͡ʑ } > { s, t͡sʲʼ(?), d͡z~z, d͡ʑ~ʑ }     |                                         ^     @ Rule 1, Line 1"
12.2,16,	ʃ(~ʃ:[+long]) > s,"Syntax Error: Expected an IPA character, Primative or Matrix, but received '~'     |     ʃ(~ʃ:[+long]) > s     |       ^     @ Rule 1, Line 1"
12.2,17,"	{ {, ɕ,, ɕ:[+long], }, ʑ } > { {, ʃ,, ʃ:[+long], }, ʒ }","Syntax Error: Cannot have nested brackets of the same type     |     { {, ɕ,, ɕ:[+long], }, ʑ } > { {, ʃ,, ʃ:[+long], }, ʒ }     |       ^     @ Rule 1, Line 1"
12.2,18,"	{ {, t͡ʃʷ,, t͡ʃʷ:[+long], }, t͡ʃʷʼ, d͡ʒʷ } > { {, t͡ɕ,, t͡ɕ:[+long], }, t͡ɕʼ, d͡ʑ~ʑ }","Syntax Error: Cannot have nested brackets of the same type     |     { {, t͡ʃʷ,, t͡ʃʷ:[+long], }, t͡ʃʷʼ, d͡ʒʷ } > { {, t͡ɕ,, t͡ɕ:[+long], }, t͡ɕʼ, d͡ʑ~ʑ }     |       ^     @ Rule 1, Line 1"
12.2,19,"	{ {, ʃʷ,, ʃʷ:[+long], }, ʒʷ } > { {, ʃ,, ʃ:[+long], }, ʒ }","Syntax Error: Cannot have nested brackets of the same type     |     { {, ʃʷ,, ʃʷ:[+long], }, ʒʷ } > { {, ʃ,, ʃ:[+long], }, ʒ }     |       ^     @ Rule 1, Line 1"
12.2,20,"	{ {, tcʷ,, tcʷ:[+long], }, t͡ɕʷʼ } > { {, t͡ʃ,, t͡ʃ:[+long], }, t͡ʃʼ }","Syntax Error: Cannot have nested brackets of the same type     |     { {, tcʷ,, tcʷ:[+long], }, t͡ɕʷʼ } > { {, t͡ʃ,, t͡ʃ:[+long], }, t͡ʃʼ }     |       ^     @ Rule 1, Line 1"
12.2,22,"	{ {, ɬ,, ɬ:[+long], }, {, t͡ɬ,, t͡ɬ:[+long], }, t͡ɬʼ, d͡ɮ } > { {, ɕ,, ɕ:[+long], }, {, t͡ɕ,, t͡ɕ:[+long], }, t͡ɕʼ, tħ }","Syntax Error: Cannot have nested brackets of the same type     |     { {, ɬ,, ɬ:[+long], }, {, t͡ɬ,, t͡ɬ:[+long], }, t͡ɬʼ, d͡ɮ } > { {, ɕ,, ɕ:[+long], }, {, t͡ɕ,, t͡ɕ:[+long], }, t͡ɕʼ, tħ }     |       ^     @ Rule 1, Line 1"
12.2,24,"	{ {, t͡ɬʷ,, t͡ɬʷ:[+long], }, t͡ɬʷʼ, d͡ɮʷ } > { {, t͡ʃ,, t͡ʃ:[+long], }, t͡ʃʼ, ħ }","Syntax Error: Cannot have nested brackets of the same type     |     { {, t͡ɬʷ,, t͡ɬʷ:[+long], }, t͡ɬʷʼ, d͡ɮʷ } > { {, t͡ʃ,, t͡ʃ:[+long], }, t͡ʃʼ, ħ }     |       ^     @ Rule 1, Line 1"
12.2,27,"	{ ɬʲʷ(~ɬʷ:[+long]), ɮʲʷ } > { xʷ, ɣʲ }","Syntax Error: Expected ',', but received '('     |     { ɬʲʷ(~ɬʷ:[+long]), ɮʲʷ } > { xʷ, ɣʲ }     |          ^     @ Rule 1, Line 1"
12.2,31,"	{ ɡʲʷ, xʲʷ, ɣʲʷ(?) } > { ɡʷ, xʷ, ʁʷ }","Syntax Error: Expected ',', but received '('     |     { ɡʲʷ, xʲʷ, ɣʲʷ(?) } > { ɡʷ, xʷ, ʁʷ }     |                    ^     @ Rule 1, Line 1"
12.2,36,"	{ qʲʷ:[+long], qʲʷ, ɢʲʷ,ʁʲʷ}, χʲʷ } > { qʷ:[+long], ʔʷ, ʁʷ, χʷ }","Syntax Error: Expected '>', '->' or '=>', but received '}'     |     { qʲʷ:[+long], qʲʷ, ɢʲʷ,ʁʲʷ}, χʲʷ } > { qʷ:[+long], ʔʷ, ʁʷ, χʷ }     |                                       ^     @ Rule 1, Line 1"
12.2,37,"	{ {qˤ:[+long],qˤʼ}, χˤ, ʁˤ } > { q:[+long], χ, ʁ }","Syntax Error: Cannot have nested brackets of the same type     |     { {qˤ:[+long],qˤʼ}, χˤ, ʁˤ } > { q:[+long], χ, ʁ }     |       ^     @ Rule 1, Line 1"
12.2,38,"	{qˤʲ,χˤʲ} qˤʲ ʁˤʲ {qˤʲ:[+long] qˤʲʼ} > ħ ʔ j","Syntax Error: Expected ',', but received 'q'     |     {qˤʲ,χˤʲ} qˤʲ ʁˤʲ {qˤʲ:[+long] qˤʲʼ} > ħ ʔ j     |                                    ^     @ Rule 1, Line 1"
12.2,39,"	{ {qˤʷ:[+long],qˤʷʼ}, χˤʷ, ʁˤʷ } > { qʷ:[+long], χʷ, ʁʷ }","Syntax Error: Cannot have nested brackets of the same type     |     { {qˤʷ:[+long],qˤʷʼ}, χˤʷ, ʁˤʷ } > { qʷ:[+long], χʷ, ʁʷ }     |       ^     @ Rule 1, Line 1"
12.2,40,"	{ qˤʲʷ, {qˤʲʷ:[+long],qˤʲʷ}, ʁˤʲʷ } > { ħ, ʔʷ, w~ʁʷ }","Syntax Error: Cannot have nested brackets of the same type     |     { qˤʲʷ, {qˤʲʷ:[+long],qˤʲʷ}, ʁˤʲʷ } > { ħ, ʔʷ, w~ʁʷ }     |             ^     @ Rule 1, Line 1"
12.2.1,3,	ʔʷ~qʼʷ > ʔʷ,"Syntax Error: Expected end of line, received '>'. Did you forget a '/' between the output and environment?     |     ʔʷ~qʼʷ > ʔʷ     |            ^     @ Rule 1, Line 1"
12.2.1,6,	t͡sʲʼ > ɕʼ~ʃʼ,"Syntax Error: Expected end of line, received '~'. Did you forget a '/' between the output and environment?     |     t͡sʲʼ > ɕʼ~ʃʼ     |               ^     @ Rule 1, Line 1"
12.2.1,7,"	{ sʷ, ɕ } > { ɕʷ~ʃʷ, ɕ~ʃ }","Syntax Error: Expected ',', but received '~'     |     { sʷ, ɕ } > { ɕʷ~ʃʷ, ɕ~ʃ }     |                     ^     @ Rule 1, Line 1"
12.2.1,8,"	{ xʷ, χʲ } > { f~ɸ?, ħ }","Syntax Error: Expected ',', but received '~'     |     { xʷ, χʲ } > { f~ɸ?, ħ }     |                     ^     @ Rule 1, Line 1"
12.2.1,10,	zʷ > ʑʷ~ʒʷ,"Syntax Error: Expected end of line, received '~'. Did you forget a '/' between the output and environment?     |     zʷ > ʑʷ~ʒʷ     |            ^     @ Rule 1, Line 1"
12.2.1.1,2,"	{ p:[+long], t:[+long], t͡s:[+long], t͡sʷ, ʃ:[+long], t͡ʃ:[+long], t͡ɕ:[+long], kʲ:[+long], kʷ:[+long], q:[+long]~qχ, qʷ:[+long]~qχʷ } > { p, t, t͡s, t͡ʃʷ, ʃ, ɕ, t͡ɕ, t͡ʃ, kʷ, q:[+long], qʷ }","Syntax Error: Expected ',', but received '~'     |     { p:[+long], t:[+long], t͡s:[+long], t͡sʷ, ʃ:[+long], t͡ʃ:[+long], t͡ɕ:[+long], kʲ:[+long], kʷ:[+long], q:[+long]~qχ, qʷ:[+long]~qχʷ } > { p, t, t͡s, t͡ʃʷ, ʃ, ɕ, t͡ɕ, t͡ʃ, kʷ, q:[+long], qʷ }     |                                                                                                                      ^     @ Rule 1, Line 1"
12.2.1.1,3,"	{ t͡ʃʼ, t͡ɬʼ } > { ʔaj~ʔ, ɬʼ }","Syntax Error: Expected ',', but received 'a'     |     { t͡ʃʼ, t͡ɬʼ } > { ʔaj~ʔ, ɬʼ }     |                         ^     @ Rule 1, Line 1"
12.2.1.1,4,	t͡ʃʷʼ~ʃʷʼ > ɕʷʼ~ʃʷʼ,"Syntax Error: Expected end of line, received '>'. Did you forget a '/' between the output and environment?     |     t͡ʃʷʼ~ʃʷʼ > ɕʷʼ~ʃʷʼ     |               ^     @ Rule 1, Line 1"
12.2.1.1,7,"	{ sʼ, ʃʼ~ɕʼ } > { t͡sʼ, ʃʼ }","Syntax Error: Expected ',', but received '~'     |     { sʼ, ʃʼ~ɕʼ } > { t͡sʼ, ʃʼ }     |             ^     @ Rule 1, Line 1"
12.2.1.2,1,"	{ {, kʲ,, kʲ:[+long], }, kʲʼ, ɡʲ } > { {, t͡ʃ,, t͡ʃ:[+long], }, t͡ʃʼ, d͡ʑ }","Syntax Error: Cannot have nested brackets of the same type     |     { {, kʲ,, kʲ:[+long], }, kʲʼ, ɡʲ } > { {, t͡ʃ,, t͡ʃ:[+long], }, t͡ʃʼ, d͡ʑ }     |       ^     @ Rule 1, Line 1"
12.2.1.2,3,"	{ q:[+long]~χ, qʷ:[+long]~qχʷ } > { q:[+long], qʷ:[+long] }","Syntax Error: Expected ',', but received '~'     |     { q:[+long]~χ, qʷ:[+long]~qχʷ } > { q:[+long], qʷ:[+long] }     |                ^     @ Rule 1, Line 1"
12.2.1.2,4,	t͡sʷʼ~ʃʷʼ > ɕʷʼ~ʃʷʼ,"Syntax Error: Expected end of line, received '>'. Did you forget a '/' between the output and environment?     |     t͡sʷʼ~ʃʷʼ > ɕʷʼ~ʃʷʼ     |               ^     @ Rule 1, Line 1"
12.2.1.2,6,"	{ sʼ, ʃʼ~ɕʼ } > { t͡sʼ, ʃʼ }","Syntax Error: Expected ',', but received '~'     |     { sʼ, ʃʼ~ɕʼ } > { t͡sʼ, ʃʼ }     |             ^     @ Rule 1, Line 1"
12.2.1.3,1,"	{ p:[+long], t:[+long], t͡s:[+long], t͡sʷ:[+long], ʃ:[+long], t͡s:[+long], tc:[+long], kʲ:[+long], kʷ:[+long], q:[+long]~qχ, qʷ:[+long]~qχʷ } > { p, t, t͡s, t͡ʃʷ, ʃ, t͡ʃ, t͡ɕ, kʲ, kʷ, χ~q, χʷ~qʷ }","Syntax Error: Expected ',', but received 'c'     |     { p:[+long], t:[+long], t͡s:[+long], t͡sʷ:[+long], ʃ:[+long], t͡s:[+long], tc:[+long], kʲ:[+long], kʷ:[+long], q:[+long]~qχ, qʷ:[+long]~qχʷ } > { p, t, t͡s, t͡ʃʷ, ʃ, t͡ʃ, t͡ɕ, kʲ, kʷ, χ~q, χʷ~qʷ }     |                                                                                 ^     @ Rule 1, Line 1"
12.2.1.3,2,"	{ pʷʼ, tʷʼ, t͡sʼ, t͡sʷʼ~ʃʷʼ } > { pˤ, tˤ, t͡sˤ, ʂʷ }","Syntax Error: Expected ',', but received '~'     |     { pʷʼ, tʷʼ, t͡sʼ, t͡sʷʼ~ʃʷʼ } > { pˤ, tˤ, t͡sˤ, ʂʷ }     |                            ^     @ Rule 1, Line 1"
12.2.1.3,5,"	{ sʼ, ʃʼ~ɕʼ } > { sˤ, ʂ }","Syntax Error: Expected ',', but received '~'     |     { sʼ, ʃʼ~ɕʼ } > { sˤ, ʂ }     |             ^     @ Rule 1, Line 1"
12.2.1.4,4,"	{ q:[+long]~qχ, qʷ:[+long]~qχʷ } > { q:[+long], qʷ:[+long] }","Syntax Error: Expected ',', but received '~'     |     { q:[+long]~qχ, qʷ:[+long]~qχʷ } > { q:[+long], qʷ:[+long] }     |                ^     @ Rule 1, Line 1"
12.2.1.4,5,"	{ t͡sʲʼ, t͡sʷʼ~ʃʷʼ } > { ɕʼ~ʃʼ, ɕʷʼ~ʃʷʼ }","Syntax Error: Expected ',', but received '~'     |     { t͡sʲʼ, t͡sʷʼ~ʃʷʼ } > { ɕʼ~ʃʼ, ɕʷʼ~ʃʷʼ }     |                   ^     @ Rule 1, Line 1"
12.2.1.4,8,	ɣ > ɣ~ɡ,"Syntax Error: Expected end of line, received '~'. Did you forget a '/' between the output and environment?     |     ɣ > ɣ~ɡ     |          ^     @ Rule 1, Line 1"
12.2.1.4,9,"	{ sʼ, ʃʼ~ɕʼ } > { t͡sʼ, ʃʼ }","Syntax Error: Expected ',', but received '~'     |     { sʼ, ʃʼ~ɕʼ } > { t͡sʼ, ʃʼ }     |             ^     @ Rule 1, Line 1"
12.2.2,2,	ʔ~qʼ > ʔʷ,"Syntax Error: Expected end of line, received '>'. Did you forget a '/' between the output and environment?     |     ʔ~qʼ > ʔʷ     |          ^     @ Rule 1, Line 1"
12.2.2,3,"	p:[+long] t:[+long] t͡s:[+long] t͡sʷ:[+long] ʃ:[+long] {t͡ʃ:[+long],t͡ɕ:[+long]} kʷ:[+long] q:[+long]~qχ qʷ:[+long]~qχʷ > b d d͡z v ɕ ʒ d͡ʒ ɡʷ qʼ~qχ qʷʼ~qχʷ","Syntax Error: Expected end of line, received '~'. Did you forget a '/' between the output and environment?     |     p:[+long] t:[+long] t͡s:[+long] t͡sʷ:[+long] ʃ:[+long] {t͡ʃ:[+long],t͡ɕ:[+long]} kʷ:[+long] q:[+long]~qχ qʷ:[+long]~qχʷ > b d d͡z v ɕ ʒ d͡ʒ ɡʷ qʼ~qχ qʷʼ~qχʷ     |                                                                                                                        ^     @ Rule 1, Line 1"
12.2.2,4,"	{ d͡ɮ, d͡zʲ, d͡zʷ, d͡ʑ, ɡʲ } > { ʒ, ʑ, {v,w}, ʒ, d͡ʒ }","Syntax Error: Cannot have nested brackets of the same type     |     { d͡ɮ, d͡zʲ, d͡zʷ, d͡ʑ, ɡʲ } > { ʒ, ʑ, {v,w}, ʒ, d͡ʒ }     |                                            ^     @ Rule 1, Line 1"
12.2.2,5,"	{ t͡sʲʼ, t͡ʃʷʼ~ʃʷʼ, t͡ʃʼ, t͡ɕʼ, t͡ɬʼ, kʲʼ } > { ɕʼ, fʼ, ɕʼ, {ɕʼ,cçʼ}, ɬʼ, t͡ʃʼ }","Syntax Error: Cannot have nested brackets of the same type     |     { t͡sʲʼ, t͡ʃʷʼ~ʃʷʼ, t͡ʃʼ, t͡ɕʼ, t͡ɬʼ, kʲʼ } > { ɕʼ, fʼ, ɕʼ, {ɕʼ,cçʼ}, ɬʼ, t͡ʃʼ }     |                                                                 ^     @ Rule 1, Line 1"
12.2.2,6,"	{ sʷ, zʷ, {ʃ,ʂ}, {ʑ,ʐ,ɣʲ}, ʑ, χʲ } > { f, v, ɕ, ʑ, ʑ~ʒ, χ }","Syntax Error: Cannot have nested brackets of the same type     |     { sʷ, zʷ, {ʃ,ʂ}, {ʑ,ʐ,ɣʲ}, ʑ, χʲ } > { f, v, ɕ, ʑ, ʑ~ʒ, χ }     |               ^     @ Rule 1, Line 1"
12.2.2,8,"	{ sʼ(?), ʃʼ~ɕʼ } > { t͡sʼ, ɕʼ }","Syntax Error: Expected ',', but received '('     |     { sʼ(?), ʃʼ~ɕʼ } > { t͡sʼ, ɕʼ }     |         ^     @ Rule 1, Line 1"
12.3,0,"	{ {, pʲ,, pʲ:[+long], }, bʲ } > { {, t,, t:[+long], }, d }","Syntax Error: Cannot have nested brackets of the same type     |     { {, pʲ,, pʲ:[+long], }, bʲ } > { {, t,, t:[+long], }, d }     |       ^     @ Rule 1, Line 1"
12.3,3,	pʲ:[+long] > tʷ~dʷ,"Syntax Error: Expected end of line, received '~'. Did you forget a '/' between the output and environment?     |     pʲ:[+long] > tʷ~dʷ     |                    ^     @ Rule 1, Line 1"
12.3,7,"	{ {r,l}, lʲ } > { d, r } / #_","Syntax Error: Cannot have nested brackets of the same type     |     { {r,l}, lʲ } > { d, r } / #_     |       ^     @ Rule 1, Line 1"
12.3,8,"	{ l, lʲ } > { ∅~j, l~ɣʲ }","Syntax Error: Expected an IPA character, Primative or Matrix, but received '∅'     |     { l, lʲ } > { ∅~j, l~ɣʲ }     |                   ^     @ Rule 1, Line 1"
12.3,9,"	{ r, rʲ } > { r~ʁ, ɮ }","Syntax Error: Expected ',', but received '~'     |     { r, rʲ } > { r~ʁ, ɮ }     |                    ^     @ Rule 1, Line 1"
12.3,11,"	{ zʲ, zʷ } > { d͡zʲ~zʲ, d͡zʷ~zʷ }","Syntax Error: Expected ',', but received '~'     |     { zʲ, zʷ } > { d͡zʲ~zʲ, d͡zʷ~zʷ }     |                        ^     @ Rule 1, Line 1"
12.3,14,"	{ ʃ(~ʃ:[+long]), ʒ } > { s, z }","Syntax Error: Expected ',', but received '('     |     { ʃ(~ʃ:[+long]), ʒ } > { s, z }     |        ^     @ Rule 1, Line 1"
12.3,19,"	{ t͡ɬ, t͡ɬ:[+long], t͡ɬʼ, d͡ɮ } > { ɕ, (sʲ), t͡sʲʼ, ɮ }","Syntax Error: Expected an IPA character, Primative or Matrix, but received '('     |     { t͡ɬ, t͡ɬ:[+long], t͡ɬʼ, d͡ɮ } > { ɕ, (sʲ), t͡sʲʼ, ɮ }     |                                            ^     @ Rule 1, Line 1"
12.3,21,	t͡ɬʲ t͡ɬʲʼ d͡ɮʲ > ɕ t͡ɬʼ ɕ ʁ(~zʲ),"Syntax Error: Expected end of line, received '('. Did you forget a '/' between the output and environment?     |     t͡ɬʲ t͡ɬʲʼ d͡ɮʲ > ɕ t͡ɬʼ ɕ ʁ(~zʲ)     |                                 ^     @ Rule 1, Line 1"
12.3,22,	ɬʲ(~ɬʲʼ:[+long]) > ɬ,"Syntax Error: Expected an IPA character, Primative or Matrix, but received '~'     |     ɬʲ(~ɬʲʼ:[+long]) > ɬ     |        ^     @ Rule 1, Line 1"
12.3,29,"	{ ɬʷʲ(~ɬʷ:[+long]), ɮʷʲ } > { ʃʷ, ʒʷ }","Syntax Error: Expected ',', but received '('     |     { ɬʷʲ(~ɬʷ:[+long]), ɮʷʲ } > { ʃʷ, ʒʷ }     |          ^     @ Rule 1, Line 1"
12.3,30,"	{ k, kʼ, ɡ, x, ɣ } > { kʲ, kʲʼ, ɡʲ, ɕ, ɣ~ʁ }","Syntax Error: Expected ',', but received '~'     |     { k, kʼ, ɡ, x, ɣ } > { kʲ, kʲʼ, ɡʲ, ɕ, ɣ~ʁ }     |                                             ^     @ Rule 1, Line 1"
12.3,33,	kʲʷ:[+long] xʲʷ ɣʲʷ(?) > ɡʲ kʲʼ xʲ ʁʲ,"Syntax Error: Options can only be used in Environments or Structures     |     kʲʷ:[+long] xʲʷ ɣʲʷ(?) > ɡʲ kʲʼ xʲ ʁʲ     |                        ^^^     @ Rule 1, Line 1"
12.3,35,"	{ qʲ:[+long]ʼ, ɢʲ, χʲ } > { qʲʼ, ʁʲ, xʲ }","Syntax Error: Expected ',', but received 'ʼ'     |     { qʲ:[+long]ʼ, ɢʲ, χʲ } > { qʲʼ, ʁʲ, xʲ }     |                 ^     @ Rule 1, Line 1"
12.3,38,	qˤʲ > q(ˤ),"Syntax Error: Expected end of line, received '('. Did you forget a '/' between the output and environment?     |     qˤʲ > q(ˤ)     |            ^     @ Rule 1, Line 1"
12.3,39,"	{ qˤʲʷ, {qˤʲʷ:[+long],qˤʲʷ}, ʁˤʲʷ } > { χʷ, qʷʼ, w }","Syntax Error: Cannot have nested brackets of the same type     |     { qˤʲʷ, {qˤʲʷ:[+long],qˤʲʷ}, ʁˤʲʷ } > { χʷ, qʷʼ, w }     |             ^     @ Rule 1, Line 1"
13.1,0,	R:[-glottalized]VˀR > ˀRVR:[-glottalized] / _$,"Syntax Error: Unknown feature 'glottalized' at 0:3-15. Did you mean contin?      |     R:[-glottalized]VˀR > ˀRVR:[-glottalized] / _$     |        ^^^^^^^^^^^^     @ Rule 1, Line 1"
13.1,1,	R:[-glottalized]VOʼ > ˀRVO:[-ejective] / _$,"Syntax Error: Unknown feature 'glottalized' at 0:3-15. Did you mean contin?      |     R:[-glottalized]VOʼ > ˀRVO:[-ejective] / _$     |        ^^^^^^^^^^^^     @ Rule 1, Line 1"
13.2,0,	k > t͡ʃ “(‘in certain cases’)”,"Syntax Error: Unknown character “ at '0:0:8'.     |     k > t͡ʃ “(‘in certain cases’)”     |             ^     @ Rule 1, Line 1"
13.3,1,"	{ ˀN, ˀw } > { N, w }","Syntax Error: Expected an IPA character, Primative or Matrix, but received 'ˀ'     |     { ˀN, ˀw } > { N, w }     |       ^     @ Rule 1, Line 1"
13.4,0,	Sʼ > ʔ,"Syntax Error: Expected '>', '->' or '=>', but received 'ʼ'     |     Sʼ > ʔ     |      ^     @ Rule 1, Line 1"
13.4,1,"	q k > {q,k} {k(ʃ),tʲ} (allophonic)","Syntax Error: Expected ',', but received '('     |     q k > {q,k} {k(ʃ),tʲ} (allophonic)     |                   ^     @ Rule 1, Line 1"
13.4,2,"	{ˀm,ˀn} > {∅,ʔ} (the former is more likely)","Syntax Error: Expected an IPA character, Primative or Matrix, but received 'ˀ'     |     {ˀm,ˀn} > {∅,ʔ} (the former is more likely)     |      ^     @ Rule 1, Line 1"
13.4,3,	ˀw > w (may have remained glottalized),"Syntax Error: Floating diacritic. Diacritics can only be used to modify IPA Segments     |     ˀw > w (may have remained glottalized)     |     ^     @ Rule 1, Line 1"
13.4,4,	ˀj > ∅,"Syntax Error: Floating diacritic. Diacritics can only be used to modify IPA Segments     |     ˀj > ∅     |     ^     @ Rule 1, Line 1"
13.5,0,	ˀj > ∅,"Syntax Error: Floating diacritic. Diacritics can only be used to modify IPA Segments     |     ˀj > ∅     |     ^     @ Rule 1, Line 1"
13.6,2,"	{ ˀm, ˀn, ˀl, ˀj } > { m, n, l, j }","Syntax Error: Expected an IPA character, Primative or Matrix, but received 'ˀ'     |     { ˀm, ˀn, ˀl, ˀj } > { m, n, l, j }     |       ^     @ Rule 1, Line 1"
14.1,2,"	{ k, ʃk } > { k*, k:[+long] } / V_V (the asterisk-marked k is what McAlpin terms weak k, which tends to drop out in morphology)","Syntax Error: Expected '->', but received -'m' at 0:0:49     |     { k, ʃk } > { k*, k:[+long] } / V_V (the asterisk-marked k is what McAlpin terms weak k, which tends to drop out in morphology)     |                                                      ^     @ Rule 1, Line 1"
14.1,9,"	s > ∅ / :{ #V_r̀, #V_l }:","Syntax Error: Unknown character ̀ at '0:0:15'.     |     s > ∅ / :{ #V_r̀, #V_l }:     |                    ^     @ Rule 1, Line 1"
14.1,12,	r̀ > r̲,"Syntax Error: Unknown character ̀ at '0:0:1'.     |     r̀ > r̲     |      ^     @ Rule 1, Line 1"
14.1,13,	ŕ > r / V_V,"Syntax Error: Unknown character ŕ at '0:0:0'.     |     ŕ > r / V_V     |     ^     @ Rule 1, Line 1"
14.1,14,"	n n:[+long] rn > {n̲,r} { n̲, n̲:[+long] } ɳ / V_V","Syntax Error: Unknown character ̲ at '0:0:19'.     |     n n:[+long] rn > {n̲,r} { n̲, n̲:[+long] } ɳ / V_V     |                        ^     @ Rule 1, Line 1"
14.1,15,"	n:[+long] > n̲, n̲:[+long]","Syntax Error: Unknown character ̲ at '0:0:13'.     |     n:[+long] > n̲, n̲:[+long]     |                  ^     @ Rule 1, Line 1"
14.1,16,	nr̀ > n̲r̲,"Syntax Error: Unknown character ̀ at '0:0:2'.     |     nr̀ > n̲r̲     |       ^     @ Rule 1, Line 1"
14.2,2,	w > ú / V_ (McAlpin uses the accented-vowel notation due to some apparent height-contrast neutralizations before /a/),"Syntax Error: Unknown character ú at '0:0:4'.     |     w > ú / V_ (McAlpin uses the accented-vowel notation due to some apparent height-contrast neutralizations before /a/)     |         ^     @ Rule 1, Line 1"
14.2,3,"	{ k, ŋk, ŋk:[+long] } > { ∅, k, k:[+long] } / V_V","Syntax Error: Expected ',', but received 'k'     |     { k, ŋk, ŋk:[+long] } > { ∅, k, k:[+long] } / V_V     |           ^     @ Rule 1, Line 1"
14.2,7,"	r̀ > r / :{ V_V, V_C }:","Syntax Error: Unknown character ̀ at '0:0:1'.     |     r̀ > r / :{ V_V, V_C }:     |      ^     @ Rule 1, Line 1"
14.2,8,	ŕ > r:[+long] / V_V,"Syntax Error: Unknown character ŕ at '0:0:0'.     |     ŕ > r:[+long] / V_V     |     ^     @ Rule 1, Line 1"
14.2,9,	nr̀ > nr,"Syntax Error: Unknown character ̀ at '0:0:2'.     |     nr̀ > nr     |       ^     @ Rule 1, Line 1"
14.3.1,0,"	aj > e:[+long] “(exception: never finally in monosyllables, never initially in multisyllabic words)”","Syntax Error: Unknown character “ at '0:0:15'.     |     aj > e:[+long] “(exception: never finally in monosyllables, never initially in multisyllabic words)”     |                    ^     @ Rule 1, Line 1"
14.3.1,1,"	{ avu, aji } > { aw, aj }","Syntax Error: Expected ',', but received 'v'     |     { avu, aji } > { aw, aj }     |        ^     @ Rule 1, Line 1"
14.3.1,5,"	{ am, an, {a:[+long]m,a:[+long]n} } > { õ, æ̃, ã } / _#","Syntax Error: Cannot have nested brackets of the same type     |     { am, an, {a:[+long]m,a:[+long]n} } > { õ, æ̃, ã } / _#     |               ^     @ Rule 1, Line 1"
14.3.1,6,"	{ {om,on}, {em,en}, {o:[+long]m,o:[+long]n}, {e:[+long]m,e:[+long]n} } > { ɔ̃, ɛ̃, õ, ẽ }","Syntax Error: Cannot have nested brackets of the same type     |     { {om,on}, {em,en}, {o:[+long]m,o:[+long]n}, {e:[+long]m,e:[+long]n} } > { ɔ̃, ɛ̃, õ, ẽ }     |       ^     @ Rule 1, Line 1"
14.3.1,7,	um > ũ / _#,"Syntax Error: Unknown character ũ at '0:0:5'.     |     um > ũ / _#     |          ^     @ Rule 1, Line 1"
14.3.1,9,"	{ɭ,ɽ} > ∅ (sporadic, the latter very much so and contributing some compensatory lengthening)","Syntax Error: The output of a deletion rule must only contain `*` or `∅`     |     {ɭ,ɽ} > ∅ (sporadic, the latter very much so and contributing some compensatory lengthening)     |               ^     @ Rule 1, Line 1"
14.3.1,10,"	{ l, ɭ } > { l:[+long]ʉ, ɭ:[+long]ʉ } / _#{ CV, V }:[-long]","Syntax Error: Expected ',', but received 'ʉ'     |     { l, ɭ } > { l:[+long]ʉ, ɭ:[+long]ʉ } / _#{ CV, V }:[-long]     |                           ^     @ Rule 1, Line 1"
14.3.1,11,"	∅ > ʉ / :{ l_# if {M,V:[+long]} previously in the lexeme, ɭ_# if {M,V:[+long]} previously in the lexeme }:","Syntax Error: Unknown grouping 'M'. Known groupings are (C)onsonant, (O)bstruent, (S)onorant, (P)losive, (F)ricative, (L)iquid, (N)asal, (G)lide, and (V)owel     |     ∅ > ʉ / :{ l_# if {M,V:[+long]} previously in the lexeme, ɭ_# if {M,V:[+long]} previously in the lexeme }:     |                        ^     @ Rule 1, Line 1"
14.3.1,12,	r > ɾ “in most dialect͡s”,"Syntax Error: Unknown character “ at '0:0:6'.     |     r > ɾ “in most dialect͡s”     |           ^     @ Rule 1, Line 1"
14.3.1,15,"	{ i, u } > { ɨ, ʉ } / when unstressed // in #","Syntax Error: Expected '_', but received '//'     |     { i, u } > { ɨ, ʉ } / when unstressed // in #     |                                           ^^     @ Rule 1, Line 1"
14.3.1,17,"	∅ > ɨ, ʉ / to break up clusters","Syntax Error: Expected '_', but received ''     |     ∅ > ɨ, ʉ / to break up clusters     |                                    ^     @ Rule 1, Line 1"
14.3.1,19,"	{ {, i,, i:[+long], }, {, e,, e:[+long], } } > { {, u,, u:[+long], }, {, o,, o:[+long], } } / :{ m_C̣, v_C̣, p_C̣ }:","Syntax Error: Cannot have nested brackets of the same type     |     { {, i,, i:[+long], }, {, e,, e:[+long], } } > { {, u,, u:[+long], }, {, o,, o:[+long], } } / :{ m_C̣, v_C̣, p_C̣ }:     |       ^     @ Rule 1, Line 1"
14.3.1,21,	j > j:[+long]i / E_#,"Syntax Error: Unknown grouping 'E'. Known groupings are (C)onsonant, (O)bstruent, (S)onorant, (P)losive, (F)ricative, (L)iquid, (N)asal, (G)lide, and (V)owel     |     j > j:[+long]i / E_#     |                      ^     @ Rule 1, Line 1"
14.3.1,22,"	{ t:[+long], nt } > { c:[+long], ɲc } / :{ i_, j_ }:","Syntax Error: Expected ',', but received 't'     |     { t:[+long], nt } > { c:[+long], ɲc } / :{ i_, j_ }:     |                   ^     @ Rule 1, Line 1"
14.3.1,25,	ɳ > n “(sporadic and dialect development)”,"Syntax Error: Unknown character “ at '0:0:6'.     |     ɳ > n “(sporadic and dialect development)”     |           ^     @ Rule 1, Line 1"
14.3.1,26,"	ɭ > l “(again, sporadic)”","Syntax Error: Unknown character “ at '0:0:6'.     |     ɭ > l “(again, sporadic)”     |           ^     @ Rule 1, Line 1"
14.3.1,28,	c:[+long] > t͡ʃ:[+long] “(most dialect͡s)”,"Syntax Error: Unknown character “ at '0:0:24'.     |     c:[+long] > t͡ʃ:[+long] “(most dialect͡s)”     |                             ^     @ Rule 1, Line 1"
14.3.1,30,"	— { i, i:[+long] } { e, e:[+long] } > { u, u:[+long] } { o, o:[+long] } / _ɭ","Syntax Error: Unknown character — at '0:0:0'.     |     — { i, i:[+long] } { e, e:[+long] } > { u, u:[+long] } { o, o:[+long] } / _ɭ     |     ^     @ Rule 1, Line 1"
14.3.1,31,	— eCə oCə > Ce:[+long] Co:[+long] / #_,"Syntax Error: Unknown character — at '0:0:0'.     |     — eCə oCə > Ce:[+long] Co:[+long] / #_     |     ^     @ Rule 1, Line 1"
15.1,3,	v > m / medial,"Syntax Error: Expected '_', but received ''     |     v > m / medial     |                   ^     @ Rule 1, Line 1"
15.1,9,	z > ð / medial,"Syntax Error: Expected '_', but received ''     |     z > ð / medial     |                   ^     @ Rule 1, Line 1"
15.1,12,"	n > t / #_ (except, maybe, in exclamations)","Syntax Error: Expected ':', but received 'm'     |     n > t / #_ (except, maybe, in exclamations)     |                         ^     @ Rule 1, Line 1"
15.1,16,"	ə > ∅ / #_, under certain conditions not yet discovered","Syntax Error: Expected '_', but received ''     |     ə > ∅ / #_, under certain conditions not yet discovered     |                                                            ^     @ Rule 1, Line 1"
15.2,2,"	ə > ∅ / t_, in certain positions","Syntax Error: Expected '_', but received ''     |     ə > ∅ / t_, in certain positions     |                                     ^     @ Rule 1, Line 1"
15.2.1,0,	l̥ > l / medial,"Syntax Error: Expected '_', but received ''     |     l̥ > l / medial     |                    ^     @ Rule 1, Line 1"
15.2.1,12,"	{ v, ɣ, ʁ } > { p, k, q } / _C (unless C = one of /l d͡ʒ m n ŋ)","Syntax Error: Expected number, but received o      |     { v, ɣ, ʁ } > { p, k, q } / _C (unless C = one of /l d͡ʒ m n ŋ)     |                                                ^     @ Rule 1, Line 1"
15.2.1,13,"	{ {p,v}, t, {k,ɣ} } > { m, n, ŋ } / _N","Syntax Error: Cannot have nested brackets of the same type     |     { {p,v}, t, {k,ɣ} } > { m, n, ŋ } / _N     |       ^     @ Rule 1, Line 1"
15.2.2,2,	C:[+long] > C / except when CV_V in UU,"Syntax Error: Unknown grouping 'U'. Known groupings are (C)onsonant, (O)bstruent, (S)onorant, (P)losive, (F)ricative, (L)iquid, (N)asal, (G)lide, and (V)owel     |     C:[+long] > C / except when CV_V in UU     |                                         ^     @ Rule 1, Line 1"
15.2.2,5,"	d͡ʒ > t͡ʃ / in certain positions (except for Thule Greenlandic, where d͡ʒ → t͡ʃ and stayed there, apparently)","Syntax Error: Unknown character → at '0:0:74'.     |     d͡ʒ > t͡ʃ / in certain positions (except for Thule Greenlandic, where d͡ʒ → t͡ʃ and stayed there, apparently)     |                                                                               ^     @ Rule 1, Line 1"
15.2.2,6,"	t͡ʃ > s / in certain positions (except for Thule Greenlandic, where d͡ʒ → t͡ʃ and stayed there, apparently)","Syntax Error: Unknown character → at '0:0:72'.     |     t͡ʃ > s / in certain positions (except for Thule Greenlandic, where d͡ʒ → t͡ʃ and stayed there, apparently)     |                                                                             ^     @ Rule 1, Line 1"
15.2.2,7,"	m n ŋ t {{ɣ,ʁ} > {k,q}} / _#","Syntax Error: Cannot have nested brackets of the same type     |     m n ŋ t {{ɣ,ʁ} > {k,q}} / _#     |              ^     @ Rule 1, Line 1"
15.2.2,8,"	{k,q}} > p t k n ŋ / _#","Syntax Error: Expected '>', '->' or '=>', but received '}'     |     {k,q}} > p t k n ŋ / _#     |          ^     @ Rule 1, Line 1"
15.2.2,12,"	{ v, ɣ, ʁ } > { p, k, q } / _C (except where C = /l d͡ʒ m n ŋ/)","Syntax Error: Expected number, but received /      |     { v, ɣ, ʁ } > { p, k, q } / _C (except where C = /l d͡ʒ m n ŋ/)     |                                                      ^     @ Rule 1, Line 1"
15.2.2,13,"	{ {p,v}, t, {k,ɣ} } > { m, n, ŋ } / _N","Syntax Error: Cannot have nested brackets of the same type     |     { {p,v}, t, {k,ɣ} } > { m, n, ŋ } / _N     |       ^     @ Rule 1, Line 1"
15.2.2,15,"	Some metathesis in consonant clusters, the conditions of which are not elaborated upon; the given example cited within the text is lʁ > ʁl","Syntax Error: Malformed Comment: Expected ';;', but received '; ' at 0:0:87     |     Some metathesis in consonant clusters, the conditions of which are not elaborated upon; the given example cited within the text is lʁ > ʁl     |                                                                                            ^     @ Rule 1, Line 1"
15.2.3,9,"	{ {p,v}, t, {k,ɣ} } > { m, n, ŋ } / _N","Syntax Error: Cannot have nested brackets of the same type     |     { {p,v}, t, {k,ɣ} } > { m, n, ŋ } / _N     |       ^     @ Rule 1, Line 1"
15.2.4,4,	ɣ > u / in some positions,"Syntax Error: Expected '_', but received ''     |     ɣ > u / in some positions     |                              ^     @ Rule 1, Line 1"
15.2.4,11,"	{ v, ɣ, ʁ } > { p, k, q } / _C (except if C = /l d͡ʒ m n ŋ/)","Syntax Error: Expected number, but received /      |     { v, ɣ, ʁ } > { p, k, q } / _C (except if C = /l d͡ʒ m n ŋ/)     |                                                   ^     @ Rule 1, Line 1"
15.2.4,12,"	{ {p,v}, t, {k,ɣ} } > { m, n, ŋ } / _N","Syntax Error: Cannot have nested brackets of the same type     |     { {p,v}, t, {k,ɣ} } > { m, n, ŋ } / _N     |       ^     @ Rule 1, Line 1"
15.2.5,1,	C > C:[+long] / _V(…V) except in #,"Syntax Error: Expected an IPA character, Primative or Matrix, but received '…'     |     C > C:[+long] / _V(…V) except in #     |                        ^     @ Rule 1, Line 1"
15.2.5,3,	s > t͡s / in certain situations?,"Syntax Error: Expected '_', but received ''     |     s > t͡s / in certain situations?     |                                     ^     @ Rule 1, Line 1"
15.2.5,4,"	C:[+voice] > C:[-voice] / adjacent to {S,s,l̥}","Syntax Error: Expected '_', but received ''     |     C:[+voice] > C:[-voice] / adjacent to {S,s,l̥}     |                                                   ^     @ Rule 1, Line 1"
15.2.5,8,	i > ∅ / #C:[+dental]_C:[+dental]V,"Syntax Error: Unknown feature 'dental' at 0:12-19. Did you mean ldental?      |     i > ∅ / #C:[+dental]_C:[+dental]V     |                 ^^^^^^^     @ Rule 1, Line 1"
15.2.5,9,"	F:[+voice] > F:[-voice] / adjacent to {S,t͡s}","Syntax Error: Expected '_', but received ''     |     F:[+voice] > F:[-voice] / adjacent to {S,t͡s}     |                                                  ^     @ Rule 1, Line 1"
15.2.5,10,	F:[+voice] > S:[+same POA] / l̥_,"Syntax Error: Unknown feature 'samePOA' at 0:16-25. Did you mean lateral?      |     F:[+voice] > S:[+same POA] / l̥_     |                     ^^^^^^^^^     @ Rule 1, Line 1"
15.2.5,12,"	{ i, a, u } > { ii, aa, uu } / C_ in :[+open -initial -final] such that :[+open]_","Syntax Error: Unknown feature 'open' at 0:39-45. Did you mean ten?      |     { i, a, u } > { ii, aa, uu } / C_ in :[+open -initial -final] such that :[+open]_     |                                            ^^^^^^     @ Rule 1, Line 1"
15.2.5,14,	v > ∅ / u:[+short]_V:[+short],"Syntax Error: Unknown feature 'short' at 0:11-17. Did you mean snrt?      |     v > ∅ / u:[+short]_V:[+short]     |                ^^^^^^     @ Rule 1, Line 1"
15.2.5,15,	v > ∅ / V:[+short]_u:[+short],"Syntax Error: Unknown feature 'short' at 0:11-17. Did you mean snrt?      |     v > ∅ / V:[+short]_u:[+short]     |                ^^^^^^     @ Rule 1, Line 1"
15.2.5,20,"	ə > ∅ / _d͡ʒ{a,u} // in #","Syntax Error: Can't have segments before the beginning of a word     |     ə > ∅ / _d͡ʒ{a,u} // in #     |                             ^     @ Rule 1, Line 1"
15.2.5,21,	a > ∅ / _d͡ʒa // in #,"Syntax Error: Can't have segments before the beginning of a word     |     a > ∅ / _d͡ʒa // in #     |                         ^     @ Rule 1, Line 1"
15.2.5,22,	in > d͡ʒ / _u (possibly only word-initially?),"Syntax Error: Expected '->', but received -'i' at 0:0:33     |     in > d͡ʒ / _u (possibly only word-initially?)     |                                      ^     @ Rule 1, Line 1"
15.2.6,1,	C > C:[+long] / _V(…V) except in #,"Syntax Error: Expected an IPA character, Primative or Matrix, but received '…'     |     C > C:[+long] / _V(…V) except in #     |                        ^     @ Rule 1, Line 1"
15.2.6,3,	s > t͡s / in certain situations?,"Syntax Error: Expected '_', but received ''     |     s > t͡s / in certain situations?     |                                     ^     @ Rule 1, Line 1"
15.2.6,4,"	C:[+voice] > C:[-voice] / adjacent to {S,s,l̥}","Syntax Error: Expected '_', but received ''     |     C:[+voice] > C:[-voice] / adjacent to {S,s,l̥}     |                                                   ^     @ Rule 1, Line 1"
15.2.6,8,	i > ∅ / #C:[+dental]_C:[+dental]V,"Syntax Error: Unknown feature 'dental' at 0:12-19. Did you mean ldental?      |     i > ∅ / #C:[+dental]_C:[+dental]V     |                 ^^^^^^^     @ Rule 1, Line 1"
15.2.6,9,	a > ∅ / C:[+velar]_C:[+velar],"Syntax Error: Unknown feature 'velar' at 0:11-17. Did you mean delay?      |     a > ∅ / C:[+velar]_C:[+velar]     |                ^^^^^^     @ Rule 1, Line 1"
15.2.6,11,"	F:[+voice] > F:[-voice] / adjacent to {S,t͡s}","Syntax Error: Expected '_', but received ''     |     F:[+voice] > F:[-voice] / adjacent to {S,t͡s}     |                                                  ^     @ Rule 1, Line 1"
15.2.6,14,"	{ i, a, u } > { ii, aa, uu } / C_ in :[+open -initial -final] such that :[+open]_","Syntax Error: Unknown feature 'open' at 0:39-45. Did you mean ten?      |     { i, a, u } > { ii, aa, uu } / C_ in :[+open -initial -final] such that :[+open]_     |                                            ^^^^^^     @ Rule 1, Line 1"
15.2.6,16,	v > ∅ / u:[+short]_V:[+short],"Syntax Error: Unknown feature 'short' at 0:11-17. Did you mean snrt?      |     v > ∅ / u:[+short]_V:[+short]     |                ^^^^^^     @ Rule 1, Line 1"
15.2.6,17,	v > ∅ / V:[+short]_u:[+short],"Syntax Error: Unknown feature 'short' at 0:11-17. Did you mean snrt?      |     v > ∅ / V:[+short]_u:[+short]     |                ^^^^^^     @ Rule 1, Line 1"
15.2.6,24,	in > d͡ʒ / _u (possibly only word-initially?),"Syntax Error: Expected '->', but received -'i' at 0:0:33     |     in > d͡ʒ / _u (possibly only word-initially?)     |                                      ^     @ Rule 1, Line 1"
15.2.7,2,	s > t͡s / in some dialect͡s?,"Syntax Error: Expected '_', but received ''     |     s > t͡s / in some dialect͡s?     |                                 ^     @ Rule 1, Line 1"
15.2.7,3,	t͡s > t͡ʃ / in some dialect͡s?,"Syntax Error: Expected '_', but received ''     |     t͡s > t͡ʃ / in some dialect͡s?     |                                   ^     @ Rule 1, Line 1"
15.2.7,4,"	C:[+voice] > C:[-voice] / next to {S,s,l̥}","Syntax Error: Expected '_', but received ''     |     C:[+voice] > C:[-voice] / next to {S,s,l̥}     |                                               ^     @ Rule 1, Line 1"
15.2.7,6,	ə > a /,"Syntax Error: Expected '_', but received ''     |     ə > a /     |            ^     @ Rule 1, Line 1"
15.2.7,8,	i > ∅ / #C:[+dental]_C:[+dental]V,"Syntax Error: Unknown feature 'dental' at 0:12-19. Did you mean ldental?      |     i > ∅ / #C:[+dental]_C:[+dental]V     |                 ^^^^^^^     @ Rule 1, Line 1"
15.2.7,9,	a > ∅ / C:[+velar]_C:[+velar],"Syntax Error: Unknown feature 'velar' at 0:11-17. Did you mean delay?      |     a > ∅ / C:[+velar]_C:[+velar]     |                ^^^^^^     @ Rule 1, Line 1"
15.2.7,10,"	F:[+voice] > F:[-voice] / adjacent to {S,t͡s}","Syntax Error: Expected '_', but received ''     |     F:[+voice] > F:[-voice] / adjacent to {S,t͡s}     |                                                  ^     @ Rule 1, Line 1"
15.2.7,12,"	∅ > n / #_iN (This one is sort of a guess, given a singular example in the text that isn’t really commented upon)","Syntax Error: Unknown character ’ at '0:0:88'.     |     ∅ > n / #_iN (This one is sort of a guess, given a singular example in the text that isn’t really commented upon)     |                                                                                             ^     @ Rule 1, Line 1"
15.2.7,16,	v > ∅ / u:[+short]_V:[+short],"Syntax Error: Unknown feature 'short' at 0:11-17. Did you mean snrt?      |     v > ∅ / u:[+short]_V:[+short]     |                ^^^^^^     @ Rule 1, Line 1"
15.2.7,17,	v > ∅ / V:[+short]_u:[+short],"Syntax Error: Unknown feature 'short' at 0:11-17. Did you mean snrt?      |     v > ∅ / V:[+short]_u:[+short]     |                ^^^^^^     @ Rule 1, Line 1"
15.2.7,24,	in > d͡ʒ / _u (possibly only word-initially?),"Syntax Error: Expected '->', but received -'i' at 0:0:33     |     in > d͡ʒ / _u (possibly only word-initially?)     |                                      ^     @ Rule 1, Line 1"
15.2.8,1,"	C > C:[+long] / _V(…V), after #","Syntax Error: Expected an IPA character, Primative or Matrix, but received '…'     |     C > C:[+long] / _V(…V), after #     |                        ^     @ Rule 1, Line 1"
15.2.8,3,	s > t͡s / in certain situations?,"Syntax Error: Expected '_', but received ''     |     s > t͡s / in certain situations?     |                                     ^     @ Rule 1, Line 1"
15.2.8,4,"	C:[+voice] > C:[-voice] / next to {S,s,l̥}","Syntax Error: Expected '_', but received ''     |     C:[+voice] > C:[-voice] / next to {S,s,l̥}     |                                               ^     @ Rule 1, Line 1"
15.2.8,8,	i > ∅ / #C:[+dental]_C:[+dental]V,"Syntax Error: Unknown feature 'dental' at 0:12-19. Did you mean ldental?      |     i > ∅ / #C:[+dental]_C:[+dental]V     |                 ^^^^^^^     @ Rule 1, Line 1"
15.2.8,9,	a > ∅ / C:[+velar]_C:[+velar],"Syntax Error: Unknown feature 'velar' at 0:11-17. Did you mean delay?      |     a > ∅ / C:[+velar]_C:[+velar]     |                ^^^^^^     @ Rule 1, Line 1"
15.2.8,11,"	F:[+voice] > F:[-voice] / adjacent to {S,t͡s}","Syntax Error: Expected '_', but received ''     |     F:[+voice] > F:[-voice] / adjacent to {S,t͡s}     |                                                  ^     @ Rule 1, Line 1"
15.2.8,14,"	{ i, a, u } > { ii, aa, uu } / C_ in :[+open -initial -final] such that :[+open]_","Syntax Error: Unknown feature 'open' at 0:39-45. Did you mean ten?      |     { i, a, u } > { ii, aa, uu } / C_ in :[+open -initial -final] such that :[+open]_     |                                            ^^^^^^     @ Rule 1, Line 1"
15.2.8,16,	v > ∅ / u:[+short]_V:[+short],"Syntax Error: Unknown feature 'short' at 0:11-17. Did you mean snrt?      |     v > ∅ / u:[+short]_V:[+short]     |                ^^^^^^     @ Rule 1, Line 1"
15.2.8,17,	v > ∅ / V:[+short]_u:[+short],"Syntax Error: Unknown feature 'short' at 0:11-17. Did you mean snrt?      |     v > ∅ / V:[+short]_u:[+short]     |                ^^^^^^     @ Rule 1, Line 1"
15.2.8,24,	in > d͡ʒ / _u (possibly only word-initially?),"Syntax Error: Expected '->', but received -'i' at 0:0:33     |     in > d͡ʒ / _u (possibly only word-initially?)     |                                      ^     @ Rule 1, Line 1"
16.1.1,1,"	{ p, t } > { f, {s,h} } / #_","Syntax Error: Cannot have nested brackets of the same type     |     { p, t } > { f, {s,h} } / #_     |                     ^     @ Rule 1, Line 1"
16.1.1,8,	ə > e / :{ _C:[+palatal] }:,"Syntax Error: Unknown feature 'palatal' at 0:15-23. Did you mean latrl?      |     ə > e / :{ _C:[+palatal] }:     |                    ^^^^^^^^     @ Rule 1, Line 1"
16.1.1,9,"	ə > æ / ,[+ cons, - fr, + bk, + hi, - lo],} // _{B","Syntax Error: Expected '_', but received ','     |     ə > æ / ,[+ cons, - fr, + bk, + hi, - lo],} // _{B     |             ^     @ Rule 1, Line 1"
16.1.1,11,"	a > æ / i{ C_, _ }","Syntax Error: Expected ',', but received '_'     |     a > æ / i{ C_, _ }     |                 ^     @ Rule 1, Line 1"
16.1.1,12,"	o > e (sporadic, highly unusual)","Syntax Error: Expected end of line, received '('. Did you forget a '/' between the output and environment?     |     o > e (sporadic, highly unusual)     |           ^     @ Rule 1, Line 1"
16.1.2,1,"	{ p, b, t } > { f, p, {s,h} } / #_","Syntax Error: Cannot have nested brackets of the same type     |     { p, b, t } > { f, p, {s,h} } / #_     |                           ^     @ Rule 1, Line 1"
16.1.2,9,	ə > e / :{ _C:[+palatal] }:,"Syntax Error: Unknown feature 'palatal' at 0:15-23. Did you mean latrl?      |     ə > e / :{ _C:[+palatal] }:     |                    ^^^^^^^^     @ Rule 1, Line 1"
16.1.2,10,"	ə > æ / ,[+ cons, - fr, + bk, + hi, - lo],} // _{B","Syntax Error: Expected '_', but received ','     |     ə > æ / ,[+ cons, - fr, + bk, + hi, - lo],} // _{B     |             ^     @ Rule 1, Line 1"
16.1.2,12,"	a > æ / i{ C_, _ }","Syntax Error: Expected ',', but received '_'     |     a > æ / i{ C_, _ }     |                 ^     @ Rule 1, Line 1"
16.1.2,13,"	o > e (sporadic, highly unusual)","Syntax Error: Expected end of line, received '('. Did you forget a '/' between the output and environment?     |     o > e (sporadic, highly unusual)     |           ^     @ Rule 1, Line 1"
16.1.3,1,"	{ p, t } > { f, {s,h} } / #_","Syntax Error: Cannot have nested brackets of the same type     |     { p, t } > { f, {s,h} } / #_     |                     ^     @ Rule 1, Line 1"
16.1.3,9,	ə > e / :{ _C:[+palatal] }:,"Syntax Error: Unknown feature 'palatal' at 0:15-23. Did you mean latrl?      |     ə > e / :{ _C:[+palatal] }:     |                    ^^^^^^^^     @ Rule 1, Line 1"
16.1.3,10,"	ə > æ / ,[+ cons, - fr, + bk, + hi, - lo],} // _{B","Syntax Error: Expected '_', but received ','     |     ə > æ / ,[+ cons, - fr, + bk, + hi, - lo],} // _{B     |             ^     @ Rule 1, Line 1"
16.1.3,12,"	a > æ / i{ C_, _ }","Syntax Error: Expected ',', but received '_'     |     a > æ / i{ C_, _ }     |                 ^     @ Rule 1, Line 1"
16.1.3,13,"	o > e (sporadic, highly unusual)","Syntax Error: Expected end of line, received '('. Did you forget a '/' between the output and environment?     |     o > e (sporadic, highly unusual)     |           ^     @ Rule 1, Line 1"
16.1.4,8,	ə > e / :{ _C:[+palatal] }:,"Syntax Error: Unknown feature 'palatal' at 0:15-23. Did you mean latrl?      |     ə > e / :{ _C:[+palatal] }:     |                    ^^^^^^^^     @ Rule 1, Line 1"
16.1.4,9,"	ə > æ / ,[+ cons, - fr, + bk, + hi, - lo],} // _{B","Syntax Error: Expected '_', but received ','     |     ə > æ / ,[+ cons, - fr, + bk, + hi, - lo],} // _{B     |             ^     @ Rule 1, Line 1"
16.1.4,11,"	a > æ / i{ C_, _ }","Syntax Error: Expected ',', but received '_'     |     a > æ / i{ C_, _ }     |                 ^     @ Rule 1, Line 1"
16.1.4,12,"	o > e (sporadic, highly unusual)","Syntax Error: Expected end of line, received '('. Did you forget a '/' between the output and environment?     |     o > e (sporadic, highly unusual)     |           ^     @ Rule 1, Line 1"
16.1.5,3,	e > ə / unstressed (possibly only in disyllables?),"Syntax Error: Expected '_', but received ''     |     e > ə / unstressed (possibly only in disyllables?)     |                                                       ^     @ Rule 1, Line 1"
16.1.5,5,"	o > e (sporadic, highly unusual)","Syntax Error: Expected end of line, received '('. Did you forget a '/' between the output and environment?     |     o > e (sporadic, highly unusual)     |           ^     @ Rule 1, Line 1"
17.1.1,2,"	ḱ > s / :{ _u̯, _u, _i̯, _i }:","Syntax Error: Unknown character ḱ at '0:0:0'.     |     ḱ > s / :{ _u̯, _u, _i̯, _i }:     |     ^     @ Rule 1, Line 1"
17.1.1,3,	ḱ > k / _R,"Syntax Error: Unknown character ḱ at '0:0:0'.     |     ḱ > k / _R     |     ^     @ Rule 1, Line 1"
17.1.1,4,"	ḱ > {t͡s,t͡ʃ} (“:[a]rchaic relic”)","Syntax Error: Unknown character ḱ at '0:0:0'.     |     ḱ > {t͡s,t͡ʃ} (“:[a]rchaic relic”)     |     ^     @ Rule 1, Line 1"
17.1.1,5,	ḱ > θ,"Syntax Error: Unknown character ḱ at '0:0:0'.     |     ḱ > θ     |     ^     @ Rule 1, Line 1"
17.1.1,7,	kʷ > c / _B?,"Syntax Error: Unknown grouping 'B'. Known groupings are (C)onsonant, (O)bstruent, (S)onorant, (P)losive, (F)ricative, (L)iquid, (N)asal, (G)lide, and (V)owel     |     kʷ > c / _B?     |               ^     @ Rule 1, Line 1"
17.1.1,8,	kʷ > k / ?,"Syntax Error: Expected '_', but received ''     |     kʷ > k / ?     |               ^     @ Rule 1, Line 1"
17.1.1,9,	ɡ́(ʱ) > d / %_C:[+strident],"Syntax Error: Unknown character ́ at '0:0:1'.     |     ɡ́(ʱ) > d / %_C:[+strident]     |      ^     @ Rule 1, Line 1"
17.1.1,10,"	ɡʷ(ʱ) > ɡ, z","Syntax Error: Expected an IPA character, Primative or Matrix, but received 'ʱ'     |     ɡʷ(ʱ) > ɡ, z     |        ^     @ Rule 1, Line 1"
17.1.1,11,"	{ bʱ, dʱ, ɡ́(ʱ) } > { b, d, dh }","Syntax Error: Unknown character ́ at '0:0:11'.     |     { bʱ, dʱ, ɡ́(ʱ) } > { b, d, dh }     |                ^     @ Rule 1, Line 1"
17.1.1,14,	sd > θ / medial,"Syntax Error: Expected '_', but received ''     |     sd > θ / medial     |                    ^     @ Rule 1, Line 1"
17.1.1,15,	sḱ > h / medial,"Syntax Error: Unknown character ḱ at '0:0:1'.     |     sḱ > h / medial     |      ^     @ Rule 1, Line 1"
17.1.1,16,	sp > f / medial,"Syntax Error: Expected '_', but received ''     |     sp > f / medial     |                    ^     @ Rule 1, Line 1"
17.1.1,17,	st > ʃt / medial,"Syntax Error: Expected '_', but received ''     |     st > ʃt / medial     |                     ^     @ Rule 1, Line 1"
17.1.1,21,	i̯ > j / _B,"Syntax Error: Unknown grouping 'B'. Known groupings are (C)onsonant, (O)bstruent, (S)onorant, (P)losive, (F)ricative, (L)iquid, (N)asal, (G)lide, and (V)owel     |     i̯ > j / _B     |               ^     @ Rule 1, Line 1"
17.1.1,22,	i̯ > ∅ / E_,"Syntax Error: Unknown grouping 'E'. Known groupings are (C)onsonant, (O)bstruent, (S)onorant, (P)losive, (F)ricative, (L)iquid, (N)asal, (G)lide, and (V)owel     |     i̯ > ∅ / E_     |              ^     @ Rule 1, Line 1"
17.1.1,26,	n > ɲ (sometimes?),"Syntax Error: Expected end of line, received '('. Did you forget a '/' between the output and environment?     |     n > ɲ (sometimes?)     |           ^     @ Rule 1, Line 1"
17.1.1,28,"	{ {m̩,n̩}, l̩, r̩ } > { e, uj, {ri,ir} }","Syntax Error: Cannot have nested brackets of the same type     |     { {m̩,n̩}, l̩, r̩ } > { e, uj, {ri,ir} }     |       ^     @ Rule 1, Line 1"
17.1.1,29,"	{ e:[+long], i:[+long], o:[+long], u:[+long] } > { o, i, e, {y,i} }","Syntax Error: Cannot have nested brackets of the same type     |     { e:[+long], i:[+long], o:[+long], u:[+long] } > { o, i, e, {y,i} }     |                                                                 ^     @ Rule 1, Line 1"
17.1.1,32,	c ɟ > t͡ʃ d͡ʒ (for most speakers),"Syntax Error: Expected end of line, received '('. Did you forget a '/' between the output and environment?     |     c ɟ > t͡ʃ d͡ʒ (for most speakers)     |                   ^     @ Rule 1, Line 1"
17.1.2,2,"	ḱ > s / :{ _u̯, _u, _i̯, _i }:","Syntax Error: Unknown character ḱ at '0:0:0'.     |     ḱ > s / :{ _u̯, _u, _i̯, _i }:     |     ^     @ Rule 1, Line 1"
17.1.2,3,	ḱ > k / _R,"Syntax Error: Unknown character ḱ at '0:0:0'.     |     ḱ > k / _R     |     ^     @ Rule 1, Line 1"
17.1.2,4,"	ḱ > {t͡s,t͡ʃ} (“:[a]rchaic relic”)","Syntax Error: Unknown character ḱ at '0:0:0'.     |     ḱ > {t͡s,t͡ʃ} (“:[a]rchaic relic”)     |     ^     @ Rule 1, Line 1"
17.1.2,5,	ḱ > θ,"Syntax Error: Unknown character ḱ at '0:0:0'.     |     ḱ > θ     |     ^     @ Rule 1, Line 1"
17.1.2,7,	kʷ > c / _B?,"Syntax Error: Unknown grouping 'B'. Known groupings are (C)onsonant, (O)bstruent, (S)onorant, (P)losive, (F)ricative, (L)iquid, (N)asal, (G)lide, and (V)owel     |     kʷ > c / _B?     |               ^     @ Rule 1, Line 1"
17.1.2,8,	kʷ > k / ?,"Syntax Error: Expected '_', but received ''     |     kʷ > k / ?     |               ^     @ Rule 1, Line 1"
17.1.2,9,	ɡ́(ʱ) > d / %_C:[+strident],"Syntax Error: Unknown character ́ at '0:0:1'.     |     ɡ́(ʱ) > d / %_C:[+strident]     |      ^     @ Rule 1, Line 1"
17.1.2,10,"	ɡʷ(ʱ) > ɡ, z","Syntax Error: Expected an IPA character, Primative or Matrix, but received 'ʱ'     |     ɡʷ(ʱ) > ɡ, z     |        ^     @ Rule 1, Line 1"
17.1.2,11,"	{ bʱ, dʱ, ɡ́(ʱ) } > { b, d, dh }","Syntax Error: Unknown character ́ at '0:0:11'.     |     { bʱ, dʱ, ɡ́(ʱ) } > { b, d, dh }     |                ^     @ Rule 1, Line 1"
17.1.2,14,	sd > θ / medial,"Syntax Error: Expected '_', but received ''     |     sd > θ / medial     |                    ^     @ Rule 1, Line 1"
17.1.2,15,	sḱ > h / medial,"Syntax Error: Unknown character ḱ at '0:0:1'.     |     sḱ > h / medial     |      ^     @ Rule 1, Line 1"
17.1.2,16,	sp > f / medial,"Syntax Error: Expected '_', but received ''     |     sp > f / medial     |                    ^     @ Rule 1, Line 1"
17.1.2,17,	st > ʃt / medial,"Syntax Error: Expected '_', but received ''     |     st > ʃt / medial     |                     ^     @ Rule 1, Line 1"
17.1.2,21,	i̯ > j / _B,"Syntax Error: Unknown grouping 'B'. Known groupings are (C)onsonant, (O)bstruent, (S)onorant, (P)losive, (F)ricative, (L)iquid, (N)asal, (G)lide, and (V)owel     |     i̯ > j / _B     |               ^     @ Rule 1, Line 1"
17.1.2,22,	i̯ > ∅ / E_,"Syntax Error: Unknown grouping 'E'. Known groupings are (C)onsonant, (O)bstruent, (S)onorant, (P)losive, (F)ricative, (L)iquid, (N)asal, (G)lide, and (V)owel     |     i̯ > ∅ / E_     |              ^     @ Rule 1, Line 1"
17.1.2,26,	n > ɲ (sometimes?),"Syntax Error: Expected end of line, received '('. Did you forget a '/' between the output and environment?     |     n > ɲ (sometimes?)     |           ^     @ Rule 1, Line 1"
17.1.2,28,"	{ l, r } > { {l,ɫ}, {ɾ,r} }","Syntax Error: Cannot have nested brackets of the same type     |     { l, r } > { {l,ɫ}, {ɾ,r} }     |                  ^     @ Rule 1, Line 1"
17.1.2,29,"	{ {m̩,n̩}, l̩, r̩ } > { e, uj, {ri,ir} }","Syntax Error: Cannot have nested brackets of the same type     |     { {m̩,n̩}, l̩, r̩ } > { e, uj, {ri,ir} }     |       ^     @ Rule 1, Line 1"
17.1.2,30,"	{ e:[+long], i:[+long], o:[+long], u:[+long] } > { o, i, e, {y,i} }","Syntax Error: Cannot have nested brackets of the same type     |     { e:[+long], i:[+long], o:[+long], u:[+long] } > { o, i, e, {y,i} }     |                                                                 ^     @ Rule 1, Line 1"
17.1.2,32,	c ɟ > t͡ʃ d͡ʒ (much less widespread than in Gheg),"Syntax Error: Expected end of line, received '('. Did you forget a '/' between the output and environment?     |     c ɟ > t͡ʃ d͡ʒ (much less widespread than in Gheg)     |                   ^     @ Rule 1, Line 1"
17.2,0,	eh > æ:[+long] / tautosyllabic,"Syntax Error: Expected '_', but received ''     |     eh > æ:[+long] / tautosyllabic     |                                   ^     @ Rule 1, Line 1"
17.2,1,"	{ ei, eu } > { ɛ:[+long], u:[+long] }","Syntax Error: Expected ',', but received 'i'     |     { ei, eu } > { ɛ:[+long], u:[+long] }     |        ^     @ Rule 1, Line 1"
17.2,2,	Dʱ > D,"Syntax Error: Unknown grouping 'D'. Known groupings are (C)onsonant, (O)bstruent, (S)onorant, (P)losive, (F)ricative, (L)iquid, (N)asal, (G)lide, and (V)owel     |     Dʱ > D     |     ^     @ Rule 1, Line 1"
17.2,3,	H > R / VR_V,"Syntax Error: Unknown grouping 'H'. Known groupings are (C)onsonant, (O)bstruent, (S)onorant, (P)losive, (F)ricative, (L)iquid, (N)asal, (G)lide, and (V)owel     |     H > R / VR_V     |     ^     @ Rule 1, Line 1"
17.2,6,"	{ T, h } > { D, h } / _#","Syntax Error: Unknown grouping 'T'. Known groupings are (C)onsonant, (O)bstruent, (S)onorant, (P)losive, (F)ricative, (L)iquid, (N)asal, (G)lide, and (V)owel     |     { T, h } > { D, h } / _#     |       ^     @ Rule 1, Line 1"
17.2,7,"	{ T, h } > { D, h } / V:[-stress]_V:[-stress]","Syntax Error: Unknown grouping 'T'. Known groupings are (C)onsonant, (O)bstruent, (S)onorant, (P)losive, (F)ricative, (L)iquid, (N)asal, (G)lide, and (V)owel     |     { T, h } > { D, h } / V:[-stress]_V:[-stress]     |       ^     @ Rule 1, Line 1"
17.2,8,"	{ T, h } > { D, h } / V:[+long]","Syntax Error: Unknown grouping 'T'. Known groupings are (C)onsonant, (O)bstruent, (S)onorant, (P)losive, (F)ricative, (L)iquid, (N)asal, (G)lide, and (V)owel     |     { T, h } > { D, h } / V:[+long]     |       ^     @ Rule 1, Line 1"
17.2,9,"	{ T, h } > { D, h } / W","Syntax Error: Unknown grouping 'T'. Known groupings are (C)onsonant, (O)bstruent, (S)onorant, (P)losive, (F)ricative, (L)iquid, (N)asal, (G)lide, and (V)owel     |     { T, h } > { D, h } / W     |       ^     @ Rule 1, Line 1"
17.2,10,	t > z / j (allophonic),"Syntax Error: Expected '_', but received ''     |     t > z / j (allophonic)     |                           ^     @ Rule 1, Line 1"
17.2,13,"	{{h,h}s,s{h,h}} > s:[+long] (contested)","Syntax Error: Cannot have nested brackets of the same type     |     {{h,h}s,s{h,h}} > s:[+long] (contested)     |      ^     @ Rule 1, Line 1"
17.2.1,0,"	{ D, T } > { T, T:[+lenis] } / #_","Syntax Error: Unknown feature 'lenis' at 0:19-25. Did you mean tens?      |     { D, T } > { T, T:[+lenis] } / #_     |                        ^^^^^^     @ Rule 1, Line 1"
17.2.1,1,"	{ T, D } > { T:[+fortis], T:[+lenis] }","Syntax Error: Unknown feature 'fortis' at 0:16-23. Did you mean contin?      |     { T, D } > { T:[+fortis], T:[+lenis] }     |                     ^^^^^^^     @ Rule 1, Line 1"
17.2.1,2,"	{ h, h } > { hh, h }","Syntax Error: Expected ',', but received 'h'     |     { h, h } > { hh, h }     |                   ^     @ Rule 1, Line 1"
17.2.1,3,"	Ḱ > [+ cons, - fr, + bk, + hi, - lo]","Syntax Error: Unknown character Ḱ at '0:0:0'.     |     Ḱ > [+ cons, - fr, + bk, + hi, - lo]     |     ^     @ Rule 1, Line 1"
17.2.1,4,	V > V:[+long] / in :[+open],"Syntax Error: Unknown feature 'open' at 0:21-26. Did you mean ten?      |     V > V:[+long] / in :[+open]     |                          ^^^^^     @ Rule 1, Line 1"
17.2.1,5,"	{ e, o } > { e:[+long], o:[+long] } / in :[+stress]","Syntax Error: Expected '_', but received ''     |     { e, o } > { e:[+long], o:[+long] } / in :[+stress]     |                                                        ^     @ Rule 1, Line 1"
17.2.1,6,"	{ {, o,, o:[+long], }, æ:[+long] } > { {, a,, a:[+long], }, e:[+long] }","Syntax Error: Cannot have nested brackets of the same type     |     { {, o,, o:[+long], }, æ:[+long] } > { {, a,, a:[+long], }, e:[+long] }     |       ^     @ Rule 1, Line 1"
17.2.1,7,"	e > i / :{ _mwhen posttonic in :[+closed] or when pretonic, _ŋwhen posttonic in :[+closed] or when pretonic }:","Syntax Error: Unknown feature 'closed' at 0:33-40. Did you mean cons?      |     e > i / :{ _mwhen posttonic in :[+closed] or when pretonic, _ŋwhen posttonic in :[+closed] or when pretonic }:     |                                      ^^^^^^^     @ Rule 1, Line 1"
17.2.1,8,	e > a / _n in :[+open +posttonic],"Syntax Error: Unknown feature 'open' at 0:16-22. Did you mean ten?      |     e > a / _n in :[+open +posttonic]     |                     ^^^^^^     @ Rule 1, Line 1"
17.2.1,15,"	{ aj, aw } > { ɛ:[+long], u:[+long] } / ,n,r,l} // _{s","Syntax Error: Expected ',', but received 'j'     |     { aj, aw } > { ɛ:[+long], u:[+long] } / ,n,r,l} // _{s     |        ^     @ Rule 1, Line 1"
17.2.2,0,"	{ D, T } > { T, T:[+lenis] } / #_","Syntax Error: Unknown feature 'lenis' at 0:19-25. Did you mean tens?      |     { D, T } > { T, T:[+lenis] } / #_     |                        ^^^^^^     @ Rule 1, Line 1"
17.2.2,1,"	{ T, D } > { T:[+fortis], T:[+lenis] }","Syntax Error: Unknown feature 'fortis' at 0:16-23. Did you mean contin?      |     { T, D } > { T:[+fortis], T:[+lenis] }     |                     ^^^^^^^     @ Rule 1, Line 1"
17.2.2,2,"	{ h, h } > { hh, h }","Syntax Error: Expected ',', but received 'h'     |     { h, h } > { hh, h }     |                   ^     @ Rule 1, Line 1"
17.2.2,3,	ḱ:[+long] > z,"Syntax Error: Unknown character ḱ at '0:0:0'.     |     ḱ:[+long] > z     |     ^     @ Rule 1, Line 1"
17.2.2,5,"	{ḱ,k} > j / _{ e, e:[+long] }","Syntax Error: Unknown character ḱ at '0:0:1'.     |     {ḱ,k} > j / _{ e, e:[+long] }     |      ^     @ Rule 1, Line 1"
17.2.2,6,"	{ḱ,k} > ∅ / _{ i, i:[+long] }","Syntax Error: Unknown character ḱ at '0:0:1'.     |     {ḱ,k} > ∅ / _{ i, i:[+long] }     |      ^     @ Rule 1, Line 1"
17.2.2,9,	ɡ > d͡ʒ (sporadic),"Syntax Error: Expected end of line, received '('. Did you forget a '/' between the output and environment?     |     ɡ > d͡ʒ (sporadic)     |             ^     @ Rule 1, Line 1"
17.2.2,12,	V > V:[+long] / in :[+open],"Syntax Error: Unknown feature 'open' at 0:21-26. Did you mean ten?      |     V > V:[+long] / in :[+open]     |                          ^^^^^     @ Rule 1, Line 1"
17.2.2,13,	V > V:[+long] / in #,"Syntax Error: Can't have segments before the beginning of a word     |     V > V:[+long] / in #     |                        ^     @ Rule 1, Line 1"
17.2.2,15,"	{d,l} > r “in Hieroglyphic Luwian, occasionally”","Syntax Error: Unknown character “ at '0:0:10'.     |     {d,l} > r “in Hieroglyphic Luwian, occasionally”     |               ^     @ Rule 1, Line 1"
17.2.2,17,"	{ hh, h } > { h, ∅ } / V:[+long]_u","Syntax Error: Expected ',', but received 'h'     |     { hh, h } > { h, ∅ } / V:[+long]_u     |        ^     @ Rule 1, Line 1"
17.2.2,18,"	{ hh, h } > { h, ∅ } / u_V:[+long]","Syntax Error: Expected ',', but received 'h'     |     { hh, h } > { h, ∅ } / u_V:[+long]     |        ^     @ Rule 1, Line 1"
17.2.2,20,"	hh > ∅ / :{ _w“medially, and sporadically”, _m“medially, and sporadically”, _n“medially, and sporadically”, _r“medially, and sporadically”, _l“medially, and sporadically” }:","Syntax Error: Unknown character “ at '0:0:14'.     |     hh > ∅ / :{ _w“medially, and sporadically”, _m“medially, and sporadically”, _n“medially, and sporadically”, _r“medially, and sporadically”, _l“medially, and sporadically” }:     |                   ^     @ Rule 1, Line 1"
17.2.2,21,"	{ D, R } > { D:[+long], R:[+long] } / e_ in :[+open]","Syntax Error: Unknown feature 'open' at 0:46-51. Did you mean ten?      |     { D, R } > { D:[+long], R:[+long] } / e_ in :[+open]     |                                                   ^^^^^     @ Rule 1, Line 1"
17.2.2,22,"	{ {ɛ,e}:[+long], æ:[+long] } > { i:[+long], a:[+long] }","Syntax Error: Cannot have nested brackets of the same type     |     { {ɛ,e}:[+long], æ:[+long] } > { i:[+long], a:[+long] }     |       ^     @ Rule 1, Line 1"
17.2.3,0,	D > T / #_,"Syntax Error: Unknown grouping 'D'. Known groupings are (C)onsonant, (O)bstruent, (S)onorant, (P)losive, (F)ricative, (L)iquid, (N)asal, (G)lide, and (V)owel     |     D > T / #_     |     ^     @ Rule 1, Line 1"
17.2.3,1,	D > F:[+voice],"Syntax Error: Unknown grouping 'D'. Known groupings are (C)onsonant, (O)bstruent, (S)onorant, (P)losive, (F)ricative, (L)iquid, (N)asal, (G)lide, and (V)owel     |     D > F:[+voice]     |     ^     @ Rule 1, Line 1"
17.2.3,2,"	N{F:[+voice],T} > nD","Syntax Error: Unknown grouping 'T'. Known groupings are (C)onsonant, (O)bstruent, (S)onorant, (P)losive, (F)ricative, (L)iquid, (N)asal, (G)lide, and (V)owel     |     N{F:[+voice],T} > nD     |                  ^     @ Rule 1, Line 1"
17.2.3,4,	kʷ > t / _E,"Syntax Error: Unknown grouping 'E'. Known groupings are (C)onsonant, (O)bstruent, (S)onorant, (P)losive, (F)ricative, (L)iquid, (N)asal, (G)lide, and (V)owel     |     kʷ > t / _E     |               ^     @ Rule 1, Line 1"
17.2.3,5,"	kʷ > k / _E, in Milyan","Syntax Error: Unknown grouping 'E'. Known groupings are (C)onsonant, (O)bstruent, (S)onorant, (P)losive, (F)ricative, (L)iquid, (N)asal, (G)lide, and (V)owel     |     kʷ > k / _E, in Milyan     |               ^     @ Rule 1, Line 1"
17.2.3,6,"	{ɡ́,ɡ} > j / _{ e, e:[+long] }","Syntax Error: Unknown character ́ at '0:0:2'.     |     {ɡ́,ɡ} > j / _{ e, e:[+long] }     |       ^     @ Rule 1, Line 1"
17.2.3,7,"	{ɡ́,ɡ} > ∅ / _{ i, i:[+long] }","Syntax Error: Unknown character ́ at '0:0:2'.     |     {ɡ́,ɡ} > ∅ / _{ i, i:[+long] }     |       ^     @ Rule 1, Line 1"
17.2.3,10,"	s > z / :{ _j“(in Milyan, this happened after the change of ḱ to s)”, _w“(in Milyan, this happened after the change of ḱ to s)” }:","Syntax Error: Unknown character “ at '0:0:13'.     |     s > z / :{ _j“(in Milyan, this happened after the change of ḱ to s)”, _w“(in Milyan, this happened after the change of ḱ to s)” }:     |                  ^     @ Rule 1, Line 1"
17.2.3,12,	ḱ > s,"Syntax Error: Unknown character ḱ at '0:0:0'.     |     ḱ > s     |     ^     @ Rule 1, Line 1"
17.2.3,13,	h > ɡ / _B,"Syntax Error: Unknown grouping 'B'. Known groupings are (C)onsonant, (O)bstruent, (S)onorant, (P)losive, (F)ricative, (L)iquid, (N)asal, (G)lide, and (V)owel     |     h > ɡ / _B     |              ^     @ Rule 1, Line 1"
17.2.3,14,	h > k / E_E (probably a palatal stop),"Syntax Error: Unknown grouping 'E'. Known groupings are (C)onsonant, (O)bstruent, (S)onorant, (P)losive, (F)ricative, (L)iquid, (N)asal, (G)lide, and (V)owel     |     h > k / E_E (probably a palatal stop)     |             ^     @ Rule 1, Line 1"
17.2.3,15,	h > q / _E (possibly plain velar stop),"Syntax Error: Unknown grouping 'E'. Known groupings are (C)onsonant, (O)bstruent, (S)onorant, (P)losive, (F)ricative, (L)iquid, (N)asal, (G)lide, and (V)owel     |     h > q / _E (possibly plain velar stop)     |              ^     @ Rule 1, Line 1"
17.2.3,16,	h > x / (possibly a uvular stop),"Syntax Error: Expected '_', but received ''     |     h > x / (possibly a uvular stop)     |                                     ^     @ Rule 1, Line 1"
17.2.3,18,	ɡ > d͡ʒ (sporadic),"Syntax Error: Expected end of line, received '('. Did you forget a '/' between the output and environment?     |     ɡ > d͡ʒ (sporadic)     |             ^     @ Rule 1, Line 1"
17.2.3,20,"	{ {ɛ,e}:[+long], o, æ:[+long] } > { i:[+long], e, a:[+long] }","Syntax Error: Cannot have nested brackets of the same type     |     { {ɛ,e}:[+long], o, æ:[+long] } > { i:[+long], e, a:[+long] }     |       ^     @ Rule 1, Line 1"
17.2.3,22,"	e > a / _U:[+u, a]","Syntax Error: Expected ASCII character, but received ',' at 0:0:14.     |     e > a / _U:[+u, a]     |                   ^     @ Rule 1, Line 1"
17.2.3,23,"	a > e / _U:[+e, i]","Syntax Error: Expected ASCII character, but received ',' at 0:0:14.     |     a > e / _U:[+e, i]     |                   ^     @ Rule 1, Line 1"
17.2.4,2,"	{ p, d, D } > { f, ð, T }","Syntax Error: Unknown grouping 'D'. Known groupings are (C)onsonant, (O)bstruent, (S)onorant, (P)losive, (F)ricative, (L)iquid, (N)asal, (G)lide, and (V)owel     |     { p, d, D } > { f, ð, T }     |             ^     @ Rule 1, Line 1"
17.2.4,3,	T > D / N_,"Syntax Error: Unknown grouping 'T'. Known groupings are (C)onsonant, (O)bstruent, (S)onorant, (P)losive, (F)ricative, (L)iquid, (N)asal, (G)lide, and (V)owel     |     T > D / N_     |     ^     @ Rule 1, Line 1"
17.2.4,4,"	Ḱ > [+ cons, - fr, + bk, + hi, - lo]","Syntax Error: Unknown character Ḱ at '0:0:0'.     |     Ḱ > [+ cons, - fr, + bk, + hi, - lo]     |     ^     @ Rule 1, Line 1"
17.2.4,5,"	[+ cons, - fr, + bk, + hi, - lo]ʷ > [+ cons, - fr, + bk, + hi, - lo] / _V:[+round]","Syntax Error: Expected '>', '->' or '=>', but received 'ʷ'     |     [+ cons, - fr, + bk, + hi, - lo]ʷ > [+ cons, - fr, + bk, + hi, - lo] / _V:[+round]     |                                     ^     @ Rule 1, Line 1"
17.2.4,10,"	{m,n} > ʋ / _# (that’s a Greek nu, I’m not sure what it’s supposed to represent)","Syntax Error: Unknown character ’ at '0:0:20'.     |     {m,n} > ʋ / _# (that’s a Greek nu, I’m not sure what it’s supposed to represent)     |                         ^     @ Rule 1, Line 1"
17.2.4,12,	w ( > v?) / s_,"Syntax Error: Expected an IPA character, Primative or Matrix, but received '>'     |     w ( > v?) / s_     |         ^     @ Rule 1, Line 1"
17.2.4,13,	v?) > f / s_,"Syntax Error: Expected '>', '->' or '=>', but received ')'     |     v?) > f / s_     |       ^     @ Rule 1, Line 1"
17.2.4,18,"	{e,a,o} > e:[+long] / _N in :[+closed]","Syntax Error: Unknown feature 'closed' at 0:30-37. Did you mean cons?      |     {e,a,o} > e:[+long] / _N in :[+closed]     |                                   ^^^^^^^     @ Rule 1, Line 1"
17.2.4,19,"	{e,a,o} > a:[+long] / _N in :[+open]","Syntax Error: Unknown feature 'open' at 0:30-35. Did you mean ten?      |     {e,a,o} > a:[+long] / _N in :[+open]     |                                   ^^^^^     @ Rule 1, Line 1"
17.2.4,20,"	{e,o} > a / in :[-stress]","Syntax Error: Expected '_', but received ''     |     {e,o} > a / in :[-stress]     |                              ^     @ Rule 1, Line 1"
17.2.4,22,"	{ {, o,, o:[+long], }, e:[+long], æ:[+long] } > { {, a,, a:[+long], }, i:[+long], a:[+long] }","Syntax Error: Cannot have nested brackets of the same type     |     { {, o,, o:[+long], }, e:[+long], æ:[+long] } > { {, a,, a:[+long], }, i:[+long], a:[+long] }     |       ^     @ Rule 1, Line 1"
17.2.5,0,"	{ D, T } > { T, T:[+lenis] } / #_","Syntax Error: Unknown feature 'lenis' at 0:19-25. Did you mean tens?      |     { D, T } > { T, T:[+lenis] } / #_     |                        ^^^^^^     @ Rule 1, Line 1"
17.2.5,1,"	{ T, D } > { T:[+fortis], T:[+lenis] }","Syntax Error: Unknown feature 'fortis' at 0:16-23. Did you mean contin?      |     { T, D } > { T:[+fortis], T:[+lenis] }     |                     ^^^^^^^     @ Rule 1, Line 1"
17.2.5,2,"	{ h, h } > { hh, h }","Syntax Error: Expected ',', but received 'h'     |     { h, h } > { hh, h }     |                   ^     @ Rule 1, Line 1"
17.2.5,3,"	Ḱ > [+ cons, - fr, + bk, + hi, - lo]","Syntax Error: Unknown character Ḱ at '0:0:0'.     |     Ḱ > [+ cons, - fr, + bk, + hi, - lo]     |     ^     @ Rule 1, Line 1"
17.2.5,4,	V > V:[+long] / :[+open],"Syntax Error: Unknown feature 'open' at 0:18-23. Did you mean ten?      |     V > V:[+long] / :[+open]     |                       ^^^^^     @ Rule 1, Line 1"
17.2.5,5,	e > i / pretonic,"Syntax Error: Expected '_', but received ''     |     e > i / pretonic     |                     ^     @ Rule 1, Line 1"
17.2.5,6,	e > a / posttonic in :[+open],"Syntax Error: Unknown feature 'open' at 0:23-28. Did you mean ten?      |     e > a / posttonic in :[+open]     |                            ^^^^^     @ Rule 1, Line 1"
17.2.5,8,"	{ a, e } > { a:[+long], e:[+long] } / in :[+closed]","Syntax Error: Unknown feature 'closed' at 0:43-50. Did you mean cons?      |     { a, e } > { a:[+long], e:[+long] } / in :[+closed]     |                                                ^^^^^^^     @ Rule 1, Line 1"
17.2.5,11,	hhy > “something like /ʒ/”,"Syntax Error: Unknown character “ at '0:0:6'.     |     hhy > “something like /ʒ/”     |           ^     @ Rule 1, Line 1"
17.2.5,14,	w > j / in *díwot͡s > Tiyaz ‘sun-god’; conditioning unknown,"Syntax Error: Unknown character í at '0:0:13'.     |     w > j / in *díwot͡s > Tiyaz ‘sun-god’; conditioning unknown     |                  ^     @ Rule 1, Line 1"
17.3.1,0,"	{ {e,i}:[+long], {u,o}:[+long] } > { i, u }","Syntax Error: Cannot have nested brackets of the same type     |     { {e,i}:[+long], {u,o}:[+long] } > { i, u }     |       ^     @ Rule 1, Line 1"
17.3.1,1,"	{ {e,o}j, ɛw } > { ɛj, ow }","Syntax Error: Cannot have nested brackets of the same type     |     { {e,o}j, ɛw } > { ɛj, ow }     |       ^     @ Rule 1, Line 1"
17.3.1,2,"	{e,o} > a (rare)","Syntax Error: Expected end of line, received '('. Did you forget a '/' between the output and environment?     |     {e,o} > a (rare)     |               ^     @ Rule 1, Line 1"
17.3.1,6,"	{ ej, ia } > { e, ɛa }","Syntax Error: Expected ',', but received 'j'     |     { ej, ia } > { e, ɛa }     |        ^     @ Rule 1, Line 1"
17.3.1,7,"	{i,u} > ə / in some unstressed syllables","Syntax Error: Expected '_', but received ''     |     {i,u} > ə / in some unstressed syllables     |                                             ^     @ Rule 1, Line 1"
17.3.1,8,"	{ e, oj, ɛa } > { i, u, ɛ } / when unstressed","Syntax Error: Expected ',', but received 'j'     |     { e, oj, ɛa } > { i, u, ɛ } / when unstressed     |           ^     @ Rule 1, Line 1"
17.3.1,13,"	{ p, ḱ, kʷ } > { {w,v}, s, kʰ }","Syntax Error: Unknown character ḱ at '0:0:5'.     |     { p, ḱ, kʷ } > { {w,v}, s, kʰ }     |          ^     @ Rule 1, Line 1"
17.3.1,14,	ɡ́ > t͡s (?),"Syntax Error: Unknown character ́ at '0:0:1'.     |     ɡ́ > t͡s (?)     |      ^     @ Rule 1, Line 1"
17.3.1,16,"	{ bʱ, dʱ, ɡ́ʱ, ɡʷʱ } > { p, t, j, k } / #_","Syntax Error: Unknown character ́ at '0:0:11'.     |     { bʱ, dʱ, ɡ́ʱ, ɡʷʱ } > { p, t, j, k } / #_     |                ^     @ Rule 1, Line 1"
17.3.1,17,"	{ bʱ, dʱ, ɡ́ʱ, ɡʱ, ɡʷʱ } > { {w,v}, d, z, ɡ, ʒ }","Syntax Error: Unknown character ́ at '0:0:11'.     |     { bʱ, dʱ, ɡ́ʱ, ɡʱ, ɡʷʱ } > { {w,v}, d, z, ɡ, ʒ }     |                ^     @ Rule 1, Line 1"
17.3.1,20,"	{sk,ks} kʲ > t͡sʰ t͡ʃʰ (?)","Syntax Error: Expected ',', but received 'k'     |     {sk,ks} kʲ > t͡sʰ t͡ʃʰ (?)     |       ^     @ Rule 1, Line 1"
17.3.1,21,"	{sr,rs} > r:[+long]","Syntax Error: Expected ',', but received 'r'     |     {sr,rs} > r:[+long]     |       ^     @ Rule 1, Line 1"
17.3.1,25,"	{ Ns, sN } > { s, N }","Syntax Error: Expected ',', but received 's'     |     { Ns, sN } > { s, N }     |        ^     @ Rule 1, Line 1"
17.3.1,27,"	VN > V:[+nasal] / _#, in polysyllables","Syntax Error: Expected '_', but received ''     |     VN > V:[+nasal] / _#, in polysyllables     |                                           ^     @ Rule 1, Line 1"
17.3.1,28,"	V:[+nasal] > V / _#, in polysyllables","Syntax Error: Expected '_', but received ''     |     V:[+nasal] > V / _#, in polysyllables     |                                          ^     @ Rule 1, Line 1"
17.3.1,29,"	V > (?) / _#, in polysyllables","Syntax Error: Unknown character ( at '0:0:2'.     |     V > (?) / _#, in polysyllables     |       ^     @ Rule 1, Line 1"
17.3.1,30,"	N > n / _#, in monosyllables","Syntax Error: Expected '_', but received ''     |     N > n / _#, in monosyllables     |                                 ^     @ Rule 1, Line 1"
17.3.1,31,	N̩ > n / _#,"Syntax Error: Expected '>', '->' or '=>', but received '̩'     |     N̩ > n / _#     |      ^     @ Rule 1, Line 1"
17.3.1,32,"	{ m̩, n̩, r̩, l̩ } > { am, an, ar, aɫ }","Syntax Error: Expected ',', but received 'm'     |     { m̩, n̩, r̩, l̩ } > { am, an, ar, aɫ }     |                             ^     @ Rule 1, Line 1"
17.3.1,33,"	V > (?) / :{ _C#, _# }:","Syntax Error: Unknown character ( at '0:0:2'.     |     V > (?) / :{ _C#, _# }:     |       ^     @ Rule 1, Line 1"
17.3.2,0,"	{ {e,i}:[+long], {u,o}:[+long] } > { i, u }","Syntax Error: Cannot have nested brackets of the same type     |     { {e,i}:[+long], {u,o}:[+long] } > { i, u }     |       ^     @ Rule 1, Line 1"
17.3.2,1,"	{ {e,o}j, ɛw } > { ɛj, ow }","Syntax Error: Cannot have nested brackets of the same type     |     { {e,o}j, ɛw } > { ɛj, ow }     |       ^     @ Rule 1, Line 1"
17.3.2,2,"	{e,o} > a (rare)","Syntax Error: Expected end of line, received '('. Did you forget a '/' between the output and environment?     |     {e,o} > a (rare)     |               ^     @ Rule 1, Line 1"
17.3.2,6,"	{ ej, ia } > { e, ɛa }","Syntax Error: Expected ',', but received 'j'     |     { ej, ia } > { e, ɛa }     |        ^     @ Rule 1, Line 1"
17.3.2,7,"	{i,u} > ə / in some unstressed syllables","Syntax Error: Expected '_', but received ''     |     {i,u} > ə / in some unstressed syllables     |                                             ^     @ Rule 1, Line 1"
17.3.2,8,"	{ e, oj, ɛa } > { i, u, ɛ } / when unstressed","Syntax Error: Expected ',', but received 'j'     |     { e, oj, ɛa } > { i, u, ɛ } / when unstressed     |           ^     @ Rule 1, Line 1"
17.3.2,13,"	{ p, ḱ, kʷ } > { {w,v}, s, kʰ }","Syntax Error: Unknown character ḱ at '0:0:5'.     |     { p, ḱ, kʷ } > { {w,v}, s, kʰ }     |          ^     @ Rule 1, Line 1"
17.3.2,14,	ɡ́ > t͡s (?),"Syntax Error: Unknown character ́ at '0:0:1'.     |     ɡ́ > t͡s (?)     |      ^     @ Rule 1, Line 1"
17.3.2,17,"	{ bʱ, dʱ, ɡ́ʱ, ɡʱ, ɡʷʱ } > { {w,v}, d, z, ɡ, ʒ }","Syntax Error: Unknown character ́ at '0:0:11'.     |     { bʱ, dʱ, ɡ́ʱ, ɡʱ, ɡʷʱ } > { {w,v}, d, z, ɡ, ʒ }     |                ^     @ Rule 1, Line 1"
17.3.2,20,"	{sk,ks} kʲ > t͡sʰ t͡ʃʰ (?)","Syntax Error: Expected ',', but received 'k'     |     {sk,ks} kʲ > t͡sʰ t͡ʃʰ (?)     |       ^     @ Rule 1, Line 1"
17.3.2,21,"	{sr,rs} > r:[+long]","Syntax Error: Expected ',', but received 'r'     |     {sr,rs} > r:[+long]     |       ^     @ Rule 1, Line 1"
17.3.2,25,"	{ Ns, sN } > { s, N }","Syntax Error: Expected ',', but received 's'     |     { Ns, sN } > { s, N }     |        ^     @ Rule 1, Line 1"
17.3.2,27,"	VN > V:[+nasal] / _#, in polysyllables","Syntax Error: Expected '_', but received ''     |     VN > V:[+nasal] / _#, in polysyllables     |                                           ^     @ Rule 1, Line 1"
17.3.2,28,"	V:[+nasal] > V / _#, in polysyllables","Syntax Error: Expected '_', but received ''     |     V:[+nasal] > V / _#, in polysyllables     |                                          ^     @ Rule 1, Line 1"
17.3.2,29,"	V > (?) / _#, in polysyllables","Syntax Error: Unknown character ( at '0:0:2'.     |     V > (?) / _#, in polysyllables     |       ^     @ Rule 1, Line 1"
17.3.2,30,"	N > n / _#, in monosyllables","Syntax Error: Expected '_', but received ''     |     N > n / _#, in monosyllables     |                                 ^     @ Rule 1, Line 1"
17.3.2,31,	N̩ > n / _#,"Syntax Error: Expected '>', '->' or '=>', but received '̩'     |     N̩ > n / _#     |      ^     @ Rule 1, Line 1"
17.3.2,32,"	{ m̩, n̩, r̩, l̩ } > { am, an, ar, aɫ }","Syntax Error: Expected ',', but received 'm'     |     { m̩, n̩, r̩, l̩ } > { am, an, ar, aɫ }     |                             ^     @ Rule 1, Line 1"
17.3.2,33,"	V > (?) / :{ _C#, _# }:","Syntax Error: Unknown character ( at '0:0:2'.     |     V > (?) / :{ _C#, _# }:     |       ^     @ Rule 1, Line 1"
17.3.3,0,"	{ {e,i}:[+long], {u,o}:[+long] } > { i, u }","Syntax Error: Cannot have nested brackets of the same type     |     { {e,i}:[+long], {u,o}:[+long] } > { i, u }     |       ^     @ Rule 1, Line 1"
17.3.3,1,"	{ {e,o}j, ɛw } > { ɛj, ow }","Syntax Error: Cannot have nested brackets of the same type     |     { {e,o}j, ɛw } > { ɛj, ow }     |       ^     @ Rule 1, Line 1"
17.3.3,2,"	{e,o} > a (rare)","Syntax Error: Expected end of line, received '('. Did you forget a '/' between the output and environment?     |     {e,o} > a (rare)     |               ^     @ Rule 1, Line 1"
17.3.3,6,"	{ ej, ia } > { e, ɛa }","Syntax Error: Expected ',', but received 'j'     |     { ej, ia } > { e, ɛa }     |        ^     @ Rule 1, Line 1"
17.3.3,7,"	{i,u} > ə / in some unstressed syllables","Syntax Error: Expected '_', but received ''     |     {i,u} > ə / in some unstressed syllables     |                                             ^     @ Rule 1, Line 1"
17.3.3,8,"	{ e, oj, ɛa } > { i, u, ɛ } / when unstressed","Syntax Error: Expected ',', but received 'j'     |     { e, oj, ɛa } > { i, u, ɛ } / when unstressed     |           ^     @ Rule 1, Line 1"
17.3.3,12,"	{ p, ḱ, kʷ } > { {w,v}, s, kʰ }","Syntax Error: Unknown character ḱ at '0:0:5'.     |     { p, ḱ, kʷ } > { {w,v}, s, kʰ }     |          ^     @ Rule 1, Line 1"
17.3.3,13,	ɡ́ > t͡s (?),"Syntax Error: Unknown character ́ at '0:0:1'.     |     ɡ́ > t͡s (?)     |      ^     @ Rule 1, Line 1"
17.3.3,16,"	{ bʱ, ɡ́ʱ, ɡʷʱ } > { b, j, k } / #_","Syntax Error: Unknown character ́ at '0:0:7'.     |     { bʱ, ɡ́ʱ, ɡʷʱ } > { b, j, k } / #_     |            ^     @ Rule 1, Line 1"
17.3.3,17,"	{ bʱ, dʱ, ɡ́ʱ, ɡʱ, ɡʷʱ } > { {w,v}, d, z, ɡ, ʒ }","Syntax Error: Unknown character ́ at '0:0:11'.     |     { bʱ, dʱ, ɡ́ʱ, ɡʱ, ɡʷʱ } > { {w,v}, d, z, ɡ, ʒ }     |                ^     @ Rule 1, Line 1"
17.3.3,20,"	{sk,ks} kʲ > t͡sʰ t͡ʃʰ (?)","Syntax Error: Expected ',', but received 'k'     |     {sk,ks} kʲ > t͡sʰ t͡ʃʰ (?)     |       ^     @ Rule 1, Line 1"
17.3.3,21,"	{sr,rs} > r:[+long]","Syntax Error: Expected ',', but received 'r'     |     {sr,rs} > r:[+long]     |       ^     @ Rule 1, Line 1"
17.3.3,25,"	{ Ns, sN } > { s, N }","Syntax Error: Expected ',', but received 's'     |     { Ns, sN } > { s, N }     |        ^     @ Rule 1, Line 1"
17.3.3,27,"	VN > V:[+nasal] / _#, in polysyllables","Syntax Error: Expected '_', but received ''     |     VN > V:[+nasal] / _#, in polysyllables     |                                           ^     @ Rule 1, Line 1"
17.3.3,28,"	V:[+nasal] > V / _#, in polysyllables","Syntax Error: Expected '_', but received ''     |     V:[+nasal] > V / _#, in polysyllables     |                                          ^     @ Rule 1, Line 1"
17.3.3,29,"	V > (?) / _#, in polysyllables","Syntax Error: Unknown character ( at '0:0:2'.     |     V > (?) / _#, in polysyllables     |       ^     @ Rule 1, Line 1"
17.3.3,30,"	N > n / _#, in monosyllables","Syntax Error: Expected '_', but received ''     |     N > n / _#, in monosyllables     |                                 ^     @ Rule 1, Line 1"
17.3.3,31,	N̩ > n / _#,"Syntax Error: Expected '>', '->' or '=>', but received '̩'     |     N̩ > n / _#     |      ^     @ Rule 1, Line 1"
17.3.3,32,"	{ m̩, n̩, r̩, l̩ } > { am, an, ar, aɫ }","Syntax Error: Expected ',', but received 'm'     |     { m̩, n̩, r̩, l̩ } > { am, an, ar, aɫ }     |                             ^     @ Rule 1, Line 1"
17.3.3,33,"	V > (?) / :{ _C#, _# }:","Syntax Error: Unknown character ( at '0:0:2'.     |     V > (?) / :{ _C#, _# }:     |       ^     @ Rule 1, Line 1"
17.3.4,0,"	{ {e,i}:[+long], {u,o}:[+long] } > { i, u }","Syntax Error: Cannot have nested brackets of the same type     |     { {e,i}:[+long], {u,o}:[+long] } > { i, u }     |       ^     @ Rule 1, Line 1"
17.3.4,1,"	{ {e,o}j, ɛw } > { ɛj, ow }","Syntax Error: Cannot have nested brackets of the same type     |     { {e,o}j, ɛw } > { ɛj, ow }     |       ^     @ Rule 1, Line 1"
17.3.4,2,"	{e,o} > a (rare)","Syntax Error: Expected end of line, received '('. Did you forget a '/' between the output and environment?     |     {e,o} > a (rare)     |               ^     @ Rule 1, Line 1"
17.3.4,6,"	{ ej, ia } > { e, ɛa }","Syntax Error: Expected ',', but received 'j'     |     { ej, ia } > { e, ɛa }     |        ^     @ Rule 1, Line 1"
17.3.4,7,"	{i,u} > ə / in some unstressed syllables","Syntax Error: Expected '_', but received ''     |     {i,u} > ə / in some unstressed syllables     |                                             ^     @ Rule 1, Line 1"
17.3.4,8,"	{ e, oj, ɛa } > { i, u, ɛ } / when unstressed","Syntax Error: Expected ',', but received 'j'     |     { e, oj, ɛa } > { i, u, ɛ } / when unstressed     |           ^     @ Rule 1, Line 1"
17.3.4,13,"	{ p, ḱ, kʷ } > { {w,v}, s, kʰ }","Syntax Error: Unknown character ḱ at '0:0:5'.     |     { p, ḱ, kʷ } > { {w,v}, s, kʰ }     |          ^     @ Rule 1, Line 1"
17.3.4,14,	ɡ́ > t͡s (?),"Syntax Error: Unknown character ́ at '0:0:1'.     |     ɡ́ > t͡s (?)     |      ^     @ Rule 1, Line 1"
17.3.4,16,"	{ bʱ, dʱ, ɡ́ʱ, ɡʷʱ } > { p, t, j, k } / #_","Syntax Error: Unknown character ́ at '0:0:11'.     |     { bʱ, dʱ, ɡ́ʱ, ɡʷʱ } > { p, t, j, k } / #_     |                ^     @ Rule 1, Line 1"
17.3.4,17,"	{ bʱ, dʱ, ɡ́ʱ, ɡʱ, ɡʷʱ } > { {w,v}, d, z, ɡ, ʒ }","Syntax Error: Unknown character ́ at '0:0:11'.     |     { bʱ, dʱ, ɡ́ʱ, ɡʱ, ɡʷʱ } > { {w,v}, d, z, ɡ, ʒ }     |                ^     @ Rule 1, Line 1"
17.3.4,20,"	{sk,ks} kʲ > t͡sʰ t͡ʃʰ (?)","Syntax Error: Expected ',', but received 'k'     |     {sk,ks} kʲ > t͡sʰ t͡ʃʰ (?)     |       ^     @ Rule 1, Line 1"
17.3.4,21,"	{sr,rs} > r:[+long]","Syntax Error: Expected ',', but received 'r'     |     {sr,rs} > r:[+long]     |       ^     @ Rule 1, Line 1"
17.3.4,25,"	{ Ns, sN } > { s, N }","Syntax Error: Expected ',', but received 's'     |     { Ns, sN } > { s, N }     |        ^     @ Rule 1, Line 1"
17.3.4,27,"	VN > V:[+nasal] / _#, in polysyllables","Syntax Error: Expected '_', but received ''     |     VN > V:[+nasal] / _#, in polysyllables     |                                           ^     @ Rule 1, Line 1"
17.3.4,28,"	V:[+nasal] > V / _#, in polysyllables","Syntax Error: Expected '_', but received ''     |     V:[+nasal] > V / _#, in polysyllables     |                                          ^     @ Rule 1, Line 1"
17.3.4,29,"	V > (?) / _#, in polysyllables","Syntax Error: Unknown character ( at '0:0:2'.     |     V > (?) / _#, in polysyllables     |       ^     @ Rule 1, Line 1"
17.3.4,30,"	N > n / _#, in monosyllables","Syntax Error: Expected '_', but received ''     |     N > n / _#, in monosyllables     |                                 ^     @ Rule 1, Line 1"
17.3.4,31,	N̩ > n / _#,"Syntax Error: Expected '>', '->' or '=>', but received '̩'     |     N̩ > n / _#     |      ^     @ Rule 1, Line 1"
17.3.4,32,"	{ m̩, n̩, r̩, l̩ } > { am, an, ar, aɫ }","Syntax Error: Expected ',', but received 'm'     |     { m̩, n̩, r̩, l̩ } > { am, an, ar, aɫ }     |                             ^     @ Rule 1, Line 1"
17.3.4,33,"	V > (?) / :{ _C#, _# }:","Syntax Error: Unknown character ( at '0:0:2'.     |     V > (?) / :{ _C#, _# }:     |       ^     @ Rule 1, Line 1"
17.3.5,0,"	{ {e,i}:[+long], {u,o}:[+long] } > { i, u }","Syntax Error: Cannot have nested brackets of the same type     |     { {e,i}:[+long], {u,o}:[+long] } > { i, u }     |       ^     @ Rule 1, Line 1"
17.3.5,1,"	{ {e,o}j, ɛw } > { ɛj, ow }","Syntax Error: Cannot have nested brackets of the same type     |     { {e,o}j, ɛw } > { ɛj, ow }     |       ^     @ Rule 1, Line 1"
17.3.5,2,"	{e,o} > a (rare)","Syntax Error: Expected end of line, received '('. Did you forget a '/' between the output and environment?     |     {e,o} > a (rare)     |               ^     @ Rule 1, Line 1"
17.3.5,6,"	{ ej, ia } > { e, ɛa }","Syntax Error: Expected ',', but received 'j'     |     { ej, ia } > { e, ɛa }     |        ^     @ Rule 1, Line 1"
17.3.5,7,"	{i,u} > ə / in some unstressed syllables","Syntax Error: Expected '_', but received ''     |     {i,u} > ə / in some unstressed syllables     |                                             ^     @ Rule 1, Line 1"
17.3.5,8,"	{ e, oj, ɛa } > { i, u, ɛ } / when unstressed","Syntax Error: Expected ',', but received 'j'     |     { e, oj, ɛa } > { i, u, ɛ } / when unstressed     |           ^     @ Rule 1, Line 1"
17.3.5,13,"	{ p, ḱ, kʷ } > { {w,v}, s, kʰ }","Syntax Error: Unknown character ḱ at '0:0:5'.     |     { p, ḱ, kʷ } > { {w,v}, s, kʰ }     |          ^     @ Rule 1, Line 1"
17.3.5,14,	ɡ́ > t͡s (?),"Syntax Error: Unknown character ́ at '0:0:1'.     |     ɡ́ > t͡s (?)     |      ^     @ Rule 1, Line 1"
17.3.5,16,"	{ bʱ, dʱ, ɡ́ʱ, ɡʱ, ɡʷʱ } > { {w,v}, d, z, ɡ, ʒ } // _#","Syntax Error: Unknown character ́ at '0:0:11'.     |     { bʱ, dʱ, ɡ́ʱ, ɡʱ, ɡʷʱ } > { {w,v}, d, z, ɡ, ʒ } // _#     |                ^     @ Rule 1, Line 1"
17.3.5,19,"	{sk,ks} kʲ > t͡sʰ t͡ʃʰ (?)","Syntax Error: Expected ',', but received 'k'     |     {sk,ks} kʲ > t͡sʰ t͡ʃʰ (?)     |       ^     @ Rule 1, Line 1"
17.3.5,20,"	{sr,rs} > r:[+long]","Syntax Error: Expected ',', but received 'r'     |     {sr,rs} > r:[+long]     |       ^     @ Rule 1, Line 1"
17.3.5,24,"	{ Ns, sN } > { s, N }","Syntax Error: Expected ',', but received 's'     |     { Ns, sN } > { s, N }     |        ^     @ Rule 1, Line 1"
17.3.5,26,"	VN > V:[+nasal] / _#, in polysyllables","Syntax Error: Expected '_', but received ''     |     VN > V:[+nasal] / _#, in polysyllables     |                                           ^     @ Rule 1, Line 1"
17.3.5,27,"	V:[+nasal] > V / _#, in polysyllables","Syntax Error: Expected '_', but received ''     |     V:[+nasal] > V / _#, in polysyllables     |                                          ^     @ Rule 1, Line 1"
17.3.5,28,"	V > (?) / _#, in polysyllables","Syntax Error: Unknown character ( at '0:0:2'.     |     V > (?) / _#, in polysyllables     |       ^     @ Rule 1, Line 1"
17.3.5,29,"	N > n / _#, in monosyllables","Syntax Error: Expected '_', but received ''     |     N > n / _#, in monosyllables     |                                 ^     @ Rule 1, Line 1"
17.3.5,30,	N̩ > n / _#,"Syntax Error: Expected '>', '->' or '=>', but received '̩'     |     N̩ > n / _#     |      ^     @ Rule 1, Line 1"
17.3.5,31,"	{ m̩, n̩, r̩, l̩ } > { am, an, ar, aɫ }","Syntax Error: Expected ',', but received 'm'     |     { m̩, n̩, r̩, l̩ } > { am, an, ar, aɫ }     |                             ^     @ Rule 1, Line 1"
17.3.5,32,"	V > (?) / :{ _C#, _# }:","Syntax Error: Unknown character ( at '0:0:2'.     |     V > (?) / :{ _C#, _# }:     |       ^     @ Rule 1, Line 1"
17.3.6,0,"	{ {e,i}:[+long], {u,o}:[+long] } > { i, u }","Syntax Error: Cannot have nested brackets of the same type     |     { {e,i}:[+long], {u,o}:[+long] } > { i, u }     |       ^     @ Rule 1, Line 1"
17.3.6,1,"	{ {e,o}j, ɛw } > { ɛj, ow }","Syntax Error: Cannot have nested brackets of the same type     |     { {e,o}j, ɛw } > { ɛj, ow }     |       ^     @ Rule 1, Line 1"
17.3.6,2,"	{e,o} > a (rare)","Syntax Error: Expected end of line, received '('. Did you forget a '/' between the output and environment?     |     {e,o} > a (rare)     |               ^     @ Rule 1, Line 1"
17.3.6,6,"	{ ej, ia } > { e, ɛa }","Syntax Error: Expected ',', but received 'j'     |     { ej, ia } > { e, ɛa }     |        ^     @ Rule 1, Line 1"
17.3.6,7,"	{i,u} > ə / in some unstressed syllables","Syntax Error: Expected '_', but received ''     |     {i,u} > ə / in some unstressed syllables     |                                             ^     @ Rule 1, Line 1"
17.3.6,8,"	{ e, oj, ɛa } > { i, u, ɛ } / when unstressed","Syntax Error: Expected ',', but received 'j'     |     { e, oj, ɛa } > { i, u, ɛ } / when unstressed     |           ^     @ Rule 1, Line 1"
17.3.6,13,"	{ p, ḱ, kʷ } > { {w,v}, s, kʰ }","Syntax Error: Unknown character ḱ at '0:0:5'.     |     { p, ḱ, kʷ } > { {w,v}, s, kʰ }     |          ^     @ Rule 1, Line 1"
17.3.6,14,	ɡ́ > t͡s (?),"Syntax Error: Unknown character ́ at '0:0:1'.     |     ɡ́ > t͡s (?)     |      ^     @ Rule 1, Line 1"
17.3.6,17,"	{ bʱ, ɡ́ʱ, ɡʷʱ } > { b, j, ɡ } / #_","Syntax Error: Unknown character ́ at '0:0:7'.     |     { bʱ, ɡ́ʱ, ɡʷʱ } > { b, j, ɡ } / #_     |            ^     @ Rule 1, Line 1"
17.3.6,18,	bʱ dʱ ɡ́ʱ ɡʱ ɡʷʱ > p t j k / #_,"Syntax Error: Unknown character ́ at '0:0:7'.     |     bʱ dʱ ɡ́ʱ ɡʱ ɡʷʱ > p t j k / #_     |            ^     @ Rule 1, Line 1"
17.3.6,19,"	{ bʱ, dʱ, ɡ́ʱ, ɡʱ, ɡʷʱ } > { {w,v}, d, z, ɡ, ʒ }","Syntax Error: Unknown character ́ at '0:0:11'.     |     { bʱ, dʱ, ɡ́ʱ, ɡʱ, ɡʷʱ } > { {w,v}, d, z, ɡ, ʒ }     |                ^     @ Rule 1, Line 1"
17.3.6,22,"	{sk,ks} kʲ > t͡sʰ t͡ʃʰ (?)","Syntax Error: Expected ',', but received 'k'     |     {sk,ks} kʲ > t͡sʰ t͡ʃʰ (?)     |       ^     @ Rule 1, Line 1"
17.3.6,23,"	{sr,rs} > r:[+long]","Syntax Error: Expected ',', but received 'r'     |     {sr,rs} > r:[+long]     |       ^     @ Rule 1, Line 1"
17.3.6,27,"	{ Ns, sN } > { s, N }","Syntax Error: Expected ',', but received 's'     |     { Ns, sN } > { s, N }     |        ^     @ Rule 1, Line 1"
17.3.6,29,"	VN > V:[+nasal] / _#, in polysyllables","Syntax Error: Expected '_', but received ''     |     VN > V:[+nasal] / _#, in polysyllables     |                                           ^     @ Rule 1, Line 1"
17.3.6,30,"	V:[+nasal] > V / _#, in polysyllables","Syntax Error: Expected '_', but received ''     |     V:[+nasal] > V / _#, in polysyllables     |                                          ^     @ Rule 1, Line 1"
17.3.6,31,"	V > (?) / _#, in polysyllables","Syntax Error: Unknown character ( at '0:0:2'.     |     V > (?) / _#, in polysyllables     |       ^     @ Rule 1, Line 1"
17.3.6,32,"	N > n / _#, in monosyllables","Syntax Error: Expected '_', but received ''     |     N > n / _#, in monosyllables     |                                 ^     @ Rule 1, Line 1"
17.3.6,33,	N̩ > n / _#,"Syntax Error: Expected '>', '->' or '=>', but received '̩'     |     N̩ > n / _#     |      ^     @ Rule 1, Line 1"
17.3.6,34,"	{ m̩, n̩, r̩, l̩ } > { am, an, ar, aɫ }","Syntax Error: Expected ',', but received 'm'     |     { m̩, n̩, r̩, l̩ } > { am, an, ar, aɫ }     |                             ^     @ Rule 1, Line 1"
17.3.6,35,"	V > (?) / :{ _C#, _# }:","Syntax Error: Unknown character ( at '0:0:2'.     |     V > (?) / :{ _C#, _# }:     |       ^     @ Rule 1, Line 1"
17.3.7,0,"	{ {e,i}:[+long], {u,o}:[+long] } > { i, u }","Syntax Error: Cannot have nested brackets of the same type     |     { {e,i}:[+long], {u,o}:[+long] } > { i, u }     |       ^     @ Rule 1, Line 1"
17.3.7,1,"	{ {e,o}j, ɛw } > { ɛj, ow }","Syntax Error: Cannot have nested brackets of the same type     |     { {e,o}j, ɛw } > { ɛj, ow }     |       ^     @ Rule 1, Line 1"
17.3.7,2,"	{e,o} > a (rare)","Syntax Error: Expected end of line, received '('. Did you forget a '/' between the output and environment?     |     {e,o} > a (rare)     |               ^     @ Rule 1, Line 1"
17.3.7,6,"	{ ej, ia } > { e, ɛa }","Syntax Error: Expected ',', but received 'j'     |     { ej, ia } > { e, ɛa }     |        ^     @ Rule 1, Line 1"
17.3.7,7,"	{i,u} > ə / in some unstressed syllables","Syntax Error: Expected '_', but received ''     |     {i,u} > ə / in some unstressed syllables     |                                             ^     @ Rule 1, Line 1"
17.3.7,8,"	{ e, oj, ɛa } > { i, u, ɛ } / when unstressed","Syntax Error: Expected ',', but received 'j'     |     { e, oj, ɛa } > { i, u, ɛ } / when unstressed     |           ^     @ Rule 1, Line 1"
17.3.7,13,"	{ p, ḱ, kʷ } > { {w,v}, s, kʰ }","Syntax Error: Unknown character ḱ at '0:0:5'.     |     { p, ḱ, kʷ } > { {w,v}, s, kʰ }     |          ^     @ Rule 1, Line 1"
17.3.7,14,	ɡ́ > t͡s (?),"Syntax Error: Unknown character ́ at '0:0:1'.     |     ɡ́ > t͡s (?)     |      ^     @ Rule 1, Line 1"
17.3.7,17,"	{ bʱ, ɡ́ʱ, ɡʷʱ } > { b, j, ɡ } / #_","Syntax Error: Unknown character ́ at '0:0:7'.     |     { bʱ, ɡ́ʱ, ɡʷʱ } > { b, j, ɡ } / #_     |            ^     @ Rule 1, Line 1"
17.3.7,18,"	{ bʱ, dʱ, ɡ́ʱ, ɡʱ, ɡʷʱ } > { {w,v}, d, z, ɡ, ʒ }","Syntax Error: Unknown character ́ at '0:0:11'.     |     { bʱ, dʱ, ɡ́ʱ, ɡʱ, ɡʷʱ } > { {w,v}, d, z, ɡ, ʒ }     |                ^     @ Rule 1, Line 1"
17.3.7,21,"	{sk,ks} kʲ > t͡sʰ t͡ʃʰ (?)","Syntax Error: Expected ',', but received 'k'     |     {sk,ks} kʲ > t͡sʰ t͡ʃʰ (?)     |       ^     @ Rule 1, Line 1"
17.3.7,22,"	{sr,rs} > r:[+long]","Syntax Error: Expected ',', but received 'r'     |     {sr,rs} > r:[+long]     |       ^     @ Rule 1, Line 1"
17.3.7,26,"	{ Ns, sN } > { s, N }","Syntax Error: Expected ',', but received 's'     |     { Ns, sN } > { s, N }     |        ^     @ Rule 1, Line 1"
17.3.7,28,"	VN > V:[+nasal] / _#, in polysyllables","Syntax Error: Expected '_', but received ''     |     VN > V:[+nasal] / _#, in polysyllables     |                                           ^     @ Rule 1, Line 1"
17.3.7,29,"	V:[+nasal] > V / _#, in polysyllables","Syntax Error: Expected '_', but received ''     |     V:[+nasal] > V / _#, in polysyllables     |                                          ^     @ Rule 1, Line 1"
17.3.7,30,"	V > (?) / _#, in polysyllables","Syntax Error: Unknown character ( at '0:0:2'.     |     V > (?) / _#, in polysyllables     |       ^     @ Rule 1, Line 1"
17.3.7,31,"	N > n / _#, in monosyllables","Syntax Error: Expected '_', but received ''     |     N > n / _#, in monosyllables     |                                 ^     @ Rule 1, Line 1"
17.3.7,32,	N̩ > n / _#,"Syntax Error: Expected '>', '->' or '=>', but received '̩'     |     N̩ > n / _#     |      ^     @ Rule 1, Line 1"
17.3.7,33,"	{ m̩, n̩, r̩, l̩ } > { am, an, ar, aɫ }","Syntax Error: Expected ',', but received 'm'     |     { m̩, n̩, r̩, l̩ } > { am, an, ar, aɫ }     |                             ^     @ Rule 1, Line 1"
17.3.7,34,"	V > (?) / :{ _C#, _# }:","Syntax Error: Unknown character ( at '0:0:2'.     |     V > (?) / :{ _C#, _# }:     |       ^     @ Rule 1, Line 1"
17.4.1,0,"	{ bʱ, dʱ, ɡ́ʱ } > { b, d, z }","Syntax Error: Unknown character ́ at '0:0:11'.     |     { bʱ, dʱ, ɡ́ʱ } > { b, d, z }     |                ^     @ Rule 1, Line 1"
17.4.1,1,"	{ ḱ, ɡ́ } > { s, z }","Syntax Error: Unknown character ḱ at '0:0:2'.     |     { ḱ, ɡ́ } > { s, z }     |       ^     @ Rule 1, Line 1"
17.4.1,2,"	{ kʷ, ɡʷ(ʱ) } > { t͡ʃ, d͡ʒ } / _E","Syntax Error: Expected ',', but received '('     |     { kʷ, ɡʷ(ʱ) } > { t͡ʃ, d͡ʒ } / _E     |             ^     @ Rule 1, Line 1"
17.4.1,3,"	{ k, kʷ, ɡʷ(ʱ) } > { x, k, ɡ }","Syntax Error: Expected ',', but received '('     |     { k, kʷ, ɡʷ(ʱ) } > { x, k, ɡ }     |                ^     @ Rule 1, Line 1"
17.4.1,4,	rt > š (Alex Fink says that the realization of /š/ “is unclear”),"Syntax Error: Unknown character š at '0:0:5'.     |     rt > š (Alex Fink says that the realization of /š/ “is unclear”)     |          ^     @ Rule 1, Line 1"
17.4.1,9,"	{l̩,r̩} > ər(ə(r))","Syntax Error: Cannot have nested brackets of the same type     |     {l̩,r̩} > ər(ə(r))     |                   ^     @ Rule 1, Line 1"
17.4.1,11,"	{ o, o:[+long] } > { {a,a:[+long]}, a:[+long] }","Syntax Error: Cannot have nested brackets of the same type     |     { o, o:[+long] } > { {a,a:[+long]}, a:[+long] }     |                          ^     @ Rule 1, Line 1"
17.5,0,	— he he he > e a o,"Syntax Error: Unknown character — at '0:0:0'.     |     — he he he > e a o     |     ^     @ Rule 1, Line 1"
17.5,1,	— eh eh eh > e:[+long] a:[+long] o:[+long],"Syntax Error: Unknown character — at '0:0:0'.     |     — eh eh eh > e:[+long] a:[+long] o:[+long]     |     ^     @ Rule 1, Line 1"
17.5,2,	— H > a / C_C // #_,"Syntax Error: Unknown character — at '0:0:0'.     |     — H > a / C_C // #_     |     ^     @ Rule 1, Line 1"
17.5,3,	— SS > s:[+long],"Syntax Error: Unknown character — at '0:0:0'.     |     — SS > s:[+long]     |     ^     @ Rule 1, Line 1"
17.5,4,	— ∅ > a / CR_HC,"Syntax Error: Unknown character — at '0:0:0'.     |     — ∅ > a / CR_HC     |     ^     @ Rule 1, Line 1"
17.5,5,	— H > ∅ / V_C when pretonic,"Syntax Error: Unknown character — at '0:0:0'.     |     — H > ∅ / V_C when pretonic     |     ^     @ Rule 1, Line 1"
17.5,6,	— H > a / #R_C,"Syntax Error: Unknown character — at '0:0:0'.     |     — H > a / #R_C     |     ^     @ Rule 1, Line 1"
17.5,7,"	— Ḱ > [+ cons, - fr, + bk, + hi, - lo]","Syntax Error: Unknown character — at '0:0:0'.     |     — Ḱ > [+ cons, - fr, + bk, + hi, - lo]     |     ^     @ Rule 1, Line 1"
17.5,8,	— ɡʷ > b,"Syntax Error: Unknown character — at '0:0:0'.     |     — ɡʷ > b     |     ^     @ Rule 1, Line 1"
17.5,9,	— h > ∅ / C_,"Syntax Error: Unknown character — at '0:0:0'.     |     — h > ∅ / C_     |     ^     @ Rule 1, Line 1"
17.5,10,"	— ∅ > i / C{l,r}S","Syntax Error: Unknown character — at '0:0:0'.     |     — ∅ > i / C{l,r}S     |     ^     @ Rule 1, Line 1"
17.5,11,"	— e > a / _Ra (short a only),","Syntax Error: Unknown character — at '0:0:0'.     |     — e > a / _Ra (short a only),     |     ^     @ Rule 1, Line 1"
17.5,12,	— ∅ > a / C_RC,"Syntax Error: Unknown character — at '0:0:0'.     |     — ∅ > a / C_RC     |     ^     @ Rule 1, Line 1"
17.5,13,	— H > ∅ / if not in a syllabic position,"Syntax Error: Unknown character — at '0:0:0'.     |     — H > ∅ / if not in a syllabic position     |     ^     @ Rule 1, Line 1"
17.5,14,	— p…kʷ > kʷ…kʷ,"Syntax Error: Unknown character — at '0:0:0'.     |     — p…kʷ > kʷ…kʷ     |     ^     @ Rule 1, Line 1"
17.5,15,	— e:[+long] > i:[+long],"Syntax Error: Unknown character — at '0:0:0'.     |     — e:[+long] > i:[+long]     |     ^     @ Rule 1, Line 1"
17.5,16,	— o:[+long] > u:[+long] / in #,"Syntax Error: Unknown character — at '0:0:0'.     |     — o:[+long] > u:[+long] / in #     |     ^     @ Rule 1, Line 1"
17.5,17,	— V:[+long] > V:[-long] / _RC,"Syntax Error: Unknown character — at '0:0:0'.     |     — V:[+long] > V:[-long] / _RC     |     ^     @ Rule 1, Line 1"
17.5,18,	— CC > xC / if C was a plosive or s,"Syntax Error: Unknown character — at '0:0:0'.     |     — CC > xC / if C was a plosive or s     |     ^     @ Rule 1, Line 1"
17.5,19,"	— p > b / :{ _r, _l }:","Syntax Error: Unknown character — at '0:0:0'.     |     — p > b / :{ _r, _l }:     |     ^     @ Rule 1, Line 1"
17.5,20,	— p > w / B_N,"Syntax Error: Unknown character — at '0:0:0'.     |     — p > w / B_N     |     ^     @ Rule 1, Line 1"
17.5,21,	— p > f,"Syntax Error: Unknown character — at '0:0:0'.     |     — p > f     |     ^     @ Rule 1, Line 1"
17.5,22,	— o:[+long] ej > a:[+long] e:[+long],"Syntax Error: Unknown character — at '0:0:0'.     |     — o:[+long] ej > a:[+long] e:[+long]     |     ^     @ Rule 1, Line 1"
17.5,23,	— e > o / _w,"Syntax Error: Unknown character — at '0:0:0'.     |     — e > o / _w     |     ^     @ Rule 1, Line 1"
17.5,24,	— u > o / _wO,"Syntax Error: Unknown character — at '0:0:0'.     |     — u > o / _wO     |     ^     @ Rule 1, Line 1"
17.5.1,0,"	[+ cons, - fr, + bk, + hi, - lo]ʷ > [+ cons, - fr, + bk, + hi, - lo]","Syntax Error: Expected '>', '->' or '=>', but received 'ʷ'     |     [+ cons, - fr, + bk, + hi, - lo]ʷ > [+ cons, - fr, + bk, + hi, - lo]     |                                     ^     @ Rule 1, Line 1"
17.5.1,1,"	“The PIE rules for the voicing of s > z, as in:[nizdos] for *nisdos, are assumed to apply”","Syntax Error: Unknown character “ at '0:0:0'.     |     “The PIE rules for the voicing of s > z, as in:[nizdos] for *nisdos, are assumed to apply”     |     ^     @ Rule 1, Line 1"
17.5.1,2,	Cʱ > C,"Syntax Error: Expected '>', '->' or '=>', but received 'ʱ'     |     Cʱ > C     |      ^     @ Rule 1, Line 1"
17.5.1,3,"	e:[+long] > i:[+long] / ,u} // _{i","Syntax Error: Expected '_', but received ','     |     e:[+long] > i:[+long] / ,u} // _{i     |                             ^     @ Rule 1, Line 1"
17.5.1,8,"	{ r̩, l̩ } > { {ri,ra}, {li,la} } / :{ _S(which vowel crops up is unpredictable) }:","Syntax Error: Cannot have nested brackets of the same type     |     { r̩, l̩ } > { {ri,ra}, {li,la} } / :{ _S(which vowel crops up is unpredictable) }:     |                    ^     @ Rule 1, Line 1"
17.5.1,9,"	{ r̩, l̩ } > { {ra,ar}, {la,al} } / :{ _s(the result͡s are unpredictable), _CC(the result͡s are unpredictable), _V(the result͡s are unpredictable), _#(the result͡s are unpredictable) }:","Syntax Error: Cannot have nested brackets of the same type     |     { r̩, l̩ } > { {ra,ar}, {la,al} } / :{ _s(the result͡s are unpredictable), _CC(the result͡s are unpredictable), _V(the result͡s are unpredictable), _#(the result͡s are unpredictable) }:     |                    ^     @ Rule 1, Line 1"
17.5.1,10,"	{ m̩, n̩ } > { am, an } / :{ _s, _({m, _j, _w)V }:","Syntax Error: Expected ',', but received 'm'     |     { m̩, n̩ } > { am, an } / :{ _s, _({m, _j, _w)V }:     |                     ^     @ Rule 1, Line 1"
17.5.1,11,"	{ m̩, n̩ } > { em, en }","Syntax Error: Expected ',', but received 'm'     |     { m̩, n̩ } > { em, en }     |                     ^     @ Rule 1, Line 1"
17.5.1,12,"	ɡʷ > b / #_V , _u:[+long] } // { _u","Syntax Error: Expected end of line, received '}'. Did you forget a '/' between the output and environment?     |     ɡʷ > b / #_V , _u:[+long] } // { _u     |                               ^     @ Rule 1, Line 1"
17.5.1,16,"	{ p, t, k, kʷ, b, d, ɡ, m, n, l, r, s } > { f, θ, x, xʷ, v, ð, ɣ, M, N, L, R, h } / :{ V(#)_V(“We don’t know the exact values of lenited /m n l r/. We can guess that lenited m became a nasalized labial continuant of some sort, but beyond that, we don’t know.”) }:","Syntax Error: Unknown character “ at '0:0:94'.     |     { p, t, k, kʷ, b, d, ɡ, m, n, l, r, s } > { f, θ, x, xʷ, v, ð, ɣ, M, N, L, R, h } / :{ V(#)_V(“We don’t know the exact values of lenited /m n l r/. We can guess that lenited m became a nasalized labial continuant of some sort, but beyond that, we don’t know.”) }:     |                                                                                                   ^     @ Rule 1, Line 1"
17.5.1,18,	m > n / V_#; :[i]t is,"Syntax Error: Malformed Comment: Expected ';;', but received '; ' at 0:0:12     |     m > n / V_#; :[i]t is     |                 ^     @ Rule 1, Line 1"
17.5.1,19,	V:[+long] > V / _N#; :[i]t is,"Syntax Error: Malformed Comment: Expected ';;', but received '; ' at 0:0:20     |     V:[+long] > V / _N#; :[i]t is     |                         ^     @ Rule 1, Line 1"
17.5.1,20,"	{ p, t, k, kʷ, b, d, ɡ, ∅ } > { b, d, ɡ, ɡʷ, mb, nd, ŋɡ, n } / n#_V","Syntax Error: Expected an IPA character, Primative or Matrix, but received '∅'     |     { p, t, k, kʷ, b, d, ɡ, ∅ } > { b, d, ɡ, ɡʷ, mb, nd, ŋɡ, n } / n#_V     |                             ^     @ Rule 1, Line 1"
17.5.1,21,	o:[+long] > u:[+long] / _(C…)#,"Syntax Error: Expected an IPA character, Primative or Matrix, but received '…'     |     o:[+long] > u:[+long] / _(C…)#     |                                ^     @ Rule 1, Line 1"
17.5.1,24,	V:[+long] > V:[-long] / _H (includes diphthongs),"Syntax Error: Unknown grouping 'H'. Known groupings are (C)onsonant, (O)bstruent, (S)onorant, (P)losive, (F)ricative, (L)iquid, (N)asal, (G)lide, and (V)owel     |     V:[+long] > V:[-long] / _H (includes diphthongs)     |                              ^     @ Rule 1, Line 1"
17.5.1,25,	— e > i / _(C…)#,"Syntax Error: Unknown character — at '0:0:0'.     |     — e > i / _(C…)#     |     ^     @ Rule 1, Line 1"
17.5.1,26,"	— o > a / :{ _(C…)#, _u# }:","Syntax Error: Unknown character — at '0:0:0'.     |     — o > a / :{ _(C…)#, _u# }:     |     ^     @ Rule 1, Line 1"
17.5.1,27,"	— {ai,oi} > i:[+long] / _#","Syntax Error: Unknown character — at '0:0:0'.     |     — {ai,oi} > i:[+long] / _#     |     ^     @ Rule 1, Line 1"
17.5.1,28,"	— i u > e o / _C(…C){{ a, a:[+long] }{ ,e, ,e:[+long] }{ ,o, ,o:[+long] }}","Syntax Error: Unknown character — at '0:0:0'.     |     — i u > e o / _C(…C){{ a, a:[+long] }{ ,e, ,e:[+long] }{ ,o, ,o:[+long] }}     |     ^     @ Rule 1, Line 1"
17.5.1,29,"	— e o > i u / _C(…C){,j}","Syntax Error: Unknown character — at '0:0:0'.     |     — e o > i u / _C(…C){,j}     |     ^     @ Rule 1, Line 1"
17.5.1,30,"	C > Cʲ / :{ _F, _j }:","Syntax Error: Expected end of line, received 'ʲ'. Did you forget a '/' between the output and environment?     |     C > Cʲ / :{ _F, _j }:     |          ^     @ Rule 1, Line 1"
17.5.1,31,"	C > Cʷ / :{ _B, _w }:","Syntax Error: Expected end of line, received 'ʷ'. Did you forget a '/' between the output and environment?     |     C > Cʷ / :{ _B, _w }:     |          ^     @ Rule 1, Line 1"
17.5.1,32,"	[+ cons, - fr, + bk, + hi, - lo]ʷ > [+ cons, - fr, + bk, + hi, - lo]","Syntax Error: Expected '>', '->' or '=>', but received 'ʷ'     |     [+ cons, - fr, + bk, + hi, - lo]ʷ > [+ cons, - fr, + bk, + hi, - lo]     |                                     ^     @ Rule 1, Line 1"
17.5.1,33,"	— n > ∅ / :{ {i,o,u}_p, {i,o,u}_t, {i,o,u}_k, {i,o,u}_s }:","Syntax Error: Unknown character — at '0:0:0'.     |     — n > ∅ / :{ {i,o,u}_p, {i,o,u}_t, {i,o,u}_k, {i,o,u}_s }:     |     ^     @ Rule 1, Line 1"
17.5.1,34,"	— {a,e}n > e:[+long] / :{ _p t k s }:","Syntax Error: Unknown character — at '0:0:0'.     |     — {a,e}n > e:[+long] / :{ _p t k s }:     |     ^     @ Rule 1, Line 1"
17.5.1,40,"	— {p,t} > ∅ / #s_r","Syntax Error: Unknown character — at '0:0:0'.     |     — {p,t} > ∅ / #s_r     |     ^     @ Rule 1, Line 1"
17.5.1,41,"	— {p,t} > ∅ / #s_ (although it says that occasionally st > t / #_)","Syntax Error: Unknown character — at '0:0:0'.     |     — {p,t} > ∅ / #s_ (although it says that occasionally st > t / #_)     |     ^     @ Rule 1, Line 1"
17.5.1,42,"	— s > ∅ / [anything]{l,r}_O","Syntax Error: Unknown character — at '0:0:0'.     |     — s > ∅ / [anything]{l,r}_O     |     ^     @ Rule 1, Line 1"
17.5.1,43,	— hn hm > n:[+long] m:[+long] / [anything]_ (:[t]his change is a bit speculative),"Syntax Error: Unknown character — at '0:0:0'.     |     — hn hm > n:[+long] m:[+long] / [anything]_ (:[t]his change is a bit speculative)     |     ^     @ Rule 1, Line 1"
17.5.1,44,	— st zd > s:[+long] d:[+long] / [anything]_,"Syntax Error: Unknown character — at '0:0:0'.     |     — st zd > s:[+long] d:[+long] / [anything]_     |     ^     @ Rule 1, Line 1"
17.5.1,45,"	— {l,h}l {l,h}r l{p,s,n} r{p,s} ln > l:[+long] r:[+long] l:[+long] r:[+long] (l:[+long]?) / [anything]_","Syntax Error: Unknown character — at '0:0:0'.     |     — {l,h}l {l,h}r l{p,s,n} r{p,s} ln > l:[+long] r:[+long] l:[+long] r:[+long] (l:[+long]?) / [anything]_     |     ^     @ Rule 1, Line 1"
17.5.1,46,	— C:[+long] > C:[-long],"Syntax Error: Unknown character — at '0:0:0'.     |     — C:[+long] > C:[-long]     |     ^     @ Rule 1, Line 1"
17.5.1,47,	V > ∅ / C_# when unstressed // C = j,"Syntax Error: Can't have segments after the end of a word     |     V > ∅ / C_# when unstressed // C = j     |               ^     @ Rule 1, Line 1"
17.5.1,48,	C(…C) > ∅ / _# // /l r/ and clusters containing them; :[t]his remained a phonologically conditioned rule in OIr,"Syntax Error: Malformed Comment: Expected ';;', but received '; ' at 0:0:53     |     C(…C) > ∅ / _# // /l r/ and clusters containing them; :[t]his remained a phonologically conditioned rule in OIr     |                                                          ^     @ Rule 1, Line 1"
17.5.1,49,"	{au,eu,ou} > o:[+long]","Syntax Error: Expected ',', but received 'u'     |     {au,eu,ou} > o:[+long]     |       ^     @ Rule 1, Line 1"
17.5.1,51,"	o:[+long] > ua / _:[anything],","Syntax Error: Feature 'anything' has no modifier at 0:20-28.     |     o:[+long] > ua / _:[anything],     |                         ^^^^^^^^     @ Rule 1, Line 1"
17.5.1,52,"	e:[+long] > ia / :{ _#when stressed; “ai and oi remain, but are written as <ae ai oe oi> seemingly randomly”, _Cʲwhen stressed; “ai and oi remain, but are written as <ae ai oe oi> seemingly randomly” }:","Syntax Error: Malformed Comment: Expected ';;', but received '; ' at 0:0:36     |     e:[+long] > ia / :{ _#when stressed; “ai and oi remain, but are written as <ae ai oe oi> seemingly randomly”, _Cʲwhen stressed; “ai and oi remain, but are written as <ae ai oe oi> seemingly randomly” }:     |                                         ^     @ Rule 1, Line 1"
17.5.1,54,	— V:[+long] > V:[-long],"Syntax Error: Unknown character — at '0:0:0'.     |     — V:[+long] > V:[-long]     |     ^     @ Rule 1, Line 1"
17.5.1,55,	— a > e / _#,"Syntax Error: Unknown character — at '0:0:0'.     |     — a > e / _#     |     ^     @ Rule 1, Line 1"
17.5.1,56,"	— {e,o} > a / _:[anything]","Syntax Error: Unknown character — at '0:0:0'.     |     — {e,o} > a / _:[anything]     |     ^     @ Rule 1, Line 1"
17.5.1,57,"	V > V:[+long] / _#, ; :[t]his remained as a phonologically conditioned rule in OIr","Syntax Error: Malformed Comment: Expected ';;', but received '; ' at 0:0:21     |     V > V:[+long] / _#, ; :[t]his remained as a phonologically conditioned rule in OIr     |                          ^     @ Rule 1, Line 1"
17.5.1,58,"	VOR > V:[+long]R; “this is a tad unclear, because in some instances it didn’t seem to apply”","Syntax Error: Malformed Comment: Expected ';;', but received '; ' at 0:0:17     |     VOR > V:[+long]R; “this is a tad unclear, because in some instances it didn’t seem to apply”     |                      ^     @ Rule 1, Line 1"
17.5.1,59,"	V > ∅ / #UU(_)((_)) / unstressed; this remained as a phonologically conditioned rule in OIr; :[t]hat’s a little unclear, so let me try and enumerate: in words of more than three syllables, every other vowel (only the even ones) dropped, if it’s unstressed. In some words, syncope didn’t apply because it would create an unwieldy consonant cluster: so PIE *komaktyom → OIr cumachte, not *cumchte","Syntax Error: Cannot have nested brackets of the same type     |     V > ∅ / #UU(_)((_)) / unstressed; this remained as a phonologically conditioned rule in OIr; :[t]hat’s a little unclear, so let me try and enumerate: in words of more than three syllables, every other vowel (only the even ones) dropped, if it’s unstressed. In some words, syncope didn’t apply because it would create an unwieldy consonant cluster: so PIE *komaktyom → OIr cumachte, not *cumchte     |                    ^     @ Rule 1, Line 1"
17.5.2,3,	st > s:[+long] (with some exceptions),"Syntax Error: Expected end of line, received '('. Did you forget a '/' between the output and environment?     |     st > s:[+long] (with some exceptions)     |                    ^     @ Rule 1, Line 1"
17.5.2,6,"	V > ə / _{ C#, # }, also in proclitics","Syntax Error: Expected ',', but received '#'     |     V > ə / _{ C#, # }, also in proclitics     |                 ^     @ Rule 1, Line 1"
17.5.2,8,"	{au,eu,ou} > ∅","Syntax Error: Expected ',', but received 'u'     |     {au,eu,ou} > ∅     |       ^     @ Rule 1, Line 1"
17.5.2,9,"	{ u:[+long], {oi,ɔ:[+long]} } > { y:[+long], u:[+long] }","Syntax Error: Cannot have nested brackets of the same type     |     { u:[+long], {oi,ɔ:[+long]} } > { y:[+long], u:[+long] }     |                  ^     @ Rule 1, Line 1"
17.5.2,13,"	{ p, t, k, {b,m}, d, ɡ } > { b, d, ɡ, v, ð, ɣ } / _V","Syntax Error: Cannot have nested brackets of the same type     |     { p, t, k, {b,m}, d, ɡ } > { b, d, ɡ, v, ð, ɣ } / _V     |                ^     @ Rule 1, Line 1"
17.5.2,15,"	{ a, o } > { ei, {ɨ,ei} } / _(C…)j(C…)#","Syntax Error: Cannot have nested brackets of the same type     |     { a, o } > { ei, {ɨ,ei} } / _(C…)j(C…)#     |                      ^     @ Rule 1, Line 1"
17.5.2,16,"	a > ɨ, ei / _(C…)j(C…)#","Syntax Error: Expected an IPA character, Primative or Matrix, but received '…'     |     a > ɨ, ei / _(C…)j(C…)#     |                    ^     @ Rule 1, Line 1"
17.5.2,17,	V > ɨ / _(C…)j(C…)#,"Syntax Error: Expected an IPA character, Primative or Matrix, but received '…'     |     V > ɨ / _(C…)j(C…)#     |                ^     @ Rule 1, Line 1"
17.5.2,18,"	{a,o} > e / _(C…){ i, i:[+long] }","Syntax Error: Expected an IPA character, Primative or Matrix, but received '…'     |     {a,o} > e / _(C…){ i, i:[+long] }     |                    ^     @ Rule 1, Line 1"
17.5.2,19,"	{a,e,o} > ei / _(C…)j","Syntax Error: Expected an IPA character, Primative or Matrix, but received '…'     |     {a,e,o} > ei / _(C…)j     |                       ^     @ Rule 1, Line 1"
17.5.2,21,"	{ mb, nd, ŋɡ } > { m:[+long], n:[+long], ŋ:[+long] }","Syntax Error: Expected ',', but received 'b'     |     { mb, nd, ŋɡ } > { m:[+long], n:[+long], ŋ:[+long] }     |        ^     @ Rule 1, Line 1"
17.5.2,24,	V > ∅ / _:[+intertonic],"Syntax Error: Unknown feature 'intertonic' at 0:11-22. Did you mean anterior?      |     V > ∅ / _:[+intertonic]     |                ^^^^^^^^^^^     @ Rule 1, Line 1"
17.5.2,34,"	{ mp, nt, ŋk } > { m̥, n̥, ŋ̊ }","Syntax Error: Unknown character ̊ at '0:0:28'.     |     { mp, nt, ŋk } > { m̥, n̥, ŋ̊ }     |                                 ^     @ Rule 1, Line 1"
17.6,1,"	e > je / in open syllables,","Syntax Error: Expected '_', but received ','     |     e > je / in open syllables,     |                               ^     @ Rule 1, Line 1"
17.6,2,"	e > ja / in closed syllables,","Syntax Error: Expected '_', but received ','     |     e > ja / in closed syllables,     |                                 ^     @ Rule 1, Line 1"
17.6,4,"	{ oi, wo, wj, ow } > { ai, wa, vi, aw }","Syntax Error: Expected ',', but received 'i'     |     { oi, wo, wj, ow } > { ai, wa, vi, aw }     |        ^     @ Rule 1, Line 1"
17.6,5,"	ei > {ei,i} (“PIE *ei evolution is not well reconstructed yet”)","Syntax Error: Unknown character “ at '0:0:13'.     |     ei > {ei,i} (“PIE *ei evolution is not well reconstructed yet”)     |                  ^     @ Rule 1, Line 1"
17.6,6,"	{ bʱ, dʱ, ɡ́ʱ, ɡʱ, ɡʷʱ } > { b, d, ɡ́, ɡ, ɡʷ }","Syntax Error: Unknown character ́ at '0:0:11'.     |     { bʱ, dʱ, ɡ́ʱ, ɡʱ, ɡʷʱ } > { b, d, ɡ́, ɡ, ɡʷ }     |                ^     @ Rule 1, Line 1"
17.6,7,"	{ ḱ, ɡ́ } > { t͡s, d͡z }","Syntax Error: Unknown character ḱ at '0:0:2'.     |     { ḱ, ɡ́ } > { t͡s, d͡z }     |       ^     @ Rule 1, Line 1"
17.6,8,"	{kʷ,kʷ} {ɡʷ,ɡʷ} > t͡ʃ d͡ʒ ( / _E","Syntax Error: Expected end of line, received '('. Did you forget a '/' between the output and environment?     |     {kʷ,kʷ} {ɡʷ,ɡʷ} > t͡ʃ d͡ʒ ( / _E     |                               ^     @ Rule 1, Line 1"
17.6,9,"	{ t͡ʃ, d͡ʒ, ( } > { s~z, z, ?) } / _E","Syntax Error: Expected an IPA character, Primative or Matrix, but received '('     |     { t͡ʃ, d͡ʒ, ( } > { s~z, z, ?) } / _E     |                 ^     @ Rule 1, Line 1"
17.6,10,"	{ {kʷ,kʷ}, {ɡʷ,ɡʷ} } > { k, ɡ }","Syntax Error: Cannot have nested brackets of the same type     |     { {kʷ,kʷ}, {ɡʷ,ɡʷ} } > { k, ɡ }     |       ^     @ Rule 1, Line 1"
17.7,3,	f θ s x > β ð z ɣ “(Except initially or following IE stress)”,"Syntax Error: Unknown character “ at '0:0:18'.     |     f θ s x > β ð z ɣ “(Except initially or following IE stress)”     |                       ^     @ Rule 1, Line 1"
17.7,4,"	{ {i,j}, {u,w} } > { j, w } / V:[+short]C_","Syntax Error: Cannot have nested brackets of the same type     |     { {i,j}, {u,w} } > { j, w } / V:[+short]C_     |       ^     @ Rule 1, Line 1"
17.7,5,"	{ {i,j}, {u,w} } > { ij, uw }","Syntax Error: Cannot have nested brackets of the same type     |     { {i,j}, {u,w} } > { ij, uw }     |       ^     @ Rule 1, Line 1"
17.7,10,"	{ ei, oi } > { i:[+long], ai }","Syntax Error: Expected ',', but received 'i'     |     { ei, oi } > { i:[+long], ai }     |        ^     @ Rule 1, Line 1"
17.7,11,"	e:[+long]i {o:[+long]i,a:[+long]i} > e:[+long] o:[+long] (?)","Syntax Error: Expected ',', but received 'i'     |     e:[+long]i {o:[+long]i,a:[+long]i} > e:[+long] o:[+long] (?)     |                          ^     @ Rule 1, Line 1"
17.7,12,"	{ eu, ou } > { iu, au }","Syntax Error: Expected ',', but received 'u'     |     { eu, ou } > { iu, au }     |        ^     @ Rule 1, Line 1"
17.7.1,0,	— o e > u i,"Syntax Error: Unknown character — at '0:0:0'.     |     — o e > u i     |     ^     @ Rule 1, Line 1"
17.7.1,1,"	— u > ɔ / :{ _r(unless this r “arose from older s by assimilation”), _h(unless this r “arose from older s by assimilation”) }:","Syntax Error: Unknown character — at '0:0:0'.     |     — u > ɔ / :{ _r(unless this r “arose from older s by assimilation”), _h(unless this r “arose from older s by assimilation”) }:     |     ^     @ Rule 1, Line 1"
17.7.1,2,"	— i > ɛ / :{ _r, _h, _ʍ }:","Syntax Error: Unknown character — at '0:0:0'.     |     — i > ɛ / :{ _r, _h, _ʍ }:     |     ^     @ Rule 1, Line 1"
17.7.1,3,	— æ:[+long] > e:[+long],"Syntax Error: Unknown character — at '0:0:0'.     |     — æ:[+long] > e:[+long]     |     ^     @ Rule 1, Line 1"
17.7.1,4,	— ew > iw,"Syntax Error: Unknown character — at '0:0:0'.     |     — ew > iw     |     ^     @ Rule 1, Line 1"
17.7.1,5,	— V:[-long] > ∅ / _# // V = u,"Syntax Error: Unknown character — at '0:0:0'.     |     — V:[-long] > ∅ / _# // V = u     |     ^     @ Rule 1, Line 1"
17.7.1,6,	— V:[-long] > ∅ / U_C# // V = u,"Syntax Error: Unknown character — at '0:0:0'.     |     — V:[-long] > ∅ / U_C# // V = u     |     ^     @ Rule 1, Line 1"
17.7.1,7,	— aj > a / U_#,"Syntax Error: Unknown character — at '0:0:0'.     |     — aj > a / U_#     |     ^     @ Rule 1, Line 1"
17.7.1,8,	iw > ju / [-stress],"Syntax Error: Expected '_', but received ''     |     iw > ju / [-stress]     |                        ^     @ Rule 1, Line 1"
17.7.1,11,"	{ o:[+long]w, æ:[+long]j } > { ɔ:[+long], ɛ:[+long] } / _V","Syntax Error: Expected ',', but received 'w'     |     { o:[+long]w, æ:[+long]j } > { ɔ:[+long], ɛ:[+long] } / _V     |                ^     @ Rule 1, Line 1"
17.7.1,12,	j > i / C_# after the loss of a final vowel or syllable,"Syntax Error: Can't have segments after the end of a word     |     j > i / C_# after the loss of a final vowel or syllable     |               ^     @ Rule 1, Line 1"
17.7.1,14,	ij > i / _# after the loss of a final vowel or syllable,"Syntax Error: Can't have segments after the end of a word     |     ij > i / _# after the loss of a final vowel or syllable     |               ^     @ Rule 1, Line 1"
17.7.1,15,"	Vw > u / _s (to wit, the vowel is deleted and the *w syllabifies)","Syntax Error: Expected ':', but received 't'     |     Vw > u / _s (to wit, the vowel is deleted and the *w syllabifies)     |                          ^     @ Rule 1, Line 1"
17.7.1,16,	iji > i:[+long] / :[-stress](C…)_,"Syntax Error: Expected '_', but received ':'     |     iji > i:[+long] / :[-stress](C…)_     |                       ^     @ Rule 1, Line 1"
17.7.1,17,	iji > i:[+long] / :[+ long,"Syntax Error: Expected '_', but received ':'     |     iji > i:[+long] / :[+ long     |                       ^     @ Rule 1, Line 1"
17.7.1,19,"	m > β / C:[-voice]_n, when medial","Syntax Error: Expected '_', but received ''     |     m > β / C:[-voice]_n, when medial     |                                      ^     @ Rule 1, Line 1"
17.7.1,20,"	m > ɸ / C:[+voice]_n, when medial","Syntax Error: Expected '_', but received ''     |     m > ɸ / C:[+voice]_n, when medial     |                                      ^     @ Rule 1, Line 1"
17.7.1,27,"	z > s / _#,","Syntax Error: Expected '_', but received ''     |     z > s / _#,     |                ^     @ Rule 1, Line 1"
17.7.1,29,	s > r / in :[t]he prep:[osition]. us…before r in compounds,"Syntax Error: Feature 't' has no modifier at 0:13-14.     |     s > r / in :[t]he prep:[osition]. us…before r in compounds     |                  ^     @ Rule 1, Line 1"
17.7.1,30,"	s > ∅ / in :[t]he prep:[osition]. us…in compounds before st,","Syntax Error: Feature 't' has no modifier at 0:13-14.     |     s > ∅ / in :[t]he prep:[osition]. us…in compounds before st,     |                  ^     @ Rule 1, Line 1"
17.7.2,0,"	{ β, ð, ɣ } > { b, d, ɡ } / :{ #_, ”V_ }:","Syntax Error: Unknown character ” at '0:0:35'.     |     { β, ð, ɣ } > { b, d, ɡ } / :{ #_, ”V_ }:     |                                        ^     @ Rule 1, Line 1"
17.7.2,2,	C > C:[+long] / _j // C = r,"Syntax Error: Expected number, but received r      |     C > C:[+long] / _j // C = r     |                               ^     @ Rule 1, Line 1"
17.7.2.1,1,	VN > Ṽ:[+long] / _F,"Syntax Error: Unknown character Ṽ at '0:0:5'.     |     VN > Ṽ:[+long] / _F     |          ^     @ Rule 1, Line 1"
17.7.2.1,2,"	a > æ:[+long] / , includes diphthongs // B or *ã in next syllable","Syntax Error: Unknown character ã at '0:0:47'.     |     a > æ:[+long] / , includes diphthongs // B or *ã in next syllable     |                                                    ^     @ Rule 1, Line 1"
17.7.2.1,3,"	{ k, ɡ } > { t͡ʃ, j(?) }","Syntax Error: Expected ',', but received '('     |     { k, ɡ } > { t͡ʃ, j(?) }     |                        ^     @ Rule 1, Line 1"
17.7.2.1,4,"	æ:[+long] > a:[+long] “under to:[sic] the influence of neighboring consonant͡s”, but the article doesn’t elaborate","Syntax Error: Unknown character “ at '0:0:22'.     |     æ:[+long] > a:[+long] “under to:[sic] the influence of neighboring consonant͡s”, but the article doesn’t elaborate     |                           ^     @ Rule 1, Line 1"
17.7.2.1,6,	æu > au (æ / _B in general?),"Syntax Error: Expected end of line, received '('. Did you forget a '/' between the output and environment?     |     æu > au (æ / _B in general?)     |             ^     @ Rule 1, Line 1"
17.7.2.1,7,	au (æ > a / _B in general?),"Syntax Error: Expected an IPA character, Primative or Matrix, but received '>'     |     au (æ > a / _B in general?)     |           ^     @ Rule 1, Line 1"
17.7.2.1,9,"	{ i, o } > { e, a } / unstressed","Syntax Error: Expected '_', but received ''     |     { i, o } > { e, a } / unstressed     |                                     ^     @ Rule 1, Line 1"
17.7.2.1,10,"	{ ai, au, eu } > { {e:[+long],a:[+long]}, a:[+long], ia }","Syntax Error: Cannot have nested brackets of the same type     |     { ai, au, eu } > { {e:[+long],a:[+long]}, a:[+long], ia }     |                        ^     @ Rule 1, Line 1"
17.7.2.1,11,"	{ ia, iu } > { ja:[+long], ju:[+long] }","Syntax Error: Expected ',', but received 'a'     |     { ia, iu } > { ja:[+long], ju:[+long] }     |        ^     @ Rule 1, Line 1"
17.7.2.1,12,"	a > æ / , or if *B or *ã in next syllable // _N or if nasalized","Syntax Error: Unknown character ã at '0:0:23'.     |     a > æ / , or if *B or *ã in next syllable // _N or if nasalized     |                            ^     @ Rule 1, Line 1"
17.7.2.1,14,"	{i,u} > ∅ / -# // VC_","Syntax Error: Expected '->', but received -'#' at 0:0:12     |     {i,u} > ∅ / -# // VC_     |                 ^     @ Rule 1, Line 1"
17.7.2.1.1,0,	ɑ̃:[+long] > õ:[+long],"Syntax Error: Unknown character õ at '0:0:13'.     |     ɑ̃:[+long] > õ:[+long]     |                  ^     @ Rule 1, Line 1"
17.7.2.1.1,2,"	{i,u} > ∅/ _# ! V:[-long]C_#","Syntax Error: Could not get value of IPA 'ǃ'.     |     {i,u} > ∅/ _# ! V:[-long]C_#     |                   ^     @ Rule 1, Line 1"
17.7.2.1.1,3,"	{ k, ɣ, ɡ } > { t͡ʃ, ʝ, d͡ʒ } / in certain complex circumstances","Syntax Error: Expected '_', but received ''     |     { k, ɣ, ɡ } > { t͡ʃ, ʝ, d͡ʒ } / in certain complex circumstances     |                                                                     ^     @ Rule 1, Line 1"
17.7.2.1.2,0,"	V:[+long] > V:[-long] / _C{:[+long],C} ,V} or when preceding a cluster which had triggered a vowel to become long in Old English; the book gives Christ vs. Christmas as an example // _st{#","Syntax Error: Malformed Comment: Expected ';;', but received '; ' at 0:0:129     |     V:[+long] > V:[-long] / _C{:[+long],C} ,V} or when preceding a cluster which had triggered a vowel to become long in Old English; the book gives Christ vs. Christmas as an example // _st{#     |                                                                                                                                      ^     @ Rule 1, Line 1"
17.7.2.1.2,1,"	{ eɑ, e:[+long]ɑ, eo, e:[+long]o } > { ɑ, ɛ:[+long], e, e:[+long] }","Syntax Error: Expected ',', but received 'ɑ'     |     { eɑ, e:[+long]ɑ, eo, e:[+long]o } > { ɑ, ɛ:[+long], e, e:[+long] }     |        ^     @ Rule 1, Line 1"
17.7.2.1.2,4,"	{{ æ:[+long]j,e, æ:[+long]j,e:[+long] }j} > ej","Syntax Error: Cannot have nested brackets of the same type     |     {{ æ:[+long]j,e, æ:[+long]j,e:[+long] }j} > ej     |      ^     @ Rule 1, Line 1"
17.7.2.1.2,6,"	{eɑh,eɑç,eɑx,eɑʝ,eɑɣ} > ɑw","Syntax Error: Expected ',', but received 'ɑ'     |     {eɑh,eɑç,eɑx,eɑʝ,eɑɣ} > ɑw     |       ^     @ Rule 1, Line 1"
17.7.2.1.2,7,"	{ e:[+long]ɑw, i:[+long]w } > { ew, ju }","Syntax Error: Expected ',', but received 'ɑ'     |     { e:[+long]ɑw, i:[+long]w } > { ew, ju }     |                ^     @ Rule 1, Line 1"
17.7.2.1.2,8,"	{ɑ:[+long]w,ɑ:[+long]ɣ,o:[+long]w} > ɔ:[+long]w","Syntax Error: Expected ',', but received 'w'     |     {ɑ:[+long]w,ɑ:[+long]ɣ,o:[+long]w} > ɔ:[+long]w     |               ^     @ Rule 1, Line 1"
17.7.2.1.2,10,"	{{ o, o:[+long] }ht,ɑ:[+long]ht} > ow","Syntax Error: Cannot have nested brackets of the same type     |     {{ o, o:[+long] }ht,ɑ:[+long]ht} > ow     |      ^     @ Rule 1, Line 1"
17.7.2.1.2,11,"	{ ɑ:[+long], {, y,, y:[+long], } } > { ɔ:[+long], {, e,, e:[+long], } }","Syntax Error: Cannot have nested brackets of the same type     |     { ɑ:[+long], {, y,, y:[+long], } } > { ɔ:[+long], {, e,, e:[+long], } }     |                  ^     @ Rule 1, Line 1"
17.7.2.1.2,12,"	{ ɑ, e, o } > { ɑ:[+long], ɛ:[+long], o:[+long] } / in :[+open] // in # with the following containing /i:[+long]/ or ending in one of /m n r l/","Syntax Error: Unknown feature 'open' at 0:57-62. Did you mean ten?      |     { ɑ, e, o } > { ɑ:[+long], ɛ:[+long], o:[+long] } / in :[+open] // in # with the following containing /i:[+long]/ or ending in one of /m n r l/     |                                                              ^^^^^     @ Rule 1, Line 1"
17.7.2.1.2,13,	V:[+long] > V:[-long] / in # before a with /i:[+long]/,"Syntax Error: Can't have segments before the beginning of a word     |     V:[+long] > V:[-long] / in # before a with /i:[+long]/     |                                ^     @ Rule 1, Line 1"
17.7.2.1.2,14,	m > n / _# when unstressed,"Syntax Error: Can't have segments after the end of a word     |     m > n / _# when unstressed     |              ^     @ Rule 1, Line 1"
17.7.2.1.2,15,	n > ∅ / _# when unstressed,"Syntax Error: Can't have segments after the end of a word     |     n > ∅ / _# when unstressed     |              ^     @ Rule 1, Line 1"
17.7.2.1.2,16,"	{ hn, {wl,hl}, hr } > { w, l, r }","Syntax Error: Cannot have nested brackets of the same type     |     { hn, {wl,hl}, hr } > { w, l, r }     |           ^     @ Rule 1, Line 1"
17.7.2.1.3,0,"	V:[+long] > V:[-long] / _C{:[+long],C} ,V} or when preceding a cluster which had triggered a vowel to become long in Old English; the book gives Christ vs. Christmas as an example // _st{#","Syntax Error: Malformed Comment: Expected ';;', but received '; ' at 0:0:129     |     V:[+long] > V:[-long] / _C{:[+long],C} ,V} or when preceding a cluster which had triggered a vowel to become long in Old English; the book gives Christ vs. Christmas as an example // _st{#     |                                                                                                                                      ^     @ Rule 1, Line 1"
17.7.2.1.3,1,"	{ eɑ, e:[+long]ɑ, eo, e:[+long]o } > { ɑ, ɛ:[+long], e, e:[+long] }","Syntax Error: Expected ',', but received 'ɑ'     |     { eɑ, e:[+long]ɑ, eo, e:[+long]o } > { ɑ, ɛ:[+long], e, e:[+long] }     |        ^     @ Rule 1, Line 1"
17.7.2.1.3,4,"	{{ æ:[+long]j,e, æ:[+long]j,e:[+long] }j} > ej","Syntax Error: Cannot have nested brackets of the same type     |     {{ æ:[+long]j,e, æ:[+long]j,e:[+long] }j} > ej     |      ^     @ Rule 1, Line 1"
17.7.2.1.3,6,"	{eɑh,eɑç,eɑx,eɑʝ,eɑɣ} > ɑw","Syntax Error: Expected ',', but received 'ɑ'     |     {eɑh,eɑç,eɑx,eɑʝ,eɑɣ} > ɑw     |       ^     @ Rule 1, Line 1"
17.7.2.1.3,7,"	{ e:[+long]ɑw, i:[+long]w } > { ew, ju }","Syntax Error: Expected ',', but received 'ɑ'     |     { e:[+long]ɑw, i:[+long]w } > { ew, ju }     |                ^     @ Rule 1, Line 1"
17.7.2.1.3,8,"	{ɑ:[+long]w,ɑ:[+long]ɣ,o:[+long]w} > ɔ:[+long]w","Syntax Error: Expected ',', but received 'w'     |     {ɑ:[+long]w,ɑ:[+long]ɣ,o:[+long]w} > ɔ:[+long]w     |               ^     @ Rule 1, Line 1"
17.7.2.1.3,10,"	{{ ɑ:[+long]ht,o, ɑ:[+long]ht,o:[+long] }ht} > ow","Syntax Error: Cannot have nested brackets of the same type     |     {{ ɑ:[+long]ht,o, ɑ:[+long]ht,o:[+long] }ht} > ow     |      ^     @ Rule 1, Line 1"
17.7.2.1.3,11,"	{ ɑ:[+long], {, y,, y:[+long], } } > { ɔ:[+long], {, i,, i:[+long], } }","Syntax Error: Cannot have nested brackets of the same type     |     { ɑ:[+long], {, y,, y:[+long], } } > { ɔ:[+long], {, i,, i:[+long], } }     |                  ^     @ Rule 1, Line 1"
17.7.2.1.3,12,"	{ ɑ, e, o } > { ɑ:[+long], ɛ:[+long], o:[+long] } / in :[+open] // in # with the following containing /i:[+long]/ or ending in one of /m n r l/","Syntax Error: Unknown feature 'open' at 0:57-62. Did you mean ten?      |     { ɑ, e, o } > { ɑ:[+long], ɛ:[+long], o:[+long] } / in :[+open] // in # with the following containing /i:[+long]/ or ending in one of /m n r l/     |                                                              ^^^^^     @ Rule 1, Line 1"
17.7.2.1.3,13,	V:[+long] > V:[-long] / in # before a with /i:[+long]/,"Syntax Error: Can't have segments before the beginning of a word     |     V:[+long] > V:[-long] / in # before a with /i:[+long]/     |                                ^     @ Rule 1, Line 1"
17.7.2.1.3,14,	m > n / _# when unstressed,"Syntax Error: Can't have segments after the end of a word     |     m > n / _# when unstressed     |              ^     @ Rule 1, Line 1"
17.7.2.1.3,15,	n > ∅ / _# when unstressed,"Syntax Error: Can't have segments after the end of a word     |     n > ∅ / _# when unstressed     |              ^     @ Rule 1, Line 1"
17.7.2.1.3,16,"	{ hn, {wl,hl}, hr } > { w, l, r }","Syntax Error: Cannot have nested brackets of the same type     |     { hn, {wl,hl}, hr } > { w, l, r }     |           ^     @ Rule 1, Line 1"
17.7.2.1.4,0,	ʊ > ɤ ! P_ and _l,"Syntax Error: Could not get value of IPA 'ǃ'.     |     ʊ > ɤ ! P_ and _l     |           ^     @ Rule 1, Line 1"
17.7.2.1.4,1,"	{ mb, ŋɡ } > { m, ŋ } / _#","Syntax Error: Expected ',', but received 'b'     |     { mb, ŋɡ } > { m, ŋ } / _#     |        ^     @ Rule 1, Line 1"
17.7.2.1.4,3,"	{ a, ɑ, {ɛ,ɪ,ɤ} } > { ɑ:[+long], ɔ:[+long], ɜ:[+long] } / _ɹ{C,#}","Syntax Error: Cannot have nested brackets of the same type     |     { a, ɑ, {ɛ,ɪ,ɤ} } > { ɑ:[+long], ɔ:[+long], ɜ:[+long] } / _ɹ{C,#}     |             ^     @ Rule 1, Line 1"
17.7.2.1.4,5,	ɑʊ > ɑ:[+long] / _N (,"Syntax Error: Expected an IPA character, Primative or Matrix, but received ''     |     ɑʊ > ɑ:[+long] / _N (     |                          ^     @ Rule 1, Line 1"
17.7.2.1.4,7,"	a > ɑ:[+long] / in a few words, like ‘father’","Syntax Error: Unknown character ‘ at '0:0:37'.     |     a > ɑ:[+long] / in a few words, like ‘father’     |                                          ^     @ Rule 1, Line 1"
17.7.2.1.4,9,"	{ əɪ, əʊ } > { ɑi, æʊ } / in some part͡s of South-Eastern England","Syntax Error: Expected '->', but received -'E' at 0:0:49     |     { əɪ, əʊ } > { ɑi, æʊ } / in some part͡s of South-Eastern England     |                                                      ^     @ Rule 1, Line 1"
17.7.2.1.4,10,"	{ əɪ, əʊ } > { aɪ, aʊ } / in most of Britain","Syntax Error: Expected ',', but received 'ɪ'     |     { əɪ, əʊ } > { aɪ, aʊ } / in most of Britain     |        ^     @ Rule 1, Line 1"
17.7.2.1.4,11,"	{ e:[+long], o:[+long] } > { eɪ, oʊ } // _ɹ","Syntax Error: Expected ',', but received 'ɪ'     |     { e:[+long], o:[+long] } > { eɪ, oʊ } // _ɹ     |                                   ^     @ Rule 1, Line 1"
17.7.2.1.5,0,"	æ > æ:[+long] (e.g., NYC) or ɑ:[+long] (e.g., Boston) / :{ _F:[-voice](“words which change vary between dialect͡s”), _N:[-voice](“words which change vary between dialect͡s”) }:","Syntax Error: Expected '..', but received .'g' at 0:0:16     |     æ > æ:[+long] (e.g., NYC) or ɑ:[+long] (e.g., Boston) / :{ _F:[-voice](“words which change vary between dialect͡s”), _N:[-voice](“words which change vary between dialect͡s”) }:     |                     ^     @ Rule 1, Line 1"
17.7.2.1.5,3,"	{ æ:[+long], ɑ:[+long], ɔ:[+long] } > { æə~eə, ɑ, ɔ }","Syntax Error: Expected ',', but received 'ə'     |     { æ:[+long], ɑ:[+long], ɔ:[+long] } > { æə~eə, ɑ, ɔ }     |                                              ^     @ Rule 1, Line 1"
17.7.2.1.5,4,	ʍ > w (regional),"Syntax Error: Expected end of line, received '('. Did you forget a '/' between the output and environment?     |     ʍ > w (regional)     |           ^     @ Rule 1, Line 1"
17.7.2.1.5,5,	l > ɫ / in some conditions,"Syntax Error: Expected '_', but received ''     |     l > ɫ / in some conditions     |                               ^     @ Rule 1, Line 1"
17.7.2.1.5,6,	ɪ > i / _# when unstressed,"Syntax Error: Can't have segments after the end of a word     |     ɪ > i / _# when unstressed     |              ^     @ Rule 1, Line 1"
17.7.2.1.5,13,"	æ > ɛə / :{ _n“and others depending on dialect”, _m“and others depending on dialect” }:","Syntax Error: Unknown character “ at '0:0:14'.     |     æ > ɛə / :{ _n“and others depending on dialect”, _m“and others depending on dialect” }:     |                   ^     @ Rule 1, Line 1"
17.7.2.1.5,15,	iə > ɪ (ongoing),"Syntax Error: Expected end of line, received '('. Did you forget a '/' between the output and environment?     |     iə > ɪ (ongoing)     |            ^     @ Rule 1, Line 1"
17.7.2.1.5,16,"	w > ∅ / C_ɹ for some C (toward{ s,, , } quart(er), sword)","Syntax Error: Cannot have nested brackets of the same type     |     w > ∅ / C_ɹ for some C (toward{ s,, , } quart(er), sword)     |                                                  ^     @ Rule 1, Line 1"
17.7.2.1.6,0,"	{ ɜ:[+long]ɹ, ɑ:[+long]ɹ, ɔ:[+long]ɹ, e:[+long]ɹ, o:[+long]ɹ, i:[+long]ɹ, u:[+long]ɹ } > { ɜ:[+long], ɑ:[+long], ɔ:[+long], ɛə, ɔə, ɪə, ʊə } / syllable-finally","Syntax Error: Expected '->', but received -'f' at 0:0:151     |     { ɜ:[+long]ɹ, ɑ:[+long]ɹ, ɔ:[+long]ɹ, e:[+long]ɹ, o:[+long]ɹ, i:[+long]ɹ, u:[+long]ɹ } > { ɜ:[+long], ɑ:[+long], ɔ:[+long], ɛə, ɔə, ɪə, ʊə } / syllable-finally     |                                                                                                                                                            ^     @ Rule 1, Line 1"
17.7.2.1.6,7,	l > ɫ (the conditions of this are not elaborated upon),"Syntax Error: Expected end of line, received '('. Did you forget a '/' between the output and environment?     |     l > ɫ (the conditions of this are not elaborated upon)     |           ^     @ Rule 1, Line 1"
17.7.2.1.6,8,"	{ oʊ, i:[+long] } > { ɔʊ, ɪə } / _ɫ","Syntax Error: Expected ',', but received 'ʊ'     |     { oʊ, i:[+long] } > { ɔʊ, ɪə } / _ɫ     |        ^     @ Rule 1, Line 1"
17.7.2.1.6,9,"	{ oʊ, i:[+long] } > { əʊ, ɪi }","Syntax Error: Expected ',', but received 'ʊ'     |     { oʊ, i:[+long] } > { əʊ, ɪi }     |        ^     @ Rule 1, Line 1"
17.7.2.1.6,10,	u:[+long] > ʊə / _ɫ // in Queensland and New South Wales,"Syntax Error: Unknown grouping 'Q'. Known groupings are (C)onsonant, (O)bstruent, (S)onorant, (P)losive, (F)ricative, (L)iquid, (N)asal, (G)lide, and (V)owel     |     u:[+long] > ʊə / _ɫ // in Queensland and New South Wales     |                               ^     @ Rule 1, Line 1"
17.7.2.1.6,11,	ʊə > u:[+long] / _ɫ // in Queensland and New South Wales,"Syntax Error: Unknown grouping 'Q'. Known groupings are (C)onsonant, (O)bstruent, (S)onorant, (P)losive, (F)ricative, (L)iquid, (N)asal, (G)lide, and (V)owel     |     ʊə > u:[+long] / _ɫ // in Queensland and New South Wales     |                               ^     @ Rule 1, Line 1"
17.7.2.1.6,14,	ɫ > əɫ // if one of the above vowel changes after the formation of /ɫ/ apply,"Syntax Error: Expected '_', but received '/'     |     ɫ > əɫ // if one of the above vowel changes after the formation of /ɫ/ apply     |                                                                        ^     @ Rule 1, Line 1"
17.7.2.1.6,15,	ɪ > i:[+long] / _# when unstressed,"Syntax Error: Can't have segments after the end of a word     |     ɪ > i:[+long] / _# when unstressed     |                      ^     @ Rule 1, Line 1"
17.7.2.1.6,16,	ɪ > i:[+long] / unstressed foot-finally if the next syllable is stressed and begins with /k ɡ t͡ʃ d͡ʒ ʃ ʒ/,"Syntax Error: Expected '->', but received -'f' at 0:0:31     |     ɪ > i:[+long] / unstressed foot-finally if the next syllable is stressed and begins with /k ɡ t͡ʃ d͡ʒ ʃ ʒ/     |                                    ^     @ Rule 1, Line 1"
17.7.2.1.6,17,	ɪ > ə / unstressed,"Syntax Error: Expected '_', but received ''     |     ɪ > ə / unstressed     |                       ^     @ Rule 1, Line 1"
17.7.2.1.6,21,	ɛə ʊə > ɛ:[+long] ɔ:[+long] (ongoing),"Syntax Error: Expected end of line, received '('. Did you forget a '/' between the output and environment?     |     ɛə ʊə > ɛ:[+long] ɔ:[+long] (ongoing)     |                                 ^     @ Rule 1, Line 1"
17.7.2.1.6,22,"	ʊə > o:[+long] / ,d͡ʒ}_ // {j","Syntax Error: Expected '_', but received ','     |     ʊə > o:[+long] / ,d͡ʒ}_ // {j     |                      ^     @ Rule 1, Line 1"
17.7.2.1.6,23,"	ʊə > ʉ:[+long]wə / almost always otherwise, but see:[above vowel changes after /ɫ/ is formed]","Syntax Error: Feature 'above' has no modifier at 0:53-58.     |     ʊə > ʉ:[+long]wə / almost always otherwise, but see:[above vowel changes after /ɫ/ is formed]     |                                                          ^^^^^     @ Rule 1, Line 1"
17.7.2.1.6,26,"	{ sʲ, zʲ, lʲ } > { ʃ, ʒ, j~ɫj } / (j~ɫj fluctuation is formality)","Syntax Error: Expected ',', but received '~'     |     { sʲ, zʲ, lʲ } > { ʃ, ʒ, j~ɫj } / (j~ɫj fluctuation is formality)     |                               ^     @ Rule 1, Line 1"
17.7.2.1.6,27,"	ɫj > ɫi / after any segment after which coda-/ɫ/ is forbidden, e.g. failure:[fæiɫiɐ]","Syntax Error: Expected '->', but received -'/' at 0:0:44     |     ɫj > ɫi / after any segment after which coda-/ɫ/ is forbidden, e.g. failure:[fæiɫiɐ]     |                                                 ^     @ Rule 1, Line 1"
17.7.2.1.6,31,	ɔ > ɔ:[+long] / in ‘gone’ and some derivatives,"Syntax Error: Unknown character ‘ at '0:0:19'.     |     ɔ > ɔ:[+long] / in ‘gone’ and some derivatives     |                        ^     @ Rule 1, Line 1"
17.7.2.1.6,33,	æ > æ:[+long] / _d (rare) // form of a strong verb,"Syntax Error: Expected '_', but received ''     |     æ > æ:[+long] / _d (rare) // form of a strong verb     |                                                       ^     @ Rule 1, Line 1"
17.7.2.1.7,0,"	{ ɜ:[+long]ɹ, ɑ:[+long]ɹ, ɔ:[+long]ɹ, e:[+long]ɹ, o:[+long]ɹ, i:[+long]ɹ, u:[+long]ɹ } > { ɜ:[+long], ɑ:[+long], ɔ:[+long], ɛə, ɔə, ɪə, ʊə } / syllable-finally","Syntax Error: Expected '->', but received -'f' at 0:0:151     |     { ɜ:[+long]ɹ, ɑ:[+long]ɹ, ɔ:[+long]ɹ, e:[+long]ɹ, o:[+long]ɹ, i:[+long]ɹ, u:[+long]ɹ } > { ɜ:[+long], ɑ:[+long], ɔ:[+long], ɛə, ɔə, ɪə, ʊə } / syllable-finally     |                                                                                                                                                            ^     @ Rule 1, Line 1"
17.7.2.1.8,0,"	V:[+long] > V:[-long] / _C{:[+long],C} ,V} or when preceding a cluster which had triggered a vowel to become long in Old English; the book gives Christ vs. Christmas as an example // _st{#","Syntax Error: Malformed Comment: Expected ';;', but received '; ' at 0:0:129     |     V:[+long] > V:[-long] / _C{:[+long],C} ,V} or when preceding a cluster which had triggered a vowel to become long in Old English; the book gives Christ vs. Christmas as an example // _st{#     |                                                                                                                                      ^     @ Rule 1, Line 1"
17.7.2.1.8,1,"	{ eɑ, e:[+long]ɑ, eo, e:[+long]o } > { ɑ, ɛ:[+long], e, e:[+long] }","Syntax Error: Expected ',', but received 'ɑ'     |     { eɑ, e:[+long]ɑ, eo, e:[+long]o } > { ɑ, ɛ:[+long], e, e:[+long] }     |        ^     @ Rule 1, Line 1"
17.7.2.1.8,4,"	{{ æ:[+long]j,e, æ:[+long]j,e:[+long] }j} > ej","Syntax Error: Cannot have nested brackets of the same type     |     {{ æ:[+long]j,e, æ:[+long]j,e:[+long] }j} > ej     |      ^     @ Rule 1, Line 1"
17.7.2.1.8,6,"	{eɑh,eɑç,eɑx,eɑʝ,eɑɣ} > ɑw","Syntax Error: Expected ',', but received 'ɑ'     |     {eɑh,eɑç,eɑx,eɑʝ,eɑɣ} > ɑw     |       ^     @ Rule 1, Line 1"
17.7.2.1.8,7,"	{ e:[+long]ɑw, i:[+long]w } > { ew, ju }","Syntax Error: Expected ',', but received 'ɑ'     |     { e:[+long]ɑw, i:[+long]w } > { ew, ju }     |                ^     @ Rule 1, Line 1"
17.7.2.1.8,8,"	{ɑ:[+long]w,ɑ:[+long]ɣ,o:[+long]w} > ɔ:[+long]w","Syntax Error: Expected ',', but received 'w'     |     {ɑ:[+long]w,ɑ:[+long]ɣ,o:[+long]w} > ɔ:[+long]w     |               ^     @ Rule 1, Line 1"
17.7.2.1.8,10,"	{{ ɑ:[+long]ht,o, ɑ:[+long]ht,o:[+long] }ht} > ow","Syntax Error: Cannot have nested brackets of the same type     |     {{ ɑ:[+long]ht,o, ɑ:[+long]ht,o:[+long] }ht} > ow     |      ^     @ Rule 1, Line 1"
17.7.2.1.8,11,"	{ ɑ, e, o } > { ɑ:[+long], ɛ:[+long], o:[+long] } / in :[+open] // in # with the following containing /i:[+long]/ or ending in one of /m n r l/","Syntax Error: Unknown feature 'open' at 0:57-62. Did you mean ten?      |     { ɑ, e, o } > { ɑ:[+long], ɛ:[+long], o:[+long] } / in :[+open] // in # with the following containing /i:[+long]/ or ending in one of /m n r l/     |                                                              ^^^^^     @ Rule 1, Line 1"
17.7.2.1.8,13,	V:[+long] > V:[-long] / in # before a with /i:[+long]/,"Syntax Error: Can't have segments before the beginning of a word     |     V:[+long] > V:[-long] / in # before a with /i:[+long]/     |                                ^     @ Rule 1, Line 1"
17.7.2.1.8,14,	n > ∅ / _# when unstressed (not clear as to whether m → n beforehand in this position or not),"Syntax Error: Unknown character → at '0:0:54'.     |     n > ∅ / _# when unstressed (not clear as to whether m → n beforehand in this position or not)     |                                                           ^     @ Rule 1, Line 1"
17.7.2.1.8,16,	ʃ > s / in unstressed syllables,"Syntax Error: Expected '_', but received ''     |     ʃ > s / in unstressed syllables     |                                    ^     @ Rule 1, Line 1"
17.7.2.1.8,17,"	{ hn, {wl,hl}, hr } > { w, l, r }","Syntax Error: Cannot have nested brackets of the same type     |     { hn, {wl,hl}, hr } > { w, l, r }     |           ^     @ Rule 1, Line 1"
17.7.2.1.8,20,"	{e,ɑ,o} > ə / _#, when unstressed (it appears this sound may also have gone to /ɪ/)","Syntax Error: Expected an IPA character, Primative or Matrix, but received '/'     |     {e,ɑ,o} > ə / _#, when unstressed (it appears this sound may also have gone to /ɪ/)     |                                                                                    ^     @ Rule 1, Line 1"
17.7.2.1.8,21,"	ə > ∅ / _#, when unstressed (it appears this sound may also have gone to /ɪ/)","Syntax Error: Expected an IPA character, Primative or Matrix, but received '/'     |     ə > ∅ / _#, when unstressed (it appears this sound may also have gone to /ɪ/)     |                                                                              ^     @ Rule 1, Line 1"
17.7.2.1.9,1,"	t > ∅ / :{ p_# (“except in some inflected forms” for *kt), k_# (“except in some inflected forms” for *kt) }:","Syntax Error: Unknown character “ at '0:0:16'.     |     t > ∅ / :{ p_# (“except in some inflected forms” for *kt), k_# (“except in some inflected forms” for *kt) }:     |                     ^     @ Rule 1, Line 1"
17.7.2.1.9,4,	s > ʃ / _E (E_ also?),"Syntax Error: Unknown grouping 'E'. Known groupings are (C)onsonant, (O)bstruent, (S)onorant, (P)losive, (F)ricative, (L)iquid, (N)asal, (G)lide, and (V)owel     |     s > ʃ / _E (E_ also?)     |              ^     @ Rule 1, Line 1"
17.7.2.1.9,5,	f > ∅ “in certain context͡s”,"Syntax Error: Unknown character “ at '0:0:6'.     |     f > ∅ “in certain context͡s”     |           ^     @ Rule 1, Line 1"
17.7.2.1.9,6,"	{ɸ,x} > ∅ / _# (seems to be sporadic)","Syntax Error: Can't have segments after the end of a word     |     {ɸ,x} > ∅ / _# (seems to be sporadic)     |                  ^     @ Rule 1, Line 1"
17.7.2.1.9,7,	ʍ > xʷ (some speakers seem to have resisted this),"Syntax Error: Expected end of line, received '('. Did you forget a '/' between the output and environment?     |     ʍ > xʷ (some speakers seem to have resisted this)     |            ^     @ Rule 1, Line 1"
17.7.2.1.9,9,"	{ ol, al } > { ou, ɑ:[+long] }","Syntax Error: Expected ',', but received 'l'     |     { ol, al } > { ou, ɑ:[+long] }     |        ^     @ Rule 1, Line 1"
17.7.2.1.9,10,"	{ ou, ɑ:[+long] } > { ʌu, {ɑ,ɔ} }","Syntax Error: Cannot have nested brackets of the same type     |     { ou, ɑ:[+long] } > { ʌu, {ɑ,ɔ} }     |                               ^     @ Rule 1, Line 1"
17.7.2.1.9,11,	— ai > ɛi / when stem-final,"Syntax Error: Unknown character — at '0:0:0'.     |     — ai > ɛi / when stem-final     |     ^     @ Rule 1, Line 1"
17.7.2.1.9,12,	ɛi > əi / when stem-final,"Syntax Error: Expected '->', but received -'f' at 0:0:19     |     ɛi > əi / when stem-final     |                        ^     @ Rule 1, Line 1"
17.7.2.1.9,13,"	— u:[+long] > ʌu / when-stem final, in northern varieties","Syntax Error: Unknown character — at '0:0:0'.     |     — u:[+long] > ʌu / when-stem final, in northern varieties     |     ^     @ Rule 1, Line 1"
17.7.2.1.9,14,"	— ø:[+long] > wi / :{ k_ (in Mid Northern dialect͡s), ɡ_ (in Mid Northern dialect͡s) }:","Syntax Error: Unknown character — at '0:0:0'.     |     — ø:[+long] > wi / :{ k_ (in Mid Northern dialect͡s), ɡ_ (in Mid Northern dialect͡s) }:     |     ^     @ Rule 1, Line 1"
17.7.2.1.9,15,	— ø:[+long] > i (in northern dialect͡s),"Syntax Error: Unknown character — at '0:0:0'.     |     — ø:[+long] > i (in northern dialect͡s)     |     ^     @ Rule 1, Line 1"
17.7.2.1.9,16,"	— ø:[+long] > ʲ{u,ʌ} / :{ _k(outcome varies depending upon dialect), _x(outcome varies depending upon dialect) }:","Syntax Error: Unknown character — at '0:0:0'.     |     — ø:[+long] > ʲ{u,ʌ} / :{ _k(outcome varies depending upon dialect), _x(outcome varies depending upon dialect) }:     |     ^     @ Rule 1, Line 1"
17.7.2.1.9,17,	— a > i / _n (in northern varieties),"Syntax Error: Unknown character — at '0:0:0'.     |     — a > i / _n (in northern varieties)     |     ^     @ Rule 1, Line 1"
17.7.2.1.9,18,	— a > e / _n (otherwise),"Syntax Error: Unknown character — at '0:0:0'.     |     — a > e / _n (otherwise)     |     ^     @ Rule 1, Line 1"
17.7.2.1.9,19,"	— a > ɛ, e / _rC","Syntax Error: Unknown character — at '0:0:0'.     |     — a > ɛ, e / _rC     |     ^     @ Rule 1, Line 1"
17.7.2.1.9,20,"	— ai oi ui ei au ou iu ɛ(o)u > e:[+long] oe əi i:[+long] {ɑ:[+long],ɔ:[+long]} ʌu ju j(ʌ)u","Syntax Error: Unknown character — at '0:0:0'.     |     — ai oi ui ei au ou iu ɛ(o)u > e:[+long] oe əi i:[+long] {ɑ:[+long],ɔ:[+long]} ʌu ju j(ʌ)u     |     ^     @ Rule 1, Line 1"
17.7.2.1.9,21,"	{ —, ɛ:[+long] } > { ɛi, ( } / in some northern varieties","Syntax Error: Unknown character — at '0:0:2'.     |     { —, ɛ:[+long] } > { ɛi, ( } / in some northern varieties     |       ^     @ Rule 1, Line 1"
17.7.2.1.9,22,	ɛi ( > əi?) / in some northern varieties,"Syntax Error: Expected an IPA character, Primative or Matrix, but received '>'     |     ɛi ( > əi?) / in some northern varieties     |          ^     @ Rule 1, Line 1"
17.7.2.1.9,23,"	— i:[+long] e:[+long] ɛ:[+long] a:[+long] o:[+long] u:[+long] {ø:[+long],y:[+long]} > əi i {i,e} e o u ø","Syntax Error: Unknown character — at '0:0:0'.     |     — i:[+long] e:[+long] ɛ:[+long] a:[+long] o:[+long] u:[+long] {ø:[+long],y:[+long]} > əi i {i,e} e o u ø     |     ^     @ Rule 1, Line 1"
17.7.2.1.9,24,	— æ > ɛ / _C:[+alveolar],"Syntax Error: Unknown character — at '0:0:0'.     |     — æ > ɛ / _C:[+alveolar]     |     ^     @ Rule 1, Line 1"
17.7.2.1.9,25,"	— a ɔ u > {a,ɑ} ɔ ʌ","Syntax Error: Unknown character — at '0:0:0'.     |     — a ɔ u > {a,ɑ} ɔ ʌ     |     ^     @ Rule 1, Line 1"
17.7.2.1.9,26,"	— V > V:[+long] / :{ _r, _F:[+voice], _$, _# }:","Syntax Error: Unknown character — at '0:0:0'.     |     — V > V:[+long] / :{ _r, _F:[+voice], _$, _# }:     |     ^     @ Rule 1, Line 1"
17.7.2.1.9,27,"	— əi > aɪ / :{ _r(pursuant to the above), _F:[+voice](pursuant to the above), _$(pursuant to the above), _#(pursuant to the above) }:","Syntax Error: Unknown character — at '0:0:0'.     |     — əi > aɪ / :{ _r(pursuant to the above), _F:[+voice](pursuant to the above), _$(pursuant to the above), _#(pursuant to the above) }:     |     ^     @ Rule 1, Line 1"
17.7.2.1.10,1,"	ɑ > a / ,r} (sporadic) // _{l","Syntax Error: Expected '_', but received ','     |     ɑ > a / ,r} (sporadic) // _{l     |             ^     @ Rule 1, Line 1"
17.7.2.1.10,5,	ø:[+long] > e:[+long] “(not a thorough change)”,"Syntax Error: Unknown character “ at '0:0:22'.     |     ø:[+long] > e:[+long] “(not a thorough change)”     |                           ^     @ Rule 1, Line 1"
17.7.2.1.10,7,"	{ æ:[+long](ɑ), e:[+long](o) } > { ɛ, i:[+long] }","Syntax Error: Expected ',', but received '('     |     { æ:[+long](ɑ), e:[+long](o) } > { ɛ, i:[+long] }     |                ^     @ Rule 1, Line 1"
17.7.2.1.10,14,	e(o) > ɛ,"Syntax Error: Options can only be used in Environments or Structures     |     e(o) > ɛ     |      ^^^     @ Rule 1, Line 1"
17.7.2.1.10,21,	æ(ɑ) > e,"Syntax Error: Options can only be used in Environments or Structures     |     æ(ɑ) > e     |      ^^^     @ Rule 1, Line 1"
17.7.2.1.10,23,"	ɑ:[+long] > e / ,n} // _{ŋ","Syntax Error: Expected '_', but received ','     |     ɑ:[+long] > e / ,n} // _{ŋ     |                     ^     @ Rule 1, Line 1"
17.7.2.1.10,24,	ʌ > ɪi (sporadic),"Syntax Error: Expected end of line, received '('. Did you forget a '/' between the output and environment?     |     ʌ > ɪi (sporadic)     |            ^     @ Rule 1, Line 1"
17.7.2.1.10,25,	a > ɪ / unstressed and/or final,"Syntax Error: Expected '_', but received '/'     |     a > ɪ / unstressed and/or final     |                           ^     @ Rule 1, Line 1"
17.7.2.1.10,29,	d~ð > d / V_u,"Syntax Error: Expected end of line, received '>'. Did you forget a '/' between the output and environment?     |     d~ð > d / V_u     |         ^     @ Rule 1, Line 1"
17.7.2.1.10,30,	d~ð > ð / V_V,"Syntax Error: Expected end of line, received '>'. Did you forget a '/' between the output and environment?     |     d~ð > ð / V_V     |         ^     @ Rule 1, Line 1"
17.7.2.1.10,36,"	θ > f / :{ V_# (sometimes blocked), r_# (sometimes blocked) }:","Syntax Error: Can't have segments after the end of a word     |     θ > f / :{ V_# (sometimes blocked), r_# (sometimes blocked) }:     |                  ^     @ Rule 1, Line 1"
17.7.2.1.10,40,	e > ɛ / unstressed,"Syntax Error: Expected '_', but received ''     |     e > ɛ / unstressed     |                       ^     @ Rule 1, Line 1"
17.7.2.1.10,41,"	∅ > ə̆ / :{ _n, _r }:","Syntax Error: Unknown character ̆ at '0:0:5'.     |     ∅ > ə̆ / :{ _n, _r }:     |          ^     @ Rule 1, Line 1"
17.7.2.1.10,46,"	{ɔu,ɑu} > ɑ","Syntax Error: Expected ',', but received 'u'     |     {ɔu,ɑu} > ɑ     |       ^     @ Rule 1, Line 1"
17.7.2.1.11,0,"	{ pVn, tVn, kVn } > { ʔm̩, ʔn̩, ʔŋ̩ } / _#","Syntax Error: Expected ',', but received 'V'     |     { pVn, tVn, kVn } > { ʔm̩, ʔn̩, ʔŋ̩ } / _#     |        ^     @ Rule 1, Line 1"
17.7.2.1.11,1,	V > Ṽ:[+long] / _nC (works across word boundaries),"Syntax Error: Unknown character Ṽ at '0:0:4'.     |     V > Ṽ:[+long] / _nC (works across word boundaries)     |         ^     @ Rule 1, Line 1"
17.7.2.1.11,3,	k > ç / V_# // _C (,"Syntax Error: Expected an IPA character, Primative or Matrix, but received ''     |     k > ç / V_# // _C (     |                        ^     @ Rule 1, Line 1"
17.7.2.1.11,6,	V > Ṽ / N_,"Syntax Error: Unknown character Ṽ at '0:0:4'.     |     V > Ṽ / N_     |         ^     @ Rule 1, Line 1"
17.7.2.1.11,7,	n > ∅ / V_V# in some disyllabic words,"Syntax Error: Can't have segments after the end of a word     |     n > ∅ / V_V# in some disyllabic words     |                ^     @ Rule 1, Line 1"
17.7.2.1.11,9,"	ʟ > ʊ / :{ a_, typically, ɛ_, typically }: // _V","Syntax Error: Expected '_', but received ','     |     ʟ > ʊ / :{ a_, typically, ɛ_, typically }: // _V     |                             ^     @ Rule 1, Line 1"
17.7.2.1.12,0,"	V:[+long] > V:[-long] / _C{:[+long],C} ,V} or when preceding a cluster which had triggered a vowel to become long in Old English; the book gives Christ vs. Christmas as an example // _st{#","Syntax Error: Malformed Comment: Expected ';;', but received '; ' at 0:0:129     |     V:[+long] > V:[-long] / _C{:[+long],C} ,V} or when preceding a cluster which had triggered a vowel to become long in Old English; the book gives Christ vs. Christmas as an example // _st{#     |                                                                                                                                      ^     @ Rule 1, Line 1"
17.7.2.1.12,1,"	{ eɑ, e:[+long]ɑ, eo, e:[+long]o } > { ɑ, ɛ:[+long], e, e:[+long] }","Syntax Error: Expected ',', but received 'ɑ'     |     { eɑ, e:[+long]ɑ, eo, e:[+long]o } > { ɑ, ɛ:[+long], e, e:[+long] }     |        ^     @ Rule 1, Line 1"
17.7.2.1.12,4,"	{{ æ:[+long]j,e, æ:[+long]j,e:[+long] }j} > ej","Syntax Error: Cannot have nested brackets of the same type     |     {{ æ:[+long]j,e, æ:[+long]j,e:[+long] }j} > ej     |      ^     @ Rule 1, Line 1"
17.7.2.1.12,6,"	{eɑh,eɑç,eɑx,eɑʝ,eɑɣ} > ɑw","Syntax Error: Expected ',', but received 'ɑ'     |     {eɑh,eɑç,eɑx,eɑʝ,eɑɣ} > ɑw     |       ^     @ Rule 1, Line 1"
17.7.2.1.12,7,"	{ e:[+long]ɑw, i:[+long]w } > { ew, ju }","Syntax Error: Expected ',', but received 'ɑ'     |     { e:[+long]ɑw, i:[+long]w } > { ew, ju }     |                ^     @ Rule 1, Line 1"
17.7.2.1.12,8,"	{ɑ:[+long]w,ɑ:[+long]ɣ,o:[+long]w} > ɔ:[+long]w","Syntax Error: Expected ',', but received 'w'     |     {ɑ:[+long]w,ɑ:[+long]ɣ,o:[+long]w} > ɔ:[+long]w     |               ^     @ Rule 1, Line 1"
17.7.2.1.12,10,"	{{ ɑ:[+long]ht,o, ɑ:[+long]ht,o:[+long] }ht} > ow","Syntax Error: Cannot have nested brackets of the same type     |     {{ ɑ:[+long]ht,o, ɑ:[+long]ht,o:[+long] }ht} > ow     |      ^     @ Rule 1, Line 1"
17.7.2.1.12,12,"	{ ɑ, e, o } > { ɑ:[+long], ɛ:[+long], o:[+long] } / in :[+open] // in # with the following containing /i:[+long]/ or ending in one of /m n r l/","Syntax Error: Unknown feature 'open' at 0:57-62. Did you mean ten?      |     { ɑ, e, o } > { ɑ:[+long], ɛ:[+long], o:[+long] } / in :[+open] // in # with the following containing /i:[+long]/ or ending in one of /m n r l/     |                                                              ^^^^^     @ Rule 1, Line 1"
17.7.2.1.12,14,	V:[+long] > V:[-long] / in # before a with /i:[+long]/,"Syntax Error: Can't have segments before the beginning of a word     |     V:[+long] > V:[-long] / in # before a with /i:[+long]/     |                                ^     @ Rule 1, Line 1"
17.7.2.1.12,15,	m > n / _# when unstressed,"Syntax Error: Can't have segments after the end of a word     |     m > n / _# when unstressed     |              ^     @ Rule 1, Line 1"
17.7.2.1.12,16,	n > ∅ / _# when unstressed,"Syntax Error: Can't have segments after the end of a word     |     n > ∅ / _# when unstressed     |              ^     @ Rule 1, Line 1"
17.7.2.1.12,17,"	{ hn, {wl,hl}, hr } > { w, l, r }","Syntax Error: Cannot have nested brackets of the same type     |     { hn, {wl,hl}, hr } > { w, l, r }     |           ^     @ Rule 1, Line 1"
17.7.2.1.12,21,	e > ∅ / if another /e/ one syllable previous,"Syntax Error: Expected '_', but received '/'     |     e > ∅ / if another /e/ one syllable previous     |                        ^     @ Rule 1, Line 1"
17.7.2.1.13,1,	t d > θ ð (conditioning unclear),"Syntax Error: Expected end of line, received '('. Did you forget a '/' between the output and environment?     |     t d > θ ð (conditioning unclear)     |               ^     @ Rule 1, Line 1"
17.7.2.1.13,3,	F > F:[+voice] / #_ // F = ʍ,"Syntax Error: Expected number, but received ʍ      |     F > F:[+voice] / #_ // F = ʍ     |                                ^     @ Rule 1, Line 1"
17.7.2.1.13,4,	ʍ > f (at least one instance of,"Syntax Error: Expected end of line, received '('. Did you forget a '/' between the output and environment?     |     ʍ > f (at least one instance of     |           ^     @ Rule 1, Line 1"
17.7.2.1.13,5,"	{ f, (at, least, one, instance, of } > { w,, before, a, high, front, vowel) }","Syntax Error: Expected an IPA character, Primative or Matrix, but received '('     |     { f, (at, least, one, instance, of } > { w,, before, a, high, front, vowel) }     |          ^     @ Rule 1, Line 1"
17.7.2.1.13,6,	U > U:[+stress] / #U_ (often),"Syntax Error: Unknown grouping 'U'. Known groupings are (C)onsonant, (O)bstruent, (S)onorant, (P)losive, (F)ricative, (L)iquid, (N)asal, (G)lide, and (V)owel     |     U > U:[+stress] / #U_ (often)     |     ^     @ Rule 1, Line 1"
17.7.2.1.14,0,"	{ k, ɡ } > { t͡ʃ, j } / _E","Syntax Error: Unknown grouping 'E'. Known groupings are (C)onsonant, (O)bstruent, (S)onorant, (P)losive, (F)ricative, (L)iquid, (N)asal, (G)lide, and (V)owel     |     { k, ɡ } > { t͡ʃ, j } / _E     |                              ^     @ Rule 1, Line 1"
17.7.2.1.14,1,	ɡ > j / E_,"Syntax Error: Unknown grouping 'E'. Known groupings are (C)onsonant, (O)bstruent, (S)onorant, (P)losive, (F)ricative, (L)iquid, (N)asal, (G)lide, and (V)owel     |     ɡ > j / E_     |             ^     @ Rule 1, Line 1"
17.7.2.1.14,2,"	{ aj, aw, ew } > { {e:[+long],a:[+long]}, a:[+long], ja }","Syntax Error: Cannot have nested brackets of the same type     |     { aj, aw, ew } > { {e:[+long],a:[+long]}, a:[+long], ja }     |                        ^     @ Rule 1, Line 1"
17.7.2.2,0,"	{ e:[+long], o:[+long] } > { ie, uo }","Syntax Error: Expected ',', but received 'e'     |     { e:[+long], o:[+long] } > { ie, uo }     |                                   ^     @ Rule 1, Line 1"
17.7.2.2,1,"	{ ai, au } > { e:[+long], o:[+long] }","Syntax Error: Expected ',', but received 'i'     |     { ai, au } > { e:[+long], o:[+long] }     |        ^     @ Rule 1, Line 1"
17.7.2.2,7,	a > ɒ? ( / _ɫ,"Syntax Error: Expected end of line, received '('. Did you forget a '/' between the output and environment?     |     a > ɒ? ( / _ɫ     |            ^     @ Rule 1, Line 1"
17.7.2.2,8,	ɒ? ( > o) / _ɫ,"Syntax Error: Expected an IPA character, Primative or Matrix, but received '>'     |     ɒ? ( > o) / _ɫ     |          ^     @ Rule 1, Line 1"
17.7.2.2,9,"	{ ai, u } > { ei, ʏ } / _(C…){{ i, i:[+long] },j} (; in the case of:[ʏ] at least this was not yet phonemic)","Syntax Error: Cannot have nested brackets of the same type     |     { ai, u } > { ei, ʏ } / _(C…){{ i, i:[+long] },j} (; in the case of:[ʏ] at least this was not yet phonemic)     |                                   ^     @ Rule 1, Line 1"
17.7.2.2,10,"	a > ɛ / _(C…){{ i, i:[+long] },j} (","Syntax Error: Cannot have nested brackets of the same type     |     a > ɛ / _(C…){{ i, i:[+long] },j} (     |                   ^     @ Rule 1, Line 1"
17.7.2.2,11,"	u:[+long] > ʉw / _V (probably, in most areas)","Syntax Error: Expected ':', but received 'i'     |     u:[+long] > ʉw / _V (probably, in most areas)     |                                    ^     @ Rule 1, Line 1"
17.7.2.2,12,"	u:[+long] > ʊw / _V (probably, in areas that did not undergo the above change, such as Limburg)","Syntax Error: Expected ':', but received 'i'     |     u:[+long] > ʊw / _V (probably, in areas that did not undergo the above change, such as Limburg)     |                                    ^     @ Rule 1, Line 1"
17.7.2.2,13,"	u:[+long] > ʉ:[+long] (probably, in areas with u:[+long] / _V)","Syntax Error: Expected end of line, received '('. Did you forget a '/' between the output and environment?     |     u:[+long] > ʉ:[+long] (probably, in areas with u:[+long] / _V)     |                           ^     @ Rule 1, Line 1"
17.7.2.2,14,"	ʉ:[+long] (probably, in areas with u:[+long] > ʉw / _V)","Syntax Error: Expected ':', but received 'i'     |     ʉ:[+long] (probably, in areas with u:[+long] > ʉw / _V)     |                          ^     @ Rule 1, Line 1"
17.7.2.2,15,	ei ou > e:[+long] o:[+long] (except in southeastern dialect͡s; *ei as a result of the umlaut of *ai was not affected),"Syntax Error: Malformed Comment: Expected ';;', but received '; ' at 0:0:62     |     ei ou > e:[+long] o:[+long] (except in southeastern dialect͡s; *ei as a result of the umlaut of *ai was not affected)     |                                                                   ^     @ Rule 1, Line 1"
17.7.2.2.1,2,"	iu > {y:[+long],io} (outcome varies depending upon dialect; the former seems more typical)","Syntax Error: Malformed Comment: Expected ';;', but received '; ' at 0:0:59     |     iu > {y:[+long],io} (outcome varies depending upon dialect; the former seems more typical)     |                                                                ^     @ Rule 1, Line 1"
17.7.2.2.1,3,	iw > yw (dialectal),"Syntax Error: Expected end of line, received '('. Did you forget a '/' between the output and environment?     |     iw > yw (dialectal)     |             ^     @ Rule 1, Line 1"
17.7.2.2.1,4,"	{ {ie,ia,io}, uo } > { iə, uə }","Syntax Error: Cannot have nested brackets of the same type     |     { {ie,ia,io}, uo } > { iə, uə }     |       ^     @ Rule 1, Line 1"
17.7.2.2.1,5,"	{ f, θ, s } > { v, ð, z } / syllable-initially (h → ɦ?)","Syntax Error: Expected '->', but received -'i' at 0:0:36     |     { f, θ, s } > { v, ð, z } / syllable-initially (h → ɦ?)     |                                         ^     @ Rule 1, Line 1"
17.7.2.2.1,6,	V > ə / if short and unstressed,"Syntax Error: Expected '_', but received ''     |     V > ə / if short and unstressed     |                                    ^     @ Rule 1, Line 1"
17.7.2.2.1,7,"	f > x, ç / _t (the former seems to have occurred in northern dialect͡s, the latter in southern ones)","Syntax Error: Expected ':', but received 't'     |     f > x, ç / _t (the former seems to have occurred in northern dialect͡s, the latter in southern ones)     |                                                                             ^     @ Rule 1, Line 1"
17.7.2.2.1,9,"	{u:[+long],uw} u > ɔw o (except in the southeast)","Syntax Error: Expected ',', but received 'w'     |     {u:[+long],uw} u > ɔw o (except in the southeast)     |                 ^     @ Rule 1, Line 1"
17.7.2.2.1,10,"	{ {ol,al}, {ar,er}, or } > { ɔu, a:[+long]r, o:[+long]r } / _C:[+dental]","Syntax Error: Cannot have nested brackets of the same type     |     { {ol,al}, {ar,er}, or } > { ɔu, a:[+long]r, o:[+long]r } / _C:[+dental]     |       ^     @ Rule 1, Line 1"
17.7.2.2.1,11,"	V:[-long +stress] > V:[+long] / in open syllables (ʏ → {œ:[+long],ø:[+long]} here but this is not phonemically important; there seem to have been qualitative differences between original long vowels and long vowels resulting from this change—lengthened i:[+long] seems to have become e:[+long], but lengthened a:[+long] merged with original a:[+long]); does not affect original long vowels or vowels in diphthongs","Syntax Error: Unknown character → at '0:0:53'.     |     V:[-long +stress] > V:[+long] / in open syllables (ʏ → {œ:[+long],ø:[+long]} here but this is not phonemically important; there seem to have been qualitative differences between original long vowels and long vowels resulting from this change—lengthened i:[+long] seems to have become e:[+long], but lengthened a:[+long] merged with original a:[+long]); does not affect original long vowels or vowels in diphthongs     |                                                          ^     @ Rule 1, Line 1"
17.7.2.2.2,1,"	{ i:[+long], y:[+long] } > { ɛi, œy }","Syntax Error: Expected ',', but received 'i'     |     { i:[+long], y:[+long] } > { ɛi, œy }     |                                   ^     @ Rule 1, Line 1"
17.7.2.2.2,2,	u:[+long] > ʌu (? conjectured based on the above diphthongization and on development͡s in Polder Dutch vowels),"Syntax Error: Expected end of line, received '('. Did you forget a '/' between the output and environment?     |     u:[+long] > ʌu (? conjectured based on the above diphthongization and on development͡s in Polder Dutch vowels)     |                    ^     @ Rule 1, Line 1"
17.7.2.2.2,3,"	— x ɣ > {x,χ} {ɣ,x,χ} / in northern dialect͡s","Syntax Error: Unknown character — at '0:0:0'.     |     — x ɣ > {x,χ} {ɣ,x,χ} / in northern dialect͡s     |     ^     @ Rule 1, Line 1"
17.7.2.2.2,4,	— x ɣ > ç ʝ / in southern dialect͡s (,"Syntax Error: Unknown character — at '0:0:0'.     |     — x ɣ > ç ʝ / in southern dialect͡s (     |     ^     @ Rule 1, Line 1"
17.7.2.2.3,0,"	{ ɛi, œy, ʌu } > { ai, ay, au }","Syntax Error: Expected ',', but received 'i'     |     { ɛi, œy, ʌu } > { ai, ay, au }     |        ^     @ Rule 1, Line 1"
17.7.2.2.3,1,"	{ e:[+long], ø:[+long], o:[+long] } > { ɛi, œy, ɔu }","Syntax Error: Expected ',', but received 'i'     |     { e:[+long], ø:[+long], o:[+long] } > { ɛi, œy, ɔu }     |                                              ^     @ Rule 1, Line 1"
17.7.2.2.4,0,"	{ ɛi, œy, ɔu } > { ɛ:[+long], œ:[+long], ɔ:[+long] }","Syntax Error: Expected ',', but received 'i'     |     { ɛi, œy, ɔu } > { ɛ:[+long], œ:[+long], ɔ:[+long] }     |        ^     @ Rule 1, Line 1"
17.7.2.3,8,"	a:[+long] > o:[+long] / :{ _N(sporadic?), _C:[+dental](sporadic?), _P(sporadic?), _h(sporadic?) }:","Syntax Error: Unknown feature 'dental' at 0:46-53. Did you mean ldental?      |     a:[+long] > o:[+long] / :{ _N(sporadic?), _C:[+dental](sporadic?), _P(sporadic?), _h(sporadic?) }:     |                                                   ^^^^^^^     @ Rule 1, Line 1"
17.7.2.3,9,"	a:[+long] > o:[+long] / :{ N_ (sporadic?), C:[+dental]_ (sporadic?), P_ (sporadic?), h_ (sporadic?) }:","Syntax Error: Unknown feature 'dental' at 0:46-53. Did you mean ldental?      |     a:[+long] > o:[+long] / :{ N_ (sporadic?), C:[+dental]_ (sporadic?), P_ (sporadic?), h_ (sporadic?) }:     |                                                   ^^^^^^^     @ Rule 1, Line 1"
17.7.2.3,10,"	{ {, e,, e:[+long], }, i } > { {, ø,, ø:[+long], }, y } / _C:[+affricate]","Syntax Error: Cannot have nested brackets of the same type     |     { {, e,, e:[+long], }, i } > { {, ø,, ø:[+long], }, y } / _C:[+affricate]     |       ^     @ Rule 1, Line 1"
17.7.2.3,11,"	{ {, e,, e:[+long], }, i } > { {, ø,, ø:[+long], }, y } / :{ _P(sporadic?), _l(sporadic?), _ʃ(sporadic?) }:","Syntax Error: Cannot have nested brackets of the same type     |     { {, e,, e:[+long], }, i } > { {, ø,, ø:[+long], }, y } / :{ _P(sporadic?), _l(sporadic?), _ʃ(sporadic?) }:     |       ^     @ Rule 1, Line 1"
17.7.2.3,12,"	{ {, e,, e:[+long], }, i } > { {, ø,, ø:[+long], }, y } / :{ P_ (sporadic?), l_ (sporadic?), ʃ_ (sporadic?) }:","Syntax Error: Cannot have nested brackets of the same type     |     { {, e,, e:[+long], }, i } > { {, ø,, ø:[+long], }, y } / :{ P_ (sporadic?), l_ (sporadic?), ʃ_ (sporadic?) }:     |       ^     @ Rule 1, Line 1"
17.7.2.3,13,"	{ y, y:[+long] } yə { ø, ø:[+long] } øy > { i, i:[+long] } iə { e, e:[+long] } ei (intermittent)","Syntax Error: Expected end of line, received '('. Did you forget a '/' between the output and environment?     |     { y, y:[+long] } yə { ø, ø:[+long] } øy > { i, i:[+long] } iə { e, e:[+long] } ei (intermittent)     |                                                                                       ^     @ Rule 1, Line 1"
17.7.2.3,14,"	{ u:[+long], y:[+long], i:[+long] } > { ou, øy, ei } // in certain unstressed endings and monosyllables, _C{C,V,#} (especially before /xt/), and Low German borrowings","Syntax Error: Expected ',', but received 'u'     |     { u:[+long], y:[+long], i:[+long] } > { ou, øy, ei } // in certain unstressed endings and monosyllables, _C{C,V,#} (especially before /xt/), and Low German borrowings     |                                              ^     @ Rule 1, Line 1"
17.7.2.3,15,"	{ uə, yə, iə } > { u:[+long], y:[+long], i:[+long] }","Syntax Error: Expected ',', but received 'ə'     |     { uə, yə, iə } > { u:[+long], y:[+long], i:[+long] }     |        ^     @ Rule 1, Line 1"
17.7.2.3,16,"	{ ou, øy, ei } > { au, oy, ai }","Syntax Error: Expected ',', but received 'u'     |     { ou, øy, ei } > { au, oy, ai }     |        ^     @ Rule 1, Line 1"
17.7.2.3,19,	V:[+long] > V:[-long] / _CC (some exceptions; the change was more common around _xt and _rC),"Syntax Error: Malformed Comment: Expected ';;', but received '; ' at 0:0:45     |     V:[+long] > V:[-long] / _CC (some exceptions; the change was more common around _xt and _rC)     |                                                  ^     @ Rule 1, Line 1"
17.7.2.3,20,"	V:[+long] > V:[-long] / _%Cə{r,l,n}# (some exceptions)","Syntax Error: Can't have segments after the end of a word     |     V:[+long] > V:[-long] / _%Cə{r,l,n}# (some exceptions)     |                                        ^     @ Rule 1, Line 1"
17.7.2.3,21,"	V > V:[+long] / _%, (except for /ə/?)","Syntax Error: Expected an IPA character, Primative or Matrix, but received '/'     |     V > V:[+long] / _%, (except for /ə/?)     |                                     ^     @ Rule 1, Line 1"
17.7.2.3,22,"	V > V:[+long] / _r{t,d,s,t͡s} (except /ə/)","Syntax Error: Expected an IPA character, Primative or Matrix, but received '/'     |     V > V:[+long] / _r{t,d,s,t͡s} (except /ə/)     |                                           ^     @ Rule 1, Line 1"
17.7.2.3,23,	V > V:[+long] / in some monosyllables ending in alveolar resonant͡s or vowels,"Syntax Error: Expected '_', but received ''     |     V > V:[+long] / in some monosyllables ending in alveolar resonant͡s or vowels     |                                                                                  ^     @ Rule 1, Line 1"
17.7.2.3,24,	V > V:[+long] / by analogy in some cases,"Syntax Error: Expected '_', but received ''     |     V > V:[+long] / by analogy in some cases     |                                             ^     @ Rule 1, Line 1"
17.7.2.3,25,"	ə > ∅ / unstressed, but not in every case","Syntax Error: Expected '_', but received ','     |     ə > ∅ / unstressed, but not in every case     |                       ^     @ Rule 1, Line 1"
17.7.2.3,26,	∅ > ə / M_r% (I don’t know what Mr. Ciupak means by 〈M〉),"Syntax Error: Unknown character ’ at '0:0:19'.     |     ∅ > ə / M_r% (I don’t know what Mr. Ciupak means by 〈M〉)     |                        ^     @ Rule 1, Line 1"
17.7.2.4,2,"	{ p, t, k } > { pf, t͡s, kx } / #_","Syntax Error: Expected ',', but received 'f'     |     { p, t, k } > { pf, t͡s, kx } / #_     |                      ^     @ Rule 1, Line 1"
17.7.2.4,3,"	{ p, t, k } > { pf, t͡s, kx } / :{ L_, N_ }:","Syntax Error: Expected ',', but received 'f'     |     { p, t, k } > { pf, t͡s, kx } / :{ L_, N_ }:     |                      ^     @ Rule 1, Line 1"
17.7.2.4,4,"	{ p:[+long], t:[+long], k:[+long] } > { pf, t͡s, kx }","Syntax Error: Expected ',', but received 'f'     |     { p:[+long], t:[+long], k:[+long] } > { pf, t͡s, kx }     |                                              ^     @ Rule 1, Line 1"
17.7.2.4,12,"	{ a, u, o } > { e, y, ø } / _(C…){{ i, i:[+long] },j}","Syntax Error: Cannot have nested brackets of the same type     |     { a, u, o } > { e, y, ø } / _(C…){{ i, i:[+long] },j}     |                                       ^     @ Rule 1, Line 1"
17.7.2.5,0,"	{ ai, au } > { e:[+long], o:[+long] }","Syntax Error: Expected ',', but received 'i'     |     { ai, au } > { e:[+long], o:[+long] }     |        ^     @ Rule 1, Line 1"
17.7.2.5,2,"	v:[+long] ɣ:[+long] h:[+long] > b:[+long] ɡ:[+long] x:[+long] (perhaps not strictly a sound change, but worth noting)","Syntax Error: Expected end of line, received '('. Did you forget a '/' between the output and environment?     |     v:[+long] ɣ:[+long] h:[+long] > b:[+long] ɡ:[+long] x:[+long] (perhaps not strictly a sound change, but worth noting)     |                                                                   ^     @ Rule 1, Line 1"
17.7.2.5,3,"	{ f, θ, s } > { v, ð, z } / syllable-initially","Syntax Error: Expected '->', but received -'i' at 0:0:36     |     { f, θ, s } > { v, ð, z } / syllable-initially     |                                         ^     @ Rule 1, Line 1"
17.7.2.5,6,	k > t͡s / _E (ɡ → d͡z here?),"Syntax Error: Unknown character → at '0:0:16'.     |     k > t͡s / _E (ɡ → d͡z here?)     |                     ^     @ Rule 1, Line 1"
17.7.2.5,9,	ɡ > ʝ / _E (singleton only),"Syntax Error: Unknown grouping 'E'. Known groupings are (C)onsonant, (O)bstruent, (S)onorant, (P)losive, (F)ricative, (L)iquid, (N)asal, (G)lide, and (V)owel     |     ɡ > ʝ / _E (singleton only)     |              ^     @ Rule 1, Line 1"
17.7.2.5,12,	F:[-voice] > F:[+voice] / X:[+voice]_X:[+voice]?,"Syntax Error: Unknown grouping 'X'. Known groupings are (C)onsonant, (O)bstruent, (S)onorant, (P)losive, (F)ricative, (L)iquid, (N)asal, (G)lide, and (V)owel     |     F:[-voice] > F:[+voice] / X:[+voice]_X:[+voice]?     |                               ^     @ Rule 1, Line 1"
17.7.3,1,"	{ Eβu, Eβo } > { ju:[+long], jo:[+long] }","Syntax Error: Unknown grouping 'E'. Known groupings are (C)onsonant, (O)bstruent, (S)onorant, (P)losive, (F)ricative, (L)iquid, (N)asal, (G)lide, and (V)owel     |     { Eβu, Eβo } > { ju:[+long], jo:[+long] }     |       ^     @ Rule 1, Line 1"
17.7.3,3,	β > ∅ / V_B,"Syntax Error: Unknown grouping 'B'. Known groupings are (C)onsonant, (O)bstruent, (S)onorant, (P)losive, (F)ricative, (L)iquid, (N)asal, (G)lide, and (V)owel     |     β > ∅ / V_B     |               ^     @ Rule 1, Line 1"
17.7.3,4,"	{æ,e}:[+long](w(a)) > a:[+long]","Syntax Error: Cannot have nested brackets of the same type     |     {æ,e}:[+long](w(a)) > a:[+long]     |                    ^     @ Rule 1, Line 1"
17.7.3,7,	i > j / _V // in #,"Syntax Error: Can't have segments before the beginning of a word     |     i > j / _V // in #     |                      ^     @ Rule 1, Line 1"
17.7.3,9,"	n > ∅ / V{:[+long],V}_hV","Syntax Error: Expected an IPA character, Primative or Matrix, but received ':'     |     n > ∅ / V{:[+long],V}_hV     |               ^     @ Rule 1, Line 1"
17.7.3,11,"	{ {, ʷu,, ʷu:[+long], }, {, i,, i:[+long], } } > { {, ʷo,, ʷo:[+long], }, {, e,, e:[+long], } } / _(C){ Ca, a } ,j} // CC = NC or one C = {ʀ","Syntax Error: Cannot have nested brackets of the same type     |     { {, ʷu,, ʷu:[+long], }, {, i,, i:[+long], } } > { {, ʷo,, ʷo:[+long], }, {, e,, e:[+long], } } / _(C){ Ca, a } ,j} // CC = NC or one C = {ʀ     |       ^     @ Rule 1, Line 1"
17.7.3,13,"	{ {æ,e}:[+long]u:[+long], {æ,e}:[+long]i:[+long] } > { eu, ai }","Syntax Error: Cannot have nested brackets of the same type     |     { {æ,e}:[+long]u:[+long], {æ,e}:[+long]i:[+long] } > { eu, ai }     |       ^     @ Rule 1, Line 1"
17.7.3,14,"	{ w{o,u}:[+long]wu:[+long], j{e,i}:[+long]ji:[+long] } > { u:[+long], i:[+long] }","Syntax Error: Cannot have nested brackets of the same type     |     { w{o,u}:[+long]wu:[+long], j{e,i}:[+long]ji:[+long] } > { u:[+long], i:[+long] }     |        ^     @ Rule 1, Line 1"
17.7.3,17,"	{ o(u), {ɔ,ɑ,au,ai,æ}, {ja,jE,æ(i),e(i),y} } > { u, a, i }","Syntax Error: Cannot have nested brackets of the same type     |     { o(u), {ɔ,ɑ,au,ai,æ}, {ja,jE,æ(i),e(i),y} } > { u, a, i }     |             ^     @ Rule 1, Line 1"
17.7.3,18,"	V:[+long] > V:[-long] / , # // #_","Syntax Error: Expected '_', but received ','     |     V:[+long] > V:[-long] / , # // #_     |                             ^     @ Rule 1, Line 1"
17.7.3.1,1,"	i > ɪ / _NS:[-voice] ,i,j} // _NS(C){o","Syntax Error: Expected '_', but received ','     |     i > ɪ / _NS:[-voice] ,i,j} // _NS(C){o     |                            ^     @ Rule 1, Line 1"
17.7.3.1,3,"	{ b, {w,v}, d, ð, ɡ } > { p, f, t, θ, k } / _#","Syntax Error: Cannot have nested brackets of the same type     |     { b, {w,v}, d, ð, ɡ } > { p, f, t, θ, k } / _#     |          ^     @ Rule 1, Line 1"
17.7.3.1,5,"	{ E:[+long]B:[+long], E:[+long]a:[+long] } > { jo:[+long], ja:[+long] } / :{ v_, w_ }:","Syntax Error: Unknown grouping 'E'. Known groupings are (C)onsonant, (O)bstruent, (S)onorant, (P)losive, (F)ricative, (L)iquid, (N)asal, (G)lide, and (V)owel     |     { E:[+long]B:[+long], E:[+long]a:[+long] } > { jo:[+long], ja:[+long] } / :{ v_, w_ }:     |       ^     @ Rule 1, Line 1"
17.7.3.1,6,"	{ B:[+long]B, a:[+long]{o,a,æ,e}, {æ,e}:[+long]{æ,e}:[+long], {æ,e}:[+long]i, i:[+long]E:[+long] } > { o:[+long], a:[+long], e:[+long], e:[+long], i:[+long] }","Syntax Error: Cannot have nested brackets of the same type     |     { B:[+long]B, a:[+long]{o,a,æ,e}, {æ,e}:[+long]{æ,e}:[+long], {æ,e}:[+long]i, i:[+long]E:[+long] } > { o:[+long], a:[+long], e:[+long], e:[+long], i:[+long] }     |                            ^     @ Rule 1, Line 1"
17.7.3.1,7,"	e > i / #(C)(C){ C_, _ }(C)(C)(C){i,j}","Syntax Error: Expected ',', but received '_'     |     e > i / #(C)(C){ C_, _ }(C)(C)(C){i,j}     |                       ^     @ Rule 1, Line 1"
17.7.3.1,8,"	e > ja / :{ ,k,ŋ}n,w,v,l,r}_,_u, ,k,ŋ}n,w,v,l,r}_,_o, ,k,ŋ}n,w,v,l,r}_,_i }: // {{h","Syntax Error: Cannot have nested brackets of the same type     |     e > ja / :{ ,k,ŋ}n,w,v,l,r}_,_u, ,k,ŋ}n,w,v,l,r}_,_o, ,k,ŋ}n,w,v,l,r}_,_i }: // {{h     |                                                                                      ^     @ Rule 1, Line 1"
17.7.3.1,9,"	a(i) {e,w{æ,i}} { weʷ, eiʷ }ɪ > ey ø y ʏ / w_ // hw_","Syntax Error: Cannot have nested brackets of the same type     |     a(i) {e,w{æ,i}} { weʷ, eiʷ }ɪ > ey ø y ʏ / w_ // hw_     |              ^     @ Rule 1, Line 1"
17.7.3.1,11,	VN > Ṽ / _# // in #,"Syntax Error: Unknown character Ṽ at '0:0:5'.     |     VN > Ṽ / _# // in #     |          ^     @ Rule 1, Line 1"
17.7.3.1,12,"	{ u, {o,ɒ}, a, au, ju:[+long] } > { y, ø, æ, y, y:[+long] } / _(C)(C){ Cj, j }","Syntax Error: Cannot have nested brackets of the same type     |     { u, {o,ɒ}, a, au, ju:[+long] } > { y, ø, æ, y, y:[+long] } / _(C)(C){ Cj, j }     |          ^     @ Rule 1, Line 1"
17.7.3.1,15,	ʀ > r_n,"Syntax Error: Expected end of line, received '_'. Did you forget a '/' between the output and environment?     |     ʀ > r_n     |          ^     @ Rule 1, Line 1"
17.7.3.1,19,	a > ∅ / CC_U#,"Syntax Error: Unknown grouping 'U'. Known groupings are (C)onsonant, (O)bstruent, (S)onorant, (P)losive, (F)ricative, (L)iquid, (N)asal, (G)lide, and (V)owel     |     a > ∅ / CC_U#     |                ^     @ Rule 1, Line 1"
17.7.3.1,20,	a > u / %u / // in #,"Syntax Error: Expected '_', but received '/'     |     a > u / %u / // in #     |                ^     @ Rule 1, Line 1"
17.7.3.1,21,"	{ wa:[+long], na:[+long] } > { o:[+long], no:[+long] } / %u in #","Syntax Error: Expected ',', but received 'a'     |     { wa:[+long], na:[+long] } > { o:[+long], no:[+long] } / %u in #     |        ^     @ Rule 1, Line 1"
17.7.3.1,22,"	{ {, a,, a:[+long], }, ae } > { {, o,, o:[+long], }, ɒø } / #(C)(C){ C_, _ }(C)(C){ Cu, u }","Syntax Error: Cannot have nested brackets of the same type     |     { {, a,, a:[+long], }, ae } > { {, o,, o:[+long], }, ɒø } / #(C)(C){ C_, _ }(C)(C){ Cu, u }     |       ^     @ Rule 1, Line 1"
17.7.3.1,23,	a > ∅ / _U#,"Syntax Error: Unknown grouping 'U'. Known groupings are (C)onsonant, (O)bstruent, (S)onorant, (P)losive, (F)ricative, (L)iquid, (N)asal, (G)lide, and (V)owel     |     a > ∅ / _U#     |              ^     @ Rule 1, Line 1"
17.7.3.1,24,"	{ {ʲu,we}:[+long], {o,ɒ}:[+long], a:[+long], au } > { y:[+long], ø:[+long], æ:[+long], æy }","Syntax Error: Cannot have nested brackets of the same type     |     { {ʲu,we}:[+long], {o,ɒ}:[+long], a:[+long], au } > { y:[+long], ø:[+long], æ:[+long], æy }     |       ^     @ Rule 1, Line 1"
17.7.3.1,25,"	{ u, {o,ɒ}, a } > { y, ø, æ } / _(C)(C){ Ci, i }","Syntax Error: Cannot have nested brackets of the same type     |     { u, {o,ɒ}, a } > { y, ø, æ } / _(C)(C){ Ci, i }     |          ^     @ Rule 1, Line 1"
17.7.3.1,26,"	{B,E} > ∅ / :{ CC_ʀ#, CC_s#, CC_t#, CC_θ# }: // B = ɒ","Syntax Error: Unknown grouping 'B'. Known groupings are (C)onsonant, (O)bstruent, (S)onorant, (P)losive, (F)ricative, (L)iquid, (N)asal, (G)lide, and (V)owel     |     {B,E} > ∅ / :{ CC_ʀ#, CC_s#, CC_t#, CC_θ# }: // B = ɒ     |      ^     @ Rule 1, Line 1"
17.7.3.1,27,"	{ u, {o,ɒ}, a, au, ju:[+long] } > { y, ø, æ, æy, y:[+long] } / _(C)(C){ Ci, i }","Syntax Error: Cannot have nested brackets of the same type     |     { u, {o,ɒ}, a, au, ju:[+long] } > { y, ø, æ, æy, y:[+long] } / _(C)(C){ Ci, i }     |          ^     @ Rule 1, Line 1"
17.7.3.1,28,"	E > ∅ / :{ _ʀ, _s, _t, _θ }:","Syntax Error: Unknown grouping 'E'. Known groupings are (C)onsonant, (O)bstruent, (S)onorant, (P)losive, (F)ricative, (L)iquid, (N)asal, (G)lide, and (V)owel     |     E > ∅ / :{ _ʀ, _s, _t, _θ }:     |     ^     @ Rule 1, Line 1"
17.7.3.1,31,"	{B,E} > ∅ / CC_U# // B = ɒ","Syntax Error: Unknown grouping 'B'. Known groupings are (C)onsonant, (O)bstruent, (S)onorant, (P)losive, (F)ricative, (L)iquid, (N)asal, (G)lide, and (V)owel     |     {B,E} > ∅ / CC_U# // B = ɒ     |      ^     @ Rule 1, Line 1"
17.7.3.1,33,"	{a,æ,e}:[+long]hi:[+long] > æ:[+long]","Syntax Error: Expected ',', but received '}:'     |     {a,æ,e}:[+long]hi:[+long] > æ:[+long]     |           ^^     @ Rule 1, Line 1"
17.7.3.1,34,"	{ ɒ:[+long]h{u,a}, a:[+long]h{u,a} } > { ɒ:[+long], a:[+long] }","Syntax Error: Cannot have nested brackets of the same type     |     { ɒ:[+long]h{u,a}, a:[+long]h{u,a} } > { ɒ:[+long], a:[+long] }     |                 ^     @ Rule 1, Line 1"
17.7.3.1,35,"	{B,E} > ∅ / _U# // B = ɒ","Syntax Error: Unknown grouping 'B'. Known groupings are (C)onsonant, (O)bstruent, (S)onorant, (P)losive, (F)ricative, (L)iquid, (N)asal, (G)lide, and (V)owel     |     {B,E} > ∅ / _U# // B = ɒ     |      ^     @ Rule 1, Line 1"
17.7.3.1,37,	V:[+long] > V:[-long] // in #,"Syntax Error: Can't have segments before the beginning of a word     |     V:[+long] > V:[-long] // in #     |                                 ^     @ Rule 1, Line 1"
17.7.3.1,38,"	{ {u,we,wi}, {o,ɒ}, a, au, ju:[+long] } > { y, ø, æ, æy, y:[+long] } / _(C)(C){ Ci, i }","Syntax Error: Cannot have nested brackets of the same type     |     { {u,we,wi}, {o,ɒ}, a, au, ju:[+long] } > { y, ø, æ, æy, y:[+long] } / _(C)(C){ Ci, i }     |       ^     @ Rule 1, Line 1"
17.7.3.1,39,"	{ wa, we, wi } > { ɒ:[+long], ø:[+long], y:[+long] } / #P_","Syntax Error: Expected ',', but received 'a'     |     { wa, we, wi } > { ɒ:[+long], ø:[+long], y:[+long] } / #P_     |        ^     @ Rule 1, Line 1"
17.7.3.1,41,"	e > jɒ / _(C)(C){ Cu, u } ,k,ŋ}n,w,v,l,r}_ // {{h","Syntax Error: Cannot have nested brackets of the same type     |     e > jɒ / _(C)(C){ Cu, u } ,k,ŋ}n,w,v,l,r}_ // {{h     |                                                    ^     @ Rule 1, Line 1"
17.7.3.1,42,"	e > ja / _(C)(C){ Cu, u } ,k,ŋ}n,w,v,l,r}_ // {{h","Syntax Error: Cannot have nested brackets of the same type     |     e > ja / _(C)(C){ Cu, u } ,k,ŋ}n,w,v,l,r}_ // {{h     |                                                    ^     @ Rule 1, Line 1"
17.7.3.1,43,"	{ au, {ai,ey,ei}, æ{y,i}, øy, V:[+long] } > { o, e, æ, ø, V } / #(C)(C){ C_, _ }CC","Syntax Error: Cannot have nested brackets of the same type     |     { au, {ai,ey,ei}, æ{y,i}, øy, V:[+long] } > { o, e, æ, ø, V } / #(C)(C){ C_, _ }CC     |           ^     @ Rule 1, Line 1"
17.7.3.1,44,	V:[-long] > ∅ / #U_UU,"Syntax Error: Unknown grouping 'U'. Known groupings are (C)onsonant, (O)bstruent, (S)onorant, (P)losive, (F)ricative, (L)iquid, (N)asal, (G)lide, and (V)owel     |     V:[-long] > ∅ / #U_UU     |                      ^     @ Rule 1, Line 1"
17.7.3.1,45,"	{ u, {o,ɒ}, a, au, ju:[+long] } > { y, ø, æ, æy, y:[+long] } / _(C)(C){ Cj, j }","Syntax Error: Cannot have nested brackets of the same type     |     { u, {o,ɒ}, a, au, ju:[+long] } > { y, ø, æ, æy, y:[+long] } / _(C)(C){ Cj, j }     |          ^     @ Rule 1, Line 1"
17.7.3.1,46,"	{ u, {o,ɒ}, a, au, ju:[+long] } > { y, ø, æ, æy, y:[+long] } / #(C){ C_, _ }ʀ","Syntax Error: Cannot have nested brackets of the same type     |     { u, {o,ɒ}, a, au, ju:[+long] } > { y, ø, æ, æy, y:[+long] } / #(C){ C_, _ }ʀ     |          ^     @ Rule 1, Line 1"
17.7.3.1,57,"	k > ∅ / s_l,t","Syntax Error: Expected '_', but received ''     |     k > ∅ / s_l,t     |                  ^     @ Rule 1, Line 1"
17.7.3.1,77,"	{ r:[+long]{r,ʀ}, sʀ } > { r:[+long], s:[+long] }","Syntax Error: Cannot have nested brackets of the same type     |     { r:[+long]{r,ʀ}, sʀ } > { r:[+long], s:[+long] }     |                ^     @ Rule 1, Line 1"
17.7.3.1,78,"	{ l, l:[+long] }ʀ { n, n:[+long] }ʀ > l:[+long] n:[+long] / V:[+long]_ (or all V_ ?)","Syntax Error: Expected an IPA character, Primative or Matrix, but received '_'     |     { l, l:[+long] }ʀ { n, n:[+long] }ʀ > l:[+long] n:[+long] / V:[+long]_ (or all V_ ?)     |                                                                                     ^     @ Rule 1, Line 1"
17.7.3.1,79,"	{{ l, l:[+long] },n}{r,ʀ} > ∅ / V{:[+long],V}_","Syntax Error: Cannot have nested brackets of the same type     |     {{ l, l:[+long] },n}{r,ʀ} > ∅ / V{:[+long],V}_     |      ^     @ Rule 1, Line 1"
17.7.3.1,84,"	{ ai, wi, ʷV } > { e:[+long], we:[+long], ʷV:[+long] } / _h#","Syntax Error: Expected ',', but received 'i'     |     { ai, wi, ʷV } > { e:[+long], we:[+long], ʷV:[+long] } / _h#     |        ^     @ Rule 1, Line 1"
17.7.3.1,87,"	ey > {jo,æ}:[+long] / _ʀ","Syntax Error: Expected ',', but received 'o'     |     ey > {jo,æ}:[+long] / _ʀ     |            ^     @ Rule 1, Line 1"
17.7.3.1,89,"	{ ðl, ðl:[+long] } { ðn, ðn:[+long] } > l:[+long] n:[+long]","Syntax Error: Expected ',', but received 'l'     |     { ðl, ðl:[+long] } { ðn, ðn:[+long] } > l:[+long] n:[+long]     |        ^     @ Rule 1, Line 1"
17.7.3.1,95,"	{ lθ, nθ } > { l:[+long], n:[+long] }","Syntax Error: Expected ',', but received 'θ'     |     { lθ, nθ } > { l:[+long], n:[+long] }     |        ^     @ Rule 1, Line 1"
17.7.3.1,96,	Ṽ > V:[+long] / in # (maybe only ı̃?),"Syntax Error: Unknown character Ṽ at '0:0:0'.     |     Ṽ > V:[+long] / in # (maybe only ı̃?)     |     ^     @ Rule 1, Line 1"
17.7.3.1,97,	Ṽ > V:[-nas],"Syntax Error: Unknown character Ṽ at '0:0:0'.     |     Ṽ > V:[-nas]     |     ^     @ Rule 1, Line 1"
17.7.3.1,106,	(V:[+long])θt > (V)t:[+long],"Syntax Error: Options can only be used in Environments or Structures     |     (V:[+long])θt > (V)t:[+long]     |     ^^^^^^^^^^^     @ Rule 1, Line 1"
17.7.3.1,107,"	{ E:[+long]{u,o}:[+long], E:[+long]a:[+long] } > { jo:[+long], ja:[+long] } / :{ v_, w_ }:","Syntax Error: Cannot have nested brackets of the same type     |     { E:[+long]{u,o}:[+long], E:[+long]a:[+long] } > { jo:[+long], ja:[+long] } / :{ v_, w_ }:     |                ^     @ Rule 1, Line 1"
17.7.3.1,117,	NS:[-voice] > S:[-voice]:[+long],"Syntax Error: Expected end of line, received ':'. Did you forget a '/' between the output and environment?     |     NS:[-voice] > S:[-voice]:[+long]     |                             ^     @ Rule 1, Line 1"
17.7.3.1,118,"	{{ t, t:[+long] },ɡ:[+long]}k > k:[+long]","Syntax Error: Cannot have nested brackets of the same type     |     {{ t, t:[+long] },ɡ:[+long]}k > k:[+long]     |      ^     @ Rule 1, Line 1"
17.7.3.1,120,"	{ uN, yN, iN, VN } > { o, ø:[+long], e:[+long], V:[+long] } / :{ _s, _f }:","Syntax Error: Expected ',', but received 'N'     |     { uN, yN, iN, VN } > { o, ø:[+long], e:[+long], V:[+long] } / :{ _s, _f }:     |        ^     @ Rule 1, Line 1"
17.7.3.1,121,	S:[+long] > S:[-long] / :[-stress]_,"Syntax Error: Expected '_', but received ':'     |     S:[+long] > S:[-long] / :[-stress]_     |                             ^     @ Rule 1, Line 1"
17.7.3.1,122,"	{ lθ, nθ } > { l:[+long], n:[+long] }","Syntax Error: Expected ',', but received 'θ'     |     { lθ, nθ } > { l:[+long], n:[+long] }     |        ^     @ Rule 1, Line 1"
17.7.3.1,129,"	s > t͡s / {l,n}:[+long]_","Syntax Error: Expected ',', but received '}:'     |     s > t͡s / {l,n}:[+long]_     |                   ^^     @ Rule 1, Line 1"
17.7.3.1,138,"	{ o, {æ,e} } > { u, i } // in #","Syntax Error: Cannot have nested brackets of the same type     |     { o, {æ,e} } > { u, i } // in #     |          ^     @ Rule 1, Line 1"
17.7.3.1,143,"	{ e, e:[+long] }{{ B,i, B,i:[+long] }} > { e, e:[+long] }u / :{ v_, w_ }:","Syntax Error: Cannot have nested brackets of the same type     |     { e, e:[+long] }{{ B,i, B,i:[+long] }} > { e, e:[+long] }u / :{ v_, w_ }:     |                      ^     @ Rule 1, Line 1"
17.7.3.1,144,"	e:[+long]{{ B:[+long],i, B:[+long],i:[+long] }} > jo:[+long] / _C:[+alveolar]#","Syntax Error: Cannot have nested brackets of the same type     |     e:[+long]{{ B:[+long],i, B:[+long],i:[+long] }} > jo:[+long] / _C:[+alveolar]#     |               ^     @ Rule 1, Line 1"
17.7.3.1,145,"	e:[+long]{{ B:[+long],i, B:[+long],i:[+long] }} > ju:[+long]","Syntax Error: Cannot have nested brackets of the same type     |     e:[+long]{{ B:[+long],i, B:[+long],i:[+long] }} > ju:[+long]     |               ^     @ Rule 1, Line 1"
17.7.3.1,146,"	∅ > j / {y,e}(:[+long])_a","Syntax Error: Expected an IPA character, Primative or Matrix, but received ':'     |     ∅ > j / {y,e}(:[+long])_a     |                   ^     @ Rule 1, Line 1"
17.7.3.1,147,"	{ N, N:[+long] } k { k, k:[+long] } { N, N:[+long] }ɡ { ɡ, ɡ:[+long] } ɣ > { ɲc, ɲc:[+long] } { c, c:[+long] } { ɲɟ, ɲɟ:[+long] } { ɟ, ɟ:[+long] } ʝ / :{ _i, _j }:","Syntax Error: Expected ',', but received 'c'     |     { N, N:[+long] } k { k, k:[+long] } { N, N:[+long] }ɡ { ɡ, ɡ:[+long] } ɣ > { ɲc, ɲc:[+long] } { c, c:[+long] } { ɲɟ, ɲɟ:[+long] } { ɟ, ɟ:[+long] } ʝ / :{ _i, _j }:     |                                                                                   ^     @ Rule 1, Line 1"
17.7.3.1,148,	j > ∅ / Ḱ_,"Syntax Error: Unknown character Ḱ at '0:0:8'.     |     j > ∅ / Ḱ_     |             ^     @ Rule 1, Line 1"
17.7.3.1,149,"	a > e / :{ _i, _j, _Ḱ }:","Syntax Error: Unknown character Ḱ at '0:0:20'.     |     a > e / :{ _i, _j, _Ḱ }:     |                         ^     @ Rule 1, Line 1"
17.7.3.1,150,"	{ N, N:[+long] } k { k, k:[+long] } { N, N:[+long] }ɡ { ɡ, ɡ:[+long] } ɣ > { ɲc, ɲc:[+long] } { c, c:[+long] } { ɲɟ, ɲɟ:[+long] } { ɟ, ɟ:[+long] } ɟ / :{ _i, _j }:","Syntax Error: Expected ',', but received 'c'     |     { N, N:[+long] } k { k, k:[+long] } { N, N:[+long] }ɡ { ɡ, ɡ:[+long] } ɣ > { ɲc, ɲc:[+long] } { c, c:[+long] } { ɲɟ, ɲɟ:[+long] } { ɟ, ɟ:[+long] } ɟ / :{ _i, _j }:     |                                                                                   ^     @ Rule 1, Line 1"
17.7.3.1,156,	e:[+long] > e / Ḱ_,"Syntax Error: Unknown character Ḱ at '0:0:16'.     |     e:[+long] > e / Ḱ_     |                     ^     @ Rule 1, Line 1"
17.7.3.1,157,"	{ e:[+long], j } > { e, ∅ } / Cw_","Syntax Error: Expected an IPA character, Primative or Matrix, but received '∅'     |     { e:[+long], j } > { e, ∅ } / Cw_     |                             ^     @ Rule 1, Line 1"
17.7.3.1.1,2,	t > ð / V_# in some verbal endings,"Syntax Error: Can't have segments after the end of a word     |     t > ð / V_# in some verbal endings     |               ^     @ Rule 1, Line 1"
17.7.3.1.1,7,"	{ u, o, a, ø, y, e, i } > { u:[+long], o:[+long], a:[+long], øi, y:[+long], ei, i:[+long] } / :{ _ɲc, _ɲɟ, _ŋk, _ŋɡ }:","Syntax Error: Expected ',', but received 'i'     |     { u, o, a, ø, y, e, i } > { u:[+long], o:[+long], a:[+long], øi, y:[+long], ei, i:[+long] } / :{ _ɲc, _ɲɟ, _ŋk, _ŋɡ }:     |                                                                   ^     @ Rule 1, Line 1"
17.7.3.1.1,11,"	{ u, o, a, ø:[+long], e:[+long], y, i } > { ʏɪ, oi, ai, øi, ei, y:[+long], i:[+long] } / _j","Syntax Error: Expected ',', but received 'ɪ'     |     { u, o, a, ø:[+long], e:[+long], y, i } > { ʏɪ, oi, ai, øi, ei, y:[+long], i:[+long] } / _j     |                                                  ^     @ Rule 1, Line 1"
17.7.3.1.1,14,"	O > ∅ / :{ F:[-same POA]_O, r_O, l_O }:","Syntax Error: Unknown feature 'samePOA' at 0:14-23. Did you mean lateral?      |     O > ∅ / :{ F:[-same POA]_O, r_O, l_O }:     |                   ^^^^^^^^^     @ Rule 1, Line 1"
17.7.3.1.1,15,	S > ∅ / N:[+same POA]_S,"Syntax Error: Unknown feature 'samePOA' at 0:11-20. Did you mean lateral?      |     S > ∅ / N:[+same POA]_S     |                ^^^^^^^^^     @ Rule 1, Line 1"
17.7.3.1.1,16,"	{{ l, l:[+long] },rl} > ɬ / v_#","Syntax Error: Cannot have nested brackets of the same type     |     {{ l, l:[+long] },rl} > ɬ / v_#     |      ^     @ Rule 1, Line 1"
17.7.3.1.1,18,"	{{ l, l:[+long] },rl} C > ɬ C:[-voice] / :{ _S:[-voice], _s }:","Syntax Error: Cannot have nested brackets of the same type     |     {{ l, l:[+long] },rl} C > ɬ C:[-voice] / :{ _S:[-voice], _s }:     |      ^     @ Rule 1, Line 1"
17.7.3.1.1,19,	r > r̥ / S:[-voice] / _#,"Syntax Error: Expected '_', but received '/'     |     r > r̥ / S:[-voice] / _#     |                         ^     @ Rule 1, Line 1"
17.7.3.1.1,20,"	{{ l, l:[+long] },rl} C > ɬ C:[-voice] / S_ // S:[+long]_","Syntax Error: Cannot have nested brackets of the same type     |     {{ l, l:[+long] },rl} C > ɬ C:[-voice] / S_ // S:[+long]_     |      ^     @ Rule 1, Line 1"
17.7.3.1.1,21,"	{{ l, l:[+long] },rl} r:[+long] > dɬ r̥ / _#","Syntax Error: Cannot have nested brackets of the same type     |     {{ l, l:[+long] },rl} r:[+long] > dɬ r̥ / _#     |      ^     @ Rule 1, Line 1"
17.7.3.1.1,22,"	{ S:[-voice]:[+long], S:[+voice]:[+long] } > { ʰS, S:[-voice]:[+long] }","Syntax Error: Expected ',', but received ':'     |     { S:[-voice]:[+long], S:[+voice]:[+long] } > { ʰS, S:[-voice]:[+long] }     |                 ^     @ Rule 1, Line 1"
17.7.3.1.1,23,"	S:[-voice] > ʰS / :{ _l, _ɬ, _m, _n }:","Syntax Error: Floating diacritic. Diacritics can only be used to modify IPA Segments     |     S:[-voice] > ʰS / :{ _l, _ɬ, _m, _n }:     |                  ^     @ Rule 1, Line 1"
17.7.3.1.1,24,	S:[-voice] > Sʰ / #v_V,"Syntax Error: Expected end of line, received 'ʰ'. Did you forget a '/' between the output and environment?     |     S:[-voice] > Sʰ / #v_V     |                   ^     @ Rule 1, Line 1"
17.7.3.1.1,27,"	{ b, d, {ɡ,ɣ} } > { p, t, k } / _S","Syntax Error: Cannot have nested brackets of the same type     |     { b, d, {ɡ,ɣ} } > { p, t, k } / _S     |             ^     @ Rule 1, Line 1"
17.7.3.1.1,29,"	{ u, o:[+long], a:[+long], ʏɪ, {y,i}, {y,i}:[+long], æ:[+long], e:[+long], ey } > { ʏ, ou, au, ai, y, ɪ, i, je, ei }","Syntax Error: Cannot have nested brackets of the same type     |     { u, o:[+long], a:[+long], ʏɪ, {y,i}, {y,i}:[+long], æ:[+long], e:[+long], ey } > { ʏ, ou, au, ai, y, ɪ, i, je, ei }     |                                    ^     @ Rule 1, Line 1"
17.7.3.1.1,31,"	V > V:[+long] / _{ C#, # }, in monosyllables","Syntax Error: Expected ',', but received '#'     |     V > V:[+long] / _{ C#, # }, in monosyllables     |                         ^     @ Rule 1, Line 1"
17.7.3.1.1,32,"	V > V:[+long] / , in polysyllables // _CCV","Syntax Error: Expected '_', but received ','     |     V > V:[+long] / , in polysyllables // _CCV     |                     ^     @ Rule 1, Line 1"
17.7.3.1.1,33,"	{n̥n,nn̥ > tn̥ / V_","Syntax Error: Expected ',', but received 'n'     |     {n̥n,nn̥ > tn̥ / V_     |        ^     @ Rule 1, Line 1"
17.7.3.1.1,38,"	{r̥n,r̥n̥,rn̥ > tn̥","Syntax Error: Expected ',', but received 'n'     |     {r̥n,r̥n̥,rn̥ > tn̥     |        ^     @ Rule 1, Line 1"
17.7.3.1.1,42,"	{ɬl,ɬ:[+long] > t͡ɬ","Syntax Error: Expected ',', but received 'l'     |     {ɬl,ɬ:[+long] > t͡ɬ     |       ^     @ Rule 1, Line 1"
17.7.3.1.1,44,"	{l:[+long],rl} > t͡ɬ / _#","Syntax Error: Expected ',', but received 'l'     |     {l:[+long],rl} > t͡ɬ / _#     |                 ^     @ Rule 1, Line 1"
17.7.3.1.1,45,"	{l:[+long],rl} > tl","Syntax Error: Expected ',', but received 'l'     |     {l:[+long],rl} > tl     |                 ^     @ Rule 1, Line 1"
17.7.3.1.1,48,"	{ hr, hn } > { r̥, n̥ } / #_","Syntax Error: Expected ',', but received 'r'     |     { hr, hn } > { r̥, n̥ } / #_     |        ^     @ Rule 1, Line 1"
17.7.3.1.1,49,"	v > ∅ / {u,o,a}:[+long]_","Syntax Error: Expected ',', but received '}:'     |     v > ∅ / {u,o,a}:[+long]_     |                   ^^     @ Rule 1, Line 1"
17.7.3.1.2,3,"	{ {, p,, p:[+long], }, {, t,, t:[+long], }, {, k,, k:[+long], } } > { {, b,, b:[+long], }, {, d,, d:[+long], }, {, ɡ,, ɡ:[+long], } } / :{ {V,}_V }:","Syntax Error: Cannot have nested brackets of the same type     |     { {, p,, p:[+long], }, {, t,, t:[+long], }, {, k,, k:[+long], } } > { {, b,, b:[+long], }, {, d,, d:[+long], }, {, ɡ,, ɡ:[+long], } } / :{ {V,}_V }:     |       ^     @ Rule 1, Line 1"
17.7.3.1.2,5,	d > ∅ / n_# (,"Syntax Error: Expected an IPA character, Primative or Matrix, but received ''     |     d > ∅ / n_# (     |                  ^     @ Rule 1, Line 1"
17.7.3.1.2,8,	ɡ > k / _# (sporadic),"Syntax Error: Can't have segments after the end of a word     |     ɡ > k / _# (sporadic)     |              ^     @ Rule 1, Line 1"
17.7.3.1.2,9,"	{ ɡn, ɡl } > { nʲ, lʲ }","Syntax Error: Expected ',', but received 'n'     |     { ɡn, ɡl } > { nʲ, lʲ }     |        ^     @ Rule 1, Line 1"
17.7.3.1.2,15,"	{ hʷ, hʲ } > { {w,ʍ}, ʃ }","Syntax Error: Cannot have nested brackets of the same type     |     { hʷ, hʲ } > { {w,ʍ}, ʃ }     |                    ^     @ Rule 1, Line 1"
17.7.3.1.2,17,	θ > h / #_B,"Syntax Error: Unknown grouping 'B'. Known groupings are (C)onsonant, (O)bstruent, (S)onorant, (P)losive, (F)ricative, (L)iquid, (N)asal, (G)lide, and (V)owel     |     θ > h / #_B     |               ^     @ Rule 1, Line 1"
17.7.3.1.2,21,"	ð > ∅ /{a,E}_","Syntax Error: Unknown grouping 'E'. Known groupings are (C)onsonant, (O)bstruent, (S)onorant, (P)losive, (F)ricative, (L)iquid, (N)asal, (G)lide, and (V)owel     |     ð > ∅ /{a,E}_     |               ^     @ Rule 1, Line 1"
17.7.3.1.2,29,	l > ∅ / _# ?,"Syntax Error: Can't have segments after the end of a word     |     l > ∅ / _# ?     |              ^     @ Rule 1, Line 1"
17.7.3.1.2,30,	lm > ml (sporadic),"Syntax Error: Expected end of line, received '('. Did you forget a '/' between the output and environment?     |     lm > ml (sporadic)     |             ^     @ Rule 1, Line 1"
17.7.3.1.2,35,"	u > ʌ / _C{:[+long],CC}","Syntax Error: Expected an IPA character, Primative or Matrix, but received ':'     |     u > ʌ / _C{:[+long],CC}     |                ^     @ Rule 1, Line 1"
17.7.3.1.2,37,"	{ o, a } > { ø, ɛ } / _(C){ Ci, i }","Syntax Error: Expected ',', but received 'i'     |     { o, a } > { ø, ɛ } / _(C){ Ci, i }     |                                  ^     @ Rule 1, Line 1"
17.7.3.1.2,39,"	o:[+long] > ø:[+long] / _(C){ C#, # }","Syntax Error: Expected ',', but received '#'     |     o:[+long] > ø:[+long] / _(C){ C#, # }     |                                    ^     @ Rule 1, Line 1"
17.7.3.1.2,41,"	jo:[+long] > {u,o,ø} (looks like being in the ultima or the penult may have had something to do with it, but it isn’t clear to me)","Syntax Error: Unknown character ’ at '0:0:115'.     |     jo:[+long] > {u,o,ø} (looks like being in the ultima or the penult may have had something to do with it, but it isn’t clear to me)     |                                                                                                                        ^     @ Rule 1, Line 1"
17.7.3.1.2,42,"	ɒ > ɔ / :{ _C}C, _C:[+long]}C }:","Syntax Error: Expected ',', but received '}'     |     ɒ > ɔ / :{ _C}C, _C:[+long]}C }:     |                  ^     @ Rule 1, Line 1"
17.7.3.1.2,46,	au > (ɔ)u,"Syntax Error: Unknown character ( at '0:0:3'.     |     au > (ɔ)u     |        ^     @ Rule 1, Line 1"
17.7.3.1.2,63,"	ei > e:[+long] / _C(:[+long],V)# (V can be a syllabic consonant)","Syntax Error: Expected an IPA character, Primative or Matrix, but received ':'     |     ei > e:[+long] / _C(:[+long],V)# (V can be a syllabic consonant)     |                         ^     @ Rule 1, Line 1"
17.7.3.1.3,5,"	{ nd, ld, ( } > { n:[+long], l:[+long], ?) }","Syntax Error: Expected ',', but received 'd'     |     { nd, ld, ( } > { n:[+long], l:[+long], ?) }     |        ^     @ Rule 1, Line 1"
17.7.3.1.3,6,	n:[+long] l:[+long] ?) > ɲ ʎ,"Syntax Error: Expected '>', '->' or '=>', but received ')'     |     n:[+long] l:[+long] ?) > ɲ ʎ     |                          ^     @ Rule 1, Line 1"
17.7.3.1.3,9,"	{ k, ɡ } > { c, ɟ } / _E","Syntax Error: Unknown grouping 'E'. Known groupings are (C)onsonant, (O)bstruent, (S)onorant, (P)losive, (F)ricative, (L)iquid, (N)asal, (G)lide, and (V)owel     |     { k, ɡ } > { c, ɟ } / _E     |                            ^     @ Rule 1, Line 1"
17.7.3.1.3,11,"	{ p:[+long], t:[+long], k:[+long] } > { b, d, {ɡ,ɣ} } / V_V","Syntax Error: Cannot have nested brackets of the same type     |     { p:[+long], t:[+long], k:[+long] } > { b, d, {ɡ,ɣ} } / V_V     |                                                   ^     @ Rule 1, Line 1"
17.7.3.1.3,34,	n:[+long] > ɲ(d),"Syntax Error: Expected end of line, received '('. Did you forget a '/' between the output and environment?     |     n:[+long] > ɲ(d)     |                  ^     @ Rule 1, Line 1"
17.7.3.1.3,35,"	{ rn, {l:[+long],rl} } > { ɲ, ʎ }","Syntax Error: Cannot have nested brackets of the same type     |     { rn, {l:[+long],rl} } > { ɲ, ʎ }     |           ^     @ Rule 1, Line 1"
17.7.3.1.3,36,	ms > ŋ(k)s,"Syntax Error: Expected end of line, received '('. Did you forget a '/' between the output and environment?     |     ms > ŋ(k)s     |           ^     @ Rule 1, Line 1"
17.7.3.1.3,37,"	{u,o}(:[+long]) a a:[+long] {ɒ,œ,y} e { i, i:[+long] } > {o,ɔ}(i) æ(i) {ɔ,ɒ}(i) {o,ɔ}(i) {æ,e} / :{ _Ḱ, _Cʲ }:","Syntax Error: Unknown character Ḱ at '0:0:101'.     |     {u,o}(:[+long]) a a:[+long] {ɒ,œ,y} e { i, i:[+long] } > {o,ɔ}(i) æ(i) {ɔ,ɒ}(i) {o,ɔ}(i) {æ,e} / :{ _Ḱ, _Cʲ }:     |                                                                                                          ^     @ Rule 1, Line 1"
17.7.3.1.3,39,"	u:[+long] > {u,o,ɒ,ø} (conditioning unclear; it seems the presence of a velar consonant may have helped to retain the quality of /u/)","Syntax Error: Malformed Comment: Expected ';;', but received '; ' at 0:0:44     |     u:[+long] > {u,o,ɒ,ø} (conditioning unclear; it seems the presence of a velar consonant may have helped to retain the quality of /u/)     |                                                 ^     @ Rule 1, Line 1"
17.7.3.1.3,42,	ɒ > ø / _O:[+dental/alveolar],"Syntax Error: Unknown feature 'dental' at 0:12-19. Did you mean ldental?      |     ɒ > ø / _O:[+dental/alveolar]     |                 ^^^^^^^     @ Rule 1, Line 1"
17.7.3.1.3,43,"	{ {ɒ,ey}, j{u,o,a}:[+long], y:[+long] } > { o, ø, u } / Ḱ_","Syntax Error: Cannot have nested brackets of the same type     |     { {ɒ,ey}, j{u,o,a}:[+long], y:[+long] } > { o, ø, u } / Ḱ_     |       ^     @ Rule 1, Line 1"
17.7.3.1.3,44,"	j{u,o,a}:[+long] > ø","Syntax Error: Expected ',', but received '}:'     |     j{u,o,a}:[+long] > ø     |            ^^     @ Rule 1, Line 1"
17.7.3.1.3,45,	a > ∅ / C:[+dental/alveolar]_u,"Syntax Error: Unknown feature 'dental' at 0:11-18. Did you mean ldental?      |     a > ∅ / C:[+dental/alveolar]_u     |                ^^^^^^^     @ Rule 1, Line 1"
17.7.3.1.3,46,"	a > o, ɔ / :{ _[+ cons, - fr, + bk, + hi, - lo](, _r( }: // [+ cons, - fr, + bk, + hi, - lo] = w ?)","Syntax Error: Cannot have nested brackets of the same type     |     a > o, ɔ / :{ _[+ cons, - fr, + bk, + hi, - lo](, _r( }: // [+ cons, - fr, + bk, + hi, - lo] = w ?)     |                                                         ^     @ Rule 1, Line 1"
17.7.3.1.3,47,	a:[+long] > wo (dialectal),"Syntax Error: Expected end of line, received '('. Did you forget a '/' between the output and environment?     |     a:[+long] > wo (dialectal)     |                    ^     @ Rule 1, Line 1"
17.7.3.1.3,48,"	a:[+long] > ɔ(u) / :{ _l, _r }:","Syntax Error: Expected end of line, received '('. Did you forget a '/' between the output and environment?     |     a:[+long] > ɔ(u) / :{ _l, _r }:     |                  ^     @ Rule 1, Line 1"
17.7.3.1.3,52,	y:[+long] > ø / _O:[+dental/alveolar],"Syntax Error: Unknown feature 'dental' at 0:20-27. Did you mean ldental?      |     y:[+long] > ø / _O:[+dental/alveolar]     |                         ^^^^^^^     @ Rule 1, Line 1"
17.7.3.1.3,53,"	æ > e / ,Cʲ} // _{Ḱ","Syntax Error: Unknown character Ḱ at '0:0:18'.     |     æ > e / ,Cʲ} // _{Ḱ     |                       ^     @ Rule 1, Line 1"
17.7.3.1.3,56,"	{ e, e:[+long] } > { {æ,ɛ,e}, {ʲɛ,je} }","Syntax Error: Cannot have nested brackets of the same type     |     { e, e:[+long] } > { {æ,ɛ,e}, {ʲɛ,je} }     |                          ^     @ Rule 1, Line 1"
17.7.4,1,	e:[+long] > i / unstressed,"Syntax Error: Expected '_', but received ''     |     e:[+long] > i / unstressed     |                               ^     @ Rule 1, Line 1"
17.7.4,2,"	e > i / ,r,h}_ // {w","Syntax Error: Expected '_', but received ','     |     e > i / ,r,h}_ // {w     |             ^     @ Rule 1, Line 1"
17.7.4,7,	θ ð > t d (not a complete change; apparently due to Latin),"Syntax Error: Malformed Comment: Expected ';;', but received '; ' at 0:0:33     |     θ ð > t d (not a complete change; apparently due to Latin)     |                                      ^     @ Rule 1, Line 1"
17.7.4,8,	z > ∅ (seems to have been complete by the Sixth Century),"Syntax Error: The output of a deletion rule must only contain `*` or `∅`     |     z > ∅ (seems to have been complete by the Sixth Century)     |           ^     @ Rule 1, Line 1"
17.8.1,0,"	{H,m̩,n̩} > a","Syntax Error: Unknown grouping 'H'. Known groupings are (C)onsonant, (O)bstruent, (S)onorant, (P)losive, (F)ricative, (L)iquid, (N)asal, (G)lide, and (V)owel     |     {H,m̩,n̩} > a     |      ^     @ Rule 1, Line 1"
17.8.1,6,"	{ kʷ, kʰʷ, ɡʷ } > { t, tʰ, d } / _E","Syntax Error: Unknown grouping 'E'. Known groupings are (C)onsonant, (O)bstruent, (S)onorant, (P)losive, (F)ricative, (L)iquid, (N)asal, (G)lide, and (V)owel     |     { kʷ, kʰʷ, ɡʷ } > { t, tʰ, d } / _E     |                                       ^     @ Rule 1, Line 1"
17.8.2,0,"	{H,m̩,n̩} > a","Syntax Error: Unknown grouping 'H'. Known groupings are (C)onsonant, (O)bstruent, (S)onorant, (P)losive, (F)ricative, (L)iquid, (N)asal, (G)lide, and (V)owel     |     {H,m̩,n̩} > a     |      ^     @ Rule 1, Line 1"
17.8.2,6,"	{ kʷ, kʰʷ, ɡʷ } > { t, tʰ, d } / _E","Syntax Error: Unknown grouping 'E'. Known groupings are (C)onsonant, (O)bstruent, (S)onorant, (P)losive, (F)ricative, (L)iquid, (N)asal, (G)lide, and (V)owel     |     { kʷ, kʰʷ, ɡʷ } > { t, tʰ, d } / _E     |                                       ^     @ Rule 1, Line 1"
17.8.2,16,	t͡ʃ > t:[+long] / medial,"Syntax Error: Expected '_', but received ''     |     t͡ʃ > t:[+long] / medial     |                             ^     @ Rule 1, Line 1"
17.8.2,18,"	{ uʲ, u:[+long]ʲ } > { yʲ, y:[+long]ʲ }","Syntax Error: Expected ',', but received 'ʲ'     |     { uʲ, u:[+long]ʲ } > { yʲ, y:[+long]ʲ }     |                    ^     @ Rule 1, Line 1"
17.8.2,19,	æ:[+long] > ɛ:[+long] (includes diphthongs),"Syntax Error: Expected end of line, received '('. Did you forget a '/' between the output and environment?     |     æ:[+long] > ɛ:[+long] (includes diphthongs)     |                           ^     @ Rule 1, Line 1"
17.8.2,20,"	{ ej, ow } > { e:[+long], o:[+long] }","Syntax Error: Expected ',', but received 'j'     |     { ej, ow } > { e:[+long], o:[+long] }     |        ^     @ Rule 1, Line 1"
17.8.2,28,	øj > yj (,"Syntax Error: Expected end of line, received '('. Did you forget a '/' between the output and environment?     |     øj > yj (     |             ^     @ Rule 1, Line 1"
17.8.2,29,"	{ yj, ( } > { y:[+long], sometimes) }","Syntax Error: Expected ',', but received 'j'     |     { yj, ( } > { y:[+long], sometimes) }     |        ^     @ Rule 1, Line 1"
17.8.2,36,"	{ ɑu, ɛu, eu } > { ɑv, ɛv, ev }","Syntax Error: Expected ',', but received 'u'     |     { ɑu, ɛu, eu } > { ɑv, ɛv, ev }     |        ^     @ Rule 1, Line 1"
17.8.2,37,	ɔ > ∅ / in the suffixes -ios and -ion,"Syntax Error: Expected '->', but received -'i' at 0:0:24     |     ɔ > ∅ / in the suffixes -ios and -ion     |                             ^     @ Rule 1, Line 1"
17.8.2,44,"	”{i,e}V > j”V","Syntax Error: Unknown character ” at '0:0:0'.     |     ”{i,e}V > j”V     |     ^     @ Rule 1, Line 1"
17.8.3,0,"	{H,m̩,n̩} > a","Syntax Error: Unknown grouping 'H'. Known groupings are (C)onsonant, (O)bstruent, (S)onorant, (P)losive, (F)ricative, (L)iquid, (N)asal, (G)lide, and (V)owel     |     {H,m̩,n̩} > a     |      ^     @ Rule 1, Line 1"
17.8.3,6,"	{ kʷ, kʰʷ, ɡʷ } > { t, tʰ, d } / _E","Syntax Error: Unknown grouping 'E'. Known groupings are (C)onsonant, (O)bstruent, (S)onorant, (P)losive, (F)ricative, (L)iquid, (N)asal, (G)lide, and (V)owel     |     { kʷ, kʰʷ, ɡʷ } > { t, tʰ, d } / _E     |                                       ^     @ Rule 1, Line 1"
17.8.3,14,"	{e:[+long],ej} ɛ:[+long] { ɑ, ɑ:[+long] }j {oj,ɔ:[+long]j} > i:[+long] e:[+long] ɛ:[+long] {y,ø}","Syntax Error: Expected ',', but received 'j'     |     {e:[+long],ej} ɛ:[+long] { ɑ, ɑ:[+long] }j {oj,ɔ:[+long]j} > i:[+long] e:[+long] ɛ:[+long] {y,ø}     |                 ^     @ Rule 1, Line 1"
17.8.4,0,"	{H,m̩,n̩} > a","Syntax Error: Unknown grouping 'H'. Known groupings are (C)onsonant, (O)bstruent, (S)onorant, (P)losive, (F)ricative, (L)iquid, (N)asal, (G)lide, and (V)owel     |     {H,m̩,n̩} > a     |      ^     @ Rule 1, Line 1"
17.8.4,6,"	{ kʷ, kʰʷ, ɡʷ } > { t, tʰ, d } / _E","Syntax Error: Unknown grouping 'E'. Known groupings are (C)onsonant, (O)bstruent, (S)onorant, (P)losive, (F)ricative, (L)iquid, (N)asal, (G)lide, and (V)owel     |     { kʷ, kʰʷ, ɡʷ } > { t, tʰ, d } / _E     |                                       ^     @ Rule 1, Line 1"
17.8.5,0,"	{H,m̩,n̩} > a","Syntax Error: Unknown grouping 'H'. Known groupings are (C)onsonant, (O)bstruent, (S)onorant, (P)losive, (F)ricative, (L)iquid, (N)asal, (G)lide, and (V)owel     |     {H,m̩,n̩} > a     |      ^     @ Rule 1, Line 1"
17.8.5,6,"	{ kʷ, kʰʷ, ɡʷ } > { t, tʰ, d } / _E","Syntax Error: Unknown grouping 'E'. Known groupings are (C)onsonant, (O)bstruent, (S)onorant, (P)losive, (F)ricative, (L)iquid, (N)asal, (G)lide, and (V)owel     |     { kʷ, kʰʷ, ɡʷ } > { t, tʰ, d } / _E     |                                       ^     @ Rule 1, Line 1"
17.8.6,0,"	{H,m̩,n̩} > a","Syntax Error: Unknown grouping 'H'. Known groupings are (C)onsonant, (O)bstruent, (S)onorant, (P)losive, (F)ricative, (L)iquid, (N)asal, (G)lide, and (V)owel     |     {H,m̩,n̩} > a     |      ^     @ Rule 1, Line 1"
17.8.6,6,"	{ kʷ, kʰʷ, ɡʷ } > { t, tʰ, d } / _E","Syntax Error: Unknown grouping 'E'. Known groupings are (C)onsonant, (O)bstruent, (S)onorant, (P)losive, (F)ricative, (L)iquid, (N)asal, (G)lide, and (V)owel     |     { kʷ, kʰʷ, ɡʷ } > { t, tʰ, d } / _E     |                                       ^     @ Rule 1, Line 1"
17.8.6,12,"	Vns > { V, V:[+long] }s (Tucker says that “:[i]n a few Doric dialect͡s the lengthening did not occur”)","Syntax Error: Unknown character “ at '0:0:42'.     |     Vns > { V, V:[+long] }s (Tucker says that “:[i]n a few Doric dialect͡s the lengthening did not occur”)     |                                               ^     @ Rule 1, Line 1"
17.8.6,15,	t͡ʃ > t:[+long] / medial,"Syntax Error: Expected '_', but received ''     |     t͡ʃ > t:[+long] / medial     |                             ^     @ Rule 1, Line 1"
17.8.6,16,	h > ∅ (in those “dialect͡s of the western fringe of Asia Minor and the near-by islands”),"Syntax Error: Unknown character “ at '0:0:16'.     |     h > ∅ (in those “dialect͡s of the western fringe of Asia Minor and the near-by islands”)     |                     ^     @ Rule 1, Line 1"
17.8.7,0,"	{H,m̩,n̩} > a","Syntax Error: Unknown grouping 'H'. Known groupings are (C)onsonant, (O)bstruent, (S)onorant, (P)losive, (F)ricative, (L)iquid, (N)asal, (G)lide, and (V)owel     |     {H,m̩,n̩} > a     |      ^     @ Rule 1, Line 1"
17.8.7,6,"	{ kʷ, kʰʷ, ɡʷ } > { t, tʰ, d } / _E","Syntax Error: Unknown grouping 'E'. Known groupings are (C)onsonant, (O)bstruent, (S)onorant, (P)losive, (F)ricative, (L)iquid, (N)asal, (G)lide, and (V)owel     |     { kʷ, kʰʷ, ɡʷ } > { t, tʰ, d } / _E     |                                       ^     @ Rule 1, Line 1"
17.8.8,0,"	{H,m̩,n̩} > a","Syntax Error: Unknown grouping 'H'. Known groupings are (C)onsonant, (O)bstruent, (S)onorant, (P)losive, (F)ricative, (L)iquid, (N)asal, (G)lide, and (V)owel     |     {H,m̩,n̩} > a     |      ^     @ Rule 1, Line 1"
17.8.8,6,"	{ kʷ, kʰʷ, ɡʷ } > { t, tʰ, d } / _E","Syntax Error: Unknown grouping 'E'. Known groupings are (C)onsonant, (O)bstruent, (S)onorant, (P)losive, (F)ricative, (L)iquid, (N)asal, (G)lide, and (V)owel     |     { kʷ, kʰʷ, ɡʷ } > { t, tʰ, d } / _E     |                                       ^     @ Rule 1, Line 1"
17.8.8,16,	t͡ʃ > s:[+long] / medial,"Syntax Error: Expected '_', but received ''     |     t͡ʃ > s:[+long] / medial     |                             ^     @ Rule 1, Line 1"
17.8.8,19,	h > ∅ (in Eastern Ionic),"Syntax Error: The output of a deletion rule must only contain `*` or `∅`     |     h > ∅ (in Eastern Ionic)     |           ^     @ Rule 1, Line 1"
17.8.8,21,	ej ow > e:[+long] o:[+long] happened “in the various Ionic dialect͡s at various dates”,"Syntax Error: Unknown character “ at '0:0:37'.     |     ej ow > e:[+long] o:[+long] happened “in the various Ionic dialect͡s at various dates”     |                                          ^     @ Rule 1, Line 1"
17.8.8,22,"	{ uʲ, u:[+long]ʲ } > { yʲ, y:[+long]ʲ }","Syntax Error: Expected ',', but received 'ʲ'     |     { uʲ, u:[+long]ʲ } > { yʲ, y:[+long]ʲ }     |                    ^     @ Rule 1, Line 1"
17.8.8,23,	o:[+long] > u:[+long] (?),"Syntax Error: Expected end of line, received '('. Did you forget a '/' between the output and environment?     |     o:[+long] > u:[+long] (?)     |                           ^     @ Rule 1, Line 1"
17.8.8,30,	øj > yj (,"Syntax Error: Expected end of line, received '('. Did you forget a '/' between the output and environment?     |     øj > yj (     |             ^     @ Rule 1, Line 1"
17.8.8,31,"	{ yj, ( } > { y:[+long], sometimes) }","Syntax Error: Expected ',', but received 'j'     |     { yj, ( } > { y:[+long], sometimes) }     |        ^     @ Rule 1, Line 1"
17.8.9,0,"	{H,m̩,n̩} > a","Syntax Error: Unknown grouping 'H'. Known groupings are (C)onsonant, (O)bstruent, (S)onorant, (P)losive, (F)ricative, (L)iquid, (N)asal, (G)lide, and (V)owel     |     {H,m̩,n̩} > a     |      ^     @ Rule 1, Line 1"
17.8.9,6,"	{ kʷ, kʰʷ, ɡʷ } > { t, tʰ, d } / _E","Syntax Error: Unknown grouping 'E'. Known groupings are (C)onsonant, (O)bstruent, (S)onorant, (P)losive, (F)ricative, (L)iquid, (N)asal, (G)lide, and (V)owel     |     { kʷ, kʰʷ, ɡʷ } > { t, tʰ, d } / _E     |                                       ^     @ Rule 1, Line 1"
17.8.10,0,"	{H,m̩,n̩} > a","Syntax Error: Unknown grouping 'H'. Known groupings are (C)onsonant, (O)bstruent, (S)onorant, (P)losive, (F)ricative, (L)iquid, (N)asal, (G)lide, and (V)owel     |     {H,m̩,n̩} > a     |      ^     @ Rule 1, Line 1"
17.8.10,6,"	{ kʷ, kʰʷ, ɡʷ } > { t, tʰ, d } / _E","Syntax Error: Unknown grouping 'E'. Known groupings are (C)onsonant, (O)bstruent, (S)onorant, (P)losive, (F)ricative, (L)iquid, (N)asal, (G)lide, and (V)owel     |     { kʷ, kʰʷ, ɡʷ } > { t, tʰ, d } / _E     |                                       ^     @ Rule 1, Line 1"
17.9,0,"	{ ḱ, ɡ́, ɡ́ʱ } > { k, ɡ, ɡʱ }","Syntax Error: Unknown character ḱ at '0:0:2'.     |     { ḱ, ɡ́, ɡ́ʱ } > { k, ɡ, ɡʱ }     |       ^     @ Rule 1, Line 1"
17.9,2,"	{ kʷ, ɡʷ, ɡʷʱ } > { ku, ɡu, ku }","Syntax Error: Expected ',', but received 'u'     |     { kʷ, ɡʷ, ɡʷʱ } > { ku, ɡu, ku }     |                          ^     @ Rule 1, Line 1"
17.9,10,	h > x (or some sort of dorsal or laryngeal fricative?),"Syntax Error: Expected end of line, received '('. Did you forget a '/' between the output and environment?     |     h > x (or some sort of dorsal or laryngeal fricative?)     |           ^     @ Rule 1, Line 1"
17.9,12,"	{u:[+long],eu,au} > u","Syntax Error: Expected ',', but received 'u'     |     {u:[+long],eu,au} > u     |                 ^     @ Rule 1, Line 1"
17.9,13,"	{ m̩, n̩, r̩, l̩ } > { am, an, ar, al }","Syntax Error: Expected ',', but received 'm'     |     { m̩, n̩, r̩, l̩ } > { am, an, ar, al }     |                             ^     @ Rule 1, Line 1"
17.9,15,	— r > ∅ / #_,"Syntax Error: Unknown character — at '0:0:0'.     |     — r > ∅ / #_     |     ^     @ Rule 1, Line 1"
17.9,16,	— r > ∅ / _#,"Syntax Error: Unknown character — at '0:0:0'.     |     — r > ∅ / _#     |     ^     @ Rule 1, Line 1"
17.9,17,"	— { e, e:[+long] } > a, a:[+long] / _R","Syntax Error: Unknown character — at '0:0:0'.     |     — { e, e:[+long] } > a, a:[+long] / _R     |     ^     @ Rule 1, Line 1"
17.9,18,"	— { e, e:[+long] } > a, a:[+long] / when unstressed?","Syntax Error: Unknown character — at '0:0:0'.     |     — { e, e:[+long] } > a, a:[+long] / when unstressed?     |     ^     @ Rule 1, Line 1"
17.10,3,	H > ə / syllabic,"Syntax Error: Unknown grouping 'H'. Known groupings are (C)onsonant, (O)bstruent, (S)onorant, (P)losive, (F)ricative, (L)iquid, (N)asal, (G)lide, and (V)owel     |     H > ə / syllabic     |     ^     @ Rule 1, Line 1"
17.10,5,"	{h,h} > *H","Syntax Error: The output of a deletion rule must only contain `*` or `∅`     |     {h,h} > *H     |              ^     @ Rule 1, Line 1"
17.10,6,	*H > ∅ / S_,"Syntax Error: The input of an insertion rule must only contain `*` or `∅`     |     *H > ∅ / S_     |      ^     @ Rule 1, Line 1"
17.10,7,"	[+ cons, - fr, + bk, + hi, - lo]ʷ > [+ cons, - fr, + bk, + hi, - lo]","Syntax Error: Expected '>', '->' or '=>', but received 'ʷ'     |     [+ cons, - fr, + bk, + hi, - lo]ʷ > [+ cons, - fr, + bk, + hi, - lo]     |                                     ^     @ Rule 1, Line 1"
17.10,8,"	s > ʃ / {u,i,l,r,[+ cons, - fr, + bk, + hi, - lo],Ḱ}","Syntax Error: Unknown character Ḱ at '0:0:50'.     |     s > ʃ / {u,i,l,r,[+ cons, - fr, + bk, + hi, - lo],Ḱ}     |                                                       ^     @ Rule 1, Line 1"
17.10,9,	Ḱ > TŠ,"Syntax Error: Unknown character Ḱ at '0:0:0'.     |     Ḱ > TŠ     |     ^     @ Rule 1, Line 1"
17.10,10,	BʱP > BBʱ / includes s ʃ > zʱ ʒʱ,"Syntax Error: Unknown grouping 'B'. Known groupings are (C)onsonant, (O)bstruent, (S)onorant, (P)losive, (F)ricative, (L)iquid, (N)asal, (G)lide, and (V)owel     |     BʱP > BBʱ / includes s ʃ > zʱ ʒʱ     |     ^     @ Rule 1, Line 1"
17.10,11,	BʱBʱ > BBʱ,"Syntax Error: Unknown grouping 'B'. Known groupings are (C)onsonant, (O)bstruent, (S)onorant, (P)losive, (F)ricative, (L)iquid, (N)asal, (G)lide, and (V)owel     |     BʱBʱ > BBʱ     |     ^     @ Rule 1, Line 1"
17.10,13,"	{ tt͡ʃ, dd͡ʒʱ } > { t.ʃ, d.ʒʱ }","Syntax Error: Expected '..', but received .'ʃ' at 0:0:21     |     { tt͡ʃ, dd͡ʒʱ } > { t.ʃ, d.ʒʱ }     |                          ^     @ Rule 1, Line 1"
17.10,17,"	{ k, ɡ, ɡʱ } > { c, ɟ, ɟʱ } / _e,i,j","Syntax Error: Expected '_', but received ','     |     { k, ɡ, ɡʱ } > { c, ɟ, ɟʱ } / _e,i,j     |                                       ^     @ Rule 1, Line 1"
17.10,18,"	o > a:[+long] / _CV, does not affect o < eh","Syntax Error: Expected a Segment, Set, Option, or Ellipsis, but received ''     |     o > a:[+long] / _CV, does not affect o < eh     |                                                ^     @ Rule 1, Line 1"
17.10,19,"	{e,o,o,N̊} > a","Syntax Error: Unknown character ̊ at '0:0:8'.     |     {e,o,o,N̊} > a     |             ^     @ Rule 1, Line 1"
17.10.1,1,	Sh > S:[+aspirated],"Syntax Error: Unknown feature 'aspirated' at 0:8-18. Did you mean spread?      |     Sh > S:[+aspirated]     |             ^^^^^^^^^^     @ Rule 1, Line 1"
17.10.1,2,	h > *H,"Syntax Error: The output of a deletion rule must only contain `*` or `∅`     |     h > *H     |          ^     @ Rule 1, Line 1"
17.10.1,3,"	VH > V:[+long] / :{ _C, _# }:","Syntax Error: Unknown grouping 'H'. Known groupings are (C)onsonant, (O)bstruent, (S)onorant, (P)losive, (F)ricative, (L)iquid, (N)asal, (G)lide, and (V)owel     |     VH > V:[+long] / :{ _C, _# }:     |      ^     @ Rule 1, Line 1"
17.10.1,4,"	R̊H > {u,i}R / _V (sporadic)","Syntax Error: Unknown character ̊ at '0:0:1'.     |     R̊H > {u,i}R / _V (sporadic)     |      ^     @ Rule 1, Line 1"
17.10.1,5,"	R̊H > {u,i}:[+long]R / _C","Syntax Error: Unknown character ̊ at '0:0:1'.     |     R̊H > {u,i}:[+long]R / _C     |      ^     @ Rule 1, Line 1"
17.10.1,7,"	n > ɳ / { V_, _ }","Syntax Error: Expected ',', but received '_'     |     n > ɳ / { V_, _ }     |                ^     @ Rule 1, Line 1"
17.10.1,8,"	{ t, d(ʱ), n } > { ʈ, ɖ(ʱ), ɳ } / C̣_ // _r","Syntax Error: Unknown character ̣ at '0:0:35'.     |     { t, d(ʱ), n } > { ʈ, ɖ(ʱ), ɳ } / C̣_ // _r     |                                        ^     @ Rule 1, Line 1"
17.10.1,9,"	{ s, t, d(ʱ), n } > { ʂ, ʈ, ɖ(ʱ), ɳ } / _C̣","Syntax Error: Unknown character ̣ at '0:0:42'.     |     { s, t, d(ʱ), n } > { ʂ, ʈ, ɖ(ʱ), ɳ } / _C̣     |                                               ^     @ Rule 1, Line 1"
17.10.1,10,"	{ ls, lt, ld(ʱ), ln } > { ʂ, ʈ, ɖ(ʱ), ɳ } / disputed","Syntax Error: Expected ',', but received 's'     |     { ls, lt, ld(ʱ), ln } > { ʂ, ʈ, ɖ(ʱ), ɳ } / disputed     |        ^     @ Rule 1, Line 1"
17.10.1,11,"	s > ʂ / _V{ʂ,ʈ,ɖ(ʱ)}","Syntax Error: Expected ',', but received '('     |     s > ʂ / _V{ʂ,ʈ,ɖ(ʱ)}     |                     ^     @ Rule 1, Line 1"
17.10.1,13,"	{ uʐ, aʐ, iʐ } > { u:[+long], ə:[+long], i:[+long] }","Syntax Error: Expected ',', but received 'ʐ'     |     { uʐ, aʐ, iʐ } > { u:[+long], ə:[+long], i:[+long] }     |        ^     @ Rule 1, Line 1"
17.10.1,16,"	{ t͡ʃ, d͡ʒ(ʱ) } > { t͡ɕ, d͡ʑ(ʱ) }","Syntax Error: Expected ',', but received '('     |     { t͡ʃ, d͡ʒ(ʱ) } > { t͡ɕ, d͡ʑ(ʱ) }     |               ^     @ Rule 1, Line 1"
17.10.1,17,"	{ t͡ɕ, d͡ʑ(ʱ) } > { ɕ, ɟ(ʱ) }","Syntax Error: Expected ',', but received '('     |     { t͡ɕ, d͡ʑ(ʱ) } > { ɕ, ɟ(ʱ) }     |               ^     @ Rule 1, Line 1"
17.10.1,18,"	{ t͡st, d͡zdʱ } > { t:[+long], dʱ:[+long] }","Syntax Error: Expected ',', but received 't'     |     { t͡st, d͡zdʱ } > { t:[+long], dʱ:[+long] }     |          ^     @ Rule 1, Line 1"
17.10.1,22,	dʱ > ɦ / (unclear environment),"Syntax Error: Expected '_', but received ''     |     dʱ > ɦ / (unclear environment)     |                                   ^     @ Rule 1, Line 1"
17.10.1,23,	bʱ > ɦ (very rare),"Syntax Error: Expected end of line, received '('. Did you forget a '/' between the output and environment?     |     bʱ > ɦ (very rare)     |            ^     @ Rule 1, Line 1"
17.10.1,24,"	Vm > Ṽ / _(#){s,ɕ}","Syntax Error: Unknown character Ṽ at '0:0:5'.     |     Vm > Ṽ / _(#){s,ɕ}     |          ^     @ Rule 1, Line 1"
17.10.1.1,0,	C(C) > ∅ / C_#,"Syntax Error: Options can only be used in Environments or Structures     |     C(C) > ∅ / C_#     |      ^^^     @ Rule 1, Line 1"
17.10.1.1,1,"	{ VN, VC:[-nas] } > { V:[+nas], V:[+long] } / _#","Syntax Error: Expected ',', but received 'N'     |     { VN, VC:[-nas] } > { V:[+nas], V:[+long] } / _#     |        ^     @ Rule 1, Line 1"
17.10.1.1,2,"	{ a{i,j}(a), a{u,w}(a) } > { e, o }","Syntax Error: Cannot have nested brackets of the same type     |     { a{i,j}(a), a{u,w}(a) } > { e, o }     |        ^     @ Rule 1, Line 1"
17.10.1.1,5,"	{ {bʱ,dʱ,ɡʱ}, {j,v} } > { h, ∅ } / V_V","Syntax Error: Cannot have nested brackets of the same type     |     { {bʱ,dʱ,ɡʱ}, {j,v} } > { h, ∅ } / V_V     |       ^     @ Rule 1, Line 1"
17.10.1.1,16,	Cn > CC / V_V // C = d͡ʒ,"Syntax Error: Expected number, but received d͡ʒ      |     Cn > CC / V_V // C = d͡ʒ     |                          ^^^     @ Rule 1, Line 1"
17.10.1.2,0,	C(C) > ∅ / C_#,"Syntax Error: Options can only be used in Environments or Structures     |     C(C) > ∅ / C_#     |      ^^^     @ Rule 1, Line 1"
17.10.1.2,1,"	{ VN, VC:[-nas] } > { V:[+nas], V:[+long] } / _#","Syntax Error: Expected ',', but received 'N'     |     { VN, VC:[-nas] } > { V:[+nas], V:[+long] } / _#     |        ^     @ Rule 1, Line 1"
17.10.1.2,2,"	{ a{i,j}(a), a{u,w}(a) } > { e, o }","Syntax Error: Cannot have nested brackets of the same type     |     { a{i,j}(a), a{u,w}(a) } > { e, o }     |        ^     @ Rule 1, Line 1"
17.10.1.2,5,"	{ {bʱ,dʱ,ɡʱ}, {j,v} } > { h, ∅ } / V_V","Syntax Error: Cannot have nested brackets of the same type     |     { {bʱ,dʱ,ɡʱ}, {j,v} } > { h, ∅ } / V_V     |       ^     @ Rule 1, Line 1"
17.10.1.2,6,"	{ b, {d,d͡ʒ,ɡ} } > { v, j } / V_V","Syntax Error: Cannot have nested brackets of the same type     |     { b, {d,d͡ʒ,ɡ} } > { v, j } / V_V     |          ^     @ Rule 1, Line 1"
17.10.1.2,18,	Cn > CC / V_V // C = d͡ʒ,"Syntax Error: Expected number, but received d͡ʒ      |     Cn > CC / V_V // C = d͡ʒ     |                          ^^^     @ Rule 1, Line 1"
17.10.1.3,0,	C(C) > ∅ / C_#,"Syntax Error: Options can only be used in Environments or Structures     |     C(C) > ∅ / C_#     |      ^^^     @ Rule 1, Line 1"
17.10.1.3,1,"	{ VN, VC:[-nas] } > { V:[+nas], V:[+long] } / _#","Syntax Error: Expected ',', but received 'N'     |     { VN, VC:[-nas] } > { V:[+nas], V:[+long] } / _#     |        ^     @ Rule 1, Line 1"
17.10.1.3,2,"	{ a{i,j}(a), a{u,w}(a) } > { e, o }","Syntax Error: Cannot have nested brackets of the same type     |     { a{i,j}(a), a{u,w}(a) } > { e, o }     |        ^     @ Rule 1, Line 1"
17.10.1.3,5,"	{ {bʱ,dʱ,ɡʱ}, {j,v} } > { h, ∅ } / V_V","Syntax Error: Cannot have nested brackets of the same type     |     { {bʱ,dʱ,ɡʱ}, {j,v} } > { h, ∅ } / V_V     |       ^     @ Rule 1, Line 1"
17.10.1.3,17,	Cn > CC / V_V // C = d͡ʒ,"Syntax Error: Expected number, but received d͡ʒ      |     Cn > CC / V_V // C = d͡ʒ     |                          ^^^     @ Rule 1, Line 1"
17.10.1.4,0,	C(C) > ∅ / C_#,"Syntax Error: Options can only be used in Environments or Structures     |     C(C) > ∅ / C_#     |      ^^^     @ Rule 1, Line 1"
17.10.1.4,1,"	{ VN, VC:[-nas] } > { V:[+nas], V:[+long] } / _#","Syntax Error: Expected ',', but received 'N'     |     { VN, VC:[-nas] } > { V:[+nas], V:[+long] } / _#     |        ^     @ Rule 1, Line 1"
17.10.1.4,2,"	{ a{i,j}(a), a{u,w}(a) } > { e, o }","Syntax Error: Cannot have nested brackets of the same type     |     { a{i,j}(a), a{u,w}(a) } > { e, o }     |        ^     @ Rule 1, Line 1"
17.10.1.4,5,"	{ {bʱ,dʱ,ɡʱ}, {j,v} } > { h, ∅ } / V_V","Syntax Error: Cannot have nested brackets of the same type     |     { {bʱ,dʱ,ɡʱ}, {j,v} } > { h, ∅ } / V_V     |       ^     @ Rule 1, Line 1"
17.10.1.4,14,"	{ tv, dv } > { p, b }","Syntax Error: Expected ',', but received 'v'     |     { tv, dv } > { p, b }     |        ^     @ Rule 1, Line 1"
17.10.1.4,16,	Cn > CC / V_V // C = d͡ʒ,"Syntax Error: Expected number, but received d͡ʒ      |     Cn > CC / V_V // C = d͡ʒ     |                          ^^^     @ Rule 1, Line 1"
17.10.1.5,0,"	{s,ʂ} > h / _#C:[-voice]","Syntax Error: Can't have segments after the end of a word     |     {s,ʂ} > h / _#C:[-voice]     |                  ^     @ Rule 1, Line 1"
17.10.1.5,1,"	{s,ʂ} > r / _#C:[+voice]","Syntax Error: Can't have segments after the end of a word     |     {s,ʂ} > r / _#C:[+voice]     |                  ^     @ Rule 1, Line 1"
17.10.1.5,3,	ɖ(ʱ) > ɭ(ʱ),"Syntax Error: Expected an IPA character, Primative or Matrix, but received 'ʱ'     |     ɖ(ʱ) > ɭ(ʱ)     |       ^     @ Rule 1, Line 1"
17.10.1.5,4,"	{ sɕ, ɕʂ } > { ɕ:[+long], ʂ:[+long] }","Syntax Error: Expected ',', but received 'ɕ'     |     { sɕ, ɕʂ } > { ɕ:[+long], ʂ:[+long] }     |        ^     @ Rule 1, Line 1"
17.10.1.5,5,"	{ s:[+long], ʂ:[+long], ɕ:[+long] } > { t.s, t.ʂ, t.C }","Syntax Error: Expected '..', but received .'s' at 0:0:41     |     { s:[+long], ʂ:[+long], ɕ:[+long] } > { t.s, t.ʂ, t.C }     |                                              ^     @ Rule 1, Line 1"
17.10.1.5,6,"	{ t.ʂ, t.ɕ } > { kʂ, cʰ:[+long] }","Syntax Error: Expected '..', but received .'ʂ' at 0:0:3     |     { t.ʂ, t.ɕ } > { kʂ, cʰ:[+long] }     |        ^     @ Rule 1, Line 1"
17.10.1.5,9,"	{pʂ,cʂ,ɟʐʱ,ɡʐʱ} > kʂ","Syntax Error: Expected ',', but received 'ʂ'     |     {pʂ,cʂ,ɟʐʱ,ɡʐʱ} > kʂ     |       ^     @ Rule 1, Line 1"
17.10.1.5.1,0,	ɭ(ʱ) > ɖ(ʱ),"Syntax Error: Expected an IPA character, Primative or Matrix, but received 'ʱ'     |     ɭ(ʱ) > ɖ(ʱ)     |       ^     @ Rule 1, Line 1"
17.10.1.5.1,1,	H > ∅,"Syntax Error: Unknown grouping 'H'. Known groupings are (C)onsonant, (O)bstruent, (S)onorant, (P)losive, (F)ricative, (L)iquid, (N)asal, (G)lide, and (V)owel     |     H > ∅     |     ^     @ Rule 1, Line 1"
17.10.1.5.1,2,"	{ au, a:[+long]u, ai, a:[+long]i } > { au, o:[+long], ai, e:[+long] } // _V","Syntax Error: Expected ',', but received 'u'     |     { au, a:[+long]u, ai, a:[+long]i } > { au, o:[+long], ai, e:[+long] } // _V     |        ^     @ Rule 1, Line 1"
17.11,0,"	{ bʱ, dʱ, {ɡʱ,ɡ́ʱ}, ɡʷʱ } > { b, d, ɡ, ɡʷ }","Syntax Error: Cannot have nested brackets of the same type     |     { bʱ, dʱ, {ɡʱ,ɡ́ʱ}, ɡʷʱ } > { b, d, ɡ, ɡʷ }     |               ^     @ Rule 1, Line 1"
17.11,1,"	{ [+ cons, - fr, + bk, + hi, - lo]ʷ, ḱ, ɡ́ } > { [+ cons, - fr, + bk, + hi, - lo], s, z }","Syntax Error: Unknown character ḱ at '0:0:37'.     |     { [+ cons, - fr, + bk, + hi, - lo]ʷ, ḱ, ɡ́ } > { [+ cons, - fr, + bk, + hi, - lo], s, z }     |                                          ^     @ Rule 1, Line 1"
17.11,3,"	{ k, ɡ, x } > { t͡ʃ, ʒ, ʃ } / :{ _{ e(i){ ,i, ,i:[+long] }}, _e:[+long](i){ ,i, ,i:[+long] }} }:","Syntax Error: Cannot have nested brackets of the same type     |     { k, ɡ, x } > { t͡ʃ, ʒ, ʃ } / :{ _{ e(i){ ,i, ,i:[+long] }}, _e:[+long](i){ ,i, ,i:[+long] }} }:     |                                             ^     @ Rule 1, Line 1"
17.11,6,"	{ i, u } > { ь, ъj }","Syntax Error: Unknown character ь at '0:0:13'.     |     { i, u } > { ь, ъj }     |                  ^     @ Rule 1, Line 1"
17.11,8,	u > ь / j_,"Syntax Error: Unknown character ь at '0:0:4'.     |     u > ь / j_     |         ^     @ Rule 1, Line 1"
17.11,10,"	{ai,oi} > i / j_","Syntax Error: Expected ',', but received 'i'     |     {ai,oi} > i / j_     |       ^     @ Rule 1, Line 1"
17.11,11,"	{ai,oi} > æ:[+long]","Syntax Error: Expected ',', but received 'i'     |     {ai,oi} > æ:[+long]     |       ^     @ Rule 1, Line 1"
17.11,12,"	{a:[+long]i,o:[+long]i} > {æ:[+long],a} (the former seems to be more common)","Syntax Error: Expected ',', but received 'i'     |     {a:[+long]i,o:[+long]i} > {æ:[+long],a} (the former seems to be more common)     |               ^     @ Rule 1, Line 1"
17.11,13,"	{{ a, a:[+long] }{ u,o, u,o:[+long] }u} { e, e:[+long] }u > u ju","Syntax Error: Cannot have nested brackets of the same type     |     {{ a, a:[+long] }{ u,o, u,o:[+long] }u} { e, e:[+long] }u > u ju     |      ^     @ Rule 1, Line 1"
17.11,14,	e > ь / _jV,"Syntax Error: Unknown character ь at '0:0:4'.     |     e > ь / _jV     |         ^     @ Rule 1, Line 1"
17.11,17,"	{ l̩, r̩ } > { {ьl,ъl}, {ьr,ъr} }","Syntax Error: Cannot have nested brackets of the same type     |     { l̩, r̩ } > { {ьl,ъl}, {ьr,ъr} }     |                    ^     @ Rule 1, Line 1"
17.11,18,"	{m̩,n̩} > {ẽ,õ} / _C$","Syntax Error: Unknown character ẽ at '0:0:11'.     |     {m̩,n̩} > {ẽ,õ} / _C$     |                ^     @ Rule 1, Line 1"
17.11,19,"	{ m̩, n̩ } > { {ьm,ъm}, {ьn,ъn} }","Syntax Error: Cannot have nested brackets of the same type     |     { m̩, n̩ } > { {ьm,ъm}, {ьn,ъn} }     |                    ^     @ Rule 1, Line 1"
17.11,20,	æ:[+long] > a / After palatal fricatives and affricates,"Syntax Error: Unknown grouping 'A'. Known groupings are (C)onsonant, (O)bstruent, (S)onorant, (P)losive, (F)ricative, (L)iquid, (N)asal, (G)lide, and (V)owel     |     æ:[+long] > a / After palatal fricatives and affricates     |                     ^     @ Rule 1, Line 1"
17.11,21,"	{{ e, e:[+long] }{ ,i, ,i:[+long] }} {{ a, a:[+long] }{ ,o, ,o:[+long] }{ ,u, ,u:[+long] }} > ẽ õ / _N$","Syntax Error: Cannot have nested brackets of the same type     |     {{ e, e:[+long] }{ ,i, ,i:[+long] }} {{ a, a:[+long] }{ ,o, ,o:[+long] }{ ,u, ,u:[+long] }} > ẽ õ / _N$     |      ^     @ Rule 1, Line 1"
17.11,22,"	{ oi, o } > { i, ъ }","Syntax Error: Unknown character ъ at '0:0:17'.     |     { oi, o } > { i, ъ }     |                      ^     @ Rule 1, Line 1"
17.11,25,"	{ k, ɡ, x } > { t͡s, d͡z, s } / After some syllables with front vowels","Syntax Error: Unknown grouping 'A'. Known groupings are (C)onsonant, (O)bstruent, (S)onorant, (P)losive, (F)ricative, (L)iquid, (N)asal, (G)lide, and (V)owel     |     { k, ɡ, x } > { t͡s, d͡z, s } / After some syllables with front vowels     |                                     ^     @ Rule 1, Line 1"
17.11.1,0,"	{ sk, x } > { ɕt͡ɕ, ɕ } / _E","Syntax Error: Expected ',', but received 'k'     |     { sk, x } > { ɕt͡ɕ, ɕ } / _E     |        ^     @ Rule 1, Line 1"
17.11.1,1,	x > ɕ / E_,"Syntax Error: Unknown grouping 'E'. Known groupings are (C)onsonant, (O)bstruent, (S)onorant, (P)losive, (F)ricative, (L)iquid, (N)asal, (G)lide, and (V)owel     |     x > ɕ / E_     |             ^     @ Rule 1, Line 1"
17.11.1,2,	ɛl > lɔ / T_T in certain cases (mostly after a PSl. palato-alveolar),"Syntax Error: Expected '..', but received .' ' at 0:0:50     |     ɛl > lɔ / T_T in certain cases (mostly after a PSl. palato-alveolar)     |                                                       ^     @ Rule 1, Line 1"
17.11.1,3,"	{ ɔl, ɔr, ɛl, ɛr } > { lɔ, rɔ, lɛ, rɛ } / T_T","Syntax Error: Expected ',', but received 'l'     |     { ɔl, ɔr, ɛl, ɛr } > { lɔ, rɔ, lɛ, rɛ } / T_T     |        ^     @ Rule 1, Line 1"
17.11.1,4,"	{ ɔr, ɔl } > { ra, la } / #_T in syllables with long vowels","Syntax Error: Expected ',', but received 'r'     |     { ɔr, ɔl } > { ra, la } / #_T in syllables with long vowels     |        ^     @ Rule 1, Line 1"
17.11.1,5,"	{ ɔr, ɔl } > { rɔ, lɔ } / #_T","Syntax Error: Expected ',', but received 'r'     |     { ɔr, ɔl } > { rɔ, lɔ } / #_T     |        ^     @ Rule 1, Line 1"
17.11.1,6,	C > Cʲ / _E // /j ɕ ʑ,"Syntax Error: Expected end of line, received 'ʲ'. Did you forget a '/' between the output and environment?     |     C > Cʲ / _E // /j ɕ ʑ     |          ^     @ Rule 1, Line 1"
17.11.1,8,"	{ ɛ, ɛ̃, ɛ:[+long] } > { ɔ, ɔ̃, a } / _C:[-palatalized +dental] (also sporadically before plain non-dentals)","Syntax Error: Unknown feature 'palatalized' at 0:42-55. Did you mean latrl?      |     { ɛ, ɛ̃, ɛ:[+long] } > { ɔ, ɔ̃, a } / _C:[-palatalized +dental] (also sporadically before plain non-dentals)     |                                               ^^^^^^^^^^^^^     @ Rule 1, Line 1"
17.11.1,10,"	— {ь,ъ} > e / iambic counting from # or a syllable not containing a yer","Syntax Error: Unknown character — at '0:0:0'.     |     — {ь,ъ} > e / iambic counting from # or a syllable not containing a yer     |     ^     @ Rule 1, Line 1"
17.11.1,11,"	— {ь,ъ} > ∅] / in even syllables counting iambic from # or a syllable not containing a yer","Syntax Error: Unknown character — at '0:0:0'.     |     — {ь,ъ} > ∅] / in even syllables counting iambic from # or a syllable not containing a yer     |     ^     @ Rule 1, Line 1"
17.11.1,12,	ъ > a:[+long] / _r,"Syntax Error: Unknown character ъ at '0:0:0'.     |     ъ > a:[+long] / _r     |     ^     @ Rule 1, Line 1"
17.11.1,13,"	ъl > { ɔ, ɔ:[+long] }ɫ / P_","Syntax Error: Unknown character ъ at '0:0:0'.     |     ъl > { ɔ, ɔ:[+long] }ɫ / P_     |     ^     @ Rule 1, Line 1"
17.11.1,14,"	ъl > ɛɫ / [+ cons, - fr, + bk, + hi, - lo]_","Syntax Error: Unknown character ъ at '0:0:0'.     |     ъl > ɛɫ / [+ cons, - fr, + bk, + hi, - lo]_     |     ^     @ Rule 1, Line 1"
17.11.1,15,	ъl > ɫu,"Syntax Error: Unknown character ъ at '0:0:0'.     |     ъl > ɫu     |     ^     @ Rule 1, Line 1"
17.11.1,16,	ьl > ɫu / C:[+dental]_,"Syntax Error: Unknown character ь at '0:0:0'.     |     ьl > ɫu / C:[+dental]_     |     ^     @ Rule 1, Line 1"
17.11.1,17,	ьl > ɛɫ / P_C:[+dental -palatalized],"Syntax Error: Unknown character ь at '0:0:0'.     |     ьl > ɛɫ / P_C:[+dental -palatalized]     |     ^     @ Rule 1, Line 1"
17.11.1,18,	ьl > il / P_,"Syntax Error: Unknown character ь at '0:0:0'.     |     ьl > il / P_     |     ^     @ Rule 1, Line 1"
17.11.1,19,"	ьl > { ɔ, ɔ:[+long] }ɫ","Syntax Error: Unknown character ь at '0:0:0'.     |     ьl > { ɔ, ɔ:[+long] }ɫ     |     ^     @ Rule 1, Line 1"
17.11.1,20,	ь > a:[+long] / r_C:[+dental -palatalized],"Syntax Error: Unknown character ь at '0:0:0'.     |     ь > a:[+long] / r_C:[+dental -palatalized]     |     ^     @ Rule 1, Line 1"
17.11.1,21,"	ьr > { i, i:[+long] }ʐ","Syntax Error: Unknown character ь at '0:0:0'.     |     ьr > { i, i:[+long] }ʐ     |     ^     @ Rule 1, Line 1"
17.11.1,22,"	{ i, i:[+long] }ʐ > {{ ɛ, ɛ:[+long] }{ r,ɛ, r,ɛ:[+long] }ʐ}","Syntax Error: Cannot have nested brackets of the same type     |     { i, i:[+long] }ʐ > {{ ɛ, ɛ:[+long] }{ r,ɛ, r,ɛ:[+long] }ʐ}     |                          ^     @ Rule 1, Line 1"
17.11.1,23,"	{{ ɛ, ɛ:[+long] }{ r,ɛ, r,ɛ:[+long] }ʐ} > ɛr, ɛʐ","Syntax Error: Cannot have nested brackets of the same type     |     {{ ɛ, ɛ:[+long] }{ r,ɛ, r,ɛ:[+long] }ʐ} > ɛr, ɛʐ     |      ^     @ Rule 1, Line 1"
17.11.1,24,"	{ɛ̃,ɔ̃} > ã","Syntax Error: Unknown character ã at '0:0:10'.     |     {ɛ̃,ɔ̃} > ã     |               ^     @ Rule 1, Line 1"
17.11.1,25,"	{ a, ɛ, i, ɔ, u, ɨ, ã } > { a:[+long], ɛ:[+long], i:[+long], ɔ:[+long], u:[+long], ɨ:[+long], ã:[+long] } / :{ _C/[+voice]:[lost yer] (i.e., a voiced consonant or a cluster with one) }:","Syntax Error: Unknown character ã at '0:0:20'.     |     { a, ɛ, i, ɔ, u, ɨ, ã } > { a:[+long], ɛ:[+long], i:[+long], ɔ:[+long], u:[+long], ɨ:[+long], ã:[+long] } / :{ _C/[+voice]:[lost yer] (i.e., a voiced consonant or a cluster with one) }:     |                         ^     @ Rule 1, Line 1"
17.11.1,27,"	{ {aja,ɔja}, {ɔjɛ,ɨjɛ}, ɨjɛ } > { a:[+long], ɛ:[+long], i:[+long] }","Syntax Error: Cannot have nested brackets of the same type     |     { {aja,ɔja}, {ɔjɛ,ɨjɛ}, ɨjɛ } > { a:[+long], ɛ:[+long], i:[+long] }     |       ^     @ Rule 1, Line 1"
17.11.1,28,"	{{ ɛ, ɛ:[+long] }jɛ,ьjɛ,ɔjɛ,ujɛ,ɨjɛ} > ɛ:[+long]","Syntax Error: Cannot have nested brackets of the same type     |     {{ ɛ, ɛ:[+long] }jɛ,ьjɛ,ɔjɛ,ujɛ,ɨjɛ} > ɛ:[+long]     |      ^     @ Rule 1, Line 1"
17.11.1,29,"	{ɔjɔ̃,ɔ̃jɔ̃,ьjɔ̃} > ɔ̃:[+long]","Syntax Error: Unknown character ь at '0:0:12'.     |     {ɔjɔ̃,ɔ̃jɔ̃,ьjɔ̃} > ɔ̃:[+long]     |                 ^     @ Rule 1, Line 1"
17.11.1,30,"	{ ьjь, ъjь } > { i, ɨ }","Syntax Error: Unknown character ь at '0:0:2'.     |     { ьjь, ъjь } > { i, ɨ }     |       ^     @ Rule 1, Line 1"
17.11.1,31,	jь > i / utterance-initially (cf. English utterance-initial glottal stops before vowels),"Syntax Error: Unknown character ь at '0:0:1'.     |     jь > i / utterance-initially (cf. English utterance-initial glottal stops before vowels)     |      ^     @ Rule 1, Line 1"
17.11.1,32,"	{ ь, ъ } > { i, ɨ } / _j","Syntax Error: Unknown character ь at '0:0:2'.     |     { ь, ъ } > { i, ɨ } / _j     |       ^     @ Rule 1, Line 1"
17.11.1,34,"	{aja,ɛja,ьja,ɔja} > a:[+long]","Syntax Error: Unknown character ь at '0:0:9'.     |     {aja,ɛja,ьja,ɔja} > a:[+long]     |              ^     @ Rule 1, Line 1"
17.11.1,35,"	{ iji, ɨjɨ } > { i, ɨ }","Syntax Error: Expected ',', but received 'j'     |     { iji, ɨjɨ } > { i, ɨ }     |        ^     @ Rule 1, Line 1"
17.11.1,37,"	O:[+voice] > O:[-voice] / _# (unless followed by some type of voiced consonant, be it any type of consonant or just an obstruent—this differs by location)","Syntax Error: Unknown character — at '0:0:128'.     |     O:[+voice] > O:[-voice] / _# (unless followed by some type of voiced consonant, be it any type of consonant or just an obstruent—this differs by location)     |                                                                                                                                     ^     @ Rule 1, Line 1"
17.11.1,38,"	ɔ > ɔ:[+long] / :{ _r(sporadic, perhaps analogical), _l(sporadic, perhaps analogical) }:","Syntax Error: Expected ':', but received 'p'     |     ɔ > ɔ:[+long] / :{ _r(sporadic, perhaps analogical), _l(sporadic, perhaps analogical) }:     |                                     ^     @ Rule 1, Line 1"
17.11.1,39,	∅ > h / _ъ,"Syntax Error: Unknown character ъ at '0:0:9'.     |     ∅ > h / _ъ     |              ^     @ Rule 1, Line 1"
17.11.1,40,	V > ∅ / unstressed (sporadic),"Syntax Error: Expected '_', but received ''     |     V > ∅ / unstressed (sporadic)     |                                  ^     @ Rule 1, Line 1"
17.11.1,41,"	i > ∅ / _# in the infinite and imperative desinences. . .some verbs have never been affected due to a potential ‘difficult’ cluster that would result, instead they got an analogical final -j extension","Syntax Error: Expected '..', but received .' ' at 0:0:52     |     i > ∅ / _# in the infinite and imperative desinences. . .some verbs have never been affected due to a potential ‘difficult’ cluster that would result, instead they got an analogical final -j extension     |                                                         ^     @ Rule 1, Line 1"
17.11.1,42,"	{ t͡si, ʐi } > { t͡ɕ, ʐ } / V_","Syntax Error: Expected ',', but received 'i'     |     { t͡si, ʐi } > { t͡ɕ, ʐ } / V_     |          ^     @ Rule 1, Line 1"
17.11.1,44,	tʲ dʲ sʲ zʲ nʲ rʲ l lʲ > t͡ɕ d͡ʒ ɕ ʑ ȵ r ɫ l (this last probably not before /i/),"Syntax Error: Unknown character ȵ at '0:0:37'.     |     tʲ dʲ sʲ zʲ nʲ rʲ l lʲ > t͡ɕ d͡ʒ ɕ ʑ ȵ r ɫ l (this last probably not before /i/)     |                                          ^     @ Rule 1, Line 1"
17.11.1,46,	ã > ɛ̃,"Syntax Error: Unknown character ã at '0:0:0'.     |     ã > ɛ̃     |     ^     @ Rule 1, Line 1"
17.11.1,47,	ã:[+long] > ã,"Syntax Error: Unknown character ã at '0:0:0'.     |     ã:[+long] > ã     |     ^     @ Rule 1, Line 1"
17.11.1,48,	ã > ɔ̃,"Syntax Error: Unknown character ã at '0:0:0'.     |     ã > ɔ̃     |     ^     @ Rule 1, Line 1"
17.11.1,50,	V:[+long] > V in certain frequently-used words,"Syntax Error: Expected '->', but received -'u' at 0:0:35     |     V:[+long] > V in certain frequently-used words     |                                        ^     @ Rule 1, Line 1"
17.11.1,53,"	{ kɨ, ɡɨ } > { kʲi, ɡʲi }","Syntax Error: Expected ',', but received 'ɨ'     |     { kɨ, ɡɨ } > { kʲi, ɡʲi }     |        ^     @ Rule 1, Line 1"
17.11.1,54,"	{ ʃi, ʒi, t͡ʃi, d͡ʒi, ɕi, ʑi } > { ʂɨ, ʐɨ, ʈʂɨ, ɖʐɨ, t͡sɨ, ʒɨ }","Syntax Error: Expected ',', but received 'i'     |     { ʃi, ʒi, t͡ʃi, d͡ʒi, ɕi, ʑi } > { ʂɨ, ʐɨ, ʈʂɨ, ɖʐɨ, t͡sɨ, ʒɨ }     |        ^     @ Rule 1, Line 1"
17.11.1,55,"	{ ʃ, ʒ, t͡ʃ, d͡ʒ, ɕ, ʑ } > { ʂ, ʐ, ʈʂ, ɖʐ, t͡s, ʒ }","Syntax Error: Expected ',', but received 'ʂ'     |     { ʃ, ʒ, t͡ʃ, d͡ʒ, ɕ, ʑ } > { ʂ, ʐ, ʈʂ, ɖʐ, t͡s, ʒ }     |                                         ^     @ Rule 1, Line 1"
17.11.1,56,	r̝ > ʂ / C:[-voice]_,"Syntax Error: Segment does not have prerequisite properties to have this diacritic. Must be [-sonorant]     |     r̝ > ʂ / C:[-voice]_     |     ^^     @ Rule 1, Line 1"
17.11.1,57,	r̝ > ʂ / _C:[+voice],"Syntax Error: Segment does not have prerequisite properties to have this diacritic. Must be [-sonorant]     |     r̝ > ʂ / _C:[+voice]     |     ^^     @ Rule 1, Line 1"
17.11.1,58,	ŕ > ʐ,"Syntax Error: Unknown character ŕ at '0:0:0'.     |     ŕ > ʐ     |     ^     @ Rule 1, Line 1"
17.11.1,60,"	{ɛ,a} > ɔ (sporadic)","Syntax Error: Expected end of line, received '('. Did you forget a '/' between the output and environment?     |     {ɛ,a} > ɔ (sporadic)     |               ^     @ Rule 1, Line 1"
17.11.1,61,"	V > ɛ (sporadic, analogical)","Syntax Error: Expected end of line, received '('. Did you forget a '/' between the output and environment?     |     V > ɛ (sporadic, analogical)     |           ^     @ Rule 1, Line 1"
17.11.1,66,"	u > ɔ (rare, sporadic)","Syntax Error: Expected end of line, received '('. Did you forget a '/' between the output and environment?     |     u > ɔ (rare, sporadic)     |           ^     @ Rule 1, Line 1"
17.11.1,71,	ɔ̃ > ɔ / _# (in some regions or dialect͡s),"Syntax Error: Can't have segments after the end of a word     |     ɔ̃ > ɔ / _# (in some regions or dialect͡s)     |               ^     @ Rule 1, Line 1"
17.11.1,72,"	{ ɛ̃, ɔ̃ } > { ɛ̃N, ɔ̃N } / :{ _S, _A }:","Syntax Error: Expected ',', but received 'N'     |     { ɛ̃, ɔ̃ } > { ɛ̃N, ɔ̃N } / :{ _S, _A }:     |                      ^     @ Rule 1, Line 1"
17.11.1,73,"	{ ɛ̃, ɔ̃ } > { ɛɰ̃, ɔɰ̃ } / _F:[-palatal]","Syntax Error: Unknown feature 'palatal' at 0:32-40. Did you mean latrl?      |     { ɛ̃, ɔ̃ } > { ɛɰ̃, ɔɰ̃ } / _F:[-palatal]     |                                     ^^^^^^^^     @ Rule 1, Line 1"
17.11.1,74,	ɔ̃ > ɔɰ̃ / _# (in standard registers/pronunciations),"Syntax Error: Expected an IPA character, Primative or Matrix, but received '/'     |     ɔ̃ > ɔɰ̃ / _# (in standard registers/pronunciations)     |                                         ^     @ Rule 1, Line 1"
17.11.1,75,"	{ ɛ̃, ɔ̃ } > { ɛj̃, ɔj̃ } / _F:[+palatal]","Syntax Error: Unknown feature 'palatal' at 0:32-40. Did you mean latrl?      |     { ɛ̃, ɔ̃ } > { ɛj̃, ɔj̃ } / _F:[+palatal]     |                                     ^^^^^^^^     @ Rule 1, Line 1"
17.11.1,76,	ȵ > j̃ / _F,"Syntax Error: Unknown character ȵ at '0:0:0'.     |     ȵ > j̃ / _F     |     ^     @ Rule 1, Line 1"
17.11.1,77,	n > ŋ / _S:[+velar] (regional),"Syntax Error: Unknown feature 'velar' at 0:12-18. Did you mean delay?      |     n > ŋ / _S:[+velar] (regional)     |                 ^^^^^^     @ Rule 1, Line 1"
17.11.1,78,	Cʲ > C / _C:[+dental] with development͡s of yers in ablaut environment͡s,"Syntax Error: Unknown feature 'dental' at 0:13-20. Did you mean ldental?      |     Cʲ > C / _C:[+dental] with development͡s of yers in ablaut environment͡s     |                  ^^^^^^^     @ Rule 1, Line 1"
17.11.1,79,	Cʲ > C in select words due to prestige influence of Czech in the Middle Ages,"Syntax Error: Expected '>', '->' or '=>', but received 'ʲ'     |     Cʲ > C in select words due to prestige influence of Czech in the Middle Ages     |      ^     @ Rule 1, Line 1"
17.11.1,80,"	Cʲ > C in select words otherwise, possibly by analogy","Syntax Error: Expected '>', '->' or '=>', but received 'ʲ'     |     Cʲ > C in select words otherwise, possibly by analogy     |      ^     @ Rule 1, Line 1"
17.11.1,84,	OR > RO / V_C,"Syntax Error: Unknown grouping 'R'. Known groupings are (C)onsonant, (O)bstruent, (S)onorant, (P)losive, (F)ricative, (L)iquid, (N)asal, (G)lide, and (V)owel     |     OR > RO / V_C     |      ^     @ Rule 1, Line 1"
17.11.1,85,	RO > OR / C_V,"Syntax Error: Unknown grouping 'R'. Known groupings are (C)onsonant, (O)bstruent, (S)onorant, (P)losive, (F)ricative, (L)iquid, (N)asal, (G)lide, and (V)owel     |     RO > OR / C_V     |     ^     @ Rule 1, Line 1"
17.11.1,88,"	{ t͡ɕt͡s, ʑr̝ } > { jt͡s, jr̝ }","Syntax Error: Expected ',', but received 't͡s'     |     { t͡ɕt͡s, ʑr̝ } > { jt͡s, jr̝ }     |          ^^^     @ Rule 1, Line 1"
17.11.1,89,"	ɕt͡ɕ > js / :{ _t͜s, _s }:","Syntax Error: Unknown character ͜ at '0:0:17'.     |     ɕt͡ɕ > js / :{ _t͜s, _s }:     |                      ^     @ Rule 1, Line 1"
17.11.1,93,"	{ v, r̝ } > { f, r̥ } / C:[-voice]_","Syntax Error: Segment does not have prerequisite properties to have this diacritic. Must be [-sonorant]     |     { v, r̝ } > { f, r̥ } / C:[-voice]_     |          ^^     @ Rule 1, Line 1"
17.11.1,94,"	{ v, r̝ } > { f, r̥ } / :{ _C:[-voice], _# }:","Syntax Error: Segment does not have prerequisite properties to have this diacritic. Must be [-sonorant]     |     { v, r̝ } > { f, r̥ } / :{ _C:[-voice], _# }:     |          ^^     @ Rule 1, Line 1"
17.11.1,95,"	{ r̝̊, r̝ } > { ʂ, ʐ }","Syntax Error: Unknown character ̊ at '0:0:4'.     |     { r̝̊, r̝ } > { ʂ, ʐ }     |         ^     @ Rule 1, Line 1"
17.11.1,98,"	{xv,pv} > f","Syntax Error: Expected ',', but received 'v'     |     {xv,pv} > f     |       ^     @ Rule 1, Line 1"
17.11.1,103,	x > ∅ / _r in the word ‘robak’,"Syntax Error: Unknown character ‘ at '0:0:23'.     |     x > ∅ / _r in the word ‘robak’     |                            ^     @ Rule 1, Line 1"
17.11.1,104,"	r̝ > r / :{ ɕ_, ʑ_ }:","Syntax Error: Segment does not have prerequisite properties to have this diacritic. Must be [-sonorant]     |     r̝ > r / :{ ɕ_, ʑ_ }:     |     ^^     @ Rule 1, Line 1"
17.11.1,106,"	{ ɕr̝, ʑr̝ } > { ʂr, ʐr } / ‘szron’ and ‘żreć’, respectively","Syntax Error: Unknown character ‘ at '0:0:28'.     |     { ɕr̝, ʑr̝ } > { ʂr, ʐr } / ‘szron’ and ‘żreć’, respectively     |                                 ^     @ Rule 1, Line 1"
17.11.1,108,	ʈʂ > t / _r̝,"Syntax Error: Segment does not have prerequisite properties to have this diacritic. Must be [-sonorant]     |     ʈʂ > t / _r̝     |               ^^     @ Rule 1, Line 1"
17.11.1,109,	ɕ > ∅ / tr̝_t͡ɕ,"Syntax Error: Segment does not have prerequisite properties to have this diacritic. Must be [-sonorant]     |     ɕ > ∅ / tr̝_t͡ɕ     |              ^^     @ Rule 1, Line 1"
17.11.1,114,	d > ∅ / _n in arch. ‘jeno’,"Syntax Error: Expected '..', but received .' ' at 0:0:18     |     d > ∅ / _n in arch. ‘jeno’     |                       ^     @ Rule 1, Line 1"
17.11.1,115,	∅ > t / s_r in ‘stręczyć’,"Syntax Error: Unknown character ‘ at '0:0:15'.     |     ∅ > t / s_r in ‘stręczyć’     |                    ^     @ Rule 1, Line 1"
17.11.1,116,"	{ st, ʂʈʂ } > { z, ʐ } / _b","Syntax Error: Expected ',', but received 't'     |     { st, ʂʈʂ } > { z, ʐ } / _b     |        ^     @ Rule 1, Line 1"
17.11.1,121,	trk > kr / in the name of the river Skrwa,"Syntax Error: Expected '_', but received ''     |     trk > kr / in the name of the river Skrwa     |                                              ^     @ Rule 1, Line 1"
17.11.1,122,"	{ zdʲ, stʲ } > { {ʑ,ɕ}, {s,ɕ} } / _n","Syntax Error: Cannot have nested brackets of the same type     |     { zdʲ, stʲ } > { {ʑ,ɕ}, {s,ɕ} } / _n     |                      ^     @ Rule 1, Line 1"
17.11.1,131,"	{ d͡z, t͡s } > { d͜z, t͜s }","Syntax Error: Unknown character ͜ at '0:0:18'.     |     { d͡z, t͡s } > { d͜z, t͜s }     |                       ^     @ Rule 1, Line 1"
17.11.1,132,	C:[+strident]P > C:[+alveolopalatal] / _C:[+coronal],"Syntax Error: Unknown feature 'alveolopalatal' at 0:20-35. Did you mean consonantal?      |     C:[+strident]P > C:[+alveolopalatal] / _C:[+coronal]     |                         ^^^^^^^^^^^^^^^     @ Rule 1, Line 1"
17.11.1,133,	C:[+strident]P > C:[+dental],"Syntax Error: Unknown feature 'dental' at 0:20-27. Did you mean ldental?      |     C:[+strident]P > C:[+dental]     |                         ^^^^^^^     @ Rule 1, Line 1"
17.11.1,136,	n > s / k_ɛ̃ where the vowel was from Proto-Slavic,"Syntax Error: Expected '->', but received -'S' at 0:0:43     |     n > s / k_ɛ̃ where the vowel was from Proto-Slavic     |                                                ^     @ Rule 1, Line 1"
17.11.1,137,	s > ɕ / k_ɛ̃ where the vowel was from Proto-Slavic,"Syntax Error: Expected '->', but received -'S' at 0:0:43     |     s > ɕ / k_ɛ̃ where the vowel was from Proto-Slavic     |                                                ^     @ Rule 1, Line 1"
17.11.1,142,	Pʲ > P / _C,"Syntax Error: Expected '>', '->' or '=>', but received 'ʲ'     |     Pʲ > P / _C     |      ^     @ Rule 1, Line 1"
17.11.1,143,"	rʲ > r / :{ _s, _t͜s, _l, _w, _n, _ɲ }:","Syntax Error: Unknown character ͜ at '0:0:18'.     |     rʲ > r / :{ _s, _t͜s, _l, _w, _n, _ɲ }:     |                       ^     @ Rule 1, Line 1"
17.11.1,145,"	{ ɕ, ʑ } > { s, z } / _C (","Syntax Error: Expected an IPA character, Primative or Matrix, but received ''     |     { ɕ, ʑ } > { s, z } / _C (     |                               ^     @ Rule 1, Line 1"
17.11.2,1,"	{ or, ol, er, el } > { oro, olo, ere, ele } / _$","Syntax Error: Expected ',', but received 'r'     |     { or, ol, er, el } > { oro, olo, ere, ele } / _$     |        ^     @ Rule 1, Line 1"
17.11.2,2,"	{ mʲ, pʲ, bʲ } > { mlʲ, plʲ, blʲ }","Syntax Error: Expected ',', but received 'l'     |     { mʲ, pʲ, bʲ } > { mlʲ, plʲ, blʲ }     |                         ^     @ Rule 1, Line 1"
17.11.2,3,"	{ tʲ, dʲ } > { t͡ʃ,, ʒ }","Syntax Error: Expected an IPA character, Primative or Matrix, but received ','     |     { tʲ, dʲ } > { t͡ʃ,, ʒ }     |                        ^     @ Rule 1, Line 1"
17.11.2,4,	kt ɡd > _E,"Syntax Error: Unknown character _ at '0:0:5'.     |     kt ɡd > _E     |          ^     @ Rule 1, Line 1"
17.11.2,5,"	{ ẽ, õ } > { ja, u }","Syntax Error: Unknown character ẽ at '0:0:2'.     |     { ẽ, õ } > { ja, u }     |       ^     @ Rule 1, Line 1"
17.11.2,10,	jь > i,"Syntax Error: Unknown character ь at '0:0:1'.     |     jь > i     |      ^     @ Rule 1, Line 1"
17.12,1,"	{ ḱ, ǵ } > { k, ɡ }","Syntax Error: Unknown character ḱ at '0:0:2'.     |     { ḱ, ǵ } > { k, ɡ }     |       ^     @ Rule 1, Line 1"
17.12,2,"	{ ǵʰ, gʷʰ } > { ɡʰ, xʷ }","Syntax Error: Unknown character ǵ at '0:0:2'.     |     { ǵʰ, gʷʰ } > { ɡʰ, xʷ }     |       ^     @ Rule 1, Line 1"
17.12,3,"	{ bʰ, dʰ, gʰ } > { pʰ, tʰ, dʰ }","Syntax Error: Segment does not have prerequisite properties to have this diacritic. Must be [-voice]     |     { bʰ, dʰ, gʰ } > { pʰ, tʰ, dʰ }     |       ^^     @ Rule 1, Line 1"
17.12,4,"	{ pʰ, tʰ, dʰ } > { ɸ, θ, x }","Syntax Error: Segment does not have prerequisite properties to have this diacritic. Must be [-voice]     |     { pʰ, tʰ, dʰ } > { ɸ, θ, x }     |               ^^     @ Rule 1, Line 1"
17.12,5,	s > z / medial (I’m assuming between vowels or when *s voiced in PIE),"Syntax Error: Unknown character ’ at '0:0:17'.     |     s > z / medial (I’m assuming between vowels or when *s voiced in PIE)     |                      ^     @ Rule 1, Line 1"
17.12.1,2,	ɡʰ > f / #_,"Syntax Error: Segment does not have prerequisite properties to have this diacritic. Must be [-voice]     |     ɡʰ > f / #_     |     ^^     @ Rule 1, Line 1"
17.12.1,3,"	ɡʰ > d, h, ɡ","Syntax Error: Segment does not have prerequisite properties to have this diacritic. Must be [-voice]     |     ɡʰ > d, h, ɡ     |     ^^     @ Rule 1, Line 1"
17.12.1,5,"	{ ɸ, θ } > { b, {d,b} } / V_V","Syntax Error: Cannot have nested brackets of the same type     |     { ɸ, θ } > { b, {d,b} } / V_V     |                     ^     @ Rule 1, Line 1"
17.12.1,9,"	{ l̥, r̥ } > { ol, {or,er} } / _#","Syntax Error: Cannot have nested brackets of the same type     |     { l̥, r̥ } > { ol, {or,er} } / _#     |                        ^     @ Rule 1, Line 1"
17.12.1,10,"	{ m̥, n̥ } > { em, en }","Syntax Error: Expected ',', but received 'm'     |     { m̥, n̥ } > { em, en }     |                     ^     @ Rule 1, Line 1"
17.12.1.1,6,	ai > e:[+long] (in rustic dialect͡s),"Syntax Error: Expected end of line, received '('. Did you forget a '/' between the output and environment?     |     ai > e:[+long] (in rustic dialect͡s)     |                    ^     @ Rule 1, Line 1"
17.12.1.1,12,	aw > o:[+long] (in rustic dialect͡s),"Syntax Error: Expected end of line, received '('. Did you forget a '/' between the output and environment?     |     aw > o:[+long] (in rustic dialect͡s)     |                    ^     @ Rule 1, Line 1"
17.12.1.1,14,"	{ew,ow} > ou","Syntax Error: Expected ',', but received 'w'     |     {ew,ow} > ou     |       ^     @ Rule 1, Line 1"
17.12.1.1,16,"	V > i / %(C){ C_, _ }% when unstressed","Syntax Error: Expected ',', but received '_'     |     V > i / %(C){ C_, _ }% when unstressed     |                    ^     @ Rule 1, Line 1"
17.12.1.1,17,"	V > o / %(C){ CV, V }_% when unstressed","Syntax Error: Expected ',', but received 'V'     |     V > o / %(C){ CV, V }_% when unstressed     |                    ^     @ Rule 1, Line 1"
17.12.1.1,18,"	V > e / %(C){ C_, _ }%r when unstressed (with some exceptions)","Syntax Error: Expected ',', but received '_'     |     V > e / %(C){ C_, _ }%r when unstressed (with some exceptions)     |                    ^     @ Rule 1, Line 1"
17.12.1.1,19,"	V > i, u / %(C){ C_, _ }%P when unstressed","Syntax Error: Expected ',', but received '_'     |     V > i, u / %(C){ C_, _ }%P when unstressed     |                       ^     @ Rule 1, Line 1"
17.12.1.1,20,"	{ a, o } > { e, u } / %(C){ C_, _ }C{ C%, % } when unstressed","Syntax Error: Expected ',', but received '_'     |     { a, o } > { e, u } / %(C){ C_, _ }C{ C%, % } when unstressed     |                                  ^     @ Rule 1, Line 1"
17.12.1.1,21,"	a > e / %(C){ C_, _ }ŋ when unstressed","Syntax Error: Expected ',', but received '_'     |     a > e / %(C){ C_, _ }ŋ when unstressed     |                    ^     @ Rule 1, Line 1"
17.12.1.1,22,"	e > i / %(C){ C_, _ }ŋ when unstressed","Syntax Error: Expected ',', but received '_'     |     e > i / %(C){ C_, _ }ŋ when unstressed     |                    ^     @ Rule 1, Line 1"
17.12.1.1,23,"	a > e / %(C){ C_, _ }ɫ when unstressed","Syntax Error: Expected ',', but received '_'     |     a > e / %(C){ C_, _ }ɫ when unstressed     |                    ^     @ Rule 1, Line 1"
17.12.1.1,24,"	e > u / %(C){ C_, _ }ɫ when unstressed","Syntax Error: Expected ',', but received '_'     |     e > u / %(C){ C_, _ }ɫ when unstressed     |                    ^     @ Rule 1, Line 1"
17.12.1.1,25,"	e > u / %(C){ C_, _ }ɫ when unstressed","Syntax Error: Expected ',', but received '_'     |     e > u / %(C){ C_, _ }ɫ when unstressed     |                    ^     @ Rule 1, Line 1"
17.12.1.1,26,"	ai > ei / %(C){ C_, _ } when unstressed","Syntax Error: Expected ',', but received '_'     |     ai > ei / %(C){ C_, _ } when unstressed     |                      ^     @ Rule 1, Line 1"
17.12.1.1,27,"	ei > i:[+long] / %(C){ C_, _ } when unstressed","Syntax Error: Expected ',', but received '_'     |     ei > i:[+long] / %(C){ C_, _ } when unstressed     |                             ^     @ Rule 1, Line 1"
17.12.1.1,28,"	{ ei, oi, ou } > { i:[+long], e:[+long], u:[+long] } / %(C){ C_, _ } when unstressed","Syntax Error: Expected ',', but received 'i'     |     { ei, oi, ou } > { i:[+long], e:[+long], u:[+long] } / %(C){ C_, _ } when unstressed     |        ^     @ Rule 1, Line 1"
17.12.1.1,30,"	{i,e} > ∅ / _# (","Syntax Error: Expected an IPA character, Primative or Matrix, but received ''     |     {i,e} > ∅ / _# (     |                     ^     @ Rule 1, Line 1"
17.12.1.1,31,"	a > e / _C{ C#, # }","Syntax Error: Expected ',', but received '#'     |     a > e / _C{ C#, # }     |                  ^     @ Rule 1, Line 1"
17.12.1.1,33,"	o > u / _C{ C#, # } ,w}_ // {u","Syntax Error: Expected ',', but received '#'     |     o > u / _C{ C#, # } ,w}_ // {u     |                  ^     @ Rule 1, Line 1"
17.12.1.1,34,"	{ai,ei,oi} > ei / _(C){ C#, # }","Syntax Error: Expected ',', but received 'i'     |     {ai,ei,oi} > ei / _(C){ C#, # }     |       ^     @ Rule 1, Line 1"
17.12.1.1,35,"	ei > i:[+long] / _(C){ C#, # }","Syntax Error: Expected ',', but received '#'     |     ei > i:[+long] / _(C){ C#, # }     |                             ^     @ Rule 1, Line 1"
17.12.1.1,43,"	{ m̩, n̩ } > { em, en }","Syntax Error: Expected ',', but received 'm'     |     { m̩, n̩ } > { em, en }     |                     ^     @ Rule 1, Line 1"
17.12.1.1,45,"	{ l̩, l̩:[+long], r̩, r̩:[+long] } > { ol, l, or, r }","Syntax Error: Expected ',', but received 'l'     |     { l̩, l̩:[+long], r̩, r̩:[+long] } > { ol, l, or, r }     |                                             ^     @ Rule 1, Line 1"
17.12.1.1,55,	d > l “in many dialect͡s”,"Syntax Error: Unknown character “ at '0:0:6'.     |     d > l “in many dialect͡s”     |           ^     @ Rule 1, Line 1"
17.12.1.1,61,"	{ ḱ, ɡ́ } > { k, ɡ }","Syntax Error: Unknown character ḱ at '0:0:2'.     |     { ḱ, ɡ́ } > { k, ɡ }     |       ^     @ Rule 1, Line 1"
17.12.1.1,66,	ɡʷ(ʱ) > ɡu / ŋ_,"Syntax Error: Expected an IPA character, Primative or Matrix, but received 'ʱ'     |     ɡʷ(ʱ) > ɡu / ŋ_     |        ^     @ Rule 1, Line 1"
17.12.1.1,81,	V…V > V…V (rare),"Syntax Error: Expected end of line, received '('. Did you forget a '/' between the output and environment?     |     V…V > V…V (rare)     |               ^     @ Rule 1, Line 1"
17.12.1.1,82,"	V > V:[+long] / _S:[+voice]{S:[-voice],F:[-voice]}; (i, e, and o","Syntax Error: Malformed Comment: Expected ';;', but received '; ' at 0:0:51     |     V > V:[+long] / _S:[+voice]{S:[-voice],F:[-voice]}; (i, e, and o     |                                                        ^     @ Rule 1, Line 1"
17.12.1.1,90,"	{ {p,b}, {t,d} } > { m, n } / :{ _m, _n }:","Syntax Error: Cannot have nested brackets of the same type     |     { {p,b}, {t,d} } > { m, n } / :{ _m, _n }:     |       ^     @ Rule 1, Line 1"
17.12.1.1,92,"	m:[+long] > n / :{ W_, V:[+long]_ }:","Syntax Error: Unknown grouping 'W'. Known groupings are (C)onsonant, (O)bstruent, (S)onorant, (P)losive, (F)ricative, (L)iquid, (N)asal, (G)lide, and (V)owel     |     m:[+long] > n / :{ W_, V:[+long]_ }:     |                        ^     @ Rule 1, Line 1"
17.12.1.1,104,"	∅ > p / :{ m_s, m_t, m_l }:","Runtime Error: Grouped Environments cannot (yet) be used in insertion rules     |     ∅ > p / :{ m_s, m_t, m_l }:     |             ^^^^^^^^^^^^^^^^^^^     @ Rule 1, Line 1"
17.12.1.1,106,"	s:[+long] > s / :{ W_, V:[+long]_ }:","Syntax Error: Unknown grouping 'W'. Known groupings are (C)onsonant, (O)bstruent, (S)onorant, (P)losive, (F)ricative, (L)iquid, (N)asal, (G)lide, and (V)owel     |     s:[+long] > s / :{ W_, V:[+long]_ }:     |                        ^     @ Rule 1, Line 1"
17.12.1.1,108,	r > _Vl,"Syntax Error: Unknown character _ at '0:0:2'.     |     r > _Vl     |       ^     @ Rule 1, Line 1"
17.12.1.1,110,	r…r > r…∅,"Syntax Error: Expected end of line, received '∅'. Did you forget a '/' between the output and environment?     |     r…r > r…∅     |             ^     @ Rule 1, Line 1"
17.12.1.1,112,"	V:[+long] > V / _C{ C#, # } (irregular: often before -m, -t, -nt, but never before ?s)","Syntax Error: Expected '->', but received -'m' at 0:0:53     |     V:[+long] > V / _C{ C#, # } (irregular: often before -m, -t, -nt, but never before ?s)     |                                                          ^     @ Rule 1, Line 1"
17.12.1.1,115,	CCCC > (C)C,"Syntax Error: Unknown character ( at '0:0:5'.     |     CCCC > (C)C     |          ^     @ Rule 1, Line 1"
17.12.1.1.1,1,"	{e,ai} > ɛ","Syntax Error: Expected ',', but received 'i'     |     {e,ai} > ɛ     |         ^     @ Rule 1, Line 1"
17.12.1.1.1,2,"	{i,e:[+long],oi} > e","Syntax Error: Expected ',', but received 'i'     |     {i,e:[+long],oi} > e     |                   ^     @ Rule 1, Line 1"
17.12.1.1.1,8,"	m > n / _# (in certain common monosyllabic words, as well as some common compounds of them)","Syntax Error: Expected ':', but received 'a'     |     m > n / _# (in certain common monosyllabic words, as well as some common compounds of them)     |                                                       ^     @ Rule 1, Line 1"
17.12.1.1.1,12,"	{ ɛ, ɔ } > { e, o } / when unstressed","Syntax Error: Expected '_', but received ''     |     { ɛ, ɔ } > { e, o } / when unstressed     |                                          ^     @ Rule 1, Line 1"
17.12.1.1.1,15,"	{ “In, contrast,, Romanian, exhibit͡s, u,, u:[+long] } > { u, (and, ultimately, also, ɔ,, o:[+long] }","Syntax Error: Unknown character “ at '0:0:2'.     |     { “In, contrast,, Romanian, exhibit͡s, u,, u:[+long] } > { u, (and, ultimately, also, ɔ,, o:[+long] }     |       ^     @ Rule 1, Line 1"
17.12.1.1.1,16,"	u (and ultimately also ɔ, o:[+long] > o); and Sardinian and African Latin underwent a straight merger of the vowels by length without considering quality (e, e:[+long]","Syntax Error: Malformed Comment: Expected ';;', but received '; ' at 0:0:41     |     u (and ultimately also ɔ, o:[+long] > o); and Sardinian and African Latin underwent a straight merger of the vowels by length without considering quality (e, e:[+long]     |                                              ^     @ Rule 1, Line 1"
17.12.1.1.1,17,"	o); and Sardinian and African Latin underwent a straight merger of the vowels by length without considering quality (e, e:[+long] > e; i, i:[+long]","Syntax Error: Malformed Comment: Expected ';;', but received '; ' at 0:0:3     |     o); and Sardinian and African Latin underwent a straight merger of the vowels by length without considering quality (e, e:[+long] > e; i, i:[+long]     |        ^     @ Rule 1, Line 1"
17.12.1.1.1,18,"	{ e;, i,, i:[+long] } > { i;, u,, u:[+long] }","Syntax Error: Malformed Comment: Expected ';;', but received ';,' at 0:0:4     |     { e;, i,, i:[+long] } > { i;, u,, u:[+long] }     |         ^     @ Rule 1, Line 1"
17.12.1.1.1,19,"	i; u, u:[+long] > u; etc.)”","Syntax Error: Malformed Comment: Expected ';;', but received '; ' at 0:0:2     |     i; u, u:[+long] > u; etc.)”     |       ^     @ Rule 1, Line 1"
17.12.1.1.2,3,"	V > ∅ / V%C_L{ CV, V }{ C#, # } (irregular)","Syntax Error: Expected ',', but received 'V'     |     V > ∅ / V%C_L{ CV, V }{ C#, # } (irregular)     |                     ^     @ Rule 1, Line 1"
17.12.1.1.2,4,"	V > ∅ / V%L_C{ CV, V }{ C#, # } (irregular)","Syntax Error: Expected ',', but received 'V'     |     V > ∅ / V%L_C{ CV, V }{ C#, # } (irregular)     |                     ^     @ Rule 1, Line 1"
17.12.1.1.2,5,"	V > ∅ / V%s_t{ CV, V }{ C#, # } (irregular)","Syntax Error: Expected ',', but received 'V'     |     V > ∅ / V%s_t{ CV, V }{ C#, # } (irregular)     |                     ^     @ Rule 1, Line 1"
17.12.1.1.2,6,	u > w / (when in unstressed penult or between first and tonic syllables; irregular),"Syntax Error: Malformed Comment: Expected ';;', but received '; ' at 0:0:72     |     u > w / (when in unstressed penult or between first and tonic syllables; irregular)     |                                                                             ^     @ Rule 1, Line 1"
17.12.1.1.2,7,	w > ∅ / (when in unstressed penult or between first and tonic syllables; irregular),"Syntax Error: Malformed Comment: Expected ';;', but received '; ' at 0:0:72     |     w > ∅ / (when in unstressed penult or between first and tonic syllables; irregular)     |                                                                             ^     @ Rule 1, Line 1"
17.12.1.1.2,8,	i:[+long] > i / stressed,"Syntax Error: Expected '_', but received ''     |     i:[+long] > i / stressed     |                             ^     @ Rule 1, Line 1"
17.12.1.1.2,10,"	{ {i,e:[+long]}, e } > { {e,ɛ}, {ɛ,e} } / stressed","Syntax Error: Cannot have nested brackets of the same type     |     { {i,e:[+long]}, e } > { {e,ɛ}, {ɛ,e} } / stressed     |       ^     @ Rule 1, Line 1"
17.12.1.1.2,13,	u:[+long] > u / stressed,"Syntax Error: Expected '_', but received ''     |     u:[+long] > u / stressed     |                             ^     @ Rule 1, Line 1"
17.12.1.1.2,16,"	{ {u,o:[+long]}, o } > { o, ɔ } / stressed","Syntax Error: Cannot have nested brackets of the same type     |     { {u,o:[+long]}, o } > { o, ɔ } / stressed     |       ^     @ Rule 1, Line 1"
17.12.1.1.2,17,"	{{ u,o, u,o:[+long] }} > u / _%V in East Catalan","Syntax Error: Cannot have nested brackets of the same type     |     {{ u,o, u,o:[+long] }} > u / _%V in East Catalan     |      ^     @ Rule 1, Line 1"
17.12.1.1.2,18,"	{{ u,o, u,o:[+long] }} > o / _%V","Syntax Error: Cannot have nested brackets of the same type     |     {{ u,o, u,o:[+long] }} > o / _%V     |      ^     @ Rule 1, Line 1"
17.12.1.1.2,22,"	{ ae, au } > { e, ɔ } / stressed","Syntax Error: Expected ',', but received 'e'     |     { ae, au } > { e, ɔ } / stressed     |        ^     @ Rule 1, Line 1"
17.12.1.1.2,23,"	{ ae, au } > { e, o } / _%V","Syntax Error: Expected ',', but received 'e'     |     { ae, au } > { e, o } / _%V     |        ^     @ Rule 1, Line 1"
17.12.1.1.2,26,"	VV > V:[+long] (“For outcomes of word-final vowels, see down below”)","Syntax Error: Unknown character “ at '0:0:16'.     |     VV > V:[+long] (“For outcomes of word-final vowels, see down below”)     |                     ^     @ Rule 1, Line 1"
17.12.1.1.2,35,"	{ p, b, t, d, k, ɡ } > { β, {β,w}, ∅, {j,w}, ɣ, {j,∅,ɡ} } / V_rV","Syntax Error: Cannot have nested brackets of the same type     |     { p, b, t, d, k, ɡ } > { β, {β,w}, ∅, {j,w}, ɣ, {j,∅,ɡ} } / V_rV     |                                 ^     @ Rule 1, Line 1"
17.12.1.1.2,38,"	{kl,ɡl} > ʎ / V_V (the latter is irregular)","Syntax Error: Expected ',', but received 'l'     |     {kl,ɡl} > ʎ / V_V (the latter is irregular)     |       ^     @ Rule 1, Line 1"
17.12.1.1.2,40,"	{ p, k } > { ∅, j } / V_tV","Syntax Error: Expected an IPA character, Primative or Matrix, but received '∅'     |     { p, k } > { ∅, j } / V_tV     |                  ^     @ Rule 1, Line 1"
17.12.1.1.2,44,"	{ ɡn, tʲ } > { ɲ, ∅ } / V_V","Syntax Error: Expected ',', but received 'n'     |     { ɡn, tʲ } > { ɲ, ∅ } / V_V     |        ^     @ Rule 1, Line 1"
17.12.1.1.2,47,"	{ sʲ, ssʲ, jn } > { js, jʃ, ɲ } / V_V","Syntax Error: Expected ',', but received 's'     |     { sʲ, ssʲ, jn } > { js, jʃ, ɲ } / V_V     |            ^     @ Rule 1, Line 1"
17.12.1.1.2,49,"	{ lʲ, rʲ, kʲ, ɡʲ } > { ʎ, jr, t͡s, ʒ } / V_V","Syntax Error: Expected ',', but received 'r'     |     { lʲ, rʲ, kʲ, ɡʲ } > { ʎ, jr, t͡s, ʒ } / V_V     |                                ^     @ Rule 1, Line 1"
17.12.1.1.2,51,	b > v / V̈%_j,"Syntax Error: Unknown character ̈ at '0:0:9'.     |     b > v / V̈%_j     |              ^     @ Rule 1, Line 1"
17.12.1.1.2,56,	a > e / in the penult,"Syntax Error: Expected '_', but received ''     |     a > e / in the penult     |                          ^     @ Rule 1, Line 1"
17.12.1.1.2,57,"	V > ∅ / V%_(C){ CV, V }{ C#, # } (irregular; e is kept before n)","Syntax Error: Malformed Comment: Expected ';;', but received '; ' at 0:0:44     |     V > ∅ / V%_(C){ CV, V }{ C#, # } (irregular; e is kept before n)     |                                                 ^     @ Rule 1, Line 1"
17.12.1.1.2,63,"	{ k, ɡ } > { ∅, {∅,ʒ} } / :{ V_i(ɡ → ʒ is learned), V_e(ɡ → ʒ is learned) }:","Syntax Error: Cannot have nested brackets of the same type     |     { k, ɡ } > { ∅, {∅,ʒ} } / :{ V_i(ɡ → ʒ is learned), V_e(ɡ → ʒ is learned) }:     |                     ^     @ Rule 1, Line 1"
17.12.1.1.2,66,	— d > z / V_V,"Syntax Error: Unknown character — at '0:0:0'.     |     — d > z / V_V     |     ^     @ Rule 1, Line 1"
17.12.1.1.2,68,	— d > w / _V#,"Syntax Error: Unknown character — at '0:0:0'.     |     — d > w / _V#     |     ^     @ Rule 1, Line 1"
17.12.1.1.2,70,"	{{ i,e, i,e:[+long] },ae} > ∅ / :{ _C#, _# }:","Syntax Error: Cannot have nested brackets of the same type     |     {{ i,e, i,e:[+long] },ae} > ∅ / :{ _C#, _# }:     |      ^     @ Rule 1, Line 1"
17.12.1.1.2,71,"	{{ u, u:[+long] }{ ,o, ,o:[+long] }} > ∅ / _#","Syntax Error: Cannot have nested brackets of the same type     |     {{ u, u:[+long] }{ ,o, ,o:[+long] }} > ∅ / _#     |      ^     @ Rule 1, Line 1"
17.12.1.1.2,72,"	V > ∅ / between first and tonic syllables; except when C_CC, _n; if there are multiple vowels between the initial and tonic syllables, the vowel directly before the tonic is usually dropped // V = a","Syntax Error: Malformed Comment: Expected ';;', but received '; ' at 0:0:42     |     V > ∅ / between first and tonic syllables; except when C_CC, _n; if there are multiple vowels between the initial and tonic syllables, the vowel directly before the tonic is usually dropped // V = a     |                                               ^     @ Rule 1, Line 1"
17.12.1.1.2,74,"	{ j, ɡʲ, t͡s, z, n } > { t͡ʃ, i, w, s, ∅ } / _#","Syntax Error: Expected an IPA character, Primative or Matrix, but received '∅'     |     { j, ɡʲ, t͡s, z, n } > { t͡ʃ, i, w, s, ∅ } / _#     |                                            ^     @ Rule 1, Line 1"
17.12.1.1.2,102,	C > ∅ / C_C // C = L,"Syntax Error: Expected number, but received L      |     C > ∅ / C_C // C = L     |                        ^     @ Rule 1, Line 1"
17.12.1.1.2,110,	ee > e (irregular),"Syntax Error: Expected end of line, received '('. Did you forget a '/' between the output and environment?     |     ee > e (irregular)     |            ^     @ Rule 1, Line 1"
17.12.1.1.2,112,"	{ ɛj, ɔj } > { jɛj, uei } / i {u,ui} / stressed","Syntax Error: Expected ',', but received 'j'     |     { ɛj, ɔj } > { jɛj, uei } / i {u,ui} / stressed     |        ^     @ Rule 1, Line 1"
17.12.1.1.2,113,"	ɛ > e / ,l,rC:[-labial],nr} or _ ? w# // _{r:[+long]","Syntax Error: Expected '_', but received ','     |     ɛ > e / ,l,rC:[-labial],nr} or _ ? w# // _{r:[+long]     |             ^     @ Rule 1, Line 1"
17.12.1.1.2,114,	e > ɛ (in Eastern Catalan),"Syntax Error: Expected end of line, received '('. Did you forget a '/' between the output and environment?     |     e > ɛ (in Eastern Catalan)     |           ^     @ Rule 1, Line 1"
17.12.1.1.3,0,	— h > ∅,"Syntax Error: Unknown character — at '0:0:0'.     |     — h > ∅     |     ^     @ Rule 1, Line 1"
17.12.1.1.3,1,	— VV > V:[+long],"Syntax Error: Unknown character — at '0:0:0'.     |     — VV > V:[+long]     |     ^     @ Rule 1, Line 1"
17.12.1.1.3,2,"	— n > ∅ / :{ _f, _v, _s }:","Syntax Error: Unknown character — at '0:0:0'.     |     — n > ∅ / :{ _f, _v, _s }:     |     ^     @ Rule 1, Line 1"
17.12.1.1.3,3,	— r > s / _s,"Syntax Error: Unknown character — at '0:0:0'.     |     — r > s / _s     |     ^     @ Rule 1, Line 1"
17.12.1.1.3,4,"	— {m,n} > ∅ / _# in polysyllables","Syntax Error: Unknown character — at '0:0:0'.     |     — {m,n} > ∅ / _# in polysyllables     |     ^     @ Rule 1, Line 1"
17.12.1.1.3,5,	— m > n / _#,"Syntax Error: Unknown character — at '0:0:0'.     |     — m > n / _#     |     ^     @ Rule 1, Line 1"
17.12.1.1.3,6,	— u > ∅ / CC_V,"Syntax Error: Unknown character — at '0:0:0'.     |     — u > ∅ / CC_V     |     ^     @ Rule 1, Line 1"
17.12.1.1.3,7,	— w > ɡu / from Germanic loanwords,"Syntax Error: Unknown character — at '0:0:0'.     |     — w > ɡu / from Germanic loanwords     |     ^     @ Rule 1, Line 1"
17.12.1.1.3,8,	— V > ”V / VSr_,"Syntax Error: Unknown character — at '0:0:0'.     |     — V > ”V / VSr_     |     ^     @ Rule 1, Line 1"
17.12.1.1.3,9,"	— V > ”V / _C*{i,e}V","Syntax Error: Unknown character — at '0:0:0'.     |     — V > ”V / _C*{i,e}V     |     ^     @ Rule 1, Line 1"
17.12.1.1.3,10,"	— {i,e} > j / _V","Syntax Error: Unknown character — at '0:0:0'.     |     — {i,e} > j / _V     |     ^     @ Rule 1, Line 1"
17.12.1.1.3,11,	— a:[+long] > a,"Syntax Error: Unknown character — at '0:0:0'.     |     — a:[+long] > a     |     ^     @ Rule 1, Line 1"
17.12.1.1.3,12,	— (a)e > è,"Syntax Error: Unknown character — at '0:0:0'.     |     — (a)e > è     |     ^     @ Rule 1, Line 1"
17.12.1.1.3,13,"	— {e:[+long],i,oe} > é","Syntax Error: Unknown character — at '0:0:0'.     |     — {e:[+long],i,oe} > é     |     ^     @ Rule 1, Line 1"
17.12.1.1.3,14,	— i:[+long] o:[+long] > i ó,"Syntax Error: Unknown character — at '0:0:0'.     |     — i:[+long] o:[+long] > i ó     |     ^     @ Rule 1, Line 1"
17.12.1.1.3,15,	— o > ò,"Syntax Error: Unknown character — at '0:0:0'.     |     — o > ò     |     ^     @ Rule 1, Line 1"
17.12.1.1.3,16,	— u > ó // _i:[+long],"Syntax Error: Unknown character — at '0:0:0'.     |     — u > ó // _i:[+long]     |     ^     @ Rule 1, Line 1"
17.12.1.1.3,17,	— u:[+long] > u,"Syntax Error: Unknown character — at '0:0:0'.     |     — u:[+long] > u     |     ^     @ Rule 1, Line 1"
17.12.1.1.3,18,	— a:[+long] > a,"Syntax Error: Unknown character — at '0:0:0'.     |     — a:[+long] > a     |     ^     @ Rule 1, Line 1"
17.12.1.1.3,19,"	— {{ e, e:[+long] },i,ae,oe} > e","Syntax Error: Unknown character — at '0:0:0'.     |     — {{ e, e:[+long] },i,ae,oe} > e     |     ^     @ Rule 1, Line 1"
17.12.1.1.3,20,	— i:[+long] > i,"Syntax Error: Unknown character — at '0:0:0'.     |     — i:[+long] > i     |     ^     @ Rule 1, Line 1"
17.12.1.1.3,21,"	— {{ o, o:[+long] },u} > o","Syntax Error: Unknown character — at '0:0:0'.     |     — {{ o, o:[+long] },u} > o     |     ^     @ Rule 1, Line 1"
17.12.1.1.3,22,	— a:[+long] > a,"Syntax Error: Unknown character — at '0:0:0'.     |     — a:[+long] > a     |     ^     @ Rule 1, Line 1"
17.12.1.1.3,23,"	— {{ e, e:[+long] },i,ae,oe} > e","Syntax Error: Unknown character — at '0:0:0'.     |     — {{ e, e:[+long] },i,ae,oe} > e     |     ^     @ Rule 1, Line 1"
17.12.1.1.3,24,	— i:[+long] o:[+long] > i o,"Syntax Error: Unknown character — at '0:0:0'.     |     — i:[+long] o:[+long] > i o     |     ^     @ Rule 1, Line 1"
17.12.1.1.3,25,"	— { u, u:[+long] } > o / except _V (?)","Syntax Error: Unknown character — at '0:0:0'.     |     — { u, u:[+long] } > o / except _V (?)     |     ^     @ Rule 1, Line 1"
17.12.1.1.3,26,"	{ k, ɡ } > { tʲ, dʲ } / _E","Syntax Error: Unknown grouping 'E'. Known groupings are (C)onsonant, (O)bstruent, (S)onorant, (P)losive, (F)ricative, (L)iquid, (N)asal, (G)lide, and (V)owel     |     { k, ɡ } > { tʲ, dʲ } / _E     |                              ^     @ Rule 1, Line 1"
17.12.1.1.3,27,	è > iɛ / in :[+open],"Syntax Error: Unknown character è at '0:0:0'.     |     è > iɛ / in :[+open]     |     ^     @ Rule 1, Line 1"
17.12.1.1.3,28,	è > iɛ / _C#,"Syntax Error: Unknown character è at '0:0:0'.     |     è > iɛ / _C#     |     ^     @ Rule 1, Line 1"
17.12.1.1.3,29,	è > ɛ / in :[+closed],"Syntax Error: Unknown character è at '0:0:0'.     |     è > ɛ / in :[+closed]     |     ^     @ Rule 1, Line 1"
17.12.1.1.3,30,	ò > uo / in :[+open] // _N,"Syntax Error: Unknown character ò at '0:0:0'.     |     ò > uo / in :[+open] // _N     |     ^     @ Rule 1, Line 1"
17.12.1.1.3,31,	uo > uɛ / in :[+open] // _N,"Syntax Error: Unknown feature 'open' at 0:15-20. Did you mean ten?      |     uo > uɛ / in :[+open] // _N     |                    ^^^^^     @ Rule 1, Line 1"
17.12.1.1.3,32,	ò > ɔ / in :[+closed],"Syntax Error: Unknown character ò at '0:0:0'.     |     ò > ɔ / in :[+closed]     |     ^     @ Rule 1, Line 1"
17.12.1.1.3,40,"	{ɡn,nʲ} > ɲ","Syntax Error: Expected ',', but received 'n'     |     {ɡn,nʲ} > ɲ     |       ^     @ Rule 1, Line 1"
17.12.1.1.3,42,	V > ∅ / in the unstressed penult,"Syntax Error: Expected '_', but received ''     |     V > ∅ / in the unstressed penult     |                                     ^     @ Rule 1, Line 1"
17.12.1.1.3,43,	V > ∅ / intertonic // V = a,"Syntax Error: Expected '_', but received '//'     |     V > ∅ / intertonic // V = a     |                        ^^     @ Rule 1, Line 1"
17.12.1.1.3,44,	a > ə / intertonic,"Syntax Error: Expected '_', but received ''     |     a > ə / intertonic     |                       ^     @ Rule 1, Line 1"
17.12.1.1.3,45,"	∅ > b / :{ m_r, m_l }:","Runtime Error: Grouped Environments cannot (yet) be used in insertion rules     |     ∅ > b / :{ m_r, m_l }:     |             ^^^^^^^^^^^^^^     @ Rule 1, Line 1"
17.12.1.1.3,46,"	∅ > d / {n,l,ɲ,z_r","Syntax Error: Expected ',', but received '_'     |     ∅ > d / {n,l,ɲ,z_r     |                     ^     @ Rule 1, Line 1"
17.12.1.1.3,50,"	C > ∅ / C_C ,l} // C = {r","Syntax Error: Expected '_', but received '}'     |     C > ∅ / C_C ,l} // C = {r     |                   ^     @ Rule 1, Line 1"
17.12.1.1.3,52,"	{kl,ɡl,lʲ} > ʎ","Syntax Error: Expected ',', but received 'l'     |     {kl,ɡl,lʲ} > ʎ     |       ^     @ Rule 1, Line 1"
17.12.1.1.3,53,"	{ {p,b}, {t,d} } > { v, ð } / :{ V_V, V_r }:","Syntax Error: Cannot have nested brackets of the same type     |     { {p,b}, {t,d} } > { v, ð } / :{ V_V, V_r }:     |       ^     @ Rule 1, Line 1"
17.12.1.1.3,54,	v > ∅ / V_B,"Syntax Error: Unknown grouping 'B'. Known groupings are (C)onsonant, (O)bstruent, (S)onorant, (P)losive, (F)ricative, (L)iquid, (N)asal, (G)lide, and (V)owel     |     v > ∅ / V_B     |               ^     @ Rule 1, Line 1"
17.12.1.1.3,57,	(t)s > (d)z / V_V,"Syntax Error: Options can only be used in Environments or Structures     |     (t)s > (d)z / V_V     |     ^^^     @ Rule 1, Line 1"
17.12.1.1.3,60,"	{k,ɡ} > ∅ / V_B","Syntax Error: Unknown grouping 'B'. Known groupings are (C)onsonant, (O)bstruent, (S)onorant, (P)losive, (F)ricative, (L)iquid, (N)asal, (G)lide, and (V)owel     |     {k,ɡ} > ∅ / V_B     |                   ^     @ Rule 1, Line 1"
17.12.1.1.3,61,"	{k,ɡ} > ∅ / B_a","Syntax Error: Unknown grouping 'B'. Known groupings are (C)onsonant, (O)bstruent, (S)onorant, (P)losive, (F)ricative, (L)iquid, (N)asal, (G)lide, and (V)owel     |     {k,ɡ} > ∅ / B_a     |                 ^     @ Rule 1, Line 1"
17.12.1.1.3,63,"	kʷ > v, u / V_E","Syntax Error: Unknown grouping 'E'. Known groupings are (C)onsonant, (O)bstruent, (S)onorant, (P)losive, (F)ricative, (L)iquid, (N)asal, (G)lide, and (V)owel     |     kʷ > v, u / V_E     |                   ^     @ Rule 1, Line 1"
17.12.1.1.3,65,	— (k)kʲ > t͡s,"Syntax Error: Unknown character — at '0:0:0'.     |     — (k)kʲ > t͡s     |     ^     @ Rule 1, Line 1"
17.12.1.1.3,66,	— ɡ > ∅ / _j,"Syntax Error: Unknown character — at '0:0:0'.     |     — ɡ > ∅ / _j     |     ^     @ Rule 1, Line 1"
17.12.1.1.3,67,	— pʲ > t͡ʃ,"Syntax Error: Unknown character — at '0:0:0'.     |     — pʲ > t͡ʃ     |     ^     @ Rule 1, Line 1"
17.12.1.1.3,68,"	— {b,v}j > d͡ʒ","Syntax Error: Unknown character — at '0:0:0'.     |     — {b,v}j > d͡ʒ     |     ^     @ Rule 1, Line 1"
17.12.1.1.3,69,"	— m{ɲ,j} > nd͡ʒ","Syntax Error: Unknown character — at '0:0:0'.     |     — m{ɲ,j} > nd͡ʒ     |     ^     @ Rule 1, Line 1"
17.12.1.1.3,70,	V”e > ”Vi,"Syntax Error: Unknown character ” at '0:0:1'.     |     V”e > ”Vi     |      ^     @ Rule 1, Line 1"
17.12.1.1.3,74,"	t > ∅ / {ʃ,s}","Syntax Error: Expected '_', but received ''     |     t > ∅ / {ʃ,s}     |                  ^     @ Rule 1, Line 1"
17.12.1.1.3,76,"	{ ɛ, ɔ } > { iɛ, uɛ } / :{ _Cj, _jC }:","Syntax Error: Expected ',', but received 'ɛ'     |     { ɛ, ɔ } > { iɛ, uɛ } / :{ _Cj, _jC }:     |                   ^     @ Rule 1, Line 1"
17.12.1.1.3,77,"	∅ > j / {ʃ,ʒ,sʲ,zʲ}{a,é}_ in :[+open]","Syntax Error: Unknown character é at '0:0:22'.     |     ∅ > j / {ʃ,ʒ,sʲ,zʲ}{a,é}_ in :[+open]     |                           ^     @ Rule 1, Line 1"
17.12.1.1.3,78,"	{ s:[+long]j, zʲ, rʲ } > { js:[+long], jz, jr }","Syntax Error: Expected ',', but received 'j'     |     { s:[+long]j, zʲ, rʲ } > { js:[+long], jz, jr }     |                ^     @ Rule 1, Line 1"
17.12.1.1.3,79,	j > ∅ / s_ (s:[+long]_?),"Syntax Error: Expected an IPA character, Primative or Matrix, but received '_'     |     j > ∅ / s_ (s:[+long]_?)     |                          ^     @ Rule 1, Line 1"
17.12.1.1.3,83,"	{l:[+long]e,l:[+long]o} > u / :{ e_# “:[this is actually an analogical development, but it applies as regularly as a sound law]”, o_# “:[this is actually an analogical development, but it applies as regularly as a sound law]” }:","Syntax Error: Unknown character “ at '0:0:37'.     |     {l:[+long]e,l:[+long]o} > u / :{ e_# “:[this is actually an analogical development, but it applies as regularly as a sound law]”, o_# “:[this is actually an analogical development, but it applies as regularly as a sound law]” }:     |                                          ^     @ Rule 1, Line 1"
17.12.1.1.3,84,	(ɛ)au > ɔ,"Syntax Error: Options can only be used in Environments or Structures     |     (ɛ)au > ɔ     |     ^^^     @ Rule 1, Line 1"
17.12.1.1.3,85,	é > ɛi / in :[+open],"Syntax Error: Unknown character é at '0:0:0'.     |     é > ɛi / in :[+open]     |     ^     @ Rule 1, Line 1"
17.12.1.1.3,86,	é > ɛ / in :[+closed],"Syntax Error: Unknown character é at '0:0:0'.     |     é > ɛ / in :[+closed]     |     ^     @ Rule 1, Line 1"
17.12.1.1.3,87,	ó > ou / in :[+open],"Syntax Error: Unknown character ó at '0:0:0'.     |     ó > ou / in :[+open]     |     ^     @ Rule 1, Line 1"
17.12.1.1.3,88,	ou > ɛu / in :[+open],"Syntax Error: Unknown feature 'open' at 0:15-20. Did you mean ten?      |     ou > ɛu / in :[+open]     |                    ^^^^^     @ Rule 1, Line 1"
17.12.1.1.3,89,	ó > ɔ / _N,"Syntax Error: Unknown character ó at '0:0:0'.     |     ó > ɔ / _N     |     ^     @ Rule 1, Line 1"
17.12.1.1.3,90,	ó > ou / in :[+closed],"Syntax Error: Unknown character ó at '0:0:0'.     |     ó > ou / in :[+closed]     |     ^     @ Rule 1, Line 1"
17.12.1.1.3,91,	e > ə / #(C…)_(%…) in :[+open],"Syntax Error: Unknown feature 'open' at 0:24-29. Did you mean ten?      |     e > ə / #(C…)_(%…) in :[+open]     |                             ^^^^^     @ Rule 1, Line 1"
17.12.1.1.3,92,	e > ɛ / #(C…)_(%…) in :[+closed] or _V (?),"Syntax Error: Unknown feature 'closed' at 0:24-31. Did you mean cons?      |     e > ɛ / #(C…)_(%…) in :[+closed] or _V (?)     |                             ^^^^^^^     @ Rule 1, Line 1"
17.12.1.1.3,93,"	o > {ou,ɔ} “(the outcome fluctuates, but ɔ is often the result of analogy rather than strict sound change; always ou before another vowel)”","Syntax Error: Unknown character “ at '0:0:11'.     |     o > {ou,ɔ} “(the outcome fluctuates, but ɔ is often the result of analogy rather than strict sound change; always ou before another vowel)”     |                ^     @ Rule 1, Line 1"
17.12.1.1.3,94,"	a > ə / #{t͡ʃ,d͡ʒ}_(%…) in :[+open]","Syntax Error: Unknown feature 'open' at 0:29-34. Did you mean ten?      |     a > ə / #{t͡ʃ,d͡ʒ}_(%…) in :[+open]     |                                  ^^^^^     @ Rule 1, Line 1"
17.12.1.1.3,95,	a > ɛ / in :[+open] (but a following ʎ creates a:[closed] syllable),"Syntax Error: Unknown feature 'open' at 0:13-18. Did you mean ten?      |     a > ɛ / in :[+open] (but a following ʎ creates a:[closed] syllable)     |                  ^^^^^     @ Rule 1, Line 1"
17.12.1.1.3,99,	ɛ > i / _C(C…)i#,"Syntax Error: Expected an IPA character, Primative or Matrix, but received '…'     |     ɛ > i / _C(C…)i#     |                 ^     @ Rule 1, Line 1"
17.12.1.1.3,100,	V > ∅ / _# (except in monosyllables or after another vowel) // V = a,"Syntax Error: Can't have segments after the end of a word     |     V > ∅ / _# (except in monosyllables or after another vowel) // V = a     |              ^     @ Rule 1, Line 1"
17.12.1.1.3,102,"	V > ə / :{ _CC,nɡ,mp,rt,rd}, _t͡ʃ,nɡ,mp,rt,rd}, _d͡ʒ,nɡ,mp,rt,rd} }: // _{nt","Syntax Error: Expected '_', but received ','     |     V > ə / :{ _CC,nɡ,mp,rt,rd}, _t͡ʃ,nɡ,mp,rt,rd}, _d͡ʒ,nɡ,mp,rt,rd} }: // _{nt     |                      ^     @ Rule 1, Line 1"
17.12.1.1.3,110,"	{ ai, iɛɪ } > { ɛ, i }","Syntax Error: Expected ',', but received 'i'     |     { ai, iɛɪ } > { ɛ, i }     |        ^     @ Rule 1, Line 1"
17.12.1.1.3,111,"	{ ou, ɛu, u, uɛi } > { u, œ, y, yi }","Syntax Error: Expected ',', but received 'u'     |     { ou, ɛu, u, uɛi } > { u, œ, y, yi }     |        ^     @ Rule 1, Line 1"
17.12.1.1.3,112,"	{ei,ɔi} > oi / C:[-nas]","Syntax Error: Expected ',', but received 'i'     |     {ei,ɔi} > oi / C:[-nas]     |       ^     @ Rule 1, Line 1"
17.12.1.1.3,117,	ɛ̃ > ã,"Syntax Error: Unknown character ã at '0:0:5'.     |     ɛ̃ > ã     |          ^     @ Rule 1, Line 1"
17.12.1.1.3,118,"	{aı̃,eı̃} > ɛ̃","Syntax Error: Unknown character ı at '0:0:2'.     |     {aı̃,eı̃} > ɛ̃     |       ^     @ Rule 1, Line 1"
17.12.1.1.3,119,	ỹ > œ̃,"Syntax Error: Unknown character ỹ at '0:0:0'.     |     ỹ > œ̃     |     ^     @ Rule 1, Line 1"
17.12.1.1.3,128,	oı̃ > wɛ̃,"Syntax Error: Unknown character ı at '0:0:1'.     |     oı̃ > wɛ̃     |      ^     @ Rule 1, Line 1"
17.12.1.1.4,1,	tVk > d͡ʒ / unstressed,"Syntax Error: Expected '_', but received ''     |     tVk > d͡ʒ / unstressed     |                           ^     @ Rule 1, Line 1"
17.12.1.1.4,2,"	au > u / #_ (sporadically, e.g. audire → udire)","Syntax Error: Expected '..', but received .'g' at 0:0:28     |     au > u / #_ (sporadically, e.g. audire → udire)     |                                 ^     @ Rule 1, Line 1"
17.12.1.1.4,4,"	{ k, ɡ } > { t͡ʃ, d͡ʒ } / _E","Syntax Error: Unknown grouping 'E'. Known groupings are (C)onsonant, (O)bstruent, (S)onorant, (P)losive, (F)ricative, (L)iquid, (N)asal, (G)lide, and (V)owel     |     { k, ɡ } > { t͡ʃ, d͡ʒ } / _E     |                                ^     @ Rule 1, Line 1"
17.12.1.1.4,5,	kVl > k:[+long]j / unstressed,"Syntax Error: Expected '_', but received ''     |     kVl > k:[+long]j / unstressed     |                                  ^     @ Rule 1, Line 1"
17.12.1.1.4,7,"	ɛ > jɛ / unstressed ,ʎ,ɲ} // _{d͡ʒ","Syntax Error: Expected '_', but received ','     |     ɛ > jɛ / unstressed ,ʎ,ɲ} // _{d͡ʒ     |                         ^     @ Rule 1, Line 1"
17.12.1.1.4,11,"	{ {dʲ,ɡʲ}, lʲ, {nʲ,ɡn} } > { d͡ʒ, ʎ, ɲ }","Syntax Error: Cannot have nested brackets of the same type     |     { {dʲ,ɡʲ}, lʲ, {nʲ,ɡn} } > { d͡ʒ, ʎ, ɲ }     |       ^     @ Rule 1, Line 1"
17.12.1.1.4,12,"	ɔ > uo / stressed ,L} // j_ or _{d͡ʒ","Syntax Error: Expected '_', but received ','     |     ɔ > uo / stressed ,L} // j_ or _{d͡ʒ     |                       ^     @ Rule 1, Line 1"
17.12.1.1.4,18,	r > ∅ / _# (in polysyllables only),"Syntax Error: Can't have segments after the end of a word     |     r > ∅ / _# (in polysyllables only)     |              ^     @ Rule 1, Line 1"
17.12.1.1.4,19,	ta:[+long]te > ”ta / _#,"Syntax Error: Unknown character ” at '0:0:15'.     |     ta:[+long]te > ”ta / _#     |                    ^     @ Rule 1, Line 1"
17.12.1.1.4,21,"	{skʲ,stʲ,s:[+long]j > ʃ","Syntax Error: Expected ',', but received 'k'     |     {skʲ,stʲ,s:[+long]j > ʃ     |       ^     @ Rule 1, Line 1"
17.12.1.1.4,22,"	{ tʲ, ks, w } > { t͡s, s:[+long], ɡʷ }","Syntax Error: Expected ',', but received 's'     |     { tʲ, ks, w } > { t͡s, s:[+long], ɡʷ }     |            ^     @ Rule 1, Line 1"
17.12.1.1.5,4,"	V > ∅ / V%L(C){ CV, V }{ C#, # } (irregular)","Syntax Error: Expected ',', but received 'V'     |     V > ∅ / V%L(C){ CV, V }{ C#, # } (irregular)     |                      ^     @ Rule 1, Line 1"
17.12.1.1.5,5,"	V > ∅ / _L(C){ CV, V }{ C#, # } (irregular)","Syntax Error: Expected ',', but received 'V'     |     V > ∅ / _L(C){ CV, V }{ C#, # } (irregular)     |                     ^     @ Rule 1, Line 1"
17.12.1.1.5,6,	V > ∅ ”V%s_t(C)V(C)# (irregular),"Syntax Error: Unknown character ” at '0:0:6'.     |     V > ∅ ”V%s_t(C)V(C)# (irregular)     |           ^     @ Rule 1, Line 1"
17.12.1.1.5,13,"	{ i:[+long], {i,e:[+long]}, e } > { i, e, ɛ } / stressed","Syntax Error: Cannot have nested brackets of the same type     |     { i:[+long], {i,e:[+long]}, e } > { i, e, ɛ } / stressed     |                  ^     @ Rule 1, Line 1"
17.12.1.1.5,14,"	i:[+long] {{ i,e, i,e:[+long] }} > i e / _%V","Syntax Error: Cannot have nested brackets of the same type     |     i:[+long] {{ i,e, i,e:[+long] }} > i e / _%V     |                ^     @ Rule 1, Line 1"
17.12.1.1.5,16,"	{{ i, i:[+long] }{ ,e, ,e:[+long] },ae} > e / _#","Syntax Error: Cannot have nested brackets of the same type     |     {{ i, i:[+long] }{ ,e, ,e:[+long] },ae} > e / _#     |      ^     @ Rule 1, Line 1"
17.12.1.1.5,19,"	{ {u,o:[+long]}, o } > { o, ɔ } / stressed","Syntax Error: Cannot have nested brackets of the same type     |     { {u,o:[+long]}, o } > { o, ɔ } / stressed     |       ^     @ Rule 1, Line 1"
17.12.1.1.5,20,"	{{ u,o, u,o:[+long] }} > o / _%V","Syntax Error: Cannot have nested brackets of the same type     |     {{ u,o, u,o:[+long] }} > o / _%V     |      ^     @ Rule 1, Line 1"
17.12.1.1.5,21,"	{{ u, u:[+long] }{ ,o, ,o:[+long] }} > o / _#","Syntax Error: Cannot have nested brackets of the same type     |     {{ u, u:[+long] }{ ,o, ,o:[+long] }} > o / _#     |      ^     @ Rule 1, Line 1"
17.12.1.1.5,23,"	{ a:[+long], oe } > { a, e }","Syntax Error: Expected ',', but received 'e'     |     { a:[+long], oe } > { a, e }     |                   ^     @ Rule 1, Line 1"
17.12.1.1.5,24,	ae > ɛ / stressed,"Syntax Error: Expected '_', but received ''     |     ae > ɛ / stressed     |                      ^     @ Rule 1, Line 1"
17.12.1.1.5,26,"	{olt,okt} > ujt","Syntax Error: Expected ',', but received 'l'     |     {olt,okt} > ujt     |       ^     @ Rule 1, Line 1"
17.12.1.1.5,32,"	V > a / :{ _n(C)V(C)# (irregular), _r(C)V(C)# (irregular) }:","Syntax Error: Can't have segments after the end of a word     |     V > a / :{ _n(C)V(C)# (irregular), _r(C)V(C)# (irregular) }:     |                         ^     @ Rule 1, Line 1"
17.12.1.1.5,34,	ɔ̃ > õ,"Syntax Error: Unknown character õ at '0:0:5'.     |     ɔ̃ > õ     |          ^     @ Rule 1, Line 1"
17.12.1.1.5,35,	N > ∅ / V:[+nas]_$C // C = S,"Syntax Error: Expected number, but received S      |     N > ∅ / V:[+nas]_$C // C = S     |                                ^     @ Rule 1, Line 1"
17.12.1.1.5,39,"	{ã,ãe,õe} > ão / _#","Syntax Error: Unknown character ã at '0:0:1'.     |     {ã,ãe,õe} > ão / _#     |      ^     @ Rule 1, Line 1"
17.12.1.1.5,40,	V:[+nas] > V:[-nas] / unstressed,"Syntax Error: Expected '_', but received ''     |     V:[+nas] > V:[-nas] / unstressed     |                                     ^     @ Rule 1, Line 1"
17.12.1.1.5,41,	V:[+nas] > V:[-nas] / in #,"Syntax Error: Can't have segments before the beginning of a word     |     V:[+nas] > V:[-nas] / in #     |                              ^     @ Rule 1, Line 1"
17.12.1.1.5,43,	ı̃ > iɲ,"Syntax Error: Unknown character ı at '0:0:0'.     |     ı̃ > iɲ     |     ^     @ Rule 1, Line 1"
17.12.1.1.5,44,"	{ e, V } > { o, ∅ } / _? (irregular)","Syntax Error: Expected an IPA character, Primative or Matrix, but received '∅'     |     { e, V } > { o, ∅ } / _? (irregular)     |                     ^     @ Rule 1, Line 1"
17.12.1.1.5,49,"	e > i / _(C){ CV, V }{ C#, # }","Syntax Error: Expected ',', but received 'V'     |     e > i / _(C){ CV, V }{ C#, # }     |                    ^     @ Rule 1, Line 1"
17.12.1.1.5,50,"	{e,i} > ∅ / :{ l_ when between # and :[+stress], m_ when between # and :[+stress], r_ when between # and :[+stress] }:","Syntax Error: Can't have segments after the end of a word     |     {e,i} > ∅ / :{ l_ when between # and :[+stress], m_ when between # and :[+stress], r_ when between # and :[+stress] }:     |                                    ^     @ Rule 1, Line 1"
17.12.1.1.5,51,"	{e,i} > ∅ / k_t when between # and :[+stress]","Syntax Error: Can't have segments after the end of a word     |     {e,i} > ∅ / k_t when between # and :[+stress]     |                                  ^     @ Rule 1, Line 1"
17.12.1.1.5,52,"	o > ∅ / :{ _rwhen between # and :[+tonic], _lwhen between # and :[+tonic] }:","Syntax Error: Unknown feature 'tonic' at 0:34-40. Did you mean cons?      |     o > ∅ / :{ _rwhen between # and :[+tonic], _lwhen between # and :[+tonic] }:     |                                       ^^^^^^     @ Rule 1, Line 1"
17.12.1.1.5,65,"	{fl,skl} > ʃ","Syntax Error: Expected ',', but received 'l'     |     {fl,skl} > ʃ     |       ^     @ Rule 1, Line 1"
17.12.1.1.5,72,"	{kl,ɡl} > ʎ","Syntax Error: Expected ',', but received 'l'     |     {kl,ɡl} > ʎ     |       ^     @ Rule 1, Line 1"
17.12.1.1.5,83,"	ɡ > ∅, ʒ / :{ V_i(ɡ → ʒ is learned), V_e(ɡ → ʒ is learned) }:","Syntax Error: Unknown character → at '0:0:20'.     |     ɡ > ∅, ʒ / :{ V_i(ɡ → ʒ is learned), V_e(ɡ → ʒ is learned) }:     |                         ^     @ Rule 1, Line 1"
17.12.1.1.5,85,"	{ pl, bl, p, t } > { br, {br,l}, b, d } / V_V (bl → l is learned)","Syntax Error: Cannot have nested brackets of the same type     |     { pl, bl, p, t } > { br, {br,l}, b, d } / V_V (bl → l is learned)     |                              ^     @ Rule 1, Line 1"
17.12.1.1.5,90,"	{ ks, ɡn, tʲ } > { ʃ, ɲ, {z,s} } / V_V (tʲ → s is learned)","Syntax Error: Cannot have nested brackets of the same type     |     { ks, ɡn, tʲ } > { ʃ, ɲ, {z,s} } / V_V (tʲ → s is learned)     |                              ^     @ Rule 1, Line 1"
17.12.1.1.5,102,	s:[+long]j (m)nʲ lʲ rʲ > jʃ ɲʎ jr / V_V,"Syntax Error: Options can only be used in Environments or Structures     |     s:[+long]j (m)nʲ lʲ rʲ > jʃ ɲʎ jr / V_V     |                ^^^     @ Rule 1, Line 1"
17.12.1.1.5,105,"	ɡʲ > ʒ, j / V_V (ɡʲ → j is learned)","Syntax Error: Unknown character → at '0:0:20'.     |     ɡʲ > ʒ, j / V_V (ɡʲ → j is learned)     |                         ^     @ Rule 1, Line 1"
17.12.1.1.5,106,"	{ pʲ, {bʲ,vʲ} } > { jb, jv } / V_V","Syntax Error: Cannot have nested brackets of the same type     |     { pʲ, {bʲ,vʲ} } > { jb, jv } / V_V     |           ^     @ Rule 1, Line 1"
17.12.1.1.5,107,	mʲ > jm (irregular),"Syntax Error: Expected end of line, received '('. Did you forget a '/' between the output and environment?     |     mʲ > jm (irregular)     |             ^     @ Rule 1, Line 1"
17.12.1.1.5,108,	CC > C // C = r,"Syntax Error: Expected number, but received r      |     CC > C // C = r     |                   ^     @ Rule 1, Line 1"
17.12.1.1.5,109,	C > ∅ / C_C // C = L,"Syntax Error: Expected number, but received L      |     C > ∅ / C_C // C = L     |                        ^     @ Rule 1, Line 1"
17.12.1.1.5,112,"	{ s, l } > { z, ∅ } / V_V","Syntax Error: Expected an IPA character, Primative or Matrix, but received '∅'     |     { s, l } > { z, ∅ } / V_V     |                     ^     @ Rule 1, Line 1"
17.12.1.1.5,114,"	{ sk, k } > { jʃ, z } / :{ V_i, V_e }:","Syntax Error: Expected ',', but received 'k'     |     { sk, k } > { jʃ, z } / :{ V_i, V_e }:     |        ^     @ Rule 1, Line 1"
17.12.1.1.5,115,	k > ɡ / V_V // V = ɔ,"Syntax Error: Expected number, but received ɔ      |     k > ɡ / V_V // V = ɔ     |                        ^     @ Rule 1, Line 1"
17.12.1.1.5,116,"	j > ∅, ʒ / V_V (j → ʒ is learned)","Syntax Error: Unknown character → at '0:0:18'.     |     j > ∅, ʒ / V_V (j → ʒ is learned)     |                       ^     @ Rule 1, Line 1"
17.12.1.1.5,120,"	o > ∅ / _(C){ CV, V }{ C#, # }","Syntax Error: Expected ',', but received 'V'     |     o > ∅ / _(C){ CV, V }{ C#, # }     |                    ^     @ Rule 1, Line 1"
17.12.1.1.5,124,	VV > V (irregular),"Syntax Error: Expected end of line, received '('. Did you forget a '/' between the output and environment?     |     VV > V (irregular)     |            ^     @ Rule 1, Line 1"
17.12.1.1.6,0,"	VN > V:[+long] / _S (except for the prefixes con-, in-); I’m assuming this change happened in Vulgar Latin and then vowel length went to quality","Syntax Error: Expected '->', but received -',' at 0:0:48     |     VN > V:[+long] / _S (except for the prefixes con-, in-); I’m assuming this change happened in Vulgar Latin and then vowel length went to quality     |                                                     ^     @ Rule 1, Line 1"
17.12.1.1.6,1,	— ɪ > e,"Syntax Error: Unknown character — at '0:0:0'.     |     — ɪ > e     |     ^     @ Rule 1, Line 1"
17.12.1.1.6,2,"	— ʊ > o (this change seems to have happened later, hence is listed separately)","Syntax Error: Unknown character — at '0:0:0'.     |     — ʊ > o (this change seems to have happened later, hence is listed separately)     |     ^     @ Rule 1, Line 1"
17.12.1.1.6,3,"	— ɔ > y / :{ _u(in northwestern dialect͡s), _P(in northwestern dialect͡s), _k(in northwestern dialect͡s), _ɡ(in northwestern dialect͡s), _i(in northwestern dialect͡s) }:","Syntax Error: Unknown character — at '0:0:0'.     |     — ɔ > y / :{ _u(in northwestern dialect͡s), _P(in northwestern dialect͡s), _k(in northwestern dialect͡s), _ɡ(in northwestern dialect͡s), _i(in northwestern dialect͡s) }:     |     ^     @ Rule 1, Line 1"
17.12.1.1.6,4,"	— ɔ > ɥe / :{ _u(in western dialect͡s, Limousin, and Auvergne), _P(in western dialect͡s, Limousin, and Auvergne), _k(in western dialect͡s, Limousin, and Auvergne), _ɡ(in western dialect͡s, Limousin, and Auvergne), _i(in western dialect͡s, Limousin, and Auvergne) }:","Syntax Error: Unknown character — at '0:0:0'.     |     — ɔ > ɥe / :{ _u(in western dialect͡s, Limousin, and Auvergne), _P(in western dialect͡s, Limousin, and Auvergne), _k(in western dialect͡s, Limousin, and Auvergne), _ɡ(in western dialect͡s, Limousin, and Auvergne), _i(in western dialect͡s, Limousin, and Auvergne) }:     |     ^     @ Rule 1, Line 1"
17.12.1.1.6,5,"	— ɔ > ɥo / :{ _u(in Languedoc), _P(in Languedoc), _k(in Languedoc), _ɡ(in Languedoc), _i(in Languedoc) }:","Syntax Error: Unknown character — at '0:0:0'.     |     — ɔ > ɥo / :{ _u(in Languedoc), _P(in Languedoc), _k(in Languedoc), _ɡ(in Languedoc), _i(in Languedoc) }:     |     ^     @ Rule 1, Line 1"
17.12.1.1.6,6,"	— ɔ > ɥe, ɥo, ɔ / :{ _u(in southern dialect͡s), _P(in southern dialect͡s), _k(in southern dialect͡s), _ɡ(in southern dialect͡s), _i(in southern dialect͡s) }:","Syntax Error: Unknown character — at '0:0:0'.     |     — ɔ > ɥe, ɥo, ɔ / :{ _u(in southern dialect͡s), _P(in southern dialect͡s), _k(in southern dialect͡s), _ɡ(in southern dialect͡s), _i(in southern dialect͡s) }:     |     ^     @ Rule 1, Line 1"
17.12.1.1.6,7,"	— a > a / _N (Rouergue, Limousin, Auvergne, Dauphiné)","Syntax Error: Unknown character — at '0:0:0'.     |     — a > a / _N (Rouergue, Limousin, Auvergne, Dauphiné)     |     ^     @ Rule 1, Line 1"
17.12.1.1.6,8,"	— a > a / _# in monosyllables and oxytones (Rouergue, Limousin, Auvergne, Dauphiné)","Syntax Error: Unknown character — at '0:0:0'.     |     — a > a / _# in monosyllables and oxytones (Rouergue, Limousin, Auvergne, Dauphiné)     |     ^     @ Rule 1, Line 1"
17.12.1.1.6,9,"	— a > å (I have no idea what is going on here. Grandgent seems to distinguish an open and close /a/, and I have listed his open a as /å/, which seems to have been distinct from /ɔ/, but beyond this section it doesn’t really seem to matter very much)","Syntax Error: Unknown character — at '0:0:0'.     |     — a > å (I have no idea what is going on here. Grandgent seems to distinguish an open and close /a/, and I have listed his open a as /å/, which seems to have been distinct from /ɔ/, but beyond this section it doesn’t really seem to matter very much)     |     ^     @ Rule 1, Line 1"
17.12.1.1.6,10,"	— å ɛ ɔ > a e o / _N (in Limousin and neighboring regions, the last two particularly in Limousin, Languedoc, and Gascon,","Syntax Error: Unknown character — at '0:0:0'.     |     — å ɛ ɔ > a e o / _N (in Limousin and neighboring regions, the last two particularly in Limousin, Languedoc, and Gascon,     |     ^     @ Rule 1, Line 1"
17.12.1.1.6,11,"	— ɛ ɔ > jɛ wɔ (intermittent, “least common in the southwest”)","Syntax Error: Unknown character — at '0:0:0'.     |     — ɛ ɔ > jɛ wɔ (intermittent, “least common in the southwest”)     |     ^     @ Rule 1, Line 1"
17.12.1.1.6,12,	— e > i / _V (and possibly V_?),"Syntax Error: Unknown character — at '0:0:0'.     |     — e > i / _V (and possibly V_?)     |     ^     @ Rule 1, Line 1"
17.12.1.1.6,13,"	— e > i / _(C…)i{C(C…)V,#}","Syntax Error: Unknown character — at '0:0:0'.     |     — e > i / _(C…)i{C(C…)V,#}     |     ^     @ Rule 1, Line 1"
17.12.1.1.6,14,"	— ɛ > jɛ / :{ _u(except in some northern and western dialect͡s, or if this u ← l or if this i ← ð), _i(except in some northern and western dialect͡s, or if this u ← l or if this i ← ð), _ʎ(except in some northern and western dialect͡s, or if this u ← l or if this i ← ð), _rʲ(except in some northern and western dialect͡s, or if this u ← l or if this i ← ð), _ʃ(except in some northern and western dialect͡s, or if this u ← l or if this i ← ð), _ʒ(except in some northern and western dialect͡s, or if this u ← l or if this i ← ð), _j(except in some northern and western dialect͡s, or if this u ← l or if this i ← ð), _t͡ʃ(except in some northern and western dialect͡s, or if this u ← l or if this i ← ð), _d͡ʒ(except in some northern and western dialect͡s, or if this u ← l or if this i ← ð) }:","Syntax Error: Unknown character — at '0:0:0'.     |     — ɛ > jɛ / :{ _u(except in some northern and western dialect͡s, or if this u ← l or if this i ← ð), _i(except in some northern and western dialect͡s, or if this u ← l or if this i ← ð), _ʎ(except in some northern and western dialect͡s, or if this u ← l or if this i ← ð), _rʲ(except in some northern and western dialect͡s, or if this u ← l or if this i ← ð), _ʃ(except in some northern and western dialect͡s, or if this u ← l or if this i ← ð), _ʒ(except in some northern and western dialect͡s, or if this u ← l or if this i ← ð), _j(except in some northern and western dialect͡s, or if this u ← l or if this i ← ð), _t͡ʃ(except in some northern and western dialect͡s, or if this u ← l or if this i ← ð), _d͡ʒ(except in some northern and western dialect͡s, or if this u ← l or if this i ← ð) }:     |     ^     @ Rule 1, Line 1"
17.12.1.1.6,15,	— ju > jeu,"Syntax Error: Unknown character — at '0:0:0'.     |     — ju > jeu     |     ^     @ Rule 1, Line 1"
17.12.1.1.6,16,"	— o > y / :{ _t͡ʃ(did not occur in Dauphiné), _d͡ʒ(did not occur in Dauphiné), _it(did not occur in Dauphiné), _id(did not occur in Dauphiné) }:","Syntax Error: Unknown character — at '0:0:0'.     |     — o > y / :{ _t͡ʃ(did not occur in Dauphiné), _d͡ʒ(did not occur in Dauphiné), _it(did not occur in Dauphiné), _id(did not occur in Dauphiné) }:     |     ^     @ Rule 1, Line 1"
17.12.1.1.6,17,	— o > y / _ɲ (in northern and western dialect͡s),"Syntax Error: Unknown character — at '0:0:0'.     |     — o > y / _ɲ (in northern and western dialect͡s)     |     ^     @ Rule 1, Line 1"
17.12.1.1.6,18,"	— o > y / _i# (in Bordeaux, Auvergne, and some of Languedoc)","Syntax Error: Unknown character — at '0:0:0'.     |     — o > y / _i# (in Bordeaux, Auvergne, and some of Languedoc)     |     ^     @ Rule 1, Line 1"
17.12.1.1.6,19,"	— ɔ > {ɔ,we} (in southwestern dialect͡s)","Syntax Error: Unknown character — at '0:0:0'.     |     — ɔ > {ɔ,we} (in southwestern dialect͡s)     |     ^     @ Rule 1, Line 1"
17.12.1.1.6,20,	— u > y,"Syntax Error: Unknown character — at '0:0:0'.     |     — u > y     |     ^     @ Rule 1, Line 1"
17.12.1.1.6,21,	— o > u (during the literary period),"Syntax Error: Unknown character — at '0:0:0'.     |     — o > u (during the literary period)     |     ^     @ Rule 1, Line 1"
17.12.1.1.6,22,	— E > ∅ / _e,"Syntax Error: Unknown character — at '0:0:0'.     |     — E > ∅ / _e     |     ^     @ Rule 1, Line 1"
17.12.1.1.6,23,	— B > ∅ / _o,"Syntax Error: Unknown character — at '0:0:0'.     |     — B > ∅ / _o     |     ^     @ Rule 1, Line 1"
17.12.1.1.6,24,	— E > j (presumably in the vicinity of another vowel),"Syntax Error: Unknown character — at '0:0:0'.     |     — E > j (presumably in the vicinity of another vowel)     |     ^     @ Rule 1, Line 1"
17.12.1.1.6,25,	— V > ∅ (though /a/ seemed to resist this),"Syntax Error: Unknown character — at '0:0:0'.     |     — V > ∅ (though /a/ seemed to resist this)     |     ^     @ Rule 1, Line 1"
17.12.1.1.6,26,"	— {a,œ,e,i} > e (here, 〈œ〉 denotes the reflex of the Latin vowel written this way, not a front rounded vowel)","Syntax Error: Unknown character — at '0:0:0'.     |     — {a,œ,e,i} > e (here, 〈œ〉 denotes the reflex of the Latin vowel written this way, not a front rounded vowel)     |     ^     @ Rule 1, Line 1"
17.12.1.1.6,27,	— u > o,"Syntax Error: Unknown character — at '0:0:0'.     |     — u > o     |     ^     @ Rule 1, Line 1"
17.12.1.1.6,28,	— au > a / _(C…)u,"Syntax Error: Unknown character — at '0:0:0'.     |     — au > a / _(C…)u     |     ^     @ Rule 1, Line 1"
17.12.1.1.6,29,	— V > ∅ / _r (seemed to be an intermittent change),"Syntax Error: Unknown character — at '0:0:0'.     |     — V > ∅ / _r (seemed to be an intermittent change)     |     ^     @ Rule 1, Line 1"
17.12.1.1.6,30,"	— V > ∅ (again, /a/ seemed to resist this change, which was it͡self generally blocked by analogy)","Syntax Error: Unknown character — at '0:0:0'.     |     — V > ∅ (again, /a/ seemed to resist this change, which was it͡self generally blocked by analogy)     |     ^     @ Rule 1, Line 1"
17.12.1.1.6,31,"	— V > ∅ / penult of paroxytones,","Syntax Error: Unknown character — at '0:0:0'.     |     — V > ∅ / penult of paroxytones,     |     ^     @ Rule 1, Line 1"
17.12.1.1.6,32,"	— CV[+ cons, - fr, + bk, + hi, - lo] > CVj (intermittent if C was a resonant)","Syntax Error: Unknown character — at '0:0:0'.     |     — CV[+ cons, - fr, + bk, + hi, - lo] > CVj (intermittent if C was a resonant)     |     ^     @ Rule 1, Line 1"
17.12.1.1.6,33,	— V > ∅ / lv_r (dialect-dependent),"Syntax Error: Unknown character — at '0:0:0'.     |     — V > ∅ / lv_r (dialect-dependent)     |     ^     @ Rule 1, Line 1"
17.12.1.1.6,34,	— e > i / _(C…)i(C…)#,"Syntax Error: Unknown character — at '0:0:0'.     |     — e > i / _(C…)i(C…)#     |     ^     @ Rule 1, Line 1"
17.12.1.1.6,35,	— V > ∅ / R_(C…),"Syntax Error: Unknown character — at '0:0:0'.     |     — V > ∅ / R_(C…)     |     ^     @ Rule 1, Line 1"
17.12.1.1.6,36,	— a > o in most dialect͡s except Gascon and Languedoc; final -as remained in “Limousin and some others”,"Syntax Error: Unknown character — at '0:0:0'.     |     — a > o in most dialect͡s except Gascon and Languedoc; final -as remained in “Limousin and some others”     |     ^     @ Rule 1, Line 1"
17.12.1.1.6,37,	— e u > e o / _nt#,"Syntax Error: Unknown character — at '0:0:0'.     |     — e u > e o / _nt#     |     ^     @ Rule 1, Line 1"
17.12.1.1.6,38,	— V > “indistinct e” (probably /ə/) if dropping it would create ugly consonant clusters:,"Syntax Error: Unknown character — at '0:0:0'.     |     — V > “indistinct e” (probably /ə/) if dropping it would create ugly consonant clusters:     |     ^     @ Rule 1, Line 1"
17.12.1.1.6,39,	— V > e “in many late words”,"Syntax Error: Unknown character — at '0:0:0'.     |     — V > e “in many late words”     |     ^     @ Rule 1, Line 1"
17.12.1.1.6,40,"	[+ cons, - fr, + bk, + hi, - lo] > ∅ / _l (not always, but this was a general change)","Syntax Error: Expected ':', but received 'b'     |     [+ cons, - fr, + bk, + hi, - lo] > ∅ / _l (not always, but this was a general change)     |                                                            ^     @ Rule 1, Line 1"
17.12.1.1.6,45,	βʲ > j (in forms of habeo and debeo),"Syntax Error: Expected end of line, received '('. Did you forget a '/' between the output and environment?     |     βʲ > j (in forms of habeo and debeo)     |            ^     @ Rule 1, Line 1"
17.12.1.1.6,46,"	{ k, ɡ } > { t͡ʃ, d͡ʒ } / _E","Syntax Error: Unknown grouping 'E'. Known groupings are (C)onsonant, (O)bstruent, (S)onorant, (P)losive, (F)ricative, (L)iquid, (N)asal, (G)lide, and (V)owel     |     { k, ɡ } > { t͡ʃ, d͡ʒ } / _E     |                                ^     @ Rule 1, Line 1"
17.12.1.1.6,47,	t͡ʃ > t͡s (sometimes),"Syntax Error: Expected end of line, received '('. Did you forget a '/' between the output and environment?     |     t͡ʃ > t͡s (sometimes)     |               ^     @ Rule 1, Line 1"
17.12.1.1.6,48,	ɡ > ∅ / V_(VC…)V,"Syntax Error: Expected an IPA character, Primative or Matrix, but received '…'     |     ɡ > ∅ / V_(VC…)V     |                  ^     @ Rule 1, Line 1"
17.12.1.1.6,50,"	N > ∅ / _#, in polysyllables","Syntax Error: Expected '_', but received ''     |     N > ∅ / _#, in polysyllables     |                                 ^     @ Rule 1, Line 1"
17.12.1.1.6,51,"	{ kʷ, ɡʷ } > { k, ɡ } / _B","Syntax Error: Unknown grouping 'B'. Known groupings are (C)onsonant, (O)bstruent, (S)onorant, (P)losive, (F)ricative, (L)iquid, (N)asal, (G)lide, and (V)owel     |     { kʷ, ɡʷ } > { k, ɡ } / _B     |                              ^     @ Rule 1, Line 1"
17.12.1.1.6,54,"	{ p, t, k, s } > { b, d, ɡ, z } / V_V (this b → v?)","Syntax Error: Unknown character → at '0:0:46'.     |     { p, t, k, s } > { b, d, ɡ, z } / V_V (this b → v?)     |                                                   ^     @ Rule 1, Line 1"
17.12.1.1.6,63,	w > ∅ / C_B (when from earlier B?),"Syntax Error: Unknown grouping 'B'. Known groupings are (C)onsonant, (O)bstruent, (S)onorant, (P)losive, (F)ricative, (L)iquid, (N)asal, (G)lide, and (V)owel     |     w > ∅ / C_B (when from earlier B?)     |               ^     @ Rule 1, Line 1"
17.12.1.1.6,66,	— Loaned w > ɡʷ,"Syntax Error: Unknown character — at '0:0:0'.     |     — Loaned w > ɡʷ     |     ^     @ Rule 1, Line 1"
17.12.1.1.6,67,	Original z (/t͡s/?) > dʲ,"Syntax Error: Expected an IPA character, Primative or Matrix, but received '/'     |     Original z (/t͡s/?) > dʲ     |                 ^     @ Rule 1, Line 1"
17.12.1.1.6,70,"	{ (s)k, ɡ } > { (s)t͡ʃ, d͡ʒ } / #_a (in the north and northeast)","Syntax Error: Expected an IPA character, Primative or Matrix, but received '('     |     { (s)k, ɡ } > { (s)t͡ʃ, d͡ʒ } / #_a (in the north and northeast)     |       ^     @ Rule 1, Line 1"
17.12.1.1.6,73,	j > d͡ʒ / #_ (but not in Béarn),"Syntax Error: Unknown character é at '0:0:26'.     |     j > d͡ʒ / #_ (but not in Béarn)     |                               ^     @ Rule 1, Line 1"
17.12.1.1.6,74,	f > h (in Béarn and Gascon),"Syntax Error: Unknown character é at '0:0:11'.     |     f > h (in Béarn and Gascon)     |                ^     @ Rule 1, Line 1"
17.12.1.1.6,75,"	β > b (in Béarn, Gascon, and Languedoc)","Syntax Error: Unknown character é at '0:0:11'.     |     β > b (in Béarn, Gascon, and Languedoc)     |                ^     @ Rule 1, Line 1"
17.12.1.1.6,76,	β > v (though sometimes,"Syntax Error: Expected end of line, received '('. Did you forget a '/' between the output and environment?     |     β > v (though sometimes     |           ^     @ Rule 1, Line 1"
17.12.1.1.6,77,	v (though sometimes > ɡʷ instead if analogy interfered),"Syntax Error: Expected an IPA character, Primative or Matrix, but received '>'     |     v (though sometimes > ɡʷ instead if analogy interfered)     |                         ^     @ Rule 1, Line 1"
17.12.1.1.6,78,	kʷ ɡʷ > kʷ ɡʷ (in western dialect͡s),"Syntax Error: Expected end of line, received '('. Did you forget a '/' between the output and environment?     |     kʷ ɡʷ > kʷ ɡʷ (in western dialect͡s)     |                   ^     @ Rule 1, Line 1"
17.12.1.1.6,79,	kʷ ɡʷ > k ɡ (else),"Syntax Error: Expected end of line, received '('. Did you forget a '/' between the output and environment?     |     kʷ ɡʷ > k ɡ (else)     |                 ^     @ Rule 1, Line 1"
17.12.1.1.6,82,"	{ b, {d,d͡z,d͡ʒ}, z, ʒ, ɡ } > { p, {t,t͡s,t͡ʃ}, s, ʃ, k } / :{ _s#, _# }:","Syntax Error: Cannot have nested brackets of the same type     |     { b, {d,d͡z,d͡ʒ}, z, ʒ, ɡ } > { p, {t,t͡s,t͡ʃ}, s, ʃ, k } / :{ _s#, _# }:     |          ^     @ Rule 1, Line 1"
17.12.1.1.6,83,"	t͡ʃs > {t͡s,t͡ʃ} (varies)","Syntax Error: Expected end of line, received '('. Did you forget a '/' between the output and environment?     |     t͡ʃs > {t͡s,t͡ʃ} (varies)     |                      ^     @ Rule 1, Line 1"
17.12.1.1.6,88,"	β > ∅, f / C_{ s#, # } (the latter is rare)","Syntax Error: Expected ',', but received '#'     |     β > ∅, f / C_{ s#, # } (the latter is rare)     |                     ^     @ Rule 1, Line 1"
17.12.1.1.6,89,"	n > ∅ / V_# (did not occur in extreme western areas, some northern areas, the southeast, and the east)","Syntax Error: Expected ':', but received 's'     |     n > ∅ / V_# (did not occur in extreme western areas, some northern areas, the southeast, and the east)     |                                                          ^     @ Rule 1, Line 1"
17.12.1.1.6,90,	n > ∅ / _s# (except for eastern and southeastern dialect͡s),"Syntax Error: Can't have segments after the end of a word     |     n > ∅ / _s# (except for eastern and southeastern dialect͡s)     |               ^     @ Rule 1, Line 1"
17.12.1.1.6,91,"	n > ∅ / :{ r_s#?, r_#? }:","Syntax Error: Can't have segments after the end of a word     |     n > ∅ / :{ r_s#?, r_#? }:     |                   ^     @ Rule 1, Line 1"
17.12.1.1.6,93,	l:[+long] > l (in the south),"Syntax Error: Expected end of line, received '('. Did you forget a '/' between the output and environment?     |     l:[+long] > l (in the south)     |                   ^     @ Rule 1, Line 1"
17.12.1.1.6,95,	mpn > n:[+long] (dialectal),"Syntax Error: Expected end of line, received '('. Did you forget a '/' between the output and environment?     |     mpn > n:[+long] (dialectal)     |                     ^     @ Rule 1, Line 1"
17.12.1.1.6,97,	ɡ > k / B_ (your guess is probably better than mine),"Syntax Error: Unknown grouping 'B'. Known groupings are (C)onsonant, (O)bstruent, (S)onorant, (P)losive, (F)ricative, (L)iquid, (N)asal, (G)lide, and (V)owel     |     ɡ > k / B_ (your guess is probably better than mine)     |             ^     @ Rule 1, Line 1"
17.12.1.1.6,98,"	ɡ > k, j / V_ (if /j/ resulted, it dropped after /i/; forms with k are most persistent in the west and more common overall)","Syntax Error: Malformed Comment: Expected ';;', but received '; ' at 0:0:53     |     ɡ > k, j / V_ (if /j/ resulted, it dropped after /i/; forms with k are most persistent in the west and more common overall)     |                                                          ^     @ Rule 1, Line 1"
17.12.1.1.6,100,	ms ns > mps nt͡s (sporadic?),"Syntax Error: Expected end of line, received '('. Did you forget a '/' between the output and environment?     |     ms ns > mps nt͡s (sporadic?)     |                      ^     @ Rule 1, Line 1"
17.12.1.1.6,101,"	{p,b} > ∅ / R_s# (unless blocked by analogy)","Syntax Error: Unknown grouping 'R'. Known groupings are (C)onsonant, (O)bstruent, (S)onorant, (P)losive, (F)ricative, (L)iquid, (N)asal, (G)lide, and (V)owel     |     {p,b} > ∅ / R_s# (unless blocked by analogy)     |                 ^     @ Rule 1, Line 1"
17.12.1.1.6,102,"	t͡s > s / _# (Provence, Limousin, some Languedoc and Gascon)","Syntax Error: Expected ':', but received 'L'     |     t͡s > s / _# (Provence, Limousin, some Languedoc and Gascon)     |                             ^     @ Rule 1, Line 1"
17.12.1.1.6,103,	β > ∅ / when pretonic and immediately adjacent to a back vowel,"Syntax Error: Expected '_', but received ''     |     β > ∅ / when pretonic and immediately adjacent to a back vowel     |                                                                   ^     @ Rule 1, Line 1"
17.12.1.1.6,105,	β > v (otherwise),"Syntax Error: Expected end of line, received '('. Did you forget a '/' between the output and environment?     |     β > v (otherwise)     |           ^     @ Rule 1, Line 1"
17.12.1.1.6,114,	ð > z (except in some northern and eastern dialect͡s where,"Syntax Error: Expected end of line, received '('. Did you forget a '/' between the output and environment?     |     ð > z (except in some northern and eastern dialect͡s where     |           ^     @ Rule 1, Line 1"
17.12.1.1.6,115,	z (except in some northern and eastern dialect͡s where > ∅),"Syntax Error: Expected an IPA character, Primative or Matrix, but received '>'     |     z (except in some northern and eastern dialect͡s where > ∅)     |                                                            ^     @ Rule 1, Line 1"
17.12.1.1.6,116,	ɡ > j / _a (in the north and east; further → d͡ʒ in the north),"Syntax Error: Malformed Comment: Expected ';;', but received '; ' at 0:0:34     |     ɡ > j / _a (in the north and east; further → d͡ʒ in the north)     |                                       ^     @ Rule 1, Line 1"
17.12.1.1.6,117,"	ɡ > ɡ / :{ _o, _u/y }:","Syntax Error: Expected ',', but received '/'     |     ɡ > ɡ / :{ _o, _u/y }:     |                      ^     @ Rule 1, Line 1"
17.12.1.1.6,118,"	ɡ > j / :[b]etween the last two vowels of a proparoxytone,","Syntax Error: Feature 'b' has no modifier at 0:10-11.     |     ɡ > j / :[b]etween the last two vowels of a proparoxytone,     |               ^     @ Rule 1, Line 1"
17.12.1.1.6,119,"	j > d͡ʒ / :[b]etween the last two vowels of a proparoxytone,","Syntax Error: Feature 'b' has no modifier at 0:12-13.     |     j > d͡ʒ / :[b]etween the last two vowels of a proparoxytone,     |                 ^     @ Rule 1, Line 1"
17.12.1.1.6,121,	l > u / _s# (in many dialect͡s),"Syntax Error: Can't have segments after the end of a word     |     l > u / _s# (in many dialect͡s)     |               ^     @ Rule 1, Line 1"
17.12.1.1.6,128,"	{ {t,d}l, {k,ɡ}l } > { l:[+long], ʎ }","Syntax Error: Cannot have nested brackets of the same type     |     { {t,d}l, {k,ɡ}l } > { l:[+long], ʎ }     |       ^     @ Rule 1, Line 1"
17.12.1.1.6,131,"	p k t͡ʃ b ɡ β j > b ɡ i {b,u,u / _r","Syntax Error: Expected ',', but received '/'     |     p k t͡ʃ b ɡ β j > b ɡ i {b,u,u / _r     |                                    ^     @ Rule 1, Line 1"
17.12.1.1.6,132,"	b ɡ i {b,u,u > y / _r","Syntax Error: Expected ',', but received '>'     |     b ɡ i {b,u,u > y / _r     |                  ^     @ Rule 1, Line 1"
17.12.1.1.6,133,"	y > i} ∅ {u,u / _r","Syntax Error: Expected end of line, received '}'. Did you forget a '/' between the output and environment?     |     y > i} ∅ {u,u / _r     |          ^     @ Rule 1, Line 1"
17.12.1.1.6,134,"	i} ∅ {u,u > y / _r","Syntax Error: Expected '>', '->' or '=>', but received '}'     |     i} ∅ {u,u > y / _r     |      ^     @ Rule 1, Line 1"
17.12.1.1.6,135,	y > i} i / _r,"Syntax Error: Expected end of line, received '}'. Did you forget a '/' between the output and environment?     |     y > i} i / _r     |          ^     @ Rule 1, Line 1"
17.12.1.1.6,147,	(kʷ > ɡʷ,"Syntax Error: Expected an IPA character, Primative or Matrix, but received '>'     |     (kʷ > ɡʷ     |         ^     @ Rule 1, Line 1"
17.12.1.1.6,148,	ɡʷ > ɡ ?),"Syntax Error: Expected end of line, received ')'. Did you forget a '/' between the output and environment?     |     ɡʷ > ɡ ?)     |             ^     @ Rule 1, Line 1"
17.12.1.1.6,149,"	{ {l,r}w, {n,ŋk,ŋɡ}w } > { lɡʷ, ŋɡʷ }","Syntax Error: Cannot have nested brackets of the same type     |     { {l,r}w, {n,ŋk,ŋɡ}w } > { lɡʷ, ŋɡʷ }     |       ^     @ Rule 1, Line 1"
17.12.1.1.6,150,"	{ lɡʷ, ŋɡʷ } > { lɡ, ŋɡ }","Syntax Error: Expected ',', but received 'ɡ'     |     { lɡʷ, ŋɡʷ } > { lɡ, ŋɡ }     |        ^     @ Rule 1, Line 1"
17.12.1.1.6,155,"	βʲ > {ud͡ʒ,uj} (in northern dialect͡s)","Syntax Error: Expected ',', but received 'd͡ʒ'     |     βʲ > {ud͡ʒ,uj} (in northern dialect͡s)     |            ^^^     @ Rule 1, Line 1"
17.12.1.1.6,158,"	{ ktʲ, klʲ } > { is, ʎ }","Syntax Error: Expected ',', but received 't'     |     { ktʲ, klʲ } > { is, ʎ }     |        ^     @ Rule 1, Line 1"
17.12.1.1.6,159,"	{{ t͡ʃ, t͡ʃ:[+long] },kʷ}j > t͡s","Syntax Error: Cannot have nested brackets of the same type     |     {{ t͡ʃ, t͡ʃ:[+long] },kʷ}j > t͡s     |      ^     @ Rule 1, Line 1"
17.12.1.1.6,160,"	{ dVɡ, (n)dVɡ } > { d͡ʒ(?), nd͡ʒ }","Syntax Error: Expected ',', but received 'V'     |     { dVɡ, (n)dVɡ } > { d͡ʒ(?), nd͡ʒ }     |        ^     @ Rule 1, Line 1"
17.12.1.1.6,161,"	{ l{tʲ,t͡ʃʲ}, ld͡ʒ } > { lt͡s, ld͡z }","Syntax Error: Cannot have nested brackets of the same type     |     { l{tʲ,t͡ʃʲ}, ld͡ʒ } > { lt͡s, ld͡z }     |        ^     @ Rule 1, Line 1"
17.12.1.1.6,162,"	{ lt͡s, ld͡z } > { ut͡s, ud͡z }","Syntax Error: Expected ',', but received 't͡s'     |     { lt͡s, ld͡z } > { ut͡s, ud͡z }     |        ^^^     @ Rule 1, Line 1"
17.12.1.1.6,163,"	{ ut͡s, ud͡z } > { us, uz }","Syntax Error: Expected ',', but received 't͡s'     |     { ut͡s, ud͡z } > { us, uz }     |        ^^^     @ Rule 1, Line 1"
17.12.1.1.6,164,"	{ l:[+long]{j,Vd͡ʒ}, lnʲ } > { ʎ, ɲ }","Syntax Error: Cannot have nested brackets of the same type     |     { l:[+long]{j,Vd͡ʒ}, lnʲ } > { ʎ, ɲ }     |                ^     @ Rule 1, Line 1"
17.12.1.1.6,167,	j > ∅ / n_# (in many dialect͡s),"Syntax Error: Can't have segments after the end of a word     |     j > ∅ / n_# (in many dialect͡s)     |               ^     @ Rule 1, Line 1"
17.12.1.1.6,170,"	mnʲ > ɲ (Limousin, as well as extreme eastern and southwest dialect͡s)","Syntax Error: Expected end of line, received '('. Did you forget a '/' between the output and environment?     |     mnʲ > ɲ (Limousin, as well as extreme eastern and southwest dialect͡s)     |             ^     @ Rule 1, Line 1"
17.12.1.1.6,171,	mnʲ > nd͡ʒ (else),"Syntax Error: Expected end of line, received '('. Did you forget a '/' between the output and environment?     |     mnʲ > nd͡ʒ (else)     |                ^     @ Rule 1, Line 1"
17.12.1.1.6,173,"	{nt͡ʃʲ,ndʲ} > nt͡s","Syntax Error: Expected ',', but received 't͡ʃ'     |     {nt͡ʃʲ,ndʲ} > nt͡s     |       ^^^     @ Rule 1, Line 1"
17.12.1.1.6,175,"	{ {ndʲ,nd͡ʒʲ}, nd͡ʒ } > { ɲ, {ɲ,nd͡ʒ} }","Syntax Error: Cannot have nested brackets of the same type     |     { {ndʲ,nd͡ʒʲ}, nd͡ʒ } > { ɲ, {ɲ,nd͡ʒ} }     |       ^     @ Rule 1, Line 1"
17.12.1.1.6,180,	pt͡ʃ > t͡ʃ (except in western and some southern dialect͡s),"Syntax Error: Expected end of line, received '('. Did you forget a '/' between the output and environment?     |     pt͡ʃ > t͡ʃ (except in western and some southern dialect͡s)     |                ^     @ Rule 1, Line 1"
17.12.1.1.6,181,	rt͡ʃʲ > rt͡s (,"Syntax Error: Expected end of line, received '('. Did you forget a '/' between the output and environment?     |     rt͡ʃʲ > rt͡s (     |                  ^     @ Rule 1, Line 1"
17.12.1.1.6,182,"	{ rt͡s, ( } > { rs, ?) }","Syntax Error: Expected ',', but received 't͡s'     |     { rt͡s, ( } > { rs, ?) }     |        ^^^     @ Rule 1, Line 1"
17.12.1.1.6,183,"	{ rdʲ, rVɡ } > { rd͡z, rd͡ʒ }","Syntax Error: Expected ',', but received 'd'     |     { rdʲ, rVɡ } > { rd͡z, rd͡ʒ }     |        ^     @ Rule 1, Line 1"
17.12.1.1.6,184,"	rd͡ʒ > {rd͡ʒ,rd͡z(","Syntax Error: Expected ',', but received 'd͡ʒ'     |     rd͡ʒ > {rd͡ʒ,rd͡z(     |              ^^^     @ Rule 1, Line 1"
17.12.1.1.6,185,"	{rd͡ʒ,rd͡z( > rz)}","Syntax Error: Expected ',', but received 'd͡ʒ'     |     {rd͡ʒ,rd͡z( > rz)}     |       ^^^     @ Rule 1, Line 1"
17.12.1.1.6,188,"	{ r:[+long]Vɡ, r:[+long]j } > { rd͡ʒ, ir }","Syntax Error: Expected ',', but received 'V'     |     { r:[+long]Vɡ, r:[+long]j } > { rd͡ʒ, ir }     |                ^     @ Rule 1, Line 1"
17.12.1.1.6,189,"	rtVɡ > {rd͡ʒ,rt͡s(","Syntax Error: Expected ',', but received 'd͡ʒ'     |     rtVɡ > {rd͡ʒ,rt͡s(     |              ^^^     @ Rule 1, Line 1"
17.12.1.1.6,190,"	{rd͡ʒ,rt͡s( > rs)}","Syntax Error: Expected ',', but received 'd͡ʒ'     |     {rd͡ʒ,rt͡s( > rs)}     |       ^^^     @ Rule 1, Line 1"
17.12.1.1.6,198,"	{s:[+long]j,st͡ʃʲ,stʲ} > ʃ","Syntax Error: Expected ',', but received 'j'     |     {s:[+long]j,st͡ʃʲ,stʲ} > ʃ     |               ^     @ Rule 1, Line 1"
17.12.1.1.6,199,"	ʃ > is (except in the west or extreme east, where the outcome was some flavor of (i)(t)ʃ)","Syntax Error: Cannot have nested brackets of the same type     |     ʃ > is (except in the west or extreme east, where the outcome was some flavor of (i)(t)ʃ)     |                                                                                      ^     @ Rule 1, Line 1"
17.12.1.1.6,201,"	ʒ > (i)(d)ʒ (in some northeastern, northern, and western dialect͡s)","Syntax Error: Unknown character ( at '0:0:2'.     |     ʒ > (i)(d)ʒ (in some northeastern, northern, and western dialect͡s)     |       ^     @ Rule 1, Line 1"
17.12.1.1.6,203,"	ʒ > {r,z} (rare)","Syntax Error: Expected end of line, received '('. Did you forget a '/' between the output and environment?     |     ʒ > {r,z} (rare)     |               ^     @ Rule 1, Line 1"
17.12.1.1.6,205,	ʒ > iz (the usual outcome),"Syntax Error: Expected end of line, received '('. Did you forget a '/' between the output and environment?     |     ʒ > iz (the usual outcome)     |            ^     @ Rule 1, Line 1"
17.12.1.1.6,206,"	{ tVɡ, trʲ } > { d͡ʒ, ir }","Syntax Error: Expected ',', but received 'V'     |     { tVɡ, trʲ } > { d͡ʒ, ir }     |        ^     @ Rule 1, Line 1"
17.12.1.1.6,211,	dʲ > djʒ (?),"Syntax Error: Expected end of line, received '('. Did you forget a '/' between the output and environment?     |     dʲ > djʒ (?)     |              ^     @ Rule 1, Line 1"
17.12.1.1.6,212,	djʒ (?) > d͡z (in the north and west) or id͡z (in the south and east)—medial (i)d͡z became (i)z; i-less forms “prevail in the literary language” and seem to have become common if the d͡z follows the stress,"Syntax Error: Unknown character — at '0:0:69'.     |     djʒ (?) > d͡z (in the north and west) or id͡z (in the south and east)—medial (i)d͡z became (i)z; i-less forms “prevail in the literary language” and seem to have become common if the d͡z follows the stress     |                                                                          ^     @ Rule 1, Line 1"
17.12.1.1.6,214,"	l > u / :{ _d(Rouergue), _s(Rouergue) }:","Syntax Error: Unknown grouping 'R'. Known groupings are (C)onsonant, (O)bstruent, (S)onorant, (P)losive, (F)ricative, (L)iquid, (N)asal, (G)lide, and (V)owel     |     l > u / :{ _d(Rouergue), _s(Rouergue) }:     |                   ^     @ Rule 1, Line 1"
17.12.1.1.6,216,"	ndt ndt͡ʃ nt͡ʃ nkt nf > n{d,t} {nt͡s,nd͡z(","Syntax Error: Expected ',', but received 't͡s'     |     ndt ndt͡ʃ nt͡ʃ nkt nf > n{d,t} {nt͡s,nd͡z(     |                                      ^^^     @ Rule 1, Line 1"
17.12.1.1.6,217,"	n{d,t} {nt͡s,nd͡z( > nz),nd͡ʒ} n(t)s {ɲ,(i)nt,nt͡ʃ} {nf,f:[+long](","Syntax Error: Expected ',', but received 't͡s'     |     n{d,t} {nt͡s,nd͡z( > nz),nd͡ʒ} n(t)s {ɲ,(i)nt,nt͡ʃ} {nf,f:[+long](     |              ^^^     @ Rule 1, Line 1"
17.12.1.1.6,218,"	nz),nd͡ʒ} n(t)s {ɲ,(i)nt,nt͡ʃ} {nf,f:[+long]( > f)}","Syntax Error: Expected '>', '->' or '=>', but received ')'     |     nz),nd͡ʒ} n(t)s {ɲ,(i)nt,nt͡ʃ} {nf,f:[+long]( > f)}     |       ^     @ Rule 1, Line 1"
17.12.1.1.6,219,"	{ nt, nd } > { {∅,n}, ∅ } / _# (in some Languedoc and Gascon areas)","Syntax Error: Cannot have nested brackets of the same type     |     { nt, nd } > { {∅,n}, ∅ } / _# (in some Languedoc and Gascon areas)     |                    ^     @ Rule 1, Line 1"
17.12.1.1.6,220,	nd > n / _# (in western areas and for some speakers of Limousin),"Syntax Error: Can't have segments after the end of a word     |     nd > n / _# (in western areas and for some speakers of Limousin)     |               ^     @ Rule 1, Line 1"
17.12.1.1.6,222,"	{ rt͡ʃ, rdt͡ʃ } > { r(t)s, {rd͡z( }","Syntax Error: Cannot have nested brackets of the same type     |     { rt͡ʃ, rdt͡ʃ } > { r(t)s, {rd͡z( }     |                                ^     @ Rule 1, Line 1"
17.12.1.1.6,223,"	r(t)s {rd͡z( > rz),rt͡s,rd͡ʒ}","Syntax Error: Options can only be used in Environments or Structures     |     r(t)s {rd͡z( > rz),rt͡s,rd͡ʒ}     |      ^^^     @ Rule 1, Line 1"
17.12.1.1.6,226,	t > ∅ / r_m (,"Syntax Error: Expected an IPA character, Primative or Matrix, but received ''     |     t > ∅ / r_m (     |                  ^     @ Rule 1, Line 1"
17.12.1.1.6,227,	st͡ʃ > s (in some northern and northeastern dialect͡s),"Syntax Error: Expected end of line, received '('. Did you forget a '/' between the output and environment?     |     st͡ʃ > s (in some northern and northeastern dialect͡s)     |              ^     @ Rule 1, Line 1"
17.12.1.1.6,228,	st͡ʃ > (i)(t)ʃ (for western and extreme eastern regions),"Syntax Error: Unknown character ( at '0:0:3'.     |     st͡ʃ > (i)(t)ʃ (for western and extreme eastern regions)     |        ^     @ Rule 1, Line 1"
17.12.1.1.6,229,	st͡ʃ > is (otherwise),"Syntax Error: Expected end of line, received '('. Did you forget a '/' between the output and environment?     |     st͡ʃ > is (otherwise)     |               ^     @ Rule 1, Line 1"
17.12.1.1.6,242,	βt βd > pt bd (in the west),"Syntax Error: Expected end of line, received '('. Did you forget a '/' between the output and environment?     |     βt βd > pt bd (in the west)     |                   ^     @ Rule 1, Line 1"
17.12.1.1.6,243,	βt βd > ut ud (else),"Syntax Error: Expected end of line, received '('. Did you forget a '/' between the output and environment?     |     βt βd > ut ud (else)     |                   ^     @ Rule 1, Line 1"
17.12.1.1.6,244,	kt͡ʃ > (i)t͡ʃ (in western and extreme eastern dialect͡s),"Syntax Error: Unknown character ( at '0:0:3'.     |     kt͡ʃ > (i)t͡ʃ (in western and extreme eastern dialect͡s)     |        ^     @ Rule 1, Line 1"
17.12.1.1.6,246,	it͡s > is (else),"Syntax Error: Expected end of line, received '('. Did you forget a '/' between the output and environment?     |     it͡s > is (else)     |               ^     @ Rule 1, Line 1"
17.12.1.1.6,247,"	{ t͡ʃ, k } > { {i,s}, {∅,k} } / _m","Syntax Error: Cannot have nested brackets of the same type     |     { t͡ʃ, k } > { {i,s}, {∅,k} } / _m     |                    ^     @ Rule 1, Line 1"
17.12.1.1.6,248,"	kt ɡd > it id (in the north, northeast, and southwest)","Syntax Error: Expected end of line, received '('. Did you forget a '/' between the output and environment?     |     kt ɡd > it id (in the north, northeast, and southwest)     |                   ^     @ Rule 1, Line 1"
17.12.1.1.6,249,"	{t͡ʃ,k}t ɡd > t͡ʃ d͡ʒ (else)","Syntax Error: Expected end of line, received '('. Did you forget a '/' between the output and environment?     |     {t͡ʃ,k}t ɡd > t͡ʃ d͡ʒ (else)     |                           ^     @ Rule 1, Line 1"
17.12.1.1.6,250,	dt͡ʃ > t͡s (in Auvergne and some western areas),"Syntax Error: Expected end of line, received '('. Did you forget a '/' between the output and environment?     |     dt͡ʃ > t͡s (in Auvergne and some western areas)     |                ^     @ Rule 1, Line 1"
17.12.1.1.6,251,	dt͡ʃ > d͡ʒ (for some southeastern and southwestern speakers),"Syntax Error: Expected end of line, received '('. Did you forget a '/' between the output and environment?     |     dt͡ʃ > d͡ʒ (for some southeastern and southwestern speakers)     |                ^     @ Rule 1, Line 1"
17.12.1.1.6,253,	d͡z > z (else),"Syntax Error: Expected end of line, received '('. Did you forget a '/' between the output and environment?     |     d͡z > z (else)     |             ^     @ Rule 1, Line 1"
17.12.1.1.6,257,"	ɲ{d,t} > {(i)nd,ɲd,nd͡ʒ} or t(ʃ)","Syntax Error: Expected an IPA character, Primative or Matrix, but received '('     |     ɲ{d,t} > {(i)nd,ɲd,nd͡ʒ} or t(ʃ)     |               ^     @ Rule 1, Line 1"
17.12.1.1.6,267,"	pt > {ut,it} “in a few words”","Syntax Error: Unknown character “ at '0:0:13'.     |     pt > {ut,it} “in a few words”     |                  ^     @ Rule 1, Line 1"
17.12.1.1.6,273,"	t > ∅ / _# , // in the preterit of verbs","Syntax Error: Expected '_', but received '//'     |     t > ∅ / _# , // in the preterit of verbs     |                  ^^     @ Rule 1, Line 1"
17.12.1.1.7,0,"	{ ɛ, e } > { ej, je }","Syntax Error: Expected ',', but received 'j'     |     { ɛ, e } > { ej, je }     |                   ^     @ Rule 1, Line 1"
17.12.1.1.7,1,"	a > e / stressed, usually when Ḱ_","Syntax Error: Unknown character Ḱ at '0:0:31'.     |     a > e / stressed, usually when Ḱ_     |                                    ^     @ Rule 1, Line 1"
17.12.1.1.7,2,	u:[+long] > y (,"Syntax Error: Expected end of line, received '('. Did you forget a '/' between the output and environment?     |     u:[+long] > y (     |                   ^     @ Rule 1, Line 1"
17.12.1.1.7,3,"	y ( > i in most descendant͡s, with the exception of Engadine)","Syntax Error: Expected an IPA character, Primative or Matrix, but received '>'     |     y ( > i in most descendant͡s, with the exception of Engadine)     |         ^     @ Rule 1, Line 1"
17.12.1.1.7,4,	a V > e (= /ə/?) ∅ / in final syllables (,"Syntax Error: Expected end of line, received '('. Did you forget a '/' between the output and environment?     |     a V > e (= /ə/?) ∅ / in final syllables (     |             ^     @ Rule 1, Line 1"
17.12.1.1.8,4,"	{m,n,s} > ∅ / _# in polysyllables","Syntax Error: Can't have segments after the end of a word     |     {m,n,s} > ∅ / _# in polysyllables     |                    ^     @ Rule 1, Line 1"
17.12.1.1.8,7,	V > ”V / VSr_,"Syntax Error: Unknown character ” at '0:0:4'.     |     V > ”V / VSr_     |         ^     @ Rule 1, Line 1"
17.12.1.1.8,8,"	V > ”V / _(C…){i,e}V","Syntax Error: Unknown character ” at '0:0:4'.     |     V > ”V / _(C…){i,e}V     |         ^     @ Rule 1, Line 1"
17.12.1.1.8,9,	— a:[+long] > a,"Syntax Error: Unknown character — at '0:0:0'.     |     — a:[+long] > a     |     ^     @ Rule 1, Line 1"
17.12.1.1.8,10,	— (a)e > ɛ,"Syntax Error: Unknown character — at '0:0:0'.     |     — (a)e > ɛ     |     ^     @ Rule 1, Line 1"
17.12.1.1.8,11,"	— e:[+long],i,oe > e","Syntax Error: Unknown character — at '0:0:0'.     |     — e:[+long],i,oe > e     |     ^     @ Rule 1, Line 1"
17.12.1.1.8,12,"	— i:[+long] { o, o:[+long] } { u, u:[+long] } > i o u","Syntax Error: Unknown character — at '0:0:0'.     |     — i:[+long] { o, o:[+long] } { u, u:[+long] } > i o u     |     ^     @ Rule 1, Line 1"
17.12.1.1.8,13,	— a:[+long] > a,"Syntax Error: Unknown character — at '0:0:0'.     |     — a:[+long] > a     |     ^     @ Rule 1, Line 1"
17.12.1.1.8,14,"	— {{ e, e:[+long] },i,ae,oe} > e","Syntax Error: Unknown character — at '0:0:0'.     |     — {{ e, e:[+long] },i,ae,oe} > e     |     ^     @ Rule 1, Line 1"
17.12.1.1.8,15,	— i:[+long] > i,"Syntax Error: Unknown character — at '0:0:0'.     |     — i:[+long] > i     |     ^     @ Rule 1, Line 1"
17.12.1.1.8,16,"	— {{ o, o:[+long] },u} > o","Syntax Error: Unknown character — at '0:0:0'.     |     — {{ o, o:[+long] },u} > o     |     ^     @ Rule 1, Line 1"
17.12.1.1.8,17,	— a:[+long] > a,"Syntax Error: Unknown character — at '0:0:0'.     |     — a:[+long] > a     |     ^     @ Rule 1, Line 1"
17.12.1.1.8,18,"	— {{ e, e:[+long] },i,ae,oe} > e / _#","Syntax Error: Unknown character — at '0:0:0'.     |     — {{ e, e:[+long] },i,ae,oe} > e / _#     |     ^     @ Rule 1, Line 1"
17.12.1.1.8,19,	— i:[+long] > i,"Syntax Error: Unknown character — at '0:0:0'.     |     — i:[+long] > i     |     ^     @ Rule 1, Line 1"
17.12.1.1.8,20,"	— {{ o, o:[+long] },u:[+long]} > o","Syntax Error: Unknown character — at '0:0:0'.     |     — {{ o, o:[+long] },u:[+long]} > o     |     ^     @ Rule 1, Line 1"
17.12.1.1.8,21,	— u > o // V_,"Syntax Error: Unknown character — at '0:0:0'.     |     — u > o // V_     |     ^     @ Rule 1, Line 1"
17.12.1.1.8,22,	s > i / #(C…)V_#,"Syntax Error: Expected an IPA character, Primative or Matrix, but received '…'     |     s > i / #(C…)V_#     |                ^     @ Rule 1, Line 1"
17.12.1.1.8,28,"	{ k, ɡ } > { t͡ʃ, d͡ʒ } / _E","Syntax Error: Unknown grouping 'E'. Known groupings are (C)onsonant, (O)bstruent, (S)onorant, (P)losive, (F)ricative, (L)iquid, (N)asal, (G)lide, and (V)owel     |     { k, ɡ } > { t͡ʃ, d͡ʒ } / _E     |                                ^     @ Rule 1, Line 1"
17.12.1.1.8,32,"	a > ɨ _N ! _{n:[+long],mn}","Syntax Error: Expected end of line, received '_'. Did you forget a '/' between the output and environment?     |     a > ɨ _N ! _{n:[+long],mn}     |           ^     @ Rule 1, Line 1"
17.12.1.1.8,34,"	e > a / i_(C…){a,e}#","Syntax Error: Expected an IPA character, Primative or Matrix, but received '…'     |     e > a / i_(C…){a,e}#     |                 ^     @ Rule 1, Line 1"
17.12.1.1.8,39,	”el:[+long]a > e”a / _#,"Syntax Error: Unknown character ” at '0:0:0'.     |     ”el:[+long]a > e”a / _#     |     ^     @ Rule 1, Line 1"
17.12.1.1.8,46,"	{sc,st} > ʃt / _F","Syntax Error: Expected ',', but received 'c'     |     {sc,st} > ʃt / _F     |       ^     @ Rule 1, Line 1"
17.12.1.1.8,49,"	kʲ ɡʲ > t͡ʃ {j,∅} (ɡʲ","Syntax Error: Expected an IPA character, Primative or Matrix, but received '∅'     |     kʲ ɡʲ > t͡ʃ {j,∅} (ɡʲ     |                    ^     @ Rule 1, Line 1"
17.12.1.1.8,50,"	{ t͡ʃ, {j,∅}, (ɡʲ } > { ∅, is, rare) }","Syntax Error: Cannot have nested brackets of the same type     |     { t͡ʃ, {j,∅}, (ɡʲ } > { ∅, is, rare) }     |            ^     @ Rule 1, Line 1"
17.12.1.1.8,52,"	{sʲ,stʲ,s:[+long]j} > ʃ","Syntax Error: Expected ',', but received 't'     |     {sʲ,stʲ,s:[+long]j} > ʃ     |          ^     @ Rule 1, Line 1"
17.12.1.1.8,55,	dʲ > ʒ / _B,"Syntax Error: Unknown grouping 'B'. Known groupings are (C)onsonant, (O)bstruent, (S)onorant, (P)losive, (F)ricative, (L)iquid, (N)asal, (G)lide, and (V)owel     |     dʲ > ʒ / _B     |               ^     @ Rule 1, Line 1"
17.12.1.1.8,62,	a > e / C:[+palatal]_#,"Syntax Error: Unknown feature 'palatal' at 0:11-19. Did you mean latrl?      |     a > e / C:[+palatal]_#     |                ^^^^^^^^     @ Rule 1, Line 1"
17.12.1.1.8,64,	e > ə / …P_(C…)V# // V = i,"Syntax Error: Expected an IPA character, Primative or Matrix, but received '…'     |     e > ə / …P_(C…)V# // V = i     |                  ^     @ Rule 1, Line 1"
17.12.1.1.8,67,"	u > ∅ / ,V}_# // {OL","Syntax Error: Expected '_', but received ','     |     u > ∅ / ,V}_# // {OL     |             ^     @ Rule 1, Line 1"
17.12.1.1.8,68,	a > a / #(C…)V…C:[+palatal]_…,"Syntax Error: Unknown feature 'palatal' at 0:18-26. Did you mean latrl?      |     a > a / #(C…)V…C:[+palatal]_…     |                       ^^^^^^^^     @ Rule 1, Line 1"
17.12.1.1.8,69,"	{ a, o } > { ə, u } / #(C…)V…_…","Syntax Error: Expected an IPA character, Primative or Matrix, but received '…'     |     { a, o } > { ə, u } / #(C…)V…_…     |                              ^     @ Rule 1, Line 1"
17.12.1.1.8,70,	e > i / #(C…)V…_n…,"Syntax Error: Expected an IPA character, Primative or Matrix, but received '…'     |     e > i / #(C…)V…_n…     |                ^     @ Rule 1, Line 1"
17.12.1.1.8,71,"	e > ə / #(C…)V…{t,d,n}_…","Syntax Error: Expected an IPA character, Primative or Matrix, but received '…'     |     e > ə / #(C…)V…{t,d,n}_…     |                ^     @ Rule 1, Line 1"
17.12.1.1.8,72,	e > ə / P_(C…)B,"Syntax Error: Expected an IPA character, Primative or Matrix, but received '…'     |     e > ə / P_(C…)B     |                 ^     @ Rule 1, Line 1"
17.12.1.1.8,76,	a > ə #C(C…)_…”U,"Syntax Error: Unknown character ” at '0:0:14'.     |     a > ə #C(C…)_…”U     |                   ^     @ Rule 1, Line 1"
17.12.1.1.8,78,	Ci > Cʲ / _# // …R_#,"Syntax Error: Expected end of line, received 'ʲ'. Did you forget a '/' between the output and environment?     |     Ci > Cʲ / _# // …R_#     |           ^     @ Rule 1, Line 1"
17.12.1.1.9,5,"	{ au, ai } > { o, e }","Syntax Error: Expected ',', but received 'u'     |     { au, ai } > { o, e }     |        ^     @ Rule 1, Line 1"
17.12.1.1.9,8,	∅ > i / _s (:[m]ainly Logudorese),"Syntax Error: Feature 'm' has no modifier at 0:14-15.     |     ∅ > i / _s (:[m]ainly Logudorese)     |                   ^     @ Rule 1, Line 1"
17.12.1.1.9,9,"	{ nd, {l:[+long],ld} } > { ɳɖ, ɖ:[+long] } / V_V","Syntax Error: Cannot have nested brackets of the same type     |     { nd, {l:[+long],ld} } > { ɳɖ, ɖ:[+long] } / V_V     |           ^     @ Rule 1, Line 1"
17.12.1.1.9,17,"	{ kʷ, ɡʷ } > { p:[+long], b:[+long] } / #_ (:[o]nly Logudorese)","Syntax Error: Feature 'o' has no modifier at 0:46-47.     |     { kʷ, ɡʷ } > { p:[+long], b:[+long] } / #_ (:[o]nly Logudorese)     |                                                   ^     @ Rule 1, Line 1"
17.12.1.1.9,24,"	l:[+long] > {t͡s,d͡z,ld͡z,d͡ʒ,l:[+long]} (“varies”)","Syntax Error: Unknown character “ at '0:0:42'.     |     l:[+long] > {t͡s,d͡z,ld͡z,d͡ʒ,l:[+long]} (“varies”)     |                                               ^     @ Rule 1, Line 1"
17.12.1.1.9,30,"	{ n{i,j}, t{i,j} } > { nd͡ʒ, t͡s } / _V","Syntax Error: Cannot have nested brackets of the same type     |     { n{i,j}, t{i,j} } > { nd͡ʒ, t͡s } / _V     |        ^     @ Rule 1, Line 1"
17.12.1.1.9,31,	d > r / V_V (:[s]ome Campidanese),"Syntax Error: Feature 's' has no modifier at 0:15-16.     |     d > r / V_V (:[s]ome Campidanese)     |                    ^     @ Rule 1, Line 1"
17.12.1.1.9,32,"	{ b, d, ɡ } > { β, ð, ɣ } / except in Nuorese","Syntax Error: Expected '_', but received ''     |     { b, d, ɡ } > { β, ð, ɣ } / except in Nuorese     |                                                  ^     @ Rule 1, Line 1"
17.12.1.1.9,34,	r > ur:[+long] / #_e / Logudorese,"Syntax Error: Expected end of line, received '/'. Did you forget a '/' between the output and environment?     |     r > ur:[+long] / #_e / Logudorese     |                          ^     @ Rule 1, Line 1"
17.12.1.1.9,35,	r > ar:[+long] / #_ʲB / Logudorese,"Syntax Error: Expected end of line, received 'ʲ'. Did you forget a '/' between the output and environment?     |     r > ar:[+long] / #_ʲB / Logudorese     |                        ^     @ Rule 1, Line 1"
17.12.1.1.10,1,"	{ {tʲ,kʲ}, {t:[+long]j,k:[+long]j,ptʲ,ktʲ,skʲ} } > { t͡s, t:[+long]s }","Syntax Error: Cannot have nested brackets of the same type     |     { {tʲ,kʲ}, {t:[+long]j,k:[+long]j,ptʲ,ktʲ,skʲ} } > { t͡s, t:[+long]s }     |       ^     @ Rule 1, Line 1"
17.12.1.1.10,11,"	{ pt, {ɾs,ps} } > { t:[+long], s:[+long] }","Syntax Error: Cannot have nested brackets of the same type     |     { pt, {ɾs,ps} } > { t:[+long], s:[+long] }     |           ^     @ Rule 1, Line 1"
17.12.1.1.10,12,	ns > s (with a few exceptions),"Syntax Error: Expected end of line, received '('. Did you forget a '/' between the output and environment?     |     ns > s (with a few exceptions)     |            ^     @ Rule 1, Line 1"
17.12.1.1.10,13,"	{ mb, mn } > { m:[+long], n:[+long] }","Syntax Error: Expected ',', but received 'b'     |     { mb, mn } > { m:[+long], n:[+long] }     |        ^     @ Rule 1, Line 1"
17.12.1.1.10,14,"	{ {jl,lʲ}, {jn,nʲ}, {jɡ,ɡʲ} } > { ʎ, ɲ, ʝ:[+long] }","Syntax Error: Cannot have nested brackets of the same type     |     { {jl,lʲ}, {jn,nʲ}, {jɡ,ɡʲ} } > { ʎ, ɲ, ʝ:[+long] }     |       ^     @ Rule 1, Line 1"
17.12.1.1.10,15,	bʲ > ʝ:[+long] (sporadic),"Syntax Error: Expected end of line, received '('. Did you forget a '/' between the output and environment?     |     bʲ > ʝ:[+long] (sporadic)     |                    ^     @ Rule 1, Line 1"
17.12.1.1.10,16,"	Raising of e {ɛ,a} ɔ o > i e o u; near j, in particular environment͡s:","Syntax Error: Malformed Comment: Expected ';;', but received '; ' at 0:0:33     |     Raising of e {ɛ,a} ɔ o > i e o u; near j, in particular environment͡s:     |                                      ^     @ Rule 1, Line 1"
17.12.1.1.10,17,	— e > i / _Cj // C = p,"Syntax Error: Unknown character — at '0:0:0'.     |     — e > i / _Cj // C = p     |     ^     @ Rule 1, Line 1"
17.12.1.1.10,18,"	— ɛ ɔ u > e o u / :{ _Cj, _j }:","Syntax Error: Unknown character — at '0:0:0'.     |     — ɛ ɔ u > e o u / :{ _Cj, _j }:     |     ^     @ Rule 1, Line 1"
17.12.1.1.10,19,	— a > e / _j,"Syntax Error: Unknown character — at '0:0:0'.     |     — a > e / _j     |     ^     @ Rule 1, Line 1"
17.12.1.1.10,20,	oj > we (sporadic),"Syntax Error: Expected end of line, received '('. Did you forget a '/' between the output and environment?     |     oj > we (sporadic)     |             ^     @ Rule 1, Line 1"
17.12.1.1.10,21,"	{ ɛ, ɔ } > { je, we }","Syntax Error: Expected ',', but received 'e'     |     { ɛ, ɔ } > { je, we }     |                   ^     @ Rule 1, Line 1"
17.12.1.1.10,22,"	{ ”je.o, ”je.a } > { {”i.o,”jo}, ”i.a }","Syntax Error: Unknown character ” at '0:0:2'.     |     { ”je.o, ”je.a } > { {”i.o,”jo}, ”i.a }     |       ^     @ Rule 1, Line 1"
17.12.1.1.10,23,"	{ jt, js } > { t͡ʃ, ʃ }","Syntax Error: Expected ',', but received 't'     |     { jt, js } > { t͡ʃ, ʃ }     |        ^     @ Rule 1, Line 1"
17.12.1.1.10,24,"	f > h / ,L} // _{ue","Syntax Error: Expected '_', but received ','     |     f > h / ,L} // _{ue     |             ^     @ Rule 1, Line 1"
17.12.1.1.10,25,"	{ ɾʲ, pʲ } > { jɾ, jp } / V_","Syntax Error: Expected ',', but received 'ɾ'     |     { ɾʲ, pʲ } > { jɾ, jp } / V_     |                     ^     @ Rule 1, Line 1"
17.12.1.1.10,27,"	ʝ > {∅,ʒ} (the latter is rare)","Syntax Error: Expected an IPA character, Primative or Matrix, but received '∅'     |     ʝ > {∅,ʒ} (the latter is rare)     |          ^     @ Rule 1, Line 1"
17.12.1.1.10,28,	ʝ:[+long] > ∅ / E_,"Syntax Error: Unknown grouping 'E'. Known groupings are (C)onsonant, (O)bstruent, (S)onorant, (P)losive, (F)ricative, (L)iquid, (N)asal, (G)lide, and (V)owel     |     ʝ:[+long] > ∅ / E_     |                     ^     @ Rule 1, Line 1"
17.12.1.1.10,32,"	{ p:[+long], t:[+long], k:[+long], s:[+long], t:[+long]s, ʝ:[+long] } > { p, t, k, s, t͡s, ʝ }","Syntax Error: Expected ',', but received 's'     |     { p:[+long], t:[+long], k:[+long], s:[+long], t:[+long]s, ʝ:[+long] } > { p, t, k, s, t͡s, ʝ }     |                                                            ^     @ Rule 1, Line 1"
17.12.1.1.10,33,"	{ n:[+long], l:[+long], ɾɾ } > { ɲ, ʎ, r }","Syntax Error: Expected ',', but received 'ɾ'     |     { n:[+long], l:[+long], ɾɾ } > { ɲ, ʎ, r }     |                              ^     @ Rule 1, Line 1"
17.12.1.1.10,34,"	{ kl, pl } > { ʎ, {ʎ,t͡ʃ} }","Syntax Error: Cannot have nested brackets of the same type     |     { kl, pl } > { ʎ, {ʎ,t͡ʃ} }     |                       ^     @ Rule 1, Line 1"
17.12.1.1.10,35,	fl > ʎ (sporadic),"Syntax Error: Expected end of line, received '('. Did you forget a '/' between the output and environment?     |     fl > ʎ (sporadic)     |            ^     @ Rule 1, Line 1"
17.12.1.1.10,36,	V > ∅ / unstressed // V = a,"Syntax Error: Expected '_', but received '//'     |     V > ∅ / unstressed // V = a     |                        ^^     @ Rule 1, Line 1"
17.12.1.1.10,42,	— t > ∅ / _m,"Syntax Error: Unknown character — at '0:0:0'.     |     — t > ∅ / _m     |     ^     @ Rule 1, Line 1"
17.12.1.1.10,43,	— d > ∅ / _n (,"Syntax Error: Unknown character — at '0:0:0'.     |     — d > ∅ / _n (     |     ^     @ Rule 1, Line 1"
17.12.1.1.10,44,"	{ —, mn } > { ɲ, (sometimes) }","Syntax Error: Unknown character — at '0:0:2'.     |     { —, mn } > { ɲ, (sometimes) }     |       ^     @ Rule 1, Line 1"
17.12.1.1.10,45,	— t͡st d͡zd > t͡s d͡z,"Syntax Error: Unknown character — at '0:0:0'.     |     — t͡st d͡zd > t͡s d͡z     |     ^     @ Rule 1, Line 1"
17.12.1.1.10,46,"	— Vd͡z > ∅ / {nt͡s,nd͡z,rd͡z_","Syntax Error: Unknown character — at '0:0:0'.     |     — Vd͡z > ∅ / {nt͡s,nd͡z,rd͡z_     |     ^     @ Rule 1, Line 1"
17.12.1.1.10,47,	— nd͡zVɡ > nɡ,"Syntax Error: Unknown character — at '0:0:0'.     |     — nd͡zVɡ > nɡ     |     ^     @ Rule 1, Line 1"
17.12.1.1.10,48,	— mpVt skVp spVt stVk > nt sp st sk,"Syntax Error: Unknown character — at '0:0:0'.     |     — mpVt skVp spVt stVk > nt sp st sk     |     ^     @ Rule 1, Line 1"
17.12.1.1.10,49,"	— n > l, ɾ / _m","Syntax Error: Unknown character — at '0:0:0'.     |     — n > l, ɾ / _m     |     ^     @ Rule 1, Line 1"
17.12.1.1.10,50,"	— n > ɾ, l / nɡ_","Syntax Error: Unknown character — at '0:0:0'.     |     — n > ɾ, l / nɡ_     |     ^     @ Rule 1, Line 1"
17.12.1.1.10,51,	— n > ɾ / nd_,"Syntax Error: Unknown character — at '0:0:0'.     |     — n > ɾ / nd_     |     ^     @ Rule 1, Line 1"
17.12.1.1.10,52,	— dn dl > nd ld,"Syntax Error: Unknown character — at '0:0:0'.     |     — dn dl > nd ld     |     ^     @ Rule 1, Line 1"
17.12.1.1.10,53,"	{ —, ml, nɾ } > { lm, ɾn, (sometimes) }","Syntax Error: Unknown character — at '0:0:2'.     |     { —, ml, nɾ } > { lm, ɾn, (sometimes) }     |       ^     @ Rule 1, Line 1"
17.12.1.1.10,54,	— βɣ > wɣ,"Syntax Error: Unknown character — at '0:0:0'.     |     — βɣ > wɣ     |     ^     @ Rule 1, Line 1"
17.12.1.1.10,56,	— ∅ > b / m_ɾ,"Syntax Error: Unknown character — at '0:0:0'.     |     — ∅ > b / m_ɾ     |     ^     @ Rule 1, Line 1"
17.12.1.1.10,57,	— mn ml > mbɾ mbl,"Syntax Error: Unknown character — at '0:0:0'.     |     — mn ml > mbɾ mbl     |     ^     @ Rule 1, Line 1"
17.12.1.1.10,58,	— ∅ > d / n_ɾ,"Syntax Error: Unknown character — at '0:0:0'.     |     — ∅ > d / n_ɾ     |     ^     @ Rule 1, Line 1"
17.12.1.1.10,60,"	/b/ [b], /β/ [b~β] > /b/ [b~β]","Syntax Error: Feature 'b' has no modifier at 0:5-6.     |     /b/ [b], /β/ [b~β] > /b/ [b~β]     |          ^     @ Rule 1, Line 1"
17.12.1.1.10,62,	l > u / _C (,"Syntax Error: Expected an IPA character, Primative or Matrix, but received ''     |     l > u / _C (     |                 ^     @ Rule 1, Line 1"
17.12.1.1.10,66,	h > ∅ “(just a reminder: from the f,"Syntax Error: Unknown character “ at '0:0:6'.     |     h > ∅ “(just a reminder: from the f     |           ^     @ Rule 1, Line 1"
17.12.1.1.10,67,	∅ “(just a reminder: from the f > h change above)”,"Syntax Error: Unknown character “ at '0:0:2'.     |     ∅ “(just a reminder: from the f > h change above)”     |       ^     @ Rule 1, Line 1"
17.12.1.1.10,69,	/dɾ/ [ðɾ] > ɾ / V_V,"Syntax Error: Unknown character ð at '0:0:6'.     |     /dɾ/ [ðɾ] > ɾ / V_V     |           ^     @ Rule 1, Line 1"
17.12.1.1.10,70,	ʎ > /ʝ/ (“merged with”),"Syntax Error: Unknown character “ at '0:0:9'.     |     ʎ > /ʝ/ (“merged with”)     |              ^     @ Rule 1, Line 1"
17.12.1.1.10,72,	/ʝ/ [ʝ~d͡ʒ] > :[ʒ~d͡ʒ],"Syntax Error: Unknown character ʝ at '0:0:5'.     |     /ʝ/ [ʝ~d͡ʒ] > :[ʒ~d͡ʒ]     |          ^     @ Rule 1, Line 1"
17.12.1.1.10,74,"	{s̪,s} > /s/ [s̪] “(merged as)”","Syntax Error: Feature 's' has no modifier at 0:14-15.     |     {s̪,s} > /s/ [s̪] “(merged as)”     |                   ^     @ Rule 1, Line 1"
17.12.1.1.10,76,"	{s̪,s} > h “(in all environment͡s)”","Syntax Error: Unknown character “ at '0:0:11'.     |     {s̪,s} > h “(in all environment͡s)”     |                ^     @ Rule 1, Line 1"
17.12.1.1.10,78,"	{s̪,s} > θ:[θ] “(merged as)”","Syntax Error: Expected ASCII character, but received ']' at 0:0:13.     |     {s̪,s} > θ:[θ] “(merged as)”     |                  ^     @ Rule 1, Line 1"
17.12.2,1,"	{ ḱ, ɡ́, kʷ, ɡʷ } > { k, ɡ, p, b }","Syntax Error: Unknown character ḱ at '0:0:2'.     |     { ḱ, ɡ́, kʷ, ɡʷ } > { k, ɡ, p, b }     |       ^     @ Rule 1, Line 1"
17.12.2,2,"	{ {ɡ́ʰ,x}, {ɸ,θ,ɡʷʰ} } > { h, f }","Syntax Error: Cannot have nested brackets of the same type     |     { {ɡ́ʰ,x}, {ɸ,θ,ɡʷʰ} } > { h, f }     |       ^     @ Rule 1, Line 1"
17.13,0,"	Ḱ > [+ cons, - fr, + bk, + hi, - lo]","Syntax Error: Unknown character Ḱ at '0:0:0'.     |     Ḱ > [+ cons, - fr, + bk, + hi, - lo]     |     ^     @ Rule 1, Line 1"
17.13,3,	d͡z > ∅ / B_,"Syntax Error: Unknown grouping 'B'. Known groupings are (C)onsonant, (O)bstruent, (S)onorant, (P)losive, (F)ricative, (L)iquid, (N)asal, (G)lide, and (V)owel     |     d͡z > ∅ / B_     |               ^     @ Rule 1, Line 1"
17.13,5,"	[+ cons, - fr, + bk, + hi, - lo]ʷ > [+ cons, - fr, + bk, + hi, - lo] / :{ _C, _o, _a }: // C = syllabic","Syntax Error: Expected '>', '->' or '=>', but received 'ʷ'     |     [+ cons, - fr, + bk, + hi, - lo]ʷ > [+ cons, - fr, + bk, + hi, - lo] / :{ _C, _o, _a }: // C = syllabic     |                                     ^     @ Rule 1, Line 1"
17.13,6,"	[+ cons, - fr, + bk, + hi, - lo]ʷ > ɕ / _{ e, e:[+long] }","Syntax Error: Expected '>', '->' or '=>', but received 'ʷ'     |     [+ cons, - fr, + bk, + hi, - lo]ʷ > ɕ / _{ e, e:[+long] }     |                                     ^     @ Rule 1, Line 1"
17.13,7,"	[+ cons, - fr, + bk, + hi, - lo]ʷy > ɕ","Syntax Error: Expected '>', '->' or '=>', but received 'ʷ'     |     [+ cons, - fr, + bk, + hi, - lo]ʷy > ɕ     |                                     ^     @ Rule 1, Line 1"
17.13,8,"	p {t͡s,kʷ} m n l r y > pʲ sʲ ʂ mʲ ɲ lʲ rʲ wj / :{ _(:), _y }:","Syntax Error: Expected an IPA character, Primative or Matrix, but received ':'     |     p {t͡s,kʷ} m n l r y > pʲ sʲ ʂ mʲ ɲ lʲ rʲ wj / :{ _(:), _y }:     |                                                         ^     @ Rule 1, Line 1"
17.13,9,"	{t,dʱ} > tʲ / _{ E, E:[+long] }","Syntax Error: Unknown grouping 'E'. Known groupings are (C)onsonant, (O)bstruent, (S)onorant, (P)losive, (F)ricative, (L)iquid, (N)asal, (G)lide, and (V)owel     |     {t,dʱ} > tʲ / _{ E, E:[+long] }     |                      ^     @ Rule 1, Line 1"
17.13,11,	D(ʱ) > T,"Syntax Error: Unknown grouping 'D'. Known groupings are (C)onsonant, (O)bstruent, (S)onorant, (P)losive, (F)ricative, (L)iquid, (N)asal, (G)lide, and (V)owel     |     D(ʱ) > T     |     ^     @ Rule 1, Line 1"
17.13,14,"	{ R, H } > { uR, ɨ } / :{ C_Cwhen syllabic, C_#when syllabic }:","Syntax Error: Unknown grouping 'R'. Known groupings are (C)onsonant, (O)bstruent, (S)onorant, (P)losive, (F)ricative, (L)iquid, (N)asal, (G)lide, and (V)owel     |     { R, H } > { uR, ɨ } / :{ C_Cwhen syllabic, C_#when syllabic }:     |       ^     @ Rule 1, Line 1"
17.13,15,"	{ R, Hn̩ } > { ɛR, ɨn } / #_C","Syntax Error: Unknown grouping 'R'. Known groupings are (C)onsonant, (O)bstruent, (S)onorant, (P)losive, (F)ricative, (L)iquid, (N)asal, (G)lide, and (V)owel     |     { R, Hn̩ } > { ɛR, ɨn } / #_C     |       ^     @ Rule 1, Line 1"
17.13,16,"	H > ɛ / _R, when = syllabic","Syntax Error: Unknown grouping 'H'. Known groupings are (C)onsonant, (O)bstruent, (S)onorant, (P)losive, (F)ricative, (L)iquid, (N)asal, (G)lide, and (V)owel     |     H > ɛ / _R, when = syllabic     |     ^     @ Rule 1, Line 1"
17.13,17,	H > ∅ / V_V,"Syntax Error: Unknown grouping 'H'. Known groupings are (C)onsonant, (O)bstruent, (S)onorant, (P)losive, (F)ricative, (L)iquid, (N)asal, (G)lide, and (V)owel     |     H > ∅ / V_V     |     ^     @ Rule 1, Line 1"
17.13,19,"	{ he, a } > { a, ɨ }","Syntax Error: Expected ',', but received 'e'     |     { he, a } > { a, ɨ }     |        ^     @ Rule 1, Line 1"
17.13,20,"	{ {eh,aH}, a:[+long] } > { a:[+long], ɔ }","Syntax Error: Cannot have nested brackets of the same type     |     { {eh,aH}, a:[+long] } > { a:[+long], ɔ }     |       ^     @ Rule 1, Line 1"
17.13,21,"	{ he, o } > { o, ɛ }","Syntax Error: Expected ',', but received 'e'     |     { he, o } > { o, ɛ }     |        ^     @ Rule 1, Line 1"
17.13,22,"	{eh,oH} > o:[+long]","Syntax Error: Expected ',', but received 'h'     |     {eh,oH} > o:[+long]     |       ^     @ Rule 1, Line 1"
17.13,23,"	{ o:[+long](s,y), o:[+long]n } > { u, {u,õ} }","Syntax Error: Cannot have nested brackets of the same type     |     { o:[+long](s,y), o:[+long]n } > { u, {u,õ} }     |                                           ^     @ Rule 1, Line 1"
17.13,24,"	{ õ, o:[+long] } > { o, a }","Syntax Error: Unknown character õ at '0:0:2'.     |     { õ, o:[+long] } > { o, a }     |       ^     @ Rule 1, Line 1"
17.13,29,"	i > ə / :{ P_, [+ cons, - fr, + bk, + hi, - lo]ʷ_, s_ }:","Syntax Error: Expected '_', but received 'ʷ'     |     i > ə / :{ P_, [+ cons, - fr, + bk, + hi, - lo]ʷ_, s_ }:     |                                                    ^     @ Rule 1, Line 1"
17.13,30,	Ci > Cʲə,"Syntax Error: Expected end of line, received 'ʲ'. Did you forget a '/' between the output and environment?     |     Ci > Cʲə     |           ^     @ Rule 1, Line 1"
17.13,32,"	{ ih, i{h,h} } > { jə, jɨ }","Syntax Error: Cannot have nested brackets of the same type     |     { ih, i{h,h} } > { jə, jɨ }     |            ^     @ Rule 1, Line 1"
17.13,33,"	{ (h)e, (h)e:[+long] } > { jə, jɛ:[+long] } / #_","Syntax Error: Expected an IPA character, Primative or Matrix, but received '('     |     { (h)e, (h)e:[+long] } > { jə, jɛ:[+long] } / #_     |       ^     @ Rule 1, Line 1"
17.13,34,"	{ Ce, Ce:[+long] } > { Cʲə, Cʲɛ }","Syntax Error: Expected ',', but received 'e'     |     { Ce, Ce:[+long] } > { Cʲə, Cʲɛ }     |        ^     @ Rule 1, Line 1"
17.13,35,	eH > e:[+long],"Syntax Error: Unknown grouping 'H'. Known groupings are (C)onsonant, (O)bstruent, (S)onorant, (P)losive, (F)ricative, (L)iquid, (N)asal, (G)lide, and (V)owel     |     eH > e:[+long]     |      ^     @ Rule 1, Line 1"
17.13,36,"	{ ow, aw, ew } > { ɛu, au, əw }","Syntax Error: Expected ',', but received 'w'     |     { ow, aw, ew } > { ɛu, au, əw }     |        ^     @ Rule 1, Line 1"
17.13,37,"	{ oy, ay, ey } > { ɛi, ai, əj }","Syntax Error: Expected ',', but received 'y'     |     { oy, ay, ey } > { ɛi, ai, əj }     |        ^     @ Rule 1, Line 1"
17.13,38,	ɛ > o / _$B,"Syntax Error: Unknown grouping 'B'. Known groupings are (C)onsonant, (O)bstruent, (S)onorant, (P)losive, (F)ricative, (L)iquid, (N)asal, (G)lide, and (V)owel     |     ɛ > o / _$B     |               ^     @ Rule 1, Line 1"
17.13,40,"	{ ”ɨ, ”ə, ɨ:[-stress], ə:[-stress] } > { ɨ, a, a, ə }","Syntax Error: Unknown character ” at '0:0:2'.     |     { ”ɨ, ”ə, ɨ:[-stress], ə:[-stress] } > { ɨ, a, a, ə }     |       ^     @ Rule 1, Line 1"
17.13.1,2,	Cʲj > Cʲ:[+long],"Syntax Error: Expected '>', '->' or '=>', but received 'ʲ'     |     Cʲj > Cʲ:[+long]     |      ^     @ Rule 1, Line 1"
17.13.1,3,	n > j / V_sV // E_,"Syntax Error: Unknown grouping 'E'. Known groupings are (C)onsonant, (O)bstruent, (S)onorant, (P)losive, (F)ricative, (L)iquid, (N)asal, (G)lide, and (V)owel     |     n > j / V_sV // E_     |                     ^     @ Rule 1, Line 1"
17.13.1,4,	V > j / V_nʲtʲ // V =,"Syntax Error: Expected number, but received       |     V > j / V_nʲtʲ // V =     |                          ^     @ Rule 1, Line 1"
17.13.1,6,"	{ {a,ɛ}i, əj } > { e, i }","Syntax Error: Cannot have nested brackets of the same type     |     { {a,ɛ}i, əj } > { e, i }     |       ^     @ Rule 1, Line 1"
17.13.1,7,"	{ {a,ɛ}u, əw } > { o, u }","Syntax Error: Cannot have nested brackets of the same type     |     { {a,ɛ}u, əw } > { o, u }     |       ^     @ Rule 1, Line 1"
17.13.1,9,"	V > :[+round] / [+ cons, - fr, + bk, + hi, - lo]ʷ_","Syntax Error: Unknown character : at '0:0:2'.     |     V > :[+round] / [+ cons, - fr, + bk, + hi, - lo]ʷ_     |       ^     @ Rule 1, Line 1"
17.13.2,0,"	{ {a,ɛ}u, əw } > { au, u }","Syntax Error: Cannot have nested brackets of the same type     |     { {a,ɛ}u, əw } > { au, u }     |       ^     @ Rule 1, Line 1"
17.13.2,1,"	{ {a,ɛ}i, əj } > { ai, i }","Syntax Error: Cannot have nested brackets of the same type     |     { {a,ɛ}i, əj } > { ai, i }     |       ^     @ Rule 1, Line 1"
17.13.2,7,"	∅ > t / :{ N_S, L_S }:","Runtime Error: Grouped Environments cannot (yet) be used in insertion rules     |     ∅ > t / :{ N_S, L_S }:     |             ^^^^^^^^^^^^^^     @ Rule 1, Line 1"
17.13.2,8,"	ə > ∅ / _%, when unstressed","Syntax Error: Expected '_', but received ''     |     ə > ∅ / _%, when unstressed     |                                ^     @ Rule 1, Line 1"
18.1.1,0,"	VNV > ṼṼ // :{ _C#, _# }:","Syntax Error: Unknown character Ṽ at '0:0:6'.     |     VNV > ṼṼ // :{ _C#, _# }:     |           ^     @ Rule 1, Line 1"
18.1.1,1,	ʔ > ∅ / _C:[+fricative -voiced],"Syntax Error: Unknown feature 'fricative' at 0:12-23. Did you mean rhotic?      |     ʔ > ∅ / _C:[+fricative -voiced]     |                 ^^^^^^^^^^^     @ Rule 1, Line 1"
18.1.1,2,"	ɾ > ∅ / V_V, when neither vowel is stressed","Syntax Error: Expected '_', but received ''     |     ɾ > ∅ / V_V, when neither vowel is stressed     |                                                ^     @ Rule 1, Line 1"
18.1.2,0,	V:[-stress]NV > ṼṼ,"Syntax Error: Unknown character Ṽ at '0:0:16'.     |     V:[-stress]NV > ṼṼ     |                     ^     @ Rule 1, Line 1"
18.1.2,3,	C:[+fricative -voiced] > ∅ / ʔ_,"Syntax Error: Unknown feature 'fricative' at 0:3-14. Did you mean rhotic?      |     C:[+fricative -voiced] > ∅ / ʔ_     |        ^^^^^^^^^^^     @ Rule 1, Line 1"
18.1.2,7,"	ɾ > ∅ / V_V, where at least one of the vowels is nasalized","Syntax Error: Expected '_', but received ''     |     ɾ > ∅ / V_V, where at least one of the vowels is nasalized     |                                                               ^     @ Rule 1, Line 1"
18.2.1,0,	Vm > Ṽ / _#,"Syntax Error: Unknown character Ṽ at '0:0:5'.     |     Vm > Ṽ / _#     |          ^     @ Rule 1, Line 1"
18.2.1,3,"	{ ŋʷ, {kʷ,hʷ} } > { m, p }","Syntax Error: Cannot have nested brackets of the same type     |     { ŋʷ, {kʷ,hʷ} } > { m, p }     |           ^     @ Rule 1, Line 1"
18.2.2,2,	ɲV > jṼ,"Syntax Error: Unknown character Ṽ at '0:0:6'.     |     ɲV > jṼ     |           ^     @ Rule 1, Line 1"
18.3.1,7,"	{ t͡s, (n)d͡z } > { t, nd }","Syntax Error: Expected an IPA character, Primative or Matrix, but received '('     |     { t͡s, (n)d͡z } > { t, nd }     |            ^     @ Rule 1, Line 1"
18.3.1,12,"	{ ð, nŋʷ } > { c, β } / #_V:[-nas]","Syntax Error: Expected ',', but received 'ŋ'     |     { ð, nŋʷ } > { c, β } / #_V:[-nas]     |           ^     @ Rule 1, Line 1"
18.3.1,14,"	{ j, ŋʷ, m, n } > { ɲ, m, {m,p}, {∅,t} } / _V:[+nas]","Syntax Error: Cannot have nested brackets of the same type     |     { j, ŋʷ, m, n } > { ɲ, m, {m,p}, {∅,t} } / _V:[+nas]     |                               ^     @ Rule 1, Line 1"
18.3.1,15,"	{ ⁿd, ŋ } > { t, {ɡ,k} } / _V:[-nas]","Syntax Error: Cannot have nested brackets of the same type     |     { ⁿd, ŋ } > { t, {ɡ,k} } / _V:[-nas]     |                      ^     @ Rule 1, Line 1"
18.3.1,17,"	ɨ > ∅ / ,β}e // #_{p","Syntax Error: Expected '_', but received ','     |     ɨ > ∅ / ,β}e // #_{p     |             ^     @ Rule 1, Line 1"
18.3.1,18,"	{ {a/e}, {e/a}, {ı̃,ẽ} } > { e, a, ẽ }","Syntax Error: Cannot have nested brackets of the same type     |     { {a/e}, {e/a}, {ı̃,ẽ} } > { e, a, ẽ }     |       ^     @ Rule 1, Line 1"
18.3.2,2,	k > ɡ / in :[+stress],"Syntax Error: Expected '_', but received ''     |     k > ɡ / in :[+stress]     |                          ^     @ Rule 1, Line 1"
18.3.2,4,"	{ ɡʷ, ŋɡ } > { kʷ, k } / _V:[-nas]","Syntax Error: Expected ',', but received 'ɡ'     |     { ɡʷ, ŋɡ } > { kʷ, k } / _V:[-nas]     |            ^     @ Rule 1, Line 1"
18.3.2,6,"	{ t͡s, (n)d͡z } > { {s,t͡s}, s }","Syntax Error: Cannot have nested brackets of the same type     |     { t͡s, (n)d͡z } > { {s,t͡s}, s }     |                         ^     @ Rule 1, Line 1"
18.3.2,17,"	{ {{a/e},{e/a}}, {ı̃,ẽ} } > { a, ẽ }","Syntax Error: Cannot have nested brackets of the same type     |     { {{a/e},{e/a}}, {ı̃,ẽ} } > { a, ẽ }     |       ^     @ Rule 1, Line 1"
18.3.3,1,"	{ kʷ, ɡ } > { ∅, k }","Syntax Error: Expected an IPA character, Primative or Matrix, but received '∅'     |     { kʷ, ɡ } > { ∅, k }     |                   ^     @ Rule 1, Line 1"
18.3.3,3,"	{ ɡʷ, ŋɡ } > { β, k } / _V:[-nas]","Syntax Error: Expected ',', but received 'ɡ'     |     { ɡʷ, ŋɡ } > { β, k } / _V:[-nas]     |            ^     @ Rule 1, Line 1"
18.3.3,4,"	{(n)d͡z,t͡s} > s / _i","Syntax Error: Expected an IPA character, Primative or Matrix, but received '('     |     {(n)d͡z,t͡s} > s / _i     |      ^     @ Rule 1, Line 1"
18.3.3,5,"	{(n)d͡z,t͡s} > t","Syntax Error: Expected an IPA character, Primative or Matrix, but received '('     |     {(n)d͡z,t͡s} > t     |      ^     @ Rule 1, Line 1"
18.3.3,6,"	{ β, ð } > { ∅, {s,h} } / _i","Syntax Error: Cannot have nested brackets of the same type     |     { β, ð } > { ∅, {s,h} } / _i     |                     ^     @ Rule 1, Line 1"
18.3.3,13,	{a/e} > e,"Syntax Error: Expected ',', but received '/'     |     {a/e} > e     |       ^     @ Rule 1, Line 1"
18.3.4,2,"	{ p, t } > { ∅, l } / _V","Syntax Error: Expected an IPA character, Primative or Matrix, but received '∅'     |     { p, t } > { ∅, l } / _V     |                  ^     @ Rule 1, Line 1"
18.3.4,3,	k > ɡ / in :[+stress],"Syntax Error: Expected '_', but received ''     |     k > ɡ / in :[+stress]     |                          ^     @ Rule 1, Line 1"
18.3.4,7,"	{ t͡s, (n)d͡z } > { t, nd }","Syntax Error: Expected an IPA character, Primative or Matrix, but received '('     |     { t͡s, (n)d͡z } > { t, nd }     |            ^     @ Rule 1, Line 1"
18.3.4,11,	ð > (n)d,"Syntax Error: Unknown character ( at '0:0:2'.     |     ð > (n)d     |       ^     @ Rule 1, Line 1"
18.3.4,14,"	{ {a/e}, {e/a}, {ı̃,ẽ} } > { a, e, ı̃ }","Syntax Error: Cannot have nested brackets of the same type     |     { {a/e}, {e/a}, {ı̃,ẽ} } > { a, e, ı̃ }     |       ^     @ Rule 1, Line 1"
18.4.1,1,"	t > t͡ʃ / :{ _i, _ı̃ }:","Syntax Error: Unknown character ı at '0:0:18'.     |     t > t͡ʃ / :{ _i, _ı̃ }:     |                       ^     @ Rule 1, Line 1"
18.4.1,2,"	{ k, b, r } > { {ŋ,∅}, {w,m}, {n,r,t} } / _#","Syntax Error: Cannot have nested brackets of the same type     |     { k, b, r } > { {ŋ,∅}, {w,m}, {n,r,t} } / _#     |                     ^     @ Rule 1, Line 1"
18.4.1,6,	o > a // o(C…)_(C…)#,"Syntax Error: Expected an IPA character, Primative or Matrix, but received '…'     |     o > a // o(C…)_(C…)#     |                 ^     @ Rule 1, Line 1"
18.4.1,9,	ã > a / Cw_,"Syntax Error: Unknown character ã at '0:0:0'.     |     ã > a / Cw_     |     ^     @ Rule 1, Line 1"
18.4.1,10,	ã > õ,"Syntax Error: Unknown character ã at '0:0:0'.     |     ã > õ     |     ^     @ Rule 1, Line 1"
18.4.1,11,"	{ {ẽ,ı̃}, ɨ̃, {u,ũ,õ} } > { i, ɨ, o }","Syntax Error: Cannot have nested brackets of the same type     |     { {ẽ,ı̃}, ɨ̃, {u,ũ,õ} } > { i, ɨ, o }     |       ^     @ Rule 1, Line 1"
18.4.2,1,"	t > t͡ʃ / :{ _i, _ı̃ }:","Syntax Error: Unknown character ı at '0:0:18'.     |     t > t͡ʃ / :{ _i, _ı̃ }:     |                       ^     @ Rule 1, Line 1"
18.4.2,2,"	{ ʔ, t͡s, ŋ } > { ∅, {t͡s,t͡ʃ}, n }","Syntax Error: Cannot have nested brackets of the same type     |     { ʔ, t͡s, ŋ } > { ∅, {t͡s,t͡ʃ}, n }     |                          ^     @ Rule 1, Line 1"
18.4.2,3,"	∅ > i / j_#, in monosyllables","Syntax Error: Expected '_', but received ''     |     ∅ > i / j_#, in monosyllables     |                                  ^     @ Rule 1, Line 1"
18.4.2,4,"	j > i / _#, in polysyllables","Syntax Error: Expected '_', but received ''     |     j > i / _#, in polysyllables     |                                 ^     @ Rule 1, Line 1"
18.4.2,12,	o > u(a) // o(C…)_(C…)#,"Syntax Error: Expected end of line, received '('. Did you forget a '/' between the output and environment?     |     o > u(a) // o(C…)_(C…)#     |          ^     @ Rule 1, Line 1"
18.4.2,13,"	{ ã, {ẽ,ı̃}, ɨ̃ } > { a, i, ∅ }","Syntax Error: Unknown character ã at '0:0:2'.     |     { ã, {ẽ,ı̃}, ɨ̃ } > { a, i, ∅ }     |       ^     @ Rule 1, Line 1"
18.4.2,14,	u > ũ (? possibly backwards?),"Syntax Error: Unknown character ũ at '0:0:4'.     |     u > ũ (? possibly backwards?)     |         ^     @ Rule 1, Line 1"
18.4.2,15,"	{ iʔ, uʔ } > { j, w } / C_V","Syntax Error: Expected ',', but received 'ʔ'     |     { iʔ, uʔ } > { j, w } / C_V     |        ^     @ Rule 1, Line 1"
18.4.3,0,"	t > t͡s / :{ _i, _ı̃ }:","Syntax Error: Unknown character ı at '0:0:18'.     |     t > t͡s / :{ _i, _ı̃ }:     |                       ^     @ Rule 1, Line 1"
18.4.3,6,	a > ə / if N in #,"Syntax Error: Can't have segments before the beginning of a word     |     a > ə / if N in #     |                     ^     @ Rule 1, Line 1"
18.4.3,7,	o > u // o(C…)_(C…)#,"Syntax Error: Expected an IPA character, Primative or Matrix, but received '…'     |     o > u // o(C…)_(C…)#     |                 ^     @ Rule 1, Line 1"
18.4.3,8,"	{ ã, ẽ, ı̃, ɨ̃, {õ,ũ} } > { ə, e, i, ɨ, o }","Syntax Error: Unknown character ã at '0:0:2'.     |     { ã, ẽ, ı̃, ɨ̃, {õ,ũ} } > { ə, e, i, ɨ, o }     |       ^     @ Rule 1, Line 1"
18.4.4,1,"	t > t͡ʃ / :{ _i, _ı̃ }:","Syntax Error: Unknown character ı at '0:0:18'.     |     t > t͡ʃ / :{ _i, _ı̃ }:     |                       ^     @ Rule 1, Line 1"
18.4.5,1,"	t > t͡ʃ / :{ _i, _ı̃ }:","Syntax Error: Unknown character ı at '0:0:18'.     |     t > t͡ʃ / :{ _i, _ı̃ }:     |                       ^     @ Rule 1, Line 1"
18.4.5,2,"	{ {b,k}, r } > { ∅, {r,∅} } / _#","Syntax Error: Cannot have nested brackets of the same type     |     { {b,k}, r } > { ∅, {r,∅} } / _#     |       ^     @ Rule 1, Line 1"
18.4.5,3,"	{ ʔ, t͡s } > { {ʔ,∅}, {t͡s,t͡ʃ} }","Syntax Error: Cannot have nested brackets of the same type     |     { ʔ, t͡s } > { {ʔ,∅}, {t͡s,t͡ʃ} }     |                    ^     @ Rule 1, Line 1"
18.4.5,4,"	{ {Vm,Vŋ}, Vn } > { V:[+nas], {Vr,V:[+nas]} } / _#","Syntax Error: Cannot have nested brackets of the same type     |     { {Vm,Vŋ}, Vn } > { V:[+nas], {Vr,V:[+nas]} } / _#     |       ^     @ Rule 1, Line 1"
18.4.5,5,"	{ aN, eN, iN, ɨN, uN } > { ã, ẽ, ı̃, ɨ̃, ũ } / _#","Syntax Error: Unknown character ã at '0:0:27'.     |     { aN, eN, iN, ɨN, uN } > { ã, ẽ, ı̃, ɨ̃, ũ } / _#     |                                ^     @ Rule 1, Line 1"
18.4.5,6,	õ > o,"Syntax Error: Unknown character õ at '0:0:0'.     |     õ > o     |     ^     @ Rule 1, Line 1"
18.4.6,1,"	t > t͡ʃ / :{ _i, _ı̃ }:","Syntax Error: Unknown character ı at '0:0:18'.     |     t > t͡ʃ / :{ _i, _ı̃ }:     |                       ^     @ Rule 1, Line 1"
18.4.6,5,	ã > a / Cw_,"Syntax Error: Unknown character ã at '0:0:0'.     |     ã > a / Cw_     |     ^     @ Rule 1, Line 1"
18.4.6,6,	u > õ (? possibly backwards?),"Syntax Error: Unknown character õ at '0:0:4'.     |     u > õ (? possibly backwards?)     |         ^     @ Rule 1, Line 1"
18.4.7,2,	Vn > V:[+nas] (sometimes),"Syntax Error: Expected end of line, received '('. Did you forget a '/' between the output and environment?     |     Vn > V:[+nas] (sometimes)     |                   ^     @ Rule 1, Line 1"
18.4.7,3,"	∅ > ŋ / :{ #_w, V_w }:","Runtime Error: Grouped Environments cannot (yet) be used in insertion rules     |     ∅ > ŋ / :{ #_w, V_w }:     |             ^^^^^^^^^^^^^^     @ Rule 1, Line 1"
18.4.7,4,"	{ b, r } > { {b,∅}, {r,t} } / _#","Syntax Error: Cannot have nested brackets of the same type     |     { b, r } > { {b,∅}, {r,t} } / _#     |                  ^     @ Rule 1, Line 1"
18.4.7,6,	eN > ı̃ / _#,"Syntax Error: Unknown character ı at '0:0:5'.     |     eN > ı̃ / _#     |          ^     @ Rule 1, Line 1"
18.4.7,7,"	{ ẽ, ı̃, ũ } > { {ẽ,e}, {ı̃,i}, {ũ,õ} }","Syntax Error: Unknown character ẽ at '0:0:2'.     |     { ẽ, ı̃, ũ } > { {ẽ,e}, {ı̃,i}, {ũ,õ} }     |       ^     @ Rule 1, Line 1"
18.4.8,3,"	t > t͡s, t͡ʃ / :{ _i, _ı̃ }:","Syntax Error: Unknown character ı at '0:0:23'.     |     t > t͡s, t͡ʃ / :{ _i, _ı̃ }:     |                            ^     @ Rule 1, Line 1"
18.4.8,5,"	{ ʔ, t͡s } > { ∅, {s,ʃ} }","Syntax Error: Cannot have nested brackets of the same type     |     { ʔ, t͡s } > { ∅, {s,ʃ} }     |                       ^     @ Rule 1, Line 1"
18.4.8,14,"	{ o, u } > { {u,o}, {u,o,i} }","Syntax Error: Cannot have nested brackets of the same type     |     { o, u } > { {u,o}, {u,o,i} }     |                  ^     @ Rule 1, Line 1"
18.4.8,15,"	{ aN, eN, iN, ɨN, uN } > { ã, ẽ, ı̃, {ɨ̃,ĩ}, õ } / _#","Syntax Error: Unknown character ã at '0:0:27'.     |     { aN, eN, iN, ɨN, uN } > { ã, ẽ, ı̃, {ɨ̃,ĩ}, õ } / _#     |                                ^     @ Rule 1, Line 1"
18.4.8,16,"	{ {ɨ̃,õ}, ũ } > { {õ,ẽ}, õ }","Syntax Error: Cannot have nested brackets of the same type     |     { {ɨ̃,õ}, ũ } > { {õ,ẽ}, õ }     |       ^     @ Rule 1, Line 1"
18.4.9,0,"	t > t͡ʃ / :{ _i, _ı̃ }:","Syntax Error: Unknown character ı at '0:0:18'.     |     t > t͡ʃ / :{ _i, _ı̃ }:     |                       ^     @ Rule 1, Line 1"
18.4.9,2,	i > ı̃ / ʔ_# (sporadic),"Syntax Error: Unknown character ı at '0:0:4'.     |     i > ı̃ / ʔ_# (sporadic)     |         ^     @ Rule 1, Line 1"
18.4.9.1.1,1,"	h > ∅ / V_ (sporadic, likely an areal feature)","Syntax Error: Expected ':', but received 'l'     |     h > ∅ / V_ (sporadic, likely an areal feature)     |                           ^     @ Rule 1, Line 1"
18.4.9.1.2,0,	V > Ṽ / _h,"Syntax Error: Unknown character Ṽ at '0:0:4'.     |     V > Ṽ / _h     |         ^     @ Rule 1, Line 1"
18.4.9.1.5,3,"	ʃ > t͡ʃ (sporadic, areal feature from Gavião influence)","Syntax Error: Unknown character ã at '0:0:42'.     |     ʃ > t͡ʃ (sporadic, areal feature from Gavião influence)     |                                               ^     @ Rule 1, Line 1"
18.4.10,0,"	{ p, k } > { k, ∅ } / _w","Syntax Error: Expected an IPA character, Primative or Matrix, but received '∅'     |     { p, k } > { k, ∅ } / _w     |                     ^     @ Rule 1, Line 1"
18.4.10,1,"	t > ʃ / :{ _i, _ı̃ }:","Syntax Error: Unknown character ı at '0:0:16'.     |     t > ʃ / :{ _i, _ı̃ }:     |                     ^     @ Rule 1, Line 1"
18.4.10,5,	Vn > V:[+nas] / _# (,"Syntax Error: Expected an IPA character, Primative or Matrix, but received ''     |     Vn > V:[+nas] / _# (     |                         ^     @ Rule 1, Line 1"
18.4.10,7,"	{ j, b } > { {j,i}, ∅ } / _#","Syntax Error: Cannot have nested brackets of the same type     |     { j, b } > { {j,i}, ∅ } / _#     |                  ^     @ Rule 1, Line 1"
18.4.10,10,	u > o // o(C…)_(C…)#,"Syntax Error: Expected an IPA character, Primative or Matrix, but received '…'     |     u > o // o(C…)_(C…)#     |                 ^     @ Rule 1, Line 1"
18.4.10,11,"	{ aN, iN, uN } > { {aN,ã}, ı̃, {uN,ũ} } / _#","Syntax Error: Cannot have nested brackets of the same type     |     { aN, iN, uN } > { {aN,ã}, ı̃, {uN,ũ} } / _#     |                        ^     @ Rule 1, Line 1"
18.4.10,12,"	{ ɨ̃, ẽ, õ } > { ∅, {ẽ,e}, {o,õ,u,ũ} }","Syntax Error: Unknown character ẽ at '0:0:6'.     |     { ɨ̃, ẽ, õ } > { ∅, {ẽ,e}, {o,õ,u,ũ} }     |           ^     @ Rule 1, Line 1"
19.1,2,"	{ ʈʂ, {ʈʂʼ,t͡ɬʼ} } > { t͡s, t͡sʼ }","Syntax Error: Cannot have nested brackets of the same type     |     { ʈʂ, {ʈʂʼ,t͡ɬʼ} } > { t͡s, t͡sʼ }     |           ^     @ Rule 1, Line 1"
19.2,0,"	{ k, kʼ } > { {k,t͡ʃ}, {kʼ,t͡ʃʼ} }","Syntax Error: Cannot have nested brackets of the same type     |     { k, kʼ } > { {k,t͡ʃ}, {kʼ,t͡ʃʼ} }     |                   ^     @ Rule 1, Line 1"
19.2,2,"	{ ɬ, ʃ, ʂ } > { l, {sɡ,ʃɡ}, ʃ }","Syntax Error: Cannot have nested brackets of the same type     |     { ɬ, ʃ, ʂ } > { l, {sɡ,ʃɡ}, ʃ }     |                        ^     @ Rule 1, Line 1"
19.2,3,"	{ t͡ʃ, ʈʂ, t͡ɬʼ, t͡ʃʼ, ʈʂʼ } > { {t͡ʃk,ʃɡ}, t͡ʃ, h, {ʃkʼ,t͡ʃʼkʼ}, t͡ʃʼ }","Syntax Error: Cannot have nested brackets of the same type     |     { t͡ʃ, ʈʂ, t͡ɬʼ, t͡ʃʼ, ʈʂʼ } > { {t͡ʃk,ʃɡ}, t͡ʃ, h, {ʃkʼ,t͡ʃʼkʼ}, t͡ʃʼ }     |                                      ^     @ Rule 1, Line 1"
19.2,4,"	{ d͡z, d͡ʒ, ɖʐ } > { {d͡z,z}, {d͡ʒɡ,sɡ}, {d͡ʒ,ʒ} }","Syntax Error: Cannot have nested brackets of the same type     |     { d͡z, d͡ʒ, ɖʐ } > { {d͡z,z}, {d͡ʒɡ,sɡ}, {d͡ʒ,ʒ} }     |                          ^     @ Rule 1, Line 1"
19.3,1,"	{ q, qʼ } > { x, {kʼ,qʼ,ʔ} }","Syntax Error: Cannot have nested brackets of the same type     |     { q, qʼ } > { x, {kʼ,qʼ,ʔ} }     |                      ^     @ Rule 1, Line 1"
19.3,2,"	{ ɬ, ʃ, ʂ } > { ∅, {sk,ʃk}, ʃ }","Syntax Error: Cannot have nested brackets of the same type     |     { ɬ, ʃ, ʂ } > { ∅, {sk,ʃk}, ʃ }     |                        ^     @ Rule 1, Line 1"
19.3,3,"	{ t͡ʃ, ʈʂ, {t͡ɬʼ,ʈʂʼ}, t͡ʃʼʼ } > { t͡ʃk, t͡ʃ, t͡ʃʼ, {t͡sʼkʼ,t͡ʃʼkʼ} }","Syntax Error: Cannot have nested brackets of the same type     |     { t͡ʃ, ʈʂ, {t͡ɬʼ,ʈʂʼ}, t͡ʃʼʼ } > { t͡ʃk, t͡ʃ, t͡ʃʼ, {t͡sʼkʼ,t͡ʃʼkʼ} }     |                ^     @ Rule 1, Line 1"
19.3,4,"	{ d͡ʒ, ɖʐ } > { {d͡ʒɡ,d͡zɡ}, d͡ʒ }","Syntax Error: Cannot have nested brackets of the same type     |     { d͡ʒ, ɖʐ } > { {d͡ʒɡ,d͡zɡ}, d͡ʒ }     |                     ^     @ Rule 1, Line 1"
20.1.1,0,	ǀ̃(n) > ǂ̃n,"Syntax Error: Could not get value of IPA 'ǀ'.     |     ǀ̃(n) > ǂ̃n     |     ^     @ Rule 1, Line 1"
20.1.1,1,	! > !~k,"Syntax Error: Could not get value of IPA 'ǃ'.     |     ! > !~k     |     ^     @ Rule 1, Line 1"
20.1.1,2,	!x > x,"Syntax Error: Could not get value of IPA 'ǃ'.     |     !x > x     |     ^     @ Rule 1, Line 1"
20.1.1,3,	!̬ > ɡ,"Syntax Error: Could not get value of IPA 'ǃ'.     |     !̬ > ɡ     |     ^     @ Rule 1, Line 1"
20.1.1,4,	!̃(n) > ŋ,"Syntax Error: Could not get value of IPA 'ǃ'.     |     !̃(n) > ŋ     |     ^     @ Rule 1, Line 1"
20.1.1,5,"	t͡s > t͡s~t͡sʰ, t͡s, s","Syntax Error: Expected end of line, received '~'. Did you forget a '/' between the output and environment?     |     t͡s > t͡s~t͡sʰ, t͡s, s     |              ^     @ Rule 1, Line 1"
20.1.1,6,	h > j / _E,"Syntax Error: Unknown grouping 'E'. Known groupings are (C)onsonant, (O)bstruent, (S)onorant, (P)losive, (F)ricative, (L)iquid, (N)asal, (G)lide, and (V)owel     |     h > j / _E     |              ^     @ Rule 1, Line 1"
20.1.2,0,	ǀ̃(n) > ǂ̃n,"Syntax Error: Could not get value of IPA 'ǀ'.     |     ǀ̃(n) > ǂ̃n     |     ^     @ Rule 1, Line 1"
20.1.2,1,"	{ !, !̬, !̃ } > { !~k, !̬~ɡ, !̃(n)~ŋɡ }","Syntax Error: Could not get value of IPA 'ǃ'.     |     { !, !̬, !̃ } > { !~k, !̬~ɡ, !̃(n)~ŋɡ }     |       ^     @ Rule 1, Line 1"
20.1.2,2,	!x > !x~x,"Syntax Error: Could not get value of IPA 'ǃ'.     |     !x > !x~x     |     ^     @ Rule 1, Line 1"
20.1.2,4,	h > j~ʔ / _E,"Syntax Error: Expected end of line, received '~'. Did you forget a '/' between the output and environment?     |     h > j~ʔ / _E     |          ^     @ Rule 1, Line 1"
20.1.2,5,	h > h~ʔ,"Syntax Error: Expected end of line, received '~'. Did you forget a '/' between the output and environment?     |     h > h~ʔ     |          ^     @ Rule 1, Line 1"
20.1.3,0,	ǀ̃(n) > ǂ̃,"Syntax Error: Could not get value of IPA 'ǀ'.     |     ǀ̃(n) > ǂ̃     |     ^     @ Rule 1, Line 1"
20.1.3,1,"	{ !, !ˀ, !̬, !̃ } > { k, ∅, ɡ, ŋɡ }","Syntax Error: Could not get value of IPA 'ǃ'.     |     { !, !ˀ, !̬, !̃ } > { k, ∅, ɡ, ŋɡ }     |       ^     @ Rule 1, Line 1"
20.1.3,2,	!x > x,"Syntax Error: Could not get value of IPA 'ǃ'.     |     !x > x     |     ^     @ Rule 1, Line 1"
20.1.3,3,	!̃n > ŋɡʲ~!̃,"Syntax Error: Could not get value of IPA 'ǃ'.     |     !̃n > ŋɡʲ~!̃     |     ^     @ Rule 1, Line 1"
20.1.3,4,"	t͡s > t͡s~t͡sʰ, t͡s, s","Syntax Error: Expected end of line, received '~'. Did you forget a '/' between the output and environment?     |     t͡s > t͡s~t͡sʰ, t͡s, s     |              ^     @ Rule 1, Line 1"
20.1.4,0,	!̃(n) > ǂ̃,"Syntax Error: Could not get value of IPA 'ǃ'.     |     !̃(n) > ǂ̃     |     ^     @ Rule 1, Line 1"
20.1.4,1,"	{ !, !ˀ, !, !̃ } > { k, ∅, ɡ, ŋɡ }","Syntax Error: Could not get value of IPA 'ǃ'.     |     { !, !ˀ, !, !̃ } > { k, ∅, ɡ, ŋɡ }     |       ^     @ Rule 1, Line 1"
20.1.4,2,"	{ !x, !̃n } > { x, ŋɡʲ~!̃ }","Syntax Error: Could not get value of IPA 'ǃ'.     |     { !x, !̃n } > { x, ŋɡʲ~!̃ }     |       ^     @ Rule 1, Line 1"
20.1.4,3,"	{ t͡s, d͡z } > { {ç,tç}, d͡ʒ }","Syntax Error: Cannot have nested brackets of the same type     |     { t͡s, d͡z } > { {ç,tç}, d͡ʒ }     |                      ^     @ Rule 1, Line 1"
20.1.5,1,"	{ǀˀ,ǀxʼ} > ǀ","Syntax Error: Could not get value of IPA 'ǀ'.     |     {ǀˀ,ǀxʼ} > ǀ     |      ^     @ Rule 1, Line 1"
20.1.5,2,"	ǀ̃(n) > ǂ̃, ǂ","Syntax Error: Could not get value of IPA 'ǀ'.     |     ǀ̃(n) > ǂ̃, ǂ     |     ^     @ Rule 1, Line 1"
20.1.5,3,"	{ !, !ˀ, !̃n } > { !ɡ, ~, !̃ }","Syntax Error: Could not get value of IPA 'ǃ'.     |     { !, !ˀ, !̃n } > { !ɡ, ~, !̃ }     |       ^     @ Rule 1, Line 1"
20.1.5,4,"	{ ǂ, {ǂ̃n,ǂˀ,ǂxʼ} } > { ǂɡ, ǂ }","Syntax Error: Cannot have nested brackets of the same type     |     { ǂ, {ǂ̃n,ǂˀ,ǂxʼ} } > { ǂɡ, ǂ }     |          ^     @ Rule 1, Line 1"
20.1.5,5,"	{ǁˀ,ǁxʼ} > ǁ","Syntax Error: Could not get value of IPA 'ǁ'.     |     {ǁˀ,ǁxʼ} > ǁ     |      ^     @ Rule 1, Line 1"
20.1.5,6,"	{ t͡s, d͡z, kxʼ } > { {t͡s,s}, d, ∅ }","Syntax Error: Cannot have nested brackets of the same type     |     { t͡s, d͡z, kxʼ } > { {t͡s,s}, d, ∅ }     |                           ^     @ Rule 1, Line 1"
20.1.6,0,	ǀ̃(n) > ǂ̃,"Syntax Error: Could not get value of IPA 'ǀ'.     |     ǀ̃(n) > ǂ̃     |     ^     @ Rule 1, Line 1"
20.1.6,1,"	{ t͡s, d͡z } > { {t͡s~t͡sʰ,t͡s,s}, d͡z~t͡s }","Syntax Error: Cannot have nested brackets of the same type     |     { t͡s, d͡z } > { {t͡s~t͡sʰ,t͡s,s}, d͡z~t͡s }     |                      ^     @ Rule 1, Line 1"
20.1.7,0,	ǀ̃(n) > ǂ̃,"Syntax Error: Could not get value of IPA 'ǀ'.     |     ǀ̃(n) > ǂ̃     |     ^     @ Rule 1, Line 1"
20.1.7,1,"	{ !, !̃n } > { !, !̃ }","Syntax Error: Could not get value of IPA 'ǃ'.     |     { !, !̃n } > { !, !̃ }     |       ^     @ Rule 1, Line 1"
20.1.7,2,	ǂ̃n > ǂ,"Syntax Error: Could not get value of IPA 'ǂ'.     |     ǂ̃n > ǂ     |     ^     @ Rule 1, Line 1"
20.1.7,3,"	ǁˀ > ǁˀ, ǁ","Syntax Error: Could not get value of IPA 'ǁ'.     |     ǁˀ > ǁˀ, ǁ     |     ^     @ Rule 1, Line 1"
20.1.8,0,	ǀ̃(n) > j,"Syntax Error: Could not get value of IPA 'ǀ'.     |     ǀ̃(n) > j     |     ^     @ Rule 1, Line 1"
20.1.8,1,"	{ !, !ˀ, !̬, !̃(n), !x } > { k, ∅, ɡ, ŋ, x }","Syntax Error: Could not get value of IPA 'ǃ'.     |     { !, !ˀ, !̬, !̃(n), !x } > { k, ∅, ɡ, ŋ, x }     |       ^     @ Rule 1, Line 1"
20.1.8,2,"	{ ǂ, ǂ̃n, ǂˀ } > { c, ɲ, ʔj }","Syntax Error: Could not get value of IPA 'ǂ'.     |     { ǂ, ǂ̃n, ǂˀ } > { c, ɲ, ʔj }     |       ^     @ Rule 1, Line 1"
20.1.8,3,"	{ ǁˀ, ǁxʼ } > { {ǁˀ,∅}, ǁˀ }","Syntax Error: Cannot have nested brackets of the same type     |     { ǁˀ, ǁxʼ } > { {ǁˀ,∅}, ǁˀ }     |                     ^     @ Rule 1, Line 1"
20.1.8,4,"	{ t͡s, d͡z, kxʼ } > { {t͡s~t͡sʰ,t͡s,s}, z, kʼ }","Syntax Error: Cannot have nested brackets of the same type     |     { t͡s, d͡z, kxʼ } > { {t͡s~t͡sʰ,t͡s,s}, z, kʼ }     |                           ^     @ Rule 1, Line 1"
20.1.8,5,	h > j~ʔj / _E,"Syntax Error: Expected end of line, received '~'. Did you forget a '/' between the output and environment?     |     h > j~ʔj / _E     |          ^     @ Rule 1, Line 1"
20.1.8,6,	h > h~ʔj,"Syntax Error: Expected end of line, received '~'. Did you forget a '/' between the output and environment?     |     h > h~ʔj     |          ^     @ Rule 1, Line 1"
20.1.9,0,"	{ ǀ̃(n), ǀxʼ } > { j, ǀˀ }","Syntax Error: Could not get value of IPA 'ǀ'.     |     { ǀ̃(n), ǀxʼ } > { j, ǀˀ }     |       ^     @ Rule 1, Line 1"
20.1.9,1,"	{ !, !ˀ, !̬, !̃(n), !x } > { k, ∅, ɡ, ŋɡ, x }","Syntax Error: Could not get value of IPA 'ǃ'.     |     { !, !ˀ, !̬, !̃(n), !x } > { k, ∅, ɡ, ŋɡ, x }     |       ^     @ Rule 1, Line 1"
20.1.9,2,"	{ ǂ̃n, ǂxʼ } > { ɲ, ǂˀ }","Syntax Error: Could not get value of IPA 'ǂ'.     |     { ǂ̃n, ǂxʼ } > { ɲ, ǂˀ }     |       ^     @ Rule 1, Line 1"
20.1.9,3,	ǁxʼ > ǁˀ,"Syntax Error: Could not get value of IPA 'ǁ'.     |     ǁxʼ > ǁˀ     |     ^     @ Rule 1, Line 1"
20.1.9,4,"	{ t͡s, d͡z, kxʼ } > { {t͡s~t͡sʰ,t͡s,s}, z, kʼ }","Syntax Error: Cannot have nested brackets of the same type     |     { t͡s, d͡z, kxʼ } > { {t͡s~t͡sʰ,t͡s,s}, z, kʼ }     |                           ^     @ Rule 1, Line 1"
20.1.9,5,	h > j~ʔj / _E,"Syntax Error: Expected end of line, received '~'. Did you forget a '/' between the output and environment?     |     h > j~ʔj / _E     |          ^     @ Rule 1, Line 1"
20.1.9,6,	h > h~j,"Syntax Error: Expected end of line, received '~'. Did you forget a '/' between the output and environment?     |     h > h~j     |          ^     @ Rule 1, Line 1"
20.1.10,0,	ǀ̃(n) > ǂ̃n,"Syntax Error: Could not get value of IPA 'ǀ'.     |     ǀ̃(n) > ǂ̃n     |     ^     @ Rule 1, Line 1"
20.1.10,1,"	{ !̃, !x } > { !̃(n), !x~x }","Syntax Error: Could not get value of IPA 'ǃ'.     |     { !̃, !x } > { !̃(n), !x~x }     |       ^     @ Rule 1, Line 1"
20.1.10,2,"	t͡s > t͡s~t͡sɦ, s","Syntax Error: Expected end of line, received '~'. Did you forget a '/' between the output and environment?     |     t͡s > t͡s~t͡sɦ, s     |              ^     @ Rule 1, Line 1"
20.1.10,3,	h > j / _E,"Syntax Error: Unknown grouping 'E'. Known groupings are (C)onsonant, (O)bstruent, (S)onorant, (P)losive, (F)ricative, (L)iquid, (N)asal, (G)lide, and (V)owel     |     h > j / _E     |              ^     @ Rule 1, Line 1"
20.2.1,5,"	o > ∅ / a{ C_, _ }","Syntax Error: Expected ',', but received '_'     |     o > ∅ / a{ C_, _ }     |                 ^     @ Rule 1, Line 1"
20.2.1,6,"	{ Vn, ŋ } > { V:[+nas], ∅ } / _#","Syntax Error: Expected ',', but received 'n'     |     { Vn, ŋ } > { V:[+nas], ∅ } / _#     |        ^     @ Rule 1, Line 1"
20.2.1,7,"	{ t, d, s } > { {c,t͡ʃ}, ɟ, ʃ }","Syntax Error: Cannot have nested brackets of the same type     |     { t, d, s } > { {c,t͡ʃ}, ɟ, ʃ }     |                     ^     @ Rule 1, Line 1"
20.2.1,8,	!! > ǁ,"Syntax Error: Could not get value of IPA 'ǃ'.     |     !! > ǁ     |     ^     @ Rule 1, Line 1"
20.2.1,9,"	{ ⁿQʰ, Q͡ɢ } > { Qʰ, Q }","Syntax Error: Unknown character ͡ at '0:0:8'.     |     { ⁿQʰ, Q͡ɢ } > { Qʰ, Q }     |             ^     @ Rule 1, Line 1"
20.2.2,1,	ui > o (?),"Syntax Error: Expected end of line, received '('. Did you forget a '/' between the output and environment?     |     ui > o (?)     |            ^     @ Rule 1, Line 1"
20.2.2,11,"	{ !!, ʘ } > { ǁ, ǀ }","Syntax Error: Could not get value of IPA 'ǃ'.     |     { !!, ʘ } > { ǁ, ǀ }     |       ^     @ Rule 1, Line 1"
20.2.2,12,	ǂ > !! (dialectal),"Syntax Error: Could not get value of IPA 'ǂ'.     |     ǂ > !! (dialectal)     |     ^     @ Rule 1, Line 1"
20.2.3,1,	ui > o (?),"Syntax Error: Expected end of line, received '('. Did you forget a '/' between the output and environment?     |     ui > o (?)     |            ^     @ Rule 1, Line 1"
20.2.3,11,"	{ !!, ʘ } > { ǁ, ǀ }","Syntax Error: Could not get value of IPA 'ǃ'.     |     { !!, ʘ } > { ǁ, ǀ }     |       ^     @ Rule 1, Line 1"
20.2.3,12,	ʔ > ∅ / _nQ,"Syntax Error: Unknown grouping 'Q'. Known groupings are (C)onsonant, (O)bstruent, (S)onorant, (P)losive, (F)ricative, (L)iquid, (N)asal, (G)lide, and (V)owel     |     ʔ > ∅ / _nQ     |               ^     @ Rule 1, Line 1"
20.2.3,13,"	{ ⁿQʰ, {ǀʰ͜q,ǀʰ͜ɢ}, Q͡q } > { ⁿQ(ʰ), ⁿǀʰ, Q:[+voice] }","Syntax Error: Cannot have nested brackets of the same type     |     { ⁿQʰ, {ǀʰ͜q,ǀʰ͜ɢ}, Q͡q } > { ⁿQ(ʰ), ⁿǀʰ, Q:[+voice] }     |            ^     @ Rule 1, Line 1"
21.1,4,"	CV > ∅ / _# (possibly only when CV_#, possibly sporadic)","Syntax Error: Expected an IPA character, Primative or Matrix, but received '_'     |     CV > ∅ / _# (possibly only when CV_#, possibly sporadic)     |                                       ^     @ Rule 1, Line 1"
21.1,5,	e o > ɛ ɔ (?),"Syntax Error: Expected end of line, received '('. Did you forget a '/' between the output and environment?     |     e o > ɛ ɔ (?)     |               ^     @ Rule 1, Line 1"
21.1.1,1,	b > β~m / #_V:[-high],"Syntax Error: Expected end of line, received '~'. Did you forget a '/' between the output and environment?     |     b > β~m / #_V:[-high]     |          ^     @ Rule 1, Line 1"
21.1.1,2,"	{ b, d, ɡ } > { β~w, ɾ~∅, ɣ } / V_V","Syntax Error: Expected ',', but received '~'     |     { b, d, ɡ } > { β~w, ɾ~∅, ɣ } / V_V     |                      ^     @ Rule 1, Line 1"
21.1.1,4,"	{ t, d } > { t~ɾ~n, n } / #_","Syntax Error: Expected ',', but received '~'     |     { t, d } > { t~ɾ~n, n } / #_     |                   ^     @ Rule 1, Line 1"
21.1.1,5,"	{ iiɛ, Vdiɛ } > { ijɛ, βe }","Syntax Error: Expected ',', but received 'i'     |     { iiɛ, Vdiɛ } > { ijɛ, βe }     |        ^     @ Rule 1, Line 1"
21.1.2,0,"	{ p, d } > { p~f, n } / #_","Syntax Error: Expected ',', but received '~'     |     { p, d } > { p~f, n } / #_     |                   ^     @ Rule 1, Line 1"
21.1.2,2,	b > β~m / #_V:[+low],"Syntax Error: Expected end of line, received '~'. Did you forget a '/' between the output and environment?     |     b > β~m / #_V:[+low]     |          ^     @ Rule 1, Line 1"
21.1.2,3,"	{ p, b, d, k } > { p~f, w, ɾ, ɡ~ɣ } / V_V","Syntax Error: Expected ',', but received '~'     |     { p, b, d, k } > { p~f, w, ɾ, ɡ~ɣ } / V_V     |                         ^     @ Rule 1, Line 1"
21.1.2,4,"	{ iiɛ, Vdiɛ } > { d͡zɛ, ɾɛ }","Syntax Error: Expected ',', but received 'i'     |     { iiɛ, Vdiɛ } > { d͡zɛ, ɾɛ }     |        ^     @ Rule 1, Line 1"
21.1.3,0,"	{ p, b, d, k } > { ɸ, β, ɾ, x~k } / V_V","Syntax Error: Expected ',', but received '~'     |     { p, b, d, k } > { ɸ, β, ɾ, x~k } / V_V     |                                  ^     @ Rule 1, Line 1"
21.1.3,2,	b > β~m / #_V:[+low],"Syntax Error: Expected end of line, received '~'. Did you forget a '/' between the output and environment?     |     b > β~m / #_V:[+low]     |          ^     @ Rule 1, Line 1"
21.1.3,3,"	{ iiɛ, Vdiɛ } > { ijɛ, βie }","Syntax Error: Expected ',', but received 'i'     |     { iiɛ, Vdiɛ } > { ijɛ, βie }     |        ^     @ Rule 1, Line 1"
21.2.1,2,"	{ p, k } > { ɸ, ∅~k }","Syntax Error: Expected an IPA character, Primative or Matrix, but received '∅'     |     { p, k } > { ɸ, ∅~k }     |                     ^     @ Rule 1, Line 1"
21.2.1,3,	ti > s~ti / _V,"Syntax Error: Expected end of line, received '~'. Did you forget a '/' between the output and environment?     |     ti > s~ti / _V     |           ^     @ Rule 1, Line 1"
21.2.1,4,	d > ɾ~d / V_V,"Syntax Error: Expected end of line, received '~'. Did you forget a '/' between the output and environment?     |     d > ɾ~d / V_V     |          ^     @ Rule 1, Line 1"
21.2.1,5,"	{ iC, uC } > { î, û } / :{ _C, _# }:","Syntax Error: Unknown character î at '0:0:15'.     |     { iC, uC } > { î, û } / :{ _C, _# }:     |                    ^     @ Rule 1, Line 1"
21.2.1,6,	a > e (?),"Syntax Error: Expected end of line, received '('. Did you forget a '/' between the output and environment?     |     a > e (?)     |           ^     @ Rule 1, Line 1"
21.2.1.1,2,"	{ b, k } > { m~b, ∅ } / #_","Syntax Error: Expected ',', but received '~'     |     { b, k } > { m~b, ∅ } / #_     |                   ^     @ Rule 1, Line 1"
21.2.1.1,3,	d > d~n~l / #_a,"Syntax Error: Expected end of line, received '~'. Did you forget a '/' between the output and environment?     |     d > d~n~l / #_a     |          ^     @ Rule 1, Line 1"
21.2.1.1,5,	s > s~t,"Syntax Error: Expected end of line, received '~'. Did you forget a '/' between the output and environment?     |     s > s~t     |          ^     @ Rule 1, Line 1"
21.2.1.1,6,	∅ > d͡z / _î,"Syntax Error: Unknown character î at '0:0:11'.     |     ∅ > d͡z / _î     |                ^     @ Rule 1, Line 1"
21.2.1.2,1,	ɸ > ɸ~h,"Syntax Error: Expected end of line, received '~'. Did you forget a '/' between the output and environment?     |     ɸ > ɸ~h     |          ^     @ Rule 1, Line 1"
21.2.1.2,2,"	{ b, k } > { m~b, ∅ } / #_","Syntax Error: Expected ',', but received '~'     |     { b, k } > { m~b, ∅ } / #_     |                   ^     @ Rule 1, Line 1"
21.2.1.2,3,	d > d~l~n / #_a,"Syntax Error: Expected end of line, received '~'. Did you forget a '/' between the output and environment?     |     d > d~l~n / #_a     |          ^     @ Rule 1, Line 1"
21.2.2,0,	ti > s~ti / _V,"Syntax Error: Expected end of line, received '~'. Did you forget a '/' between the output and environment?     |     ti > s~ti / _V     |           ^     @ Rule 1, Line 1"
21.2.2,1,	ɾ > ɾ~∅ / V_V,"Syntax Error: Expected end of line, received '~'. Did you forget a '/' between the output and environment?     |     ɾ > ɾ~∅ / V_V     |          ^     @ Rule 1, Line 1"
21.2.2,2,	a > e (?),"Syntax Error: Expected end of line, received '('. Did you forget a '/' between the output and environment?     |     a > e (?)     |           ^     @ Rule 1, Line 1"
21.2.2.1,0,	p > h~ɸ,"Syntax Error: Expected end of line, received '~'. Did you forget a '/' between the output and environment?     |     p > h~ɸ     |          ^     @ Rule 1, Line 1"
21.2.2.1,3,"	{ iC, uC } > { î, û } / :{ _C, _# }:","Syntax Error: Unknown character î at '0:0:15'.     |     { iC, uC } > { î, û } / :{ _C, _# }:     |                    ^     @ Rule 1, Line 1"
21.2.2.1,4,	∅ > d͡z / î_V,"Syntax Error: Unknown character î at '0:0:10'.     |     ∅ > d͡z / î_V     |               ^     @ Rule 1, Line 1"
21.2.2.1,6,	k > ∅ / _V̂,"Syntax Error: Unknown character ̂ at '0:0:10'.     |     k > ∅ / _V̂     |               ^     @ Rule 1, Line 1"
21.2.2.2,0,	p > p~ɸ,"Syntax Error: Expected end of line, received '~'. Did you forget a '/' between the output and environment?     |     p > p~ɸ     |          ^     @ Rule 1, Line 1"
21.2.2.2,3,"	{ iC, uC } > { î, û } / :{ _C, _# }:","Syntax Error: Unknown character î at '0:0:15'.     |     { iC, uC } > { î, û } / :{ _C, _# }:     |                    ^     @ Rule 1, Line 1"
21.2.2.2,4,	V > d͡z / _V̂,"Syntax Error: Unknown character ̂ at '0:0:12'.     |     V > d͡z / _V̂     |                 ^     @ Rule 1, Line 1"
21.2.2.3,0,	p > p~h,"Syntax Error: Expected end of line, received '~'. Did you forget a '/' between the output and environment?     |     p > p~h     |          ^     @ Rule 1, Line 1"
21.2.2.3,1,"	{ b, C } > { ∅, d } / _#","Syntax Error: Expected an IPA character, Primative or Matrix, but received '∅'     |     { b, C } > { ∅, d } / _#     |                  ^     @ Rule 1, Line 1"
21.2.2.3,3,"	{ iC, uC } > { î, û } / :{ _C, _# }:","Syntax Error: Unknown character î at '0:0:15'.     |     { iC, uC } > { î, û } / :{ _C, _# }:     |                    ^     @ Rule 1, Line 1"
21.2.2.3,4,	∅ > d͡z,"Runtime Error: Insertion rules must have a context     |     ∅ > d͡z     |            ^     @ Rule 1, Line 1"
21.2.2.3,5,	d͡z > î_V,"Syntax Error: Unknown character î at '0:0:6'.     |     d͡z > î_V     |           ^     @ Rule 1, Line 1"
21.2.2.3,6,"	iC > iC~i / :{ _C(not sure how this plays in with the change mentioned earlier about extra-high vowels; I must have misread something), _#(not sure how this plays in with the change mentioned earlier about extra-high vowels; I must have misread something) }:","Syntax Error: Expected '->', but received -'h' at 0:0:90     |     iC > iC~i / :{ _C(not sure how this plays in with the change mentioned earlier about extra-high vowels; I must have misread something), _#(not sure how this plays in with the change mentioned earlier about extra-high vowels; I must have misread something) }:     |                                                                                               ^     @ Rule 1, Line 1"
21.2.2.4,3,"	{ iC, uC } > { î, û } / :{ _C, _# }:","Syntax Error: Unknown character î at '0:0:15'.     |     { iC, uC } > { î, û } / :{ _C, _# }:     |                    ^     @ Rule 1, Line 1"
21.2.2.4,4,	∅ > d͡z / î_V,"Syntax Error: Unknown character î at '0:0:10'.     |     ∅ > d͡z / î_V     |               ^     @ Rule 1, Line 1"
21.2.2.5,0,	p > ɸ~h,"Syntax Error: Expected end of line, received '~'. Did you forget a '/' between the output and environment?     |     p > ɸ~h     |          ^     @ Rule 1, Line 1"
21.2.2.5,1,"	{ b, C } > { b̚, ɡ̚ } / _#","Syntax Error: Unknown character ̚ at '0:0:14'.     |     { b, C } > { b̚, ɡ̚ } / _#     |                   ^     @ Rule 1, Line 1"
21.2.2.5,3,"	{ iC, uC } > { î, û } / :{ _C, _# }:","Syntax Error: Unknown character î at '0:0:15'.     |     { iC, uC } > { î, û } / :{ _C, _# }:     |                    ^     @ Rule 1, Line 1"
21.2.2.5,4,	∅ > d͡z / îV,"Syntax Error: Unknown character î at '0:0:10'.     |     ∅ > d͡z / îV     |               ^     @ Rule 1, Line 1"
21.2.2.6,0,	p > p~h,"Syntax Error: Expected end of line, received '~'. Did you forget a '/' between the output and environment?     |     p > p~h     |          ^     @ Rule 1, Line 1"
21.2.2.6,1,"	{ b, C } > { b~∅, {d,ɡ} } / _#","Syntax Error: Cannot have nested brackets of the same type     |     { b, C } > { b~∅, {d,ɡ} } / _#     |                       ^     @ Rule 1, Line 1"
21.2.2.6,3,"	{ iC, uC } > { î, û } / :{ _C, _# }:","Syntax Error: Unknown character î at '0:0:15'.     |     { iC, uC } > { î, û } / :{ _C, _# }:     |                    ^     @ Rule 1, Line 1"
21.2.2.6,4,	∅ > d͡z / î_V,"Syntax Error: Unknown character î at '0:0:10'.     |     ∅ > d͡z / î_V     |               ^     @ Rule 1, Line 1"
21.2.2.7,0,"	{ p, d } > { p~ɸs, d~t }","Syntax Error: Expected ',', but received '~'     |     { p, d } > { p~ɸs, d~t }     |                   ^     @ Rule 1, Line 1"
21.2.2.7,3,"	{ iC, uC } > { î, û } / :{ _C, _# }:","Syntax Error: Unknown character î at '0:0:15'.     |     { iC, uC } > { î, û } / :{ _C, _# }:     |                    ^     @ Rule 1, Line 1"
21.2.2.7,5,	k > ∅ / _V̂,"Syntax Error: Unknown character ̂ at '0:0:10'.     |     k > ∅ / _V̂     |               ^     @ Rule 1, Line 1"
21.2.2.7,6,	∅ > d͡z / î_V,"Syntax Error: Unknown character î at '0:0:10'.     |     ∅ > d͡z / î_V     |               ^     @ Rule 1, Line 1"
21.2.3,1,	ɾ > ɾ~∅ / V_V,"Syntax Error: Expected end of line, received '~'. Did you forget a '/' between the output and environment?     |     ɾ > ɾ~∅ / V_V     |          ^     @ Rule 1, Line 1"
21.2.3,2,	k > k~∅,"Syntax Error: Expected end of line, received '~'. Did you forget a '/' between the output and environment?     |     k > k~∅     |          ^     @ Rule 1, Line 1"
21.2.3,3,"	{ iC, uC } > { î, û } / :{ _C, _# }:","Syntax Error: Unknown character î at '0:0:15'.     |     { iC, uC } > { î, û } / :{ _C, _# }:     |                    ^     @ Rule 1, Line 1"
21.2.3.1,0,	p > ɸ~h,"Syntax Error: Expected end of line, received '~'. Did you forget a '/' between the output and environment?     |     p > ɸ~h     |          ^     @ Rule 1, Line 1"
21.2.3.1,1,"	{ b, d, k } > { b~β, ɾ~l~∅, k~x~ɡ~ɣ } / V_V","Syntax Error: Expected ',', but received '~'     |     { b, d, k } > { b~β, ɾ~l~∅, k~x~ɡ~ɣ } / V_V     |                      ^     @ Rule 1, Line 1"
21.2.3.1,3,	b > b~ᵐb,"Syntax Error: Expected end of line, received '~'. Did you forget a '/' between the output and environment?     |     b > b~ᵐb     |          ^     @ Rule 1, Line 1"
21.2.3.1,4,"	{ ti, di } > { s, d͡z } / _V","Syntax Error: Expected ',', but received 'i'     |     { ti, di } > { s, d͡z } / _V     |        ^     @ Rule 1, Line 1"
21.2.3.2,0,	p > ɸ~h,"Syntax Error: Expected end of line, received '~'. Did you forget a '/' between the output and environment?     |     p > ɸ~h     |          ^     @ Rule 1, Line 1"
21.2.3.2,1,"	{ b, d, k } > { b~β, ɾ~∅, k~x~ɡ~ɣ } / V_V","Syntax Error: Expected ',', but received '~'     |     { b, d, k } > { b~β, ɾ~∅, k~x~ɡ~ɣ } / V_V     |                      ^     @ Rule 1, Line 1"
21.2.3.3,0,	p > ɸ~h,"Syntax Error: Expected end of line, received '~'. Did you forget a '/' between the output and environment?     |     p > ɸ~h     |          ^     @ Rule 1, Line 1"
21.2.3.3,1,"	{ b, d, k } > { b~β, ɾ~∅, k~x~ɡ~ɣ } / V_V","Syntax Error: Expected ',', but received '~'     |     { b, d, k } > { b~β, ɾ~∅, k~x~ɡ~ɣ } / V_V     |                      ^     @ Rule 1, Line 1"
21.2.3.3,3,"	{ b, d } > { b~ᵐb, d~ⁿd }","Syntax Error: Expected ',', but received '~'     |     { b, d } > { b~ᵐb, d~ⁿd }     |                   ^     @ Rule 1, Line 1"
21.2.3.3,4,"	{ ti, di } > { s, d͡z } / _V","Syntax Error: Expected ',', but received 'i'     |     { ti, di } > { s, d͡z } / _V     |        ^     @ Rule 1, Line 1"
21.2.3.4,0,	p > ɸ~h,"Syntax Error: Expected end of line, received '~'. Did you forget a '/' between the output and environment?     |     p > ɸ~h     |          ^     @ Rule 1, Line 1"
21.2.3.4,1,"	{ b, d, k } > { b~β, ɾ~l~∅, k~x~ɡ~ɣ } / V_V","Syntax Error: Expected ',', but received '~'     |     { b, d, k } > { b~β, ɾ~l~∅, k~x~ɡ~ɣ } / V_V     |                      ^     @ Rule 1, Line 1"
21.2.3.4,3,"	{ b, d } > { b~ᵐb, d~ⁿd }","Syntax Error: Expected ',', but received '~'     |     { b, d } > { b~ᵐb, d~ⁿd }     |                   ^     @ Rule 1, Line 1"
21.2.3.5,0,	p > ɸ~h,"Syntax Error: Expected end of line, received '~'. Did you forget a '/' between the output and environment?     |     p > ɸ~h     |          ^     @ Rule 1, Line 1"
21.2.3.5,1,"	{ b, d, k } > { b~β, ɾ~∅, k~x~ɡ~ɣ } / V_V","Syntax Error: Expected ',', but received '~'     |     { b, d, k } > { b~β, ɾ~∅, k~x~ɡ~ɣ } / V_V     |                      ^     @ Rule 1, Line 1"
21.2.3.5,3,	b > b~ᵐb,"Syntax Error: Expected end of line, received '~'. Did you forget a '/' between the output and environment?     |     b > b~ᵐb     |          ^     @ Rule 1, Line 1"
21.2.3.5,4,"	{ ti, di } > { s, d͡z } / _V","Syntax Error: Expected ',', but received 'i'     |     { ti, di } > { s, d͡z } / _V     |        ^     @ Rule 1, Line 1"
21.2.3.6,0,	p > ɸ~h,"Syntax Error: Expected end of line, received '~'. Did you forget a '/' between the output and environment?     |     p > ɸ~h     |          ^     @ Rule 1, Line 1"
21.2.3.6,1,"	{ b, d, k } > { b~β, ɾ~∅, k~x~ɡ~ɣ } / V_V","Syntax Error: Expected ',', but received '~'     |     { b, d, k } > { b~β, ɾ~∅, k~x~ɡ~ɣ } / V_V     |                      ^     @ Rule 1, Line 1"
21.2.3.6,3,"	{ b, d } > { b~ᵐb, d~ⁿd }","Syntax Error: Expected ',', but received '~'     |     { b, d } > { b~ᵐb, d~ⁿd }     |                   ^     @ Rule 1, Line 1"
21.2.3.6,4,"	{ ti, di } > { s, j } / _V","Syntax Error: Expected ',', but received 'i'     |     { ti, di } > { s, j } / _V     |        ^     @ Rule 1, Line 1"
21.2.3.7,0,	p > ɸ~h,"Syntax Error: Expected end of line, received '~'. Did you forget a '/' between the output and environment?     |     p > ɸ~h     |          ^     @ Rule 1, Line 1"
21.2.3.7,1,"	{ b, d, k } > { b~β, ɾ~l~∅, k~x~ɡ~ɣ } / V_V","Syntax Error: Expected ',', but received '~'     |     { b, d, k } > { b~β, ɾ~l~∅, k~x~ɡ~ɣ } / V_V     |                      ^     @ Rule 1, Line 1"
21.2.3.7,3,"	{ b, d } > { b~ᵐb, d~ⁿd }","Syntax Error: Expected ',', but received '~'     |     { b, d } > { b~ᵐb, d~ⁿd }     |                   ^     @ Rule 1, Line 1"
21.2.3.7,4,"	{ ti, di } > { s, d͡z } / _V","Syntax Error: Expected ',', but received 'i'     |     { ti, di } > { s, d͡z } / _V     |        ^     @ Rule 1, Line 1"
22.2,2,	p(ʰ) > ɸ,"Syntax Error: Expected an IPA character, Primative or Matrix, but received 'ʰ'     |     p(ʰ) > ɸ     |       ^     @ Rule 1, Line 1"
22.2,5,"	{ {t͡s(ʰ),t͡ʃ}, d͡z } > { s, ɟ }","Syntax Error: Cannot have nested brackets of the same type     |     { {t͡s(ʰ),t͡ʃ}, d͡z } > { s, ɟ }     |       ^     @ Rule 1, Line 1"
22.4,3,"	{ p(ʰ), {tʰ,d} } > { ɸ, t }","Syntax Error: Cannot have nested brackets of the same type     |     { p(ʰ), {tʰ,d} } > { ɸ, t }     |             ^     @ Rule 1, Line 1"
22.4,6,"	{t͡s(ʰ),t͡ʃ} > s","Syntax Error: Expected ',', but received '('     |     {t͡s(ʰ),t͡ʃ} > s     |         ^     @ Rule 1, Line 1"
22.5,4,	t͡ʃ > ʃ (?),"Syntax Error: Expected end of line, received '('. Did you forget a '/' between the output and environment?     |     t͡ʃ > ʃ (?)     |             ^     @ Rule 1, Line 1"
22.6,2,"	{p(ʰ),ɓ} > h","Syntax Error: Expected ',', but received '('     |     {p(ʰ),ɓ} > h     |       ^     @ Rule 1, Line 1"
22.6,4,"	{tʰ,ɗ > t","Syntax Error: Expected ',', but received '>'     |     {tʰ,ɗ > t     |           ^     @ Rule 1, Line 1"
22.6,6,	t͡s(ʰ) > s,"Syntax Error: Expected an IPA character, Primative or Matrix, but received 'ʰ'     |     t͡s(ʰ) > s     |         ^     @ Rule 1, Line 1"
22.6,7,"	ʔ > ∅ / #_, possibly everywhere?","Syntax Error: Expected '_', but received ''     |     ʔ > ∅ / #_, possibly everywhere?     |                                     ^     @ Rule 1, Line 1"
22.7,3,"	{ pʰ, t } > { ɸ, ʔ } / medial","Syntax Error: Expected '_', but received ''     |     { pʰ, t } > { ɸ, ʔ } / medial     |                                  ^     @ Rule 1, Line 1"
22.7,4,	t͡s(ʰ) > s,"Syntax Error: Expected an IPA character, Primative or Matrix, but received 'ʰ'     |     t͡s(ʰ) > s     |         ^     @ Rule 1, Line 1"
23.1.1.1.1,2,"	{ t͡s, h } > { s, ∅ }","Syntax Error: Expected an IPA character, Primative or Matrix, but received '∅'     |     { t͡s, h } > { s, ∅ }     |                       ^     @ Rule 1, Line 1"
23.1.1.1.1,8,	ia > ə (“unspecified”),"Syntax Error: Unknown character “ at '0:0:8'.     |     ia > ə (“unspecified”)     |             ^     @ Rule 1, Line 1"
23.1.1.1.1,9,"	i > ∅ / CV{ C_, _ }","Syntax Error: Expected ',', but received '_'     |     i > ∅ / CV{ C_, _ }     |                  ^     @ Rule 1, Line 1"
23.1.1.1.1,10,"	i > ∅ / :{ _C”V, _”V }:","Syntax Error: Unknown character ” at '0:0:13'.     |     i > ∅ / :{ _C”V, _”V }:     |                  ^     @ Rule 1, Line 1"
23.1.1.1.2,2,	V > ∅ / s_j (,"Syntax Error: Expected an IPA character, Primative or Matrix, but received ''     |     V > ∅ / s_j (     |                  ^     @ Rule 1, Line 1"
23.1.1.1.2,8,"	a > ∅ / _i, when unstressed","Syntax Error: Expected '_', but received ''     |     a > ∅ / _i, when unstressed     |                                ^     @ Rule 1, Line 1"
23.1.1.1.2,16,"	{ a, {e,i} } > { i, ∅ } / CV{ C_, _ }","Syntax Error: Cannot have nested brackets of the same type     |     { a, {e,i} } > { i, ∅ } / CV{ C_, _ }     |          ^     @ Rule 1, Line 1"
23.1.1.1.2,17,"	i > ∅ / :{ _C”V, _”V }:","Syntax Error: Unknown character ” at '0:0:13'.     |     i > ∅ / :{ _C”V, _”V }:     |                  ^     @ Rule 1, Line 1"
23.1.1.1.3,3,"	{ nVs, dVs } > { n(V(s)), ʒ(Vʒ) }","Syntax Error: Cannot have nested brackets of the same type     |     { nVs, dVs } > { n(V(s)), ʒ(Vʒ) }     |                         ^     @ Rule 1, Line 1"
23.1.1.1.3,4,"	{ s, h } > { {s,t͡ʃ}, {h,∅} }","Syntax Error: Cannot have nested brackets of the same type     |     { s, h } > { {s,t͡ʃ}, {h,∅} }     |                  ^     @ Rule 1, Line 1"
23.1.1.1.3,5,"	j > i / C{ V_, _ }","Syntax Error: Expected ',', but received '_'     |     j > i / C{ V_, _ }     |                 ^     @ Rule 1, Line 1"
23.1.1.1.3,6,"	{ n, j } > { {n,∅}, {j,∅} }","Syntax Error: Cannot have nested brackets of the same type     |     { n, j } > { {n,∅}, {j,∅} }     |                  ^     @ Rule 1, Line 1"
23.1.1.1.3,8,	i > ∅ / a_ (,"Syntax Error: Expected an IPA character, Primative or Matrix, but received ''     |     i > ∅ / a_ (     |                 ^     @ Rule 1, Line 1"
23.1.1.1.4,2,"	{ d(V)j, s(V)j } > { lʲ, d͡ʒ }","Syntax Error: Expected ',', but received '('     |     { d(V)j, s(V)j } > { lʲ, d͡ʒ }     |        ^     @ Rule 1, Line 1"
23.1.1.1.4,7,"	i > ∅ / CV{ C_, _ }","Syntax Error: Expected ',', but received '_'     |     i > ∅ / CV{ C_, _ }     |                  ^     @ Rule 1, Line 1"
23.1.1.1.4,8,"	i > ∅ / :{ _C”V, _”V }:","Syntax Error: Unknown character ” at '0:0:13'.     |     i > ∅ / :{ _C”V, _”V }:     |                  ^     @ Rule 1, Line 1"
23.1.1.1.5,1,"	s > s, x, t͡ʃ~ʃ","Syntax Error: Expected end of line, received '~'. Did you forget a '/' between the output and environment?     |     s > s, x, t͡ʃ~ʃ     |                  ^     @ Rule 1, Line 1"
23.1.1.1.5,6,	s(V)d > dʲ,"Syntax Error: Options can only be used in Environments or Structures     |     s(V)d > dʲ     |      ^^^     @ Rule 1, Line 1"
23.1.1.1.5,9,	i > ∅ / a_ (usually;,"Syntax Error: Malformed Comment: Expected ';;', but received '; ' at 0:0:20     |     i > ∅ / a_ (usually;     |                         ^     @ Rule 1, Line 1"
23.1.1.1.5,13,"	{ue,aja} > ə","Syntax Error: Expected ',', but received 'e'     |     {ue,aja} > ə     |       ^     @ Rule 1, Line 1"
23.1.1.1.5,14,"	{u,i} > ∅ / CV{ C_, _ }","Syntax Error: Expected ',', but received '_'     |     {u,i} > ∅ / CV{ C_, _ }     |                      ^     @ Rule 1, Line 1"
23.1.1.1.5,15,"	i > ∅ / :{ _C”V, _”V }:","Syntax Error: Unknown character ” at '0:0:13'.     |     i > ∅ / :{ _C”V, _”V }:     |                  ^     @ Rule 1, Line 1"
23.1.1.1.6,0,"	{ ɡ, ɡʷ } > { ∅, b }","Syntax Error: Expected an IPA character, Primative or Matrix, but received '∅'     |     { ɡ, ɡʷ } > { ∅, b }     |                   ^     @ Rule 1, Line 1"
23.1.1.1.6,1,"	{ {d(V)s,n(V)j}, n(V)s } > { r, {VsV,r} }","Syntax Error: Cannot have nested brackets of the same type     |     { {d(V)s,n(V)j}, n(V)s } > { r, {VsV,r} }     |       ^     @ Rule 1, Line 1"
23.1.1.1.6,2,	d(V)j > r(V),"Syntax Error: Options can only be used in Environments or Structures     |     d(V)j > r(V)     |      ^^^     @ Rule 1, Line 1"
23.1.1.1.6,6,"	{ m, n, h, j } > { b, {n,r,∅}, {h,∅}, {j,∅} }","Syntax Error: Cannot have nested brackets of the same type     |     { m, n, h, j } > { b, {n,r,∅}, {h,∅}, {j,∅} }     |                           ^     @ Rule 1, Line 1"
23.1.1.1.6,8,	ai > e / if the *a is not stressed,"Syntax Error: Expected '_', but received '*'     |     ai > e / if the *a is not stressed     |                     ^     @ Rule 1, Line 1"
23.1.1.1.6,11,"	{a,i} > ∅ / CV{ C_, _ }","Syntax Error: Expected ',', but received '_'     |     {a,i} > ∅ / CV{ C_, _ }     |                      ^     @ Rule 1, Line 1"
23.1.1.1.6,12,"	i > ∅ / :{ _C”V, _”V }:","Syntax Error: Unknown character ” at '0:0:13'.     |     i > ∅ / :{ _C”V, _”V }:     |                  ^     @ Rule 1, Line 1"
23.1.1.1.6,14,	e > i / conditioning undetermined,"Syntax Error: Expected '_', but received ''     |     e > i / conditioning undetermined     |                                      ^     @ Rule 1, Line 1"
23.1.2,0,"	{ b, d } > { m, n } / _V:[+nasal] (I’m inferring this from the statement that :[t]here are also a series…of nasal vowels)","Syntax Error: Unknown character ’ at '0:0:36'.     |     { b, d } > { m, n } / _V:[+nasal] (I’m inferring this from the statement that :[t]here are also a series…of nasal vowels)     |                                         ^     @ Rule 1, Line 1"
23.1.2,4,"	{ o, a } > { {u,o}, {a,e} }","Syntax Error: Cannot have nested brackets of the same type     |     { o, a } > { {u,o}, {a,e} }     |                  ^     @ Rule 1, Line 1"
23.1.3,0,"	{ b, d } > { m, n } / _V:[+nasal] (I’m inferring this from the statement that :[t]here are also a series…of nasal vowels)","Syntax Error: Unknown character ’ at '0:0:36'.     |     { b, d } > { m, n } / _V:[+nasal] (I’m inferring this from the statement that :[t]here are also a series…of nasal vowels)     |                                         ^     @ Rule 1, Line 1"
23.1.3,1,"	{ b, d } > { {b,p}, l }","Syntax Error: Cannot have nested brackets of the same type     |     { b, d } > { {b,p}, l }     |                  ^     @ Rule 1, Line 1"
24.1.1,3,	a:[-long]C > Ca / #_ ( // _a?),"Syntax Error: Expected an IPA character, Primative or Matrix, but received '//'     |     a:[-long]C > Ca / #_ ( // _a?)     |                            ^^     @ Rule 1, Line 1"
24.1.1,5,	V:[+long] > V:[-long] / in #,"Syntax Error: Can't have segments before the beginning of a word     |     V:[+long] > V:[-long] / in #     |                                ^     @ Rule 1, Line 1"
24.1.2,0,"	{ iC, aC, uC } > { Cj, Ca, Cw } / #_ // before an identical vowel","Syntax Error: Expected ',', but received 'C'     |     { iC, aC, uC } > { Cj, Ca, Cw } / #_ // before an identical vowel     |        ^     @ Rule 1, Line 1"
24.1.2,2,"	(N)S > F / #{ CV, V }_","Syntax Error: Options can only be used in Environments or Structures     |     (N)S > F / #{ CV, V }_     |     ^^^     @ Rule 1, Line 1"
24.1.2,3,"	∅ > j / #{ Ci, i }:[+long]{ C_, _ }V // _i","Syntax Error: Cannot have nested brackets of the same type     |     ∅ > j / #{ Ci, i }:[+long]{ C_, _ }V // _i     |                               ^     @ Rule 1, Line 1"
24.1.2,4,"	∅ > w / #{ Cu, u }:[+long]{ C_, _ }V // _u","Syntax Error: Cannot have nested brackets of the same type     |     ∅ > w / #{ Cu, u }:[+long]{ C_, _ }V // _u     |                               ^     @ Rule 1, Line 1"
24.1.2,5,"	∅ > a / #{ Ca, a }:[+long]{ C_, _ }V // _a","Syntax Error: Cannot have nested brackets of the same type     |     ∅ > a / #{ Ca, a }:[+long]{ C_, _ }V // _a     |                               ^     @ Rule 1, Line 1"
24.1.2,7,	V:[+long] > ə / in #,"Syntax Error: Can't have segments before the beginning of a word     |     V:[+long] > ə / in #     |                        ^     @ Rule 1, Line 1"
24.1.3,0,"	(N)S > F / #{ CV, V }_","Syntax Error: Options can only be used in Environments or Structures     |     (N)S > F / #{ CV, V }_     |     ^^^     @ Rule 1, Line 1"
24.1.3,3,"	{ V:[+long], V:[-long] } > { V:[-long], ∅ } / in #","Syntax Error: Expected an IPA character, Primative or Matrix, but received '∅'     |     { V:[+long], V:[-long] } > { V:[-long], ∅ } / in #     |                                             ^     @ Rule 1, Line 1"
24.1.4,3,	a:[-long]C > Ca / #_ ( // _a?),"Syntax Error: Expected an IPA character, Primative or Matrix, but received '//'     |     a:[-long]C > Ca / #_ ( // _a?)     |                            ^^     @ Rule 1, Line 1"
24.1.4,5,	V:[+long] > V:[-long] / in #,"Syntax Error: Can't have segments before the beginning of a word     |     V:[+long] > V:[-long] / in #     |                                ^     @ Rule 1, Line 1"
24.1.5,0,	NVS > VⁿS / #_,"Syntax Error: Could not get value of IPA 'ⁿ'.     |     NVS > VⁿS / #_     |            ^     @ Rule 1, Line 1"
24.1.5,2,	V:[+long] > V:[-long] / in #,"Syntax Error: Can't have segments before the beginning of a word     |     V:[+long] > V:[-long] / in #     |                                ^     @ Rule 1, Line 1"
24.1.6,0,"	(N)S > F / #{ CV, V }_","Syntax Error: Options can only be used in Environments or Structures     |     (N)S > F / #{ CV, V }_     |     ^^^     @ Rule 1, Line 1"
24.1.6,1,	V:[+long] > V:[-long] / in #,"Syntax Error: Can't have segments before the beginning of a word     |     V:[+long] > V:[-long] / in #     |                                ^     @ Rule 1, Line 1"
24.1.7,0,	a > i / #C:[+palatal]V:[-long]C_,"Syntax Error: Unknown feature 'palatal' at 0:12-20. Did you mean latrl?      |     a > i / #C:[+palatal]V:[-long]C_     |                 ^^^^^^^^     @ Rule 1, Line 1"
24.1.7,1,"	i > e / #{ Ca, a }C:[-palatal]_","Syntax Error: Unknown feature 'palatal' at 0:21-29. Did you mean latrl?      |     i > e / #{ Ca, a }C:[-palatal]_     |                          ^^^^^^^^     @ Rule 1, Line 1"
24.1.7,3,	NVS > VⁿS / #_,"Syntax Error: Could not get value of IPA 'ⁿ'.     |     NVS > VⁿS / #_     |            ^     @ Rule 1, Line 1"
24.1.7,5,"	∅ > j / #i:[+long]{ C_, _ }a","Syntax Error: Expected ',', but received '_'     |     ∅ > j / #i:[+long]{ C_, _ }a     |                          ^     @ Rule 1, Line 1"
24.1.7,6,"	∅ > w / #u:[+long]{ C_, _ }a","Syntax Error: Expected ',', but received '_'     |     ∅ > w / #u:[+long]{ C_, _ }a     |                          ^     @ Rule 1, Line 1"
24.1.7,7,	V:[+long] > V:[-long] / in #,"Syntax Error: Can't have segments before the beginning of a word     |     V:[+long] > V:[-long] / in #     |                                ^     @ Rule 1, Line 1"
25.1.1,3,	*ŕ > r,"Syntax Error: Unknown character ŕ at '0:0:1'.     |     *ŕ > r     |      ^     @ Rule 1, Line 1"
25.1.2,7,"	{r,*ŕ} > {∅,w,j}","Syntax Error: Unknown character ŕ at '0:0:4'.     |     {r,*ŕ} > {∅,w,j}     |         ^     @ Rule 1, Line 1"
25.1.3,5,	w > β / _E ?,"Syntax Error: Unknown grouping 'E'. Known groupings are (C)onsonant, (O)bstruent, (S)onorant, (P)losive, (F)ricative, (L)iquid, (N)asal, (G)lide, and (V)owel     |     w > β / _E ?     |              ^     @ Rule 1, Line 1"
25.1.3,6,	*ŕ > ∅,"Syntax Error: Unknown character ŕ at '0:0:1'.     |     *ŕ > ∅     |      ^     @ Rule 1, Line 1"
25.1.4,4,	t͡ʃ > t͡s / _E,"Syntax Error: Unknown grouping 'E'. Known groupings are (C)onsonant, (O)bstruent, (S)onorant, (P)losive, (F)ricative, (L)iquid, (N)asal, (G)lide, and (V)owel     |     t͡ʃ > t͡s / _E     |                  ^     @ Rule 1, Line 1"
25.1.4,8,	w > β / _E,"Syntax Error: Unknown grouping 'E'. Known groupings are (C)onsonant, (O)bstruent, (S)onorant, (P)losive, (F)ricative, (L)iquid, (N)asal, (G)lide, and (V)owel     |     w > β / _E     |              ^     @ Rule 1, Line 1"
25.1.4,10,	*ŕ > ∅,"Syntax Error: Unknown character ŕ at '0:0:1'.     |     *ŕ > ∅     |      ^     @ Rule 1, Line 1"
26.1,1,"	{ tʼ, {kʼ,ɡ} } > { t, k }","Syntax Error: Cannot have nested brackets of the same type     |     { tʼ, {kʼ,ɡ} } > { t, k }     |           ^     @ Rule 1, Line 1"
26.1,6,"	{ kp, ɡb } > { k, ɡʷ }","Syntax Error: Expected ',', but received 'p'     |     { kp, ɡb } > { k, ɡʷ }     |        ^     @ Rule 1, Line 1"
26.2,3,"	{ kp, kpʼ } > { {kp,k}, ɡb }","Syntax Error: Cannot have nested brackets of the same type     |     { kp, kpʼ } > { {kp,k}, ɡb }     |                     ^     @ Rule 1, Line 1"
26.4,4,"	{ kp, {kpʼ,ɡb} } > { p, b }","Syntax Error: Cannot have nested brackets of the same type     |     { kp, {kpʼ,ɡb} } > { p, b }     |           ^     @ Rule 1, Line 1"
26.5,3,"	{ {ɡ,w,kp}, kpʼ, ɡb } > { k, kp, b }","Syntax Error: Cannot have nested brackets of the same type     |     { {ɡ,w,kp}, kpʼ, ɡb } > { k, kp, b }     |       ^     @ Rule 1, Line 1"
26.6,1,"	{ {tʼ,d}, {kʼ,ɡ} } > { l, k }","Syntax Error: Cannot have nested brackets of the same type     |     { {tʼ,d}, {kʼ,ɡ} } > { l, k }     |       ^     @ Rule 1, Line 1"
26.6,5,"	kp kpʼ ɡb > {k,B} kp B (it’s unclear what this 〈B〉 is)","Syntax Error: Unknown character ’ at '0:0:26'.     |     kp kpʼ ɡb > {k,B} kp B (it’s unclear what this 〈B〉 is)     |                               ^     @ Rule 1, Line 1"
26.7,3,"	{ {k,ɡ,kp}, {kpʼ,ɡb} } > { s, b }","Syntax Error: Cannot have nested brackets of the same type     |     { {k,ɡ,kp}, {kpʼ,ɡb} } > { s, b }     |       ^     @ Rule 1, Line 1"
26.10,3,"	{ kp, kpʼ } > { k, b }","Syntax Error: Expected ',', but received 'p'     |     { kp, kpʼ } > { k, b }     |        ^     @ Rule 1, Line 1"
26.11,1,"	f > d (yes, really)","Syntax Error: Expected end of line, received '('. Did you forget a '/' between the output and environment?     |     f > d (yes, really)     |           ^     @ Rule 1, Line 1"
26.11,2,"	{ tʼ, {kʼ,ɡ,w} } > { {t,d}, k }","Syntax Error: Cannot have nested brackets of the same type     |     { tʼ, {kʼ,ɡ,w} } > { {t,d}, k }     |           ^     @ Rule 1, Line 1"
26.12,1,"	{ tʼ, {kʼ,ɡ} } > { {t,d}, k }","Syntax Error: Cannot have nested brackets of the same type     |     { tʼ, {kʼ,ɡ} } > { {t,d}, k }     |           ^     @ Rule 1, Line 1"
26.12,4,"	{ kp, ɡb } > { k, b }","Syntax Error: Expected ',', but received 'p'     |     { kp, ɡb } > { k, b }     |        ^     @ Rule 1, Line 1"
26.13,6,"	{ kp, ɡb } > { k, b }","Syntax Error: Expected ',', but received 'p'     |     { kp, ɡb } > { k, b }     |        ^     @ Rule 1, Line 1"
27.3,4,	kV:[+round]C:[+glide] > kʷ,"Syntax Error: Unknown feature 'glide' at 0:14-20. Did you mean click?      |     kV:[+round]C:[+glide] > kʷ     |                   ^^^^^^     @ Rule 1, Line 1"
27.7,7,"	{ r, t, t͡ʃ, ʃ } > { t, t͡ʃ, ʈʂ, ʂ }","Syntax Error: Expected ',', but received 'ʂ'     |     { r, t, t͡ʃ, ʃ } > { t, t͡ʃ, ʈʂ, ʂ }     |                                   ^     @ Rule 1, Line 1"
28,1,	k > ∅ / V_C // penult,"Syntax Error: Expected '_', but received ''     |     k > ∅ / V_C // penult     |                          ^     @ Rule 1, Line 1"
28,2,"	V > V̂:[+long] / _Cko, ko lost?","Syntax Error: Unknown character ̂ at '0:0:5'.     |     V > V̂:[+long] / _Cko, ko lost?     |          ^     @ Rule 1, Line 1"
28.1,2,	VC:[+weak] > ∅ / _V#,"Syntax Error: Unknown feature 'weak' at 0:4-9. Did you mean man?      |     VC:[+weak] > ∅ / _V#     |         ^^^^^     @ Rule 1, Line 1"
28.1.2,0,"	VkV > V:[+long] / #({ CV, V }(C)){ C_, _ }#","Syntax Error: Cannot have nested brackets of the same type     |     VkV > V:[+long] / #({ CV, V }(C)){ C_, _ }#     |                                  ^     @ Rule 1, Line 1"
28.1.4,1,	VkV > ”V / _#,"Syntax Error: Unknown character ” at '0:0:6'.     |     VkV > ”V / _#     |           ^     @ Rule 1, Line 1"
28.2,4,"	{ C:[+weak], C:[+weak] } > { ʔ, h } / V_V#","Syntax Error: Unknown feature 'weak' at 0:5-10. Did you mean man?      |     { C:[+weak], C:[+weak] } > { ʔ, h } / V_V#     |          ^^^^^     @ Rule 1, Line 1"
28.2,8,"	{ oj, aj } > { i:[+long], {a:[+long],i:[+long]} }","Syntax Error: Cannot have nested brackets of the same type     |     { oj, aj } > { i:[+long], {a:[+long],i:[+long]} }     |                               ^     @ Rule 1, Line 1"
28.2,9,"	i > ∅ / #{ CV, V }(C){ CV, V }(C){ C_, _ }# (sporadic in the case of other vowels)","Syntax Error: Expected ',', but received 'V'     |     i > ∅ / #{ CV, V }(C){ CV, V }(C){ C_, _ }# (sporadic in the case of other vowels)     |                 ^     @ Rule 1, Line 1"
28.2,10,"	{ tl, st } > { l:[+long], t:[+long] }","Syntax Error: Expected ',', but received 'l'     |     { tl, st } > { l:[+long], t:[+long] }     |        ^     @ Rule 1, Line 1"
29.1.1,3,"	{ k, kʼ, kʷ, kʷʼ, ɡ, ɡʷ } > { kʲ, kʲʼ, tʂ, tʂʼ, ɡʲ, ɖʐ }","Syntax Error: Expected ',', but received 'ʂ'     |     { k, kʼ, kʷ, kʷʼ, ɡ, ɡʷ } > { kʲ, kʲʼ, tʂ, tʂʼ, ɡʲ, ɖʐ }     |                                             ^     @ Rule 1, Line 1"
29.1.1,4,"	{ x, xʷ } > { {xʲ,j}, {ʂ,ʐ} }","Syntax Error: Cannot have nested brackets of the same type     |     { x, xʷ } > { {xʲ,j}, {ʂ,ʐ} }     |                   ^     @ Rule 1, Line 1"
29.1.1,5,	Qʷ > Qʷ,"Syntax Error: Unknown grouping 'Q'. Known groupings are (C)onsonant, (O)bstruent, (S)onorant, (P)losive, (F)ricative, (L)iquid, (N)asal, (G)lide, and (V)owel     |     Qʷ > Qʷ     |     ^     @ Rule 1, Line 1"
29.1.1,6,	Qʷ > Q ?,"Syntax Error: Unknown grouping 'Q'. Known groupings are (C)onsonant, (O)bstruent, (S)onorant, (P)losive, (F)ricative, (L)iquid, (N)asal, (G)lide, and (V)owel     |     Qʷ > Q ?     |     ^     @ Rule 1, Line 1"
29.1.1.1.1,0,"	{TŠ,TŠʷ} > TS","Syntax Error: Unknown character Š at '0:0:2'.     |     {TŠ,TŠʷ} > TS     |       ^     @ Rule 1, Line 1"
29.1.1.1.1,1,"	[+ cons, - fr, + bk, + hi, - lo] > TŠ / in Mentasta Ahtna","Syntax Error: Unknown character Š at '0:0:36'.     |     [+ cons, - fr, + bk, + hi, - lo] > TŠ / in Mentasta Ahtna     |                                         ^     @ Rule 1, Line 1"
29.1.1.1.1,4,	Vˀ > V:[-glottalized],"Syntax Error: Unknown feature 'glottalized' at 0:8-20. Did you mean contin?      |     Vˀ > V:[-glottalized]     |             ^^^^^^^^^^^^     @ Rule 1, Line 1"
29.1.1.1.2,0,"	{TŠ,TŠʷ} > TS","Syntax Error: Unknown character Š at '0:0:2'.     |     {TŠ,TŠʷ} > TS     |       ^     @ Rule 1, Line 1"
29.1.1.1.2,1,"	{ u, ɑ, ʊ } > { {o,u}, ə, u }","Syntax Error: Cannot have nested brackets of the same type     |     { u, ɑ, ʊ } > { {o,u}, ə, u }     |                     ^     @ Rule 1, Line 1"
29.1.1.1.2,2,	Vˀ > V:[-glottalized],"Syntax Error: Unknown feature 'glottalized' at 0:8-20. Did you mean contin?      |     Vˀ > V:[-glottalized]     |             ^^^^^^^^^^^^     @ Rule 1, Line 1"
29.1.1.1.3,0,"	TS > TH (most often back to 3, however)","Syntax Error: Unknown grouping 'T'. Known groupings are (C)onsonant, (O)bstruent, (S)onorant, (P)losive, (F)ricative, (L)iquid, (N)asal, (G)lide, and (V)owel     |     TS > TH (most often back to 3, however)     |     ^     @ Rule 1, Line 1"
29.1.1.1.3,1,"	{TŠ,TŠʷ} > TS","Syntax Error: Unknown character Š at '0:0:2'.     |     {TŠ,TŠʷ} > TS     |       ^     @ Rule 1, Line 1"
29.1.1.1.3,2,"	{ [+ cons, - fr, + bk, + hi, - lo], Q } > { TŠ, [+ cons, - fr, + bk, + hi, - lo] }","Syntax Error: Unknown character Š at '0:0:45'.     |     { [+ cons, - fr, + bk, + hi, - lo], Q } > { TŠ, [+ cons, - fr, + bk, + hi, - lo] }     |                                                  ^     @ Rule 1, Line 1"
29.1.1.1.3,3,"	T > TŠ / :{ _i, in the British Columbian dialect, _e, in the British Columbian dialect, _u, in the British Columbian dialect }:","Syntax Error: Unknown character Š at '0:0:5'.     |     T > TŠ / :{ _i, in the British Columbian dialect, _e, in the British Columbian dialect, _u, in the British Columbian dialect }:     |          ^     @ Rule 1, Line 1"
29.1.1.1.3,4,"	{n,ɲ} > d / $_V:[-nas] (→ d͡ʒ in the British Columbian dialect)","Syntax Error: Unknown character → at '0:0:24'.     |     {n,ɲ} > d / $_V:[-nas] (→ d͡ʒ in the British Columbian dialect)     |                             ^     @ Rule 1, Line 1"
29.1.1.1.3,6,	Vˀ > V:[+high tone],"Syntax Error: Unknown feature 'hightone' at 0:8-18. Did you mean high?      |     Vˀ > V:[+high tone]     |             ^^^^^^^^^^     @ Rule 1, Line 1"
29.1.1.1.4,0,"	V > Vˀ, V:[+RTR]","Syntax Error: Expected end of line, received 'ˀ'. Did you forget a '/' between the output and environment?     |     V > Vˀ, V:[+RTR]     |          ^     @ Rule 1, Line 1"
29.1.1.1.4,1,"	{ {TŠ,TŠʷ}, [+ cons, - fr, + bk, + hi, - lo] } > { TS, TŠ }","Syntax Error: Cannot have nested brackets of the same type     |     { {TŠ,TŠʷ}, [+ cons, - fr, + bk, + hi, - lo] } > { TS, TŠ }     |       ^     @ Rule 1, Line 1"
29.1.1.1.4,2,"	{ e, {ɑ,ə} } > { i, {e,ɪ} }","Syntax Error: Cannot have nested brackets of the same type     |     { e, {ɑ,ə} } > { i, {e,ɪ} }     |          ^     @ Rule 1, Line 1"
29.1.1.1.4,3,	Vˀ > V:[+high tone],"Syntax Error: Unknown feature 'hightone' at 0:8-18. Did you mean high?      |     Vˀ > V:[+high tone]     |             ^^^^^^^^^^     @ Rule 1, Line 1"
29.1.1.1.5,0,"	{ TS, {TŠ,TŠʷ}, [+ cons, - fr, + bk, + hi, - lo], Q } > { TH, TS, TŠ, [+ cons, - fr, + bk, + hi, - lo] }","Syntax Error: Cannot have nested brackets of the same type     |     { TS, {TŠ,TŠʷ}, [+ cons, - fr, + bk, + hi, - lo], Q } > { TH, TS, TŠ, [+ cons, - fr, + bk, + hi, - lo] }     |           ^     @ Rule 1, Line 1"
29.1.1.1.5,1,	t > k (not for all speakers),"Syntax Error: Expected end of line, received '('. Did you forget a '/' between the output and environment?     |     t > k (not for all speakers)     |           ^     @ Rule 1, Line 1"
29.1.1.1.5,2,"	{A,O’} > F / _$","Syntax Error: Unknown character ’ at '0:0:4'.     |     {A,O’} > F / _$     |         ^     @ Rule 1, Line 1"
29.1.1.1.5,4,	Vˀ > V:[+high tone],"Syntax Error: Unknown feature 'hightone' at 0:8-18. Did you mean high?      |     Vˀ > V:[+high tone]     |             ^^^^^^^^^^     @ Rule 1, Line 1"
29.1.1.1.6,0,"	{ {TŠ,TŠʷ}, [+ cons, - fr, + bk, + hi, - lo], Q } > { TS, TŠ, [+ cons, - fr, + bk, + hi, - lo] }","Syntax Error: Cannot have nested brackets of the same type     |     { {TŠ,TŠʷ}, [+ cons, - fr, + bk, + hi, - lo], Q } > { TS, TŠ, [+ cons, - fr, + bk, + hi, - lo] }     |       ^     @ Rule 1, Line 1"
29.1.1.1.6,1,"	{ u, {ɑ,ʊ} } > { {o,u}, ə }","Syntax Error: Cannot have nested brackets of the same type     |     { u, {ɑ,ʊ} } > { {o,u}, ə }     |          ^     @ Rule 1, Line 1"
29.1.1.1.6,2,	Vˀ > V:[-glottalized],"Syntax Error: Unknown feature 'glottalized' at 0:8-20. Did you mean contin?      |     Vˀ > V:[-glottalized]     |             ^^^^^^^^^^^^     @ Rule 1, Line 1"
29.1.1.1.7,0,"	{ TS, TŠ } > { TH, TS }","Syntax Error: Unknown character Š at '0:0:7'.     |     { TS, TŠ } > { TH, TS }     |            ^     @ Rule 1, Line 1"
29.1.1.1.7,1,	TŠʷ > TṢ (,"Syntax Error: Unknown character Š at '0:0:1'.     |     TŠʷ > TṢ (     |      ^     @ Rule 1, Line 1"
29.1.1.1.7,2,"	TṢ ( > TS in [+ cons, - fr, + bk, + hi, - lo]uskokwim dialect)","Syntax Error: Unknown character Ṣ at '0:0:1'.     |     TṢ ( > TS in [+ cons, - fr, + bk, + hi, - lo]uskokwim dialect)     |      ^     @ Rule 1, Line 1"
29.1.1.1.7,3,"	[+ cons, - fr, + bk, + hi, - lo] > [+ cons, - fr, + bk, + hi, - lo], TŠ","Syntax Error: Unknown character Š at '0:0:70'.     |     [+ cons, - fr, + bk, + hi, - lo] > [+ cons, - fr, + bk, + hi, - lo], TŠ     |                                                                           ^     @ Rule 1, Line 1"
29.1.1.1.7,4,	w > v (,"Syntax Error: Expected end of line, received '('. Did you forget a '/' between the output and environment?     |     w > v (     |           ^     @ Rule 1, Line 1"
29.1.1.1.7,5,	v ( > w in Shageluk dialect),"Syntax Error: Expected an IPA character, Primative or Matrix, but received '>'     |     v ( > w in Shageluk dialect)     |         ^     @ Rule 1, Line 1"
29.1.1.1.7,7,"	{ R, F } > { R:[-voice], F:[-voice] } / _# in suffixes","Syntax Error: Unknown grouping 'R'. Known groupings are (C)onsonant, (O)bstruent, (S)onorant, (P)losive, (F)ricative, (L)iquid, (N)asal, (G)lide, and (V)owel     |     { R, F } > { R:[-voice], F:[-voice] } / _# in suffixes     |       ^     @ Rule 1, Line 1"
29.1.1.1.7,8,"	{ e, u, a, {ɑ,ʊ} } > { a, i, u, ə }","Syntax Error: Cannot have nested brackets of the same type     |     { e, u, a, {ɑ,ʊ} } > { a, i, u, ə }     |                ^     @ Rule 1, Line 1"
29.1.1.1.7,9,	C’ > C / _$,"Syntax Error: Unknown character ’ at '0:0:1'.     |     C’ > C / _$     |      ^     @ Rule 1, Line 1"
29.1.1.1.7,10,	Vˀ > V:[-glottalized],"Syntax Error: Unknown feature 'glottalized' at 0:8-20. Did you mean contin?      |     Vˀ > V:[-glottalized]     |             ^^^^^^^^^^^^     @ Rule 1, Line 1"
29.1.1.1.8,0,"	{TŠ,TŠʷ} > TŠ (","Syntax Error: Unknown character Š at '0:0:2'.     |     {TŠ,TŠʷ} > TŠ (     |       ^     @ Rule 1, Line 1"
29.1.1.1.8,1,	TŠ ( > TS in Upper Inlet dialect),"Syntax Error: Unknown character Š at '0:0:1'.     |     TŠ ( > TS in Upper Inlet dialect)     |      ^     @ Rule 1, Line 1"
29.1.1.1.8,2,"	{ e, a, u, {ə,ʊ} } > { a, u, i, ə }","Syntax Error: Cannot have nested brackets of the same type     |     { e, a, u, {ə,ʊ} } > { a, u, i, ə }     |                ^     @ Rule 1, Line 1"
29.1.1.1.8,3,"	{ʃʷ,x {z,ʒʷ,ɣ} > s j","Syntax Error: Cannot have nested brackets of the same type     |     {ʃʷ,x {z,ʒʷ,ɣ} > s j     |           ^     @ Rule 1, Line 1"
29.1.1.1.8,4,	Vˀ > V:[-glottalized],"Syntax Error: Unknown feature 'glottalized' at 0:8-20. Did you mean contin?      |     Vˀ > V:[-glottalized]     |             ^^^^^^^^^^^^     @ Rule 1, Line 1"
29.1.1.1.9,2,"	{ {TŠ,TŠʷ}, [+ cons, - fr, + bk, + hi, - lo], Q } > { TS, TŠ, [+ cons, - fr, + bk, + hi, - lo] }","Syntax Error: Cannot have nested brackets of the same type     |     { {TŠ,TŠʷ}, [+ cons, - fr, + bk, + hi, - lo], Q } > { TS, TŠ, [+ cons, - fr, + bk, + hi, - lo] }     |       ^     @ Rule 1, Line 1"
29.1.1.1.10,0,"	{ TS, [+ cons, - fr, + bk, + hi, - lo] } > { TŠ, TS } / _E","Syntax Error: Unknown character Š at '0:0:46'.     |     { TS, [+ cons, - fr, + bk, + hi, - lo] } > { TŠ, TS } / _E     |                                                   ^     @ Rule 1, Line 1"
29.1.1.1.10,1,"	{ TS, [+ cons, - fr, + bk, + hi, - lo] } > { TH, TŠ }","Syntax Error: Unknown character Š at '0:0:50'.     |     { TS, [+ cons, - fr, + bk, + hi, - lo] } > { TH, TŠ }     |                                                       ^     @ Rule 1, Line 1"
29.1.1.1.10,2,"	{ TŠ, TŠʷ, Q } > { TS, TṢ, [+ cons, - fr, + bk, + hi, - lo] }","Syntax Error: Unknown character Š at '0:0:3'.     |     { TŠ, TŠʷ, Q } > { TS, TṢ, [+ cons, - fr, + bk, + hi, - lo] }     |        ^     @ Rule 1, Line 1"
29.1.1.1.10,4,"	{n,ɲ} > ⁿd͡ʒ / _E:[-nas]","Syntax Error: Unknown grouping 'E'. Known groupings are (C)onsonant, (O)bstruent, (S)onorant, (P)losive, (F)ricative, (L)iquid, (N)asal, (G)lide, and (V)owel     |     {n,ɲ} > ⁿd͡ʒ / _E:[-nas]     |                     ^     @ Rule 1, Line 1"
29.1.1.1.10,6,"	{i,e} > {i,ja} (this latter due to the loss of final consonant͡s within the stem)","Syntax Error: Expected ',', but received 'a'     |     {i,e} > {i,ja} (this latter due to the loss of final consonant͡s within the stem)     |                 ^     @ Rule 1, Line 1"
29.1.1.1.10,7,"	{ a, u, {ɑ,ə}, ʊ } > { {i,e}, ju, a, o }","Syntax Error: Cannot have nested brackets of the same type     |     { a, u, {ɑ,ə}, ʊ } > { {i,e}, ju, a, o }     |             ^     @ Rule 1, Line 1"
29.1.1.1.10,8,	Vˀ > V:[+low tone],"Syntax Error: Unknown feature 'lowtone' at 0:8-17. Did you mean contin?      |     Vˀ > V:[+low tone]     |             ^^^^^^^^^     @ Rule 1, Line 1"
29.1.1.1.11,0,"	{ TS, TŠ, TŠʷ, [+ cons, - fr, + bk, + hi, - lo], Q } > { TH, TS, TṢ, TŠ, [+ cons, - fr, + bk, + hi, - lo] }","Syntax Error: Unknown character Š at '0:0:7'.     |     { TS, TŠ, TŠʷ, [+ cons, - fr, + bk, + hi, - lo], Q } > { TH, TS, TṢ, TŠ, [+ cons, - fr, + bk, + hi, - lo] }     |            ^     @ Rule 1, Line 1"
29.1.1.1.11,1,	n > (ⁿ)d / $_V:[-nas],"Syntax Error: Unknown character ( at '0:0:2'.     |     n > (ⁿ)d / $_V:[-nas]     |       ^     @ Rule 1, Line 1"
29.1.1.1.11,3,"	{ a, ɑ, ə, ʊ } > { æ, a, {ə,ë}, o }","Syntax Error: Cannot have nested brackets of the same type     |     { a, ɑ, ə, ʊ } > { æ, a, {ə,ë}, o }     |                              ^     @ Rule 1, Line 1"
29.1.1.1.11,4,	Vˀ > V:[+low tone],"Syntax Error: Unknown feature 'lowtone' at 0:8-17. Did you mean contin?      |     Vˀ > V:[+low tone]     |             ^^^^^^^^^     @ Rule 1, Line 1"
29.1.1.1.12,0,	TS > TH,"Syntax Error: Unknown grouping 'T'. Known groupings are (C)onsonant, (O)bstruent, (S)onorant, (P)losive, (F)ricative, (L)iquid, (N)asal, (G)lide, and (V)owel     |     TS > TH     |     ^     @ Rule 1, Line 1"
29.1.1.1.12,1,	e > a / in prefixes,"Syntax Error: Expected '_', but received ''     |     e > a / in prefixes     |                        ^     @ Rule 1, Line 1"
29.1.1.1.12,2,"	{ i, e, a, u, {ɑ,ʊ} } > { e, a, ɔ, o, ŭ }","Syntax Error: Cannot have nested brackets of the same type     |     { i, e, a, u, {ɑ,ʊ} } > { e, a, ɔ, o, ŭ }     |                   ^     @ Rule 1, Line 1"
29.1.1.1.12,3,"	{ TS, {TŠ,TŠʷ} } > { TŁ, TS }","Syntax Error: Cannot have nested brackets of the same type     |     { TS, {TŠ,TŠʷ} } > { TŁ, TS }     |           ^     @ Rule 1, Line 1"
29.1.1.1.12,4,	C’ > C / _$,"Syntax Error: Unknown character ’ at '0:0:1'.     |     C’ > C / _$     |      ^     @ Rule 1, Line 1"
29.1.1.1.12,5,	Vˀ > V:[+low tone],"Syntax Error: Unknown feature 'lowtone' at 0:8-17. Did you mean contin?      |     Vˀ > V:[+low tone]     |             ^^^^^^^^^     @ Rule 1, Line 1"
29.1.1.1.12,6,	w ( > b?),"Syntax Error: Expected an IPA character, Primative or Matrix, but received '>'     |     w ( > b?)     |         ^     @ Rule 1, Line 1"
29.1.1.1.12,7,	b?) > m,"Syntax Error: Expected '>', '->' or '=>', but received ')'     |     b?) > m     |       ^     @ Rule 1, Line 1"
29.1.1.1.13,2,"	{ {qʷ,xʷ}, qʷʼ, ɢʷ, ɣʷ } > { xʷ, qʷʼ, ɢʷ, w }","Syntax Error: Cannot have nested brackets of the same type     |     { {qʷ,xʷ}, qʷʼ, ɢʷ, ɣʷ } > { xʷ, qʷʼ, ɢʷ, w }     |       ^     @ Rule 1, Line 1"
29.1.1.1.14,0,"	{ e, a, ɑ, ʊ } > { a, o, ŏ, ŭ }","Syntax Error: Unknown character ŏ at '0:0:25'.     |     { e, a, ɑ, ʊ } > { a, o, ŏ, ŭ }     |                              ^     @ Rule 1, Line 1"
29.1.1.1.14,1,"	{ TS, {TŠ,TŠʷ} } > { TŁ, TS }","Syntax Error: Cannot have nested brackets of the same type     |     { TS, {TŠ,TŠʷ} } > { TŁ, TS }     |           ^     @ Rule 1, Line 1"
29.1.1.1.14,2,	C’ > C / _$,"Syntax Error: Unknown character ’ at '0:0:1'.     |     C’ > C / _$     |      ^     @ Rule 1, Line 1"
29.1.1.1.14,3,	Vˀ > V:[+low tone],"Syntax Error: Unknown feature 'lowtone' at 0:8-17. Did you mean contin?      |     Vˀ > V:[+low tone]     |             ^^^^^^^^^     @ Rule 1, Line 1"
29.1.1.1.14,4,	w ( > b?),"Syntax Error: Expected an IPA character, Primative or Matrix, but received '>'     |     w ( > b?)     |         ^     @ Rule 1, Line 1"
29.1.1.1.14,5,	b?) > m,"Syntax Error: Expected '>', '->' or '=>', but received ')'     |     b?) > m     |       ^     @ Rule 1, Line 1"
29.1.1.1.15,0,"	{ e, a, ɑ, ʊ } > { a, o, ŏ, ŭ }","Syntax Error: Unknown character ŏ at '0:0:25'.     |     { e, a, ɑ, ʊ } > { a, o, ŏ, ŭ }     |                              ^     @ Rule 1, Line 1"
29.1.1.1.15,1,"	{ TS, {TŠ,TŠʷ} } > { TŁ, TS }","Syntax Error: Cannot have nested brackets of the same type     |     { TS, {TŠ,TŠʷ} } > { TŁ, TS }     |           ^     @ Rule 1, Line 1"
29.1.1.1.15,2,"	[+ cons, - fr, + bk, + hi, - lo] > TŠ","Syntax Error: Unknown character Š at '0:0:36'.     |     [+ cons, - fr, + bk, + hi, - lo] > TŠ     |                                         ^     @ Rule 1, Line 1"
29.1.1.1.15,3,	C’ > C / _$,"Syntax Error: Unknown character ’ at '0:0:1'.     |     C’ > C / _$     |      ^     @ Rule 1, Line 1"
29.1.1.1.15,4,	Vˀ > V:[+low tone],"Syntax Error: Unknown feature 'lowtone' at 0:8-17. Did you mean contin?      |     Vˀ > V:[+low tone]     |             ^^^^^^^^^     @ Rule 1, Line 1"
29.1.1.1.15,5,	V:[+low tone] > V:[-tone],"Syntax Error: Unknown feature 'lowtone' at 0:3-12. Did you mean contin?      |     V:[+low tone] > V:[-tone]     |        ^^^^^^^^^     @ Rule 1, Line 1"
29.1.1.1.16,0,"	{ TŠ, TŠʷ, [+ cons, - fr, + bk, + hi, - lo], Q } > { TS, TṢ, TŠ, [+ cons, - fr, + bk, + hi, - lo] }","Syntax Error: Unknown character Š at '0:0:3'.     |     { TŠ, TŠʷ, [+ cons, - fr, + bk, + hi, - lo], Q } > { TS, TṢ, TŠ, [+ cons, - fr, + bk, + hi, - lo] }     |        ^     @ Rule 1, Line 1"
29.1.1.1.16,1,"	{ e, a, {ɑ,ʊ} } > { a, o, ŭ }","Syntax Error: Cannot have nested brackets of the same type     |     { e, a, {ɑ,ʊ} } > { a, o, ŭ }     |             ^     @ Rule 1, Line 1"
29.1.1.1.16,2,	Vˀ > V:[-glottalized],"Syntax Error: Unknown feature 'glottalized' at 0:8-20. Did you mean contin?      |     Vˀ > V:[-glottalized]     |             ^^^^^^^^^^^^     @ Rule 1, Line 1"
29.1.1.1.17,0,"	{ {TŠ,TŠʷ}, [+ cons, - fr, + bk, + hi, - lo], Q } > { TS, TŠ, [+ cons, - fr, + bk, + hi, - lo] }","Syntax Error: Cannot have nested brackets of the same type     |     { {TŠ,TŠʷ}, [+ cons, - fr, + bk, + hi, - lo], Q } > { TS, TŠ, [+ cons, - fr, + bk, + hi, - lo] }     |       ^     @ Rule 1, Line 1"
29.1.1.1.17,1,"	{ ɑ́, ə́, ʊ́ } > { ɑ̄, ə̄, ʊ̄ }","Syntax Error: Unknown character ́ at '0:0:3'.     |     { ɑ́, ə́, ʊ́ } > { ɑ̄, ə̄, ʊ̄ }     |        ^     @ Rule 1, Line 1"
29.1.1.1.17,2,"	{ {e,ə}, ʊ } > { ɑ, u }","Syntax Error: Cannot have nested brackets of the same type     |     { {e,ə}, ʊ } > { ɑ, u }     |       ^     @ Rule 1, Line 1"
29.1.1.1.17,3,	Vˀ > V:[+low tone],"Syntax Error: Unknown feature 'lowtone' at 0:8-17. Did you mean contin?      |     Vˀ > V:[+low tone]     |             ^^^^^^^^^     @ Rule 1, Line 1"
29.1.1.1.18,0,	TS > TH (,"Syntax Error: Unknown grouping 'T'. Known groupings are (C)onsonant, (O)bstruent, (S)onorant, (P)losive, (F)ricative, (L)iquid, (N)asal, (G)lide, and (V)owel     |     TS > TH (     |     ^     @ Rule 1, Line 1"
29.1.1.1.18,1,	TH ( > TS again in some areas),"Syntax Error: Unknown grouping 'T'. Known groupings are (C)onsonant, (O)bstruent, (S)onorant, (P)losive, (F)ricative, (L)iquid, (N)asal, (G)lide, and (V)owel     |     TH ( > TS again in some areas)     |     ^     @ Rule 1, Line 1"
29.1.1.1.18,2,"	{ {TŠ,TŠʷ}, [+ cons, - fr, + bk, + hi, - lo], Q } > { TS, TŠ, Q }","Syntax Error: Cannot have nested brackets of the same type     |     { {TŠ,TŠʷ}, [+ cons, - fr, + bk, + hi, - lo], Q } > { TS, TŠ, Q }     |       ^     @ Rule 1, Line 1"
29.1.1.1.18,3,"	T > TŠ / :{ _i, _e, _u }: // in Ware Sekani","Syntax Error: Unknown character Š at '0:0:5'.     |     T > TŠ / :{ _i, _e, _u }: // in Ware Sekani     |          ^     @ Rule 1, Line 1"
29.1.1.1.18,5,	Vˀ > V:[+high tone],"Syntax Error: Unknown feature 'hightone' at 0:8-18. Did you mean high?      |     Vˀ > V:[+high tone]     |             ^^^^^^^^^^     @ Rule 1, Line 1"
29.1.1.1.19,0,"	[+ cons, - fr, + bk, + hi, - lo] > TS","Syntax Error: Unknown grouping 'T'. Known groupings are (C)onsonant, (O)bstruent, (S)onorant, (P)losive, (F)ricative, (L)iquid, (N)asal, (G)lide, and (V)owel     |     [+ cons, - fr, + bk, + hi, - lo] > TS     |                                        ^     @ Rule 1, Line 1"
29.1.1.1.19,1,"	m > {m,b} (","Syntax Error: Expected end of line, received '('. Did you forget a '/' between the output and environment?     |     m > {m,b} (     |               ^     @ Rule 1, Line 1"
29.1.1.1.19,2,"	{m,b} ( > b seems more common)","Syntax Error: Expected an IPA character, Primative or Matrix, but received '>'     |     {m,b} ( > b seems more common)     |             ^     @ Rule 1, Line 1"
29.1.1.1.19,3,	ɣ > h / in prefixes relating to word derivation,"Syntax Error: Expected '_', but received ''     |     ɣ > h / in prefixes relating to word derivation     |                                                    ^     @ Rule 1, Line 1"
29.1.1.1.19,4,"	VnC > V:[+nas]C / _#, unless C = ʔ","Syntax Error: Expected number, but received ʔ      |     VnC > V:[+nas]C / _#, unless C = ʔ     |                                      ^     @ Rule 1, Line 1"
29.1.1.1.19,5,"	{ t, n, x } > { d, n, h } / in prefixes relating to word derivation","Syntax Error: Expected '_', but received ''     |     { t, n, x } > { d, n, h } / in prefixes relating to word derivation     |                                                                        ^     @ Rule 1, Line 1"
29.1.1.1.20,1,"	{ {s,z}(ʔ), {ʃ,ʒ}(ʔ), {ɬ,ɮ}(ʔ) } > { s, ʃ, ɬ } / _#","Syntax Error: Cannot have nested brackets of the same type     |     { {s,z}(ʔ), {ʃ,ʒ}(ʔ), {ɬ,ɮ}(ʔ) } > { s, ʃ, ɬ } / _#     |       ^     @ Rule 1, Line 1"
29.1.1.1.21,2,	k > t͡ʃ / _E,"Syntax Error: Unknown grouping 'E'. Known groupings are (C)onsonant, (O)bstruent, (S)onorant, (P)losive, (F)ricative, (L)iquid, (N)asal, (G)lide, and (V)owel     |     k > t͡ʃ / _E     |                ^     @ Rule 1, Line 1"
29.1.1.1.21,3,"	{ {xʲ,j}ʔ, {x,ɣ}ʔ } > { ∅, h(ʔ) } / _#","Syntax Error: Cannot have nested brackets of the same type     |     { {xʲ,j}ʔ, {x,ɣ}ʔ } > { ∅, h(ʔ) } / _#     |       ^     @ Rule 1, Line 1"
29.1.1.1.21,4,"	{ Vnʔ, VnC } > { V:[+nas], V:[+nas]C } / _#","Syntax Error: Expected ',', but received 'n'     |     { Vnʔ, VnC } > { V:[+nas], V:[+nas]C } / _#     |        ^     @ Rule 1, Line 1"
29.1.1.1.21,5,"	{ x, ɣ } > { h, ∅ } / _#","Syntax Error: Expected an IPA character, Primative or Matrix, but received '∅'     |     { x, ɣ } > { h, ∅ } / _#     |                     ^     @ Rule 1, Line 1"
29.1.1.1.21,6,"	{d,j} > j / ∅ / _#","Syntax Error: Expected '_', but received '∅'     |     {d,j} > j / ∅ / _#     |                 ^     @ Rule 1, Line 1"
29.1.1.1.22,1,"	{ xʲ, xʔ, j, ɣʔ } > { h, ʔ, ∅, ʔ } / E_#","Syntax Error: Expected ',', but received 'ʔ'     |     { xʲ, xʔ, j, ɣʔ } > { h, ʔ, ∅, ʔ } / E_#     |            ^     @ Rule 1, Line 1"
29.1.1.1.22,2,"	{ xʲ, xʔ, j, ɡʔ } > { ih, iʔ, i, iʔ } / _#","Syntax Error: Expected ',', but received 'ʔ'     |     { xʲ, xʔ, j, ɡʔ } > { ih, iʔ, i, iʔ } / _#     |            ^     @ Rule 1, Line 1"
29.1.1.1.22,3,"	{ xʲʔ, jʔ } > { h, ʔ } / _#","Syntax Error: Expected ',', but received 'ʔ'     |     { xʲʔ, jʔ } > { h, ʔ } / _#     |         ^     @ Rule 1, Line 1"
29.1.1.1.22,6,	j > ɣ / _E,"Syntax Error: Unknown grouping 'E'. Known groupings are (C)onsonant, (O)bstruent, (S)onorant, (P)losive, (F)ricative, (L)iquid, (N)asal, (G)lide, and (V)owel     |     j > ɣ / _E     |              ^     @ Rule 1, Line 1"
29.1.1.1.22,7,"	{ Vnʔ, VnC } > { V:[+nas], V:[+nas]C } / _#","Syntax Error: Expected ',', but received 'n'     |     { Vnʔ, VnC } > { V:[+nas], V:[+nas]C } / _#     |        ^     @ Rule 1, Line 1"
29.1.1.1.23,1,"	{ xʲ, j } > { ʃ, ∅ } / _#","Syntax Error: Expected an IPA character, Primative or Matrix, but received '∅'     |     { xʲ, j } > { ʃ, ∅ } / _#     |                      ^     @ Rule 1, Line 1"
29.1.1.1.23,4,"	{ Vnʔ, VnC } > { V:[+nas], V:[+nas] } / _#","Syntax Error: Expected ',', but received 'n'     |     { Vnʔ, VnC } > { V:[+nas], V:[+nas] } / _#     |        ^     @ Rule 1, Line 1"
29.1.1.1.23,7,	j > ɣ / _E,"Syntax Error: Unknown grouping 'E'. Known groupings are (C)onsonant, (O)bstruent, (S)onorant, (P)losive, (F)ricative, (L)iquid, (N)asal, (G)lide, and (V)owel     |     j > ɣ / _E     |              ^     @ Rule 1, Line 1"
29.1.1.1.24,0,	j > ɣ / _E,"Syntax Error: Unknown grouping 'E'. Known groupings are (C)onsonant, (O)bstruent, (S)onorant, (P)losive, (F)ricative, (L)iquid, (N)asal, (G)lide, and (V)owel     |     j > ɣ / _E     |              ^     @ Rule 1, Line 1"
29.1.1.1.25,1,"	{ xʲ, j } > { ʃ, ∅ } / _#","Syntax Error: Expected an IPA character, Primative or Matrix, but received '∅'     |     { xʲ, j } > { ʃ, ∅ } / _#     |                      ^     @ Rule 1, Line 1"
29.1.1.1.25,6,"	{ {s,z}(ʔ), {ʃ,ʒ}(ʔ), {ɬ,ɮ}(ʔ) } > { s, ʃ, ɬ } / _#","Syntax Error: Cannot have nested brackets of the same type     |     { {s,z}(ʔ), {ʃ,ʒ}(ʔ), {ɬ,ɮ}(ʔ) } > { s, ʃ, ɬ } / _#     |       ^     @ Rule 1, Line 1"
29.1.1.1.26,1,"	{ xʲ, j } > { ʃ, ∅ } / _#","Syntax Error: Expected an IPA character, Primative or Matrix, but received '∅'     |     { xʲ, j } > { ʃ, ∅ } / _#     |                      ^     @ Rule 1, Line 1"
29.1.1.1.26,7,"	{ z(ʔ), ʒ(ʔ), ɮ(ʔ) } > { d͡z, d͡ʒ, d͡ɮ } / _#","Syntax Error: Expected ',', but received '('     |     { z(ʔ), ʒ(ʔ), ɮ(ʔ) } > { d͡z, d͡ʒ, d͡ɮ } / _#     |        ^     @ Rule 1, Line 1"
29.1.1.1.27,0,"	{ɣ,h} > j / in prefixes related to word derivation","Syntax Error: Expected '_', but received ''     |     {ɣ,h} > j / in prefixes related to word derivation     |                                                       ^     @ Rule 1, Line 1"
29.1.1.1.27,1,"	{ xʲ(ʔ), j(ʔ) } > { h, ʔ } / _#","Syntax Error: Expected ',', but received '('     |     { xʲ(ʔ), j(ʔ) } > { h, ʔ } / _#     |         ^     @ Rule 1, Line 1"
29.1.1.1.27,3,"	{x,ɣ}ʔ > {ʔ,ɡ} (Hoijer notes a reflex “-g-”)","Syntax Error: Unknown character “ at '0:0:38'.     |     {x,ɣ}ʔ > {ʔ,ɡ} (Hoijer notes a reflex “-g-”)     |                                           ^     @ Rule 1, Line 1"
29.1.1.1.27,5,	j > ɣ / _E,"Syntax Error: Unknown grouping 'E'. Known groupings are (C)onsonant, (O)bstruent, (S)onorant, (P)losive, (F)ricative, (L)iquid, (N)asal, (G)lide, and (V)owel     |     j > ɣ / _E     |              ^     @ Rule 1, Line 1"
29.1.1.1.27,6,"	{ {s,z}(ʔ), {ʃ,ʒ}(ʔ), {ɬ,ɮ}(ʔ) } > { s, ʃ, ɬ } / _#","Syntax Error: Cannot have nested brackets of the same type     |     { {s,z}(ʔ), {ʃ,ʒ}(ʔ), {ɬ,ɮ}(ʔ) } > { s, ʃ, ɬ } / _#     |       ^     @ Rule 1, Line 1"
29.1.1.1.28,0,"	{ xʲ, {j,ɣ} } > { h, ∅ } / _#","Syntax Error: Cannot have nested brackets of the same type     |     { xʲ, {j,ɣ} } > { h, ∅ } / _#     |           ^     @ Rule 1, Line 1"
29.1.1.1.28,1,"	{ xʲʔ, jʔ } > { h, ʔ } / _#","Syntax Error: Expected ',', but received 'ʔ'     |     { xʲʔ, jʔ } > { h, ʔ } / _#     |         ^     @ Rule 1, Line 1"
29.1.1.1.28,5,"	{ {s,z}(ʔ), {ʃ,ʒ}(ʔ), {ɬ,ɮ}(ʔ) } > { s, ʃ, ɬ } / _#","Syntax Error: Cannot have nested brackets of the same type     |     { {s,z}(ʔ), {ʃ,ʒ}(ʔ), {ɬ,ɮ}(ʔ) } > { s, ʃ, ɬ } / _#     |       ^     @ Rule 1, Line 1"
29.1.1.1.29,2,"	{ {TŠ,TŠʷ}, [+ cons, - fr, + bk, + hi, - lo], Q } > { TS, TŠ, [+ cons, - fr, + bk, + hi, - lo] }","Syntax Error: Cannot have nested brackets of the same type     |     { {TŠ,TŠʷ}, [+ cons, - fr, + bk, + hi, - lo], Q } > { TS, TŠ, [+ cons, - fr, + bk, + hi, - lo] }     |       ^     @ Rule 1, Line 1"
29.1.1.1.30,1,"	{TŠ,TŠʷ} [+ cons, - fr, + bk, + hi, - lo] > TS TŠ (with exceptions)","Syntax Error: Unknown character Š at '0:0:2'.     |     {TŠ,TŠʷ} [+ cons, - fr, + bk, + hi, - lo] > TS TŠ (with exceptions)     |       ^     @ Rule 1, Line 1"
29.1.1.1.30,2,"	Q > [+ cons, - fr, + bk, + hi, - lo]","Syntax Error: Unknown grouping 'Q'. Known groupings are (C)onsonant, (O)bstruent, (S)onorant, (P)losive, (F)ricative, (L)iquid, (N)asal, (G)lide, and (V)owel     |     Q > [+ cons, - fr, + bk, + hi, - lo]     |     ^     @ Rule 1, Line 1"
29.1.1.1.30,5,"	{ t͡s, t͡sʰ, t͡sʼ, {s,z} } > { {kʷ,p}, f, wˀ, w }","Syntax Error: Cannot have nested brackets of the same type     |     { t͡s, t͡sʰ, t͡sʼ, {s,z} } > { {kʷ,p}, f, wˀ, w }     |                        ^     @ Rule 1, Line 1"
29.1.1.1.31,2,"	{ {TŠ,TŠʷ}, [+ cons, - fr, + bk, + hi, - lo], Q } > { TS, TŠ, [+ cons, - fr, + bk, + hi, - lo] }","Syntax Error: Cannot have nested brackets of the same type     |     { {TŠ,TŠʷ}, [+ cons, - fr, + bk, + hi, - lo], Q } > { TS, TŠ, [+ cons, - fr, + bk, + hi, - lo] }     |       ^     @ Rule 1, Line 1"
29.1.1.1.32,2,"	{ {TŠ,TŠʷ}, [+ cons, - fr, + bk, + hi, - lo], Q } > { TS, TŠ, [+ cons, - fr, + bk, + hi, - lo] }","Syntax Error: Cannot have nested brackets of the same type     |     { {TŠ,TŠʷ}, [+ cons, - fr, + bk, + hi, - lo], Q } > { TS, TŠ, [+ cons, - fr, + bk, + hi, - lo] }     |       ^     @ Rule 1, Line 1"
29.1.1.1.33,0,"	{ ɑ, ə, ʊ } > { a, {i,e}, u }","Syntax Error: Cannot have nested brackets of the same type     |     { ɑ, ə, ʊ } > { a, {i,e}, u }     |                        ^     @ Rule 1, Line 1"
29.1.1.1.33,1,	C’ > C / _$,"Syntax Error: Unknown character ’ at '0:0:1'.     |     C’ > C / _$     |      ^     @ Rule 1, Line 1"
29.1.1.1.33,2,"	Q > [+ cons, - fr, + bk, + hi, - lo]","Syntax Error: Unknown grouping 'Q'. Known groupings are (C)onsonant, (O)bstruent, (S)onorant, (P)losive, (F)ricative, (L)iquid, (N)asal, (G)lide, and (V)owel     |     Q > [+ cons, - fr, + bk, + hi, - lo]     |     ^     @ Rule 1, Line 1"
29.1.1.1.34,0,	Vˀ > V:[+high tone],"Syntax Error: Unknown feature 'hightone' at 0:8-18. Did you mean high?      |     Vˀ > V:[+high tone]     |             ^^^^^^^^^^     @ Rule 1, Line 1"
29.1.1.1.34,1,"	{ TS, {TŠ,TŠʷ} } > { TH, TS }","Syntax Error: Cannot have nested brackets of the same type     |     { TS, {TŠ,TŠʷ} } > { TH, TS }     |           ^     @ Rule 1, Line 1"
29.1.1.1.34,2,"	[+ cons, - fr, + bk, + hi, - lo] > TŠ (although /xʲ/ stays as such in a few dialect͡s)","Syntax Error: Unknown character Š at '0:0:36'.     |     [+ cons, - fr, + bk, + hi, - lo] > TŠ (although /xʲ/ stays as such in a few dialect͡s)     |                                         ^     @ Rule 1, Line 1"
29.1.1.1.35,0,"	{ {TŠ,TŠʷ}, TS } > { TS, TSʲ }","Syntax Error: Cannot have nested brackets of the same type     |     { {TŠ,TŠʷ}, TS } > { TS, TSʲ }     |       ^     @ Rule 1, Line 1"
29.1.1.1.36,0,"	{TŠʷ,[+ cons, - fr, + bk, + hi, - lo]} > TŠ (although /xʲ/ stays as such in a few dialect͡s)","Syntax Error: Unknown character Š at '0:0:2'.     |     {TŠʷ,[+ cons, - fr, + bk, + hi, - lo]} > TŠ (although /xʲ/ stays as such in a few dialect͡s)     |       ^     @ Rule 1, Line 1"
29.1.1.1.37,0,"	[+ cons, - fr, + bk, + hi, - lo] > TŠ // _$","Syntax Error: Unknown character Š at '0:0:36'.     |     [+ cons, - fr, + bk, + hi, - lo] > TŠ // _$     |                                         ^     @ Rule 1, Line 1"
29.1.1.1.37,1,"	{ TS, TŠ, TŠʷ, Q } > { TH, TS, TṢ, [+ cons, - fr, + bk, + hi, - lo] }","Syntax Error: Unknown character Š at '0:0:7'.     |     { TS, TŠ, TŠʷ, Q } > { TH, TS, TṢ, [+ cons, - fr, + bk, + hi, - lo] }     |            ^     @ Rule 1, Line 1"
29.1.1.1.37,2,	S’ > S / _$,"Syntax Error: Unknown character ’ at '0:0:1'.     |     S’ > S / _$     |      ^     @ Rule 1, Line 1"
29.1.1.1.37,3,	Vˀ > V:[+high tone],"Syntax Error: Unknown feature 'hightone' at 0:8-18. Did you mean high?      |     Vˀ > V:[+high tone]     |             ^^^^^^^^^^     @ Rule 1, Line 1"
29.1.1.1.37,7,	ʃ > h / in the 1sg subject prefix,"Syntax Error: Expected '_', but received ''     |     ʃ > h / in the 1sg subject prefix     |                                      ^     @ Rule 1, Line 1"
29.1.1.1.37,8,	ɬ > h / in the grammatical classifier,"Syntax Error: Expected '_', but received ''     |     ɬ > h / in the grammatical classifier     |                                          ^     @ Rule 1, Line 1"
29.1.1.1.37,9,"	{ ɑ, ə, ʊ } > { {æ̆,ă}, æ̆, ŏ }","Syntax Error: Cannot have nested brackets of the same type     |     { ɑ, ə, ʊ } > { {æ̆,ă}, æ̆, ŏ }     |                     ^     @ Rule 1, Line 1"
29.1.1.1.38,0,"	[+ cons, - fr, + bk, + hi, - lo] > TŠ // _$","Syntax Error: Unknown character Š at '0:0:36'.     |     [+ cons, - fr, + bk, + hi, - lo] > TŠ // _$     |                                         ^     @ Rule 1, Line 1"
29.1.1.1.38,1,"	{ TS, TŠ, TŠᵚ, Q } > { TH, TS, TṢ, [+ cons, - fr, + bk, + hi, - lo] }","Syntax Error: Unknown character Š at '0:0:7'.     |     { TS, TŠ, TŠᵚ, Q } > { TH, TS, TṢ, [+ cons, - fr, + bk, + hi, - lo] }     |            ^     @ Rule 1, Line 1"
29.1.1.1.38,2,	S’ > S / _$,"Syntax Error: Unknown character ’ at '0:0:1'.     |     S’ > S / _$     |      ^     @ Rule 1, Line 1"
29.1.1.1.38,3,"	Vˀ > V:[+low tone] (“since then partially neutralized in noun and verb stems, but ‘still clear in verbal prefixes’”)","Syntax Error: Unknown feature 'lowtone' at 0:8-17. Did you mean contin?      |     Vˀ > V:[+low tone] (“since then partially neutralized in noun and verb stems, but ‘still clear in verbal prefixes’”)     |             ^^^^^^^^^     @ Rule 1, Line 1"
29.1.1.1.38,4,"	{ e, a, {ɑ,ʊ} } > { æ, ɔ, ŭ }","Syntax Error: Cannot have nested brackets of the same type     |     { e, a, {ɑ,ʊ} } > { æ, ɔ, ŭ }     |             ^     @ Rule 1, Line 1"
29.1.1.1.39,0,"	[+ cons, - fr, + bk, + hi, - lo] > TŠ // _$","Syntax Error: Unknown character Š at '0:0:36'.     |     [+ cons, - fr, + bk, + hi, - lo] > TŠ // _$     |                                         ^     @ Rule 1, Line 1"
29.1.1.1.39,1,"	{ TS, TŠ, TŠʷ, Q } > { TH, TS, TṢ, [+ cons, - fr, + bk, + hi, - lo] }","Syntax Error: Unknown character Š at '0:0:7'.     |     { TS, TŠ, TŠʷ, Q } > { TH, TS, TṢ, [+ cons, - fr, + bk, + hi, - lo] }     |            ^     @ Rule 1, Line 1"
29.1.1.1.39,2,	S’ > S / _$,"Syntax Error: Unknown character ’ at '0:0:1'.     |     S’ > S / _$     |      ^     @ Rule 1, Line 1"
29.1.1.1.39,5,"	{A,F} > ∅ / _$; diphthongs","Syntax Error: Malformed Comment: Expected ';;', but received '; ' at 0:0:15     |     {A,F} > ∅ / _$; diphthongs     |                    ^     @ Rule 1, Line 1"
29.1.1.1.39,6,	ʃ > h / in the 1sg subject prefix,"Syntax Error: Expected '_', but received ''     |     ʃ > h / in the 1sg subject prefix     |                                      ^     @ Rule 1, Line 1"
29.1.1.1.39,7,	ɬ > h / in the grammatical classifier,"Syntax Error: Expected '_', but received ''     |     ɬ > h / in the grammatical classifier     |                                          ^     @ Rule 1, Line 1"
29.1.1.1.39,8,"	{ {a,ɑ}, e, i, u, ʊ } > { e(a), {i,ea}, ju, {a,ɨ}, o }","Syntax Error: Cannot have nested brackets of the same type     |     { {a,ɑ}, e, i, u, ʊ } > { e(a), {i,ea}, ju, {a,ɨ}, o }     |       ^     @ Rule 1, Line 1"
29.1.1.1.39,9,"	ə > {a,ɨ} (","Syntax Error: Expected end of line, received '('. Did you forget a '/' between the output and environment?     |     ə > {a,ɨ} (     |               ^     @ Rule 1, Line 1"
29.1.1.1.39,10,"	{a,ɨ} ( > ø in the Northway dialect)","Syntax Error: Expected an IPA character, Primative or Matrix, but received '>'     |     {a,ɨ} ( > ø in the Northway dialect)     |             ^     @ Rule 1, Line 1"
29.1.1.1.39,11,	Vˀ > V:[+low tone] (,"Syntax Error: Unknown feature 'lowtone' at 0:8-17. Did you mean contin?      |     Vˀ > V:[+low tone] (     |             ^^^^^^^^^     @ Rule 1, Line 1"
29.1.1.1.39,12,	V:[+low tone] ( > V:[-tone] in “young speakers by 1980”),"Syntax Error: Unknown feature 'lowtone' at 0:3-12. Did you mean contin?      |     V:[+low tone] ( > V:[-tone] in “young speakers by 1980”)     |        ^^^^^^^^^     @ Rule 1, Line 1"
29.1.1.1.40,0,	TŠ > TS,"Syntax Error: Unknown character Š at '0:0:1'.     |     TŠ > TS     |      ^     @ Rule 1, Line 1"
29.1.1.1.40,1,"	{ [+ cons, - fr, + bk, + hi, - lo], Q } > { TŠ, [+ cons, - fr, + bk, + hi, - lo] }","Syntax Error: Unknown character Š at '0:0:45'.     |     { [+ cons, - fr, + bk, + hi, - lo], Q } > { TŠ, [+ cons, - fr, + bk, + hi, - lo] }     |                                                  ^     @ Rule 1, Line 1"
29.1.1.1.41,0,"	{ TS, {TŠ,TŠʷ} } > { TH, TS }","Syntax Error: Cannot have nested brackets of the same type     |     { TS, {TŠ,TŠʷ} } > { TH, TS }     |           ^     @ Rule 1, Line 1"
29.1.1.1.41,1,"	[+ cons, - fr, + bk, + hi, - lo] > TŠ (although /xʲ/ remained as such in a few dialect͡s)","Syntax Error: Unknown character Š at '0:0:36'.     |     [+ cons, - fr, + bk, + hi, - lo] > TŠ (although /xʲ/ remained as such in a few dialect͡s)     |                                         ^     @ Rule 1, Line 1"
29.1.1.1.41,2,"	Q > [+ cons, - fr, + bk, + hi, - lo]","Syntax Error: Unknown grouping 'Q'. Known groupings are (C)onsonant, (O)bstruent, (S)onorant, (P)losive, (F)ricative, (L)iquid, (N)asal, (G)lide, and (V)owel     |     Q > [+ cons, - fr, + bk, + hi, - lo]     |     ^     @ Rule 1, Line 1"
29.1.1.1.41,3,"	{ɑ,ə,ʊ} > {a,o}","Runtime Error: Two matched sets must have the same number of elements     |     {ɑ,ə,ʊ} > {a,o}     |     ^^^^^^^   ^^^^^     @ Rule 1, Line 1"
29.1.1.1.41,4,	Vˀ > V:[+high tone],"Syntax Error: Unknown feature 'hightone' at 0:8-18. Did you mean high?      |     Vˀ > V:[+high tone]     |             ^^^^^^^^^^     @ Rule 1, Line 1"
29.1.1.1.42,0,"	{ TS, {TŠ,TŠʷ} } > { TH, TS }","Syntax Error: Cannot have nested brackets of the same type     |     { TS, {TŠ,TŠʷ} } > { TH, TS }     |           ^     @ Rule 1, Line 1"
29.1.1.1.42,1,"	[+ cons, - fr, + bk, + hi, - lo] > TŠ (although /xʲ/ remained as such in a few dialect͡s)","Syntax Error: Unknown character Š at '0:0:36'.     |     [+ cons, - fr, + bk, + hi, - lo] > TŠ (although /xʲ/ remained as such in a few dialect͡s)     |                                         ^     @ Rule 1, Line 1"
29.1.1.1.42,2,"	Q > [+ cons, - fr, + bk, + hi, - lo]","Syntax Error: Unknown grouping 'Q'. Known groupings are (C)onsonant, (O)bstruent, (S)onorant, (P)losive, (F)ricative, (L)iquid, (N)asal, (G)lide, and (V)owel     |     Q > [+ cons, - fr, + bk, + hi, - lo]     |     ^     @ Rule 1, Line 1"
29.1.1.1.42,4,"	{ɑ,ə,ʊ} > {a,o}","Runtime Error: Two matched sets must have the same number of elements     |     {ɑ,ə,ʊ} > {a,o}     |     ^^^^^^^   ^^^^^     @ Rule 1, Line 1"
29.1.1.1.42,5,	Vˀ > V:[+low tone],"Syntax Error: Unknown feature 'lowtone' at 0:8-17. Did you mean contin?      |     Vˀ > V:[+low tone]     |             ^^^^^^^^^     @ Rule 1, Line 1"
29.1.1.1.42,6,"	A > F (some slight POA changes; alveolars become dentals, for instance)","Syntax Error: Malformed Comment: Expected ';;', but received '; ' at 0:0:31     |     A > F (some slight POA changes; alveolars become dentals, for instance)     |                                    ^     @ Rule 1, Line 1"
29.1.2,0,"	{ kʲ, kʲʼ, ɡʲ, xʲ } > { t͡s, t͡sʼ, d͡z, {s,ʃ} }","Syntax Error: Cannot have nested brackets of the same type     |     { kʲ, kʲʼ, ɡʲ, xʲ } > { t͡s, t͡sʼ, d͡z, {s,ʃ} }     |                                             ^     @ Rule 1, Line 1"
29.1.2,1,"	[+ cons, - fr, + bk, + hi, - lo]ʷ > [+ cons, - fr, + bk, + hi, - lo]","Syntax Error: Expected '>', '->' or '=>', but received 'ʷ'     |     [+ cons, - fr, + bk, + hi, - lo]ʷ > [+ cons, - fr, + bk, + hi, - lo]     |                                     ^     @ Rule 1, Line 1"
29.2,0,	s > s : ɬ,"Syntax Error: Expected '[', but received 'ɬ'     |     s > s : ɬ     |             ^     @ Rule 1, Line 1"
29.2,1,	t͡s > t͡s : t͡ɬ,"Syntax Error: Expected '[', but received 't͡ɬ'     |     t͡s > t͡s : t͡ɬ     |                 ^^^     @ Rule 1, Line 1"
29.2,2,"	t͡sʼ > {sʼ,t͡sʼ} : {ɬ,t͡ɬʼ}","Syntax Error: Expected end of line, received ':'. Did you forget a '/' between the output and environment?     |     t͡sʼ > {sʼ,t͡sʼ} : {ɬ,t͡ɬʼ}     |                      ^     @ Rule 1, Line 1"
29.2,3,"	ʃ > {ʃ,s} : ɬ","Syntax Error: Expected end of line, received ':'. Did you forget a '/' between the output and environment?     |     ʃ > {ʃ,s} : ɬ     |               ^     @ Rule 1, Line 1"
29.2,4,"	t͡ʃ > {t͡ʃ,t͡s} : t͡ɬ","Syntax Error: Expected end of line, received ':'. Did you forget a '/' between the output and environment?     |     t͡ʃ > {t͡ʃ,t͡s} : t͡ɬ     |                     ^     @ Rule 1, Line 1"
29.2,5,"	t͡ʃʼ > {sʼ,t͡ʃʼ} : t͡ɬʼ","Syntax Error: Expected end of line, received ':'. Did you forget a '/' between the output and environment?     |     t͡ʃʼ > {sʼ,t͡ʃʼ} : t͡ɬʼ     |                      ^     @ Rule 1, Line 1"
29.2,6,"	{ kʲ, kʲʼ } > { {k,ʃ}, kʼ }","Syntax Error: Cannot have nested brackets of the same type     |     { kʲ, kʲʼ } > { {k,ʃ}, kʼ }     |                     ^     @ Rule 1, Line 1"
29.2,10,"	{ qʼ, qʷʼ } > { χʷʼ, {χʼ,qʷʼ} }","Syntax Error: Cannot have nested brackets of the same type     |     { qʼ, qʷʼ } > { χʷʼ, {χʼ,qʷʼ} }     |                          ^     @ Rule 1, Line 1"
30.1,1,"	{ u, ũ } > { i, ı̃ } / #:[-labial]_","Syntax Error: Unknown character ũ at '0:0:5'.     |     { u, ũ } > { i, ı̃ } / #:[-labial]_     |          ^     @ Rule 1, Line 1"
30.1,2,"	{ ʋ̃, ɪ̃ } > { ũ, ı̃ } / #N:[-labial]_","Syntax Error: Unknown character ũ at '0:0:15'.     |     { ʋ̃, ɪ̃ } > { ũ, ı̃ } / #N:[-labial]_     |                    ^     @ Rule 1, Line 1"
30.1,3,"	{ i, ı̃, V:[-round] } > { uɪ, uɪ̃, V:[+round] } / Cʷ_","Syntax Error: Unknown character ı at '0:0:5'.     |     { i, ı̃, V:[-round] } > { uɪ, uɪ̃, V:[+round] } / Cʷ_     |          ^     @ Rule 1, Line 1"
30.1,4,	ʋ̃ > ʋ / #:[-labial]_,"Syntax Error: Expected '_', but received ':'     |     ʋ̃ > ʋ / #:[-labial]_     |               ^     @ Rule 1, Line 1"
30.1,5,"	{ ʄ, C } > { c, R } / #_","Syntax Error: Unknown grouping 'R'. Known groupings are (C)onsonant, (O)bstruent, (S)onorant, (P)losive, (F)ricative, (L)iquid, (N)asal, (G)lide, and (V)owel     |     { ʄ, C } > { c, R } / #_     |                     ^     @ Rule 1, Line 1"
30.1,9,"	ɪ̃ > ɛ̃ / #{ CV, V }_C","Syntax Error: Expected ',', but received 'V'     |     ɪ̃ > ɛ̃ / #{ CV, V }_C     |                   ^     @ Rule 1, Line 1"
30.1,11,"	{ ɪ, ɪ̃ } > { i, ı̃ } / #{ CV, V }:[-high]C_","Syntax Error: Unknown character ı at '0:0:17'.     |     { ɪ, ɪ̃ } > { i, ı̃ } / #{ CV, V }:[-high]C_     |                      ^     @ Rule 1, Line 1"
30.1,12,"	ʋ̃ > m / #{ CV, V }_","Syntax Error: Expected ',', but received 'V'     |     ʋ̃ > m / #{ CV, V }_     |                  ^     @ Rule 1, Line 1"
30.1,13,"	O:[+nas -voiced] > O:[-nas] / #{ CV, V }C_","Syntax Error: Unknown feature 'voiced' at 0:8-15. Did you mean voice?      |     O:[+nas -voiced] > O:[-nas] / #{ CV, V }C_     |             ^^^^^^^     @ Rule 1, Line 1"
30.1.1,0,"	{ S:[+lenis], N:[+lenis] } > { S:[-lenis], N:[-lenis] } / in C position","Syntax Error: Unknown feature 'lenis' at 0:5-11. Did you mean tens?      |     { S:[+lenis], N:[+lenis] } > { S:[-lenis], N:[-lenis] } / in C position     |          ^^^^^^     @ Rule 1, Line 1"
30.1.1,1,"	{ N:[+lenis], N:[-lenis] } > { N:[-lenis], ⁿS } / in C position","Syntax Error: Unknown feature 'lenis' at 0:5-11. Did you mean tens?      |     { N:[+lenis], N:[-lenis] } > { N:[-lenis], ⁿS } / in C position     |          ^^^^^^     @ Rule 1, Line 1"
30.1.1,2,	d > d / in C position,"Syntax Error: Expected '_', but received ''     |     d > d / in C position     |                          ^     @ Rule 1, Line 1"
30.1.1.1,0,"	{ i, u, VS } > { j, w, A } / _V:[+high +ATR]","Syntax Error: Expected ',', but received 'S'     |     { i, u, VS } > { j, w, A } / _V:[+high +ATR]     |              ^     @ Rule 1, Line 1"
30.1.1.1,1,	S > Sʰ,"Syntax Error: Expected end of line, received 'ʰ'. Did you forget a '/' between the output and environment?     |     S > Sʰ     |          ^     @ Rule 1, Line 1"
30.1.1.1,2,	Sʰ > Aʰ,"Syntax Error: Expected '>', '->' or '=>', but received 'ʰ'     |     Sʰ > Aʰ     |      ^     @ Rule 1, Line 1"
30.1.1.1,3,"	{ V:[+high, +ATR] } > { V:[+high, -ATR] }","Syntax Error: Unknown feature 'TR' at 0:34-38. Did you mean rt?      |     { V:[+high, +ATR] } > { V:[+high, -ATR] }     |                                       ^^^^     @ Rule 1, Line 1"
30.1.1.1,5,	NC > N:[+same POA]C / #_ (,"Syntax Error: Unknown feature 'samePOA' at 0:8-17. Did you mean lateral?      |     NC > N:[+same POA]C / #_ (     |             ^^^^^^^^^     @ Rule 1, Line 1"
30.1.1.1,6,"	t d l > {ʈ,tʲ} {ɖ,dʲ} {ɭ,lʲ,ʎ} (The paper is a bit unclear as to which is meant, as the transcription and the textual aspect͡s of the paper seem to disagree here)","Syntax Error: Expected end of line, received '('. Did you forget a '/' between the output and environment?     |     t d l > {ʈ,tʲ} {ɖ,dʲ} {ɭ,lʲ,ʎ} (The paper is a bit unclear as to which is meant, as the transcription and the textual aspect͡s of the paper seem to disagree here)     |                                    ^     @ Rule 1, Line 1"
30.1.1.1,7,"	{ p, t, d, c, ɟ, k, ɡ } > { ɸ, ɹ, {d,l}, tʰ, ∅, h, {∅,ɡ} }","Syntax Error: Cannot have nested brackets of the same type     |     { p, t, d, c, ɟ, k, ɡ } > { ɸ, ɹ, {d,l}, tʰ, ∅, h, {∅,ɡ} }     |                                       ^     @ Rule 1, Line 1"
30.1.1.1,8,	∅ > ɡ / #n_V (,"Syntax Error: Expected an IPA character, Primative or Matrix, but received ''     |     ∅ > ɡ / #n_V (     |                   ^     @ Rule 1, Line 1"
30.1.1.2,0,"	{ {p,t,t͡ʃ,k}, {mp,nt,ɲt͡ʃ,nk}, {(m)b,(n)d,(ɲ)d͡ʒ,(n)ɡ}, {m,n} } > { s, t͡sʰ, t͡s, ɲ } / _iV","Syntax Error: Cannot have nested brackets of the same type     |     { {p,t,t͡ʃ,k}, {mp,nt,ɲt͡ʃ,nk}, {(m)b,(n)d,(ɲ)d͡ʒ,(n)ɡ}, {m,n} } > { s, t͡sʰ, t͡s, ɲ } / _iV     |       ^     @ Rule 1, Line 1"
30.1.1.2,1,"	{ {t͡ʃ,k}, {nt͡ʃ,nk,r}, {ɲd͡ʒ,nɡ}, mp, mb, p, b, {d,l}, m, n } > { s, t͡sʰ, t͡s, t͡ʃʰʷ, t͡ʃʷ, ʃʷ, d͡ʒʷ, d͡ʒ, ŋʷ, ɲ } / :{ _ɪV, _eV }:","Syntax Error: Cannot have nested brackets of the same type     |     { {t͡ʃ,k}, {nt͡ʃ,nk,r}, {ɲd͡ʒ,nɡ}, mp, mb, p, b, {d,l}, m, n } > { s, t͡sʰ, t͡s, t͡ʃʰʷ, t͡ʃʷ, ʃʷ, d͡ʒʷ, d͡ʒ, ŋʷ, ɲ } / :{ _ɪV, _eV }:     |       ^     @ Rule 1, Line 1"
30.1.1.2,2,"	{ {p,t,t͡ʃ,k}, {mp,nt,ɲt͡ʃ,nk}, {(m)b,(n)d,(ɲ)d͡ʒ,(n)ɡ}, {m,n,ɲ} } > { sʷ, t͡sʰw, t͡sʷ, ɲʷ } / _iV","Syntax Error: Cannot have nested brackets of the same type     |     { {p,t,t͡ʃ,k}, {mp,nt,ɲt͡ʃ,nk}, {(m)b,(n)d,(ɲ)d͡ʒ,(n)ɡ}, {m,n,ɲ} } > { sʷ, t͡sʰw, t͡sʷ, ɲʷ } / _iV     |       ^     @ Rule 1, Line 1"
30.1.1.2,3,"	{ mp, mb, p, b, m } > { t͡ʃʰʷ, t͡ʃʷ, ʃʷ, d͡ʒʷ, ŋʷ } / :{ _ʊV, _oV }:","Syntax Error: Expected ',', but received 'p'     |     { mp, mb, p, b, m } > { t͡ʃʰʷ, t͡ʃʷ, ʃʷ, d͡ʒʷ, ŋʷ } / :{ _ʊV, _oV }:     |        ^     @ Rule 1, Line 1"
30.1.1.2,4,"	{ {t͡ʃ,k}, {ɲt͡ʃ,nk}, {nd͡ʒ,nɡ} } > { s, t͡sʰ, t͡s } / :{ _i, _ɪ, _e }:","Syntax Error: Cannot have nested brackets of the same type     |     { {t͡ʃ,k}, {ɲt͡ʃ,nk}, {nd͡ʒ,nɡ} } > { s, t͡sʰ, t͡s } / :{ _i, _ɪ, _e }:     |       ^     @ Rule 1, Line 1"
30.1.1.2,5,"	{ nk, k } > { kʰ, h } / _u","Syntax Error: Expected ',', but received 'k'     |     { nk, k } > { kʰ, h } / _u     |        ^     @ Rule 1, Line 1"
30.1.1.2,6,"	{ mp, nt, ɲt͡ʃ, nk, mp, nd, ɲd͡ʒ, nɡ } > { pʰ, tʰ, t͡ɬʰ, qʰ, p, t, t͡ɬ, k }","Syntax Error: Expected ',', but received 'p'     |     { mp, nt, ɲt͡ʃ, nk, mp, nd, ɲd͡ʒ, nɡ } > { pʰ, tʰ, t͡ɬʰ, qʰ, p, t, t͡ɬ, k }     |        ^     @ Rule 1, Line 1"
30.1.1.2,7,"	{ p, t, t͡ʃ, k, {d͡ʒ,ɡ}, ɲ } > { h, r, t͡ɬʰ, χ, ∅, n }","Syntax Error: Cannot have nested brackets of the same type     |     { p, t, t͡ʃ, k, {d͡ʒ,ɡ}, ɲ } > { h, r, t͡ɬʰ, χ, ∅, n }     |                     ^     @ Rule 1, Line 1"
30.1.1.3.1,0,"	{ ntç, tç } > { (n̪)t̪ʰ, t̪ }","Syntax Error: Expected ',', but received 't'     |     { ntç, tç } > { (n̪)t̪ʰ, t̪ }     |        ^     @ Rule 1, Line 1"
30.1.1.3.1,1,"	{ndʲ,nz} > n̪d̪","Syntax Error: Expected ',', but received 'd'     |     {ndʲ,nz} > n̪d̪     |       ^     @ Rule 1, Line 1"
30.1.1.3.2,0,"	{ ntç, tç } > { (n̪)t̪ʰ, t̪ }","Syntax Error: Expected ',', but received 't'     |     { ntç, tç } > { (n̪)t̪ʰ, t̪ }     |        ^     @ Rule 1, Line 1"
30.1.1.3.2,1,"	{ndʲ,nz} ɲz > n̪d̪ n̪ ð","Syntax Error: Expected ',', but received 'd'     |     {ndʲ,nz} ɲz > n̪d̪ n̪ ð     |       ^     @ Rule 1, Line 1"
30.1.1.3.3,0,"	{ ntç, tç } > { (n̪)t̪ʰ, t̪ }","Syntax Error: Expected ',', but received 't'     |     { ntç, tç } > { (n̪)t̪ʰ, t̪ }     |        ^     @ Rule 1, Line 1"
30.1.1.3.4,0,"	{ ntç, tç } > { (n̪)t̪ʰ, t̪ }","Syntax Error: Expected ',', but received 't'     |     { ntç, tç } > { (n̪)t̪ʰ, t̪ }     |        ^     @ Rule 1, Line 1"
30.1.1.3.4,1,"	{ {ndʲ,nz}, z } > { n̪d̪, ð }","Syntax Error: Cannot have nested brackets of the same type     |     { {ndʲ,nz}, z } > { n̪d̪, ð }     |       ^     @ Rule 1, Line 1"
30.1.2,0,"	{ ’p, ’t, ’d/d, c, {’ɟ}, ’k, ɡ } > { f, l, ɟ, s, ∅, {w,∅}, {k,w} } / in C position","Syntax Error: Unknown character ’ at '0:0:2'.     |     { ’p, ’t, ’d/d, c, {’ɟ}, ’k, ɡ } > { f, l, ɟ, s, ∅, {w,∅}, {k,w} } / in C position     |       ^     @ Rule 1, Line 1"
30.1.2,1,	N:[+lenis] > N:[-lenis] / in C position,"Syntax Error: Unknown feature 'lenis' at 0:3-9. Did you mean tens?      |     N:[+lenis] > N:[-lenis] / in C position     |        ^^^^^^     @ Rule 1, Line 1"
30.1.2,2,"	{ p, t, ’t, {’d,d}, c, k, ’k } > { b, d, l, {l,∅}, ɟ, ɡ, ∅ } / in C position","Syntax Error: Unknown character ’ at '0:0:8'.     |     { p, t, ’t, {’d,d}, c, k, ’k } > { b, d, l, {l,∅}, ɟ, ɡ, ∅ } / in C position     |             ^     @ Rule 1, Line 1"
30.1.2,3,"	{ ’m, m, ’n, n, {’ɲ,ɲ}, ŋ } > { m, {ᵐb,m}, n, {ⁿd,n}, ɲ, {ᵑɡ,ŋ} } / in C position","Syntax Error: Unknown character ’ at '0:0:2'.     |     { ’m, m, ’n, n, {’ɲ,ɲ}, ŋ } > { m, {ᵐb,m}, n, {ⁿd,n}, ɲ, {ᵑɡ,ŋ} } / in C position     |       ^     @ Rule 1, Line 1"
30.1.2,4,"	{ {u,o}, {ɛ,e,i} } > { w, j } / C_a in noun root͡s","Syntax Error: Cannot have nested brackets of the same type     |     { {u,o}, {ɛ,e,i} } > { w, j } / C_a in noun root͡s     |       ^     @ Rule 1, Line 1"
30.1.2,5,"	{ {u,o}, {ɛ,e,i} } > { w, j } / C_(a) in verb root͡s","Syntax Error: Cannot have nested brackets of the same type     |     { {u,o}, {ɛ,e,i} } > { w, j } / C_(a) in verb root͡s     |       ^     @ Rule 1, Line 1"
30.1.2,6,"	{ {u,o}, {ɛ,e,i} } > { w, j } / C_$V in noun class prefixes","Syntax Error: Cannot have nested brackets of the same type     |     { {u,o}, {ɛ,e,i} } > { w, j } / C_$V in noun class prefixes     |       ^     @ Rule 1, Line 1"
30.1.2,7,	f > h (perhaps not in all languages?),"Syntax Error: Expected end of line, received '('. Did you forget a '/' between the output and environment?     |     f > h (perhaps not in all languages?)     |           ^     @ Rule 1, Line 1"
30.2,0,"	C > J:[+nas] / #{ CV, V }:[+nas]_","Syntax Error: Unknown grouping 'J'. Known groupings are (C)onsonant, (O)bstruent, (S)onorant, (P)losive, (F)ricative, (L)iquid, (N)asal, (G)lide, and (V)owel     |     C > J:[+nas] / #{ CV, V }:[+nas]_     |         ^     @ Rule 1, Line 1"
30.2,1,"	ɰɰ̃ > l l̃ / #{ CV, V }_","Syntax Error: Expected ',', but received 'V'     |     ɰɰ̃ > l l̃ / #{ CV, V }_     |                      ^     @ Rule 1, Line 1"
30.2,2,"	C > J / #{ CV, V }_","Syntax Error: Unknown grouping 'J'. Known groupings are (C)onsonant, (O)bstruent, (S)onorant, (P)losive, (F)ricative, (L)iquid, (N)asal, (G)lide, and (V)owel     |     C > J / #{ CV, V }_     |         ^     @ Rule 1, Line 1"
30.2,3,	ɪ(Cɪ) > e(Ci) / t_; vowel nasalizations are retained either way on each,"Syntax Error: Malformed Comment: Expected ';;', but received '; ' at 0:0:19     |     ɪ(Cɪ) > e(Ci) / t_; vowel nasalizations are retained either way on each     |                        ^     @ Rule 1, Line 1"
30.2,4,"	{ ɟ, ʄ, j, c, ɠʷ } > { c, ɟ, ʄ, t, ɠ̥p }","Syntax Error: Expected ',', but received 'p'     |     { ɟ, ʄ, j, c, ɠʷ } > { c, ɟ, ʄ, t, ɠ̥p }     |                                          ^     @ Rule 1, Line 1"
30.2,5,	(N)V:[+mid +nas](l̃) > CV:[-nas]n,"Syntax Error: Unknown feature 'mid' at 0:6-11. Did you mean man?      |     (N)V:[+mid +nas](l̃) > CV:[-nas]n     |           ^^^^^     @ Rule 1, Line 1"
30.2,6,"	V:[+nas](ʋ̃,l̃) > V:[-nas](m,n) / #J:[+voice]_","Syntax Error: Expected ':', but received 'l'     |     V:[+nas](ʋ̃,l̃) > V:[-nas](m,n) / #J:[+voice]_     |                 ^     @ Rule 1, Line 1"
30.2.1,0,"	{ V:[+high, +ATR](C(V:[+high, -ATR])) } > { #(C)V:[-high, +ATR](CV:[+high, +ATR]) } / #J:[+dorsal -voiced]_","Syntax Error: Cannot have nested brackets of the same type     |     { V:[+high, +ATR](C(V:[+high, -ATR])) } > { #(C)V:[-high, +ATR](CV:[+high, +ATR]) } / #J:[+dorsal -voiced]_     |                        ^     @ Rule 1, Line 1"
30.2.1,1,"	ɛ > ia / #{ C_, _ }","Syntax Error: Expected ',', but received '_'     |     ɛ > ia / #{ C_, _ }     |                  ^     @ Rule 1, Line 1"
30.2.1,2,"	{ R:[-voice], R:[+voice], W } > { Z:[-voice], O:[-voice], F } / #_","Syntax Error: Unknown grouping 'R'. Known groupings are (C)onsonant, (O)bstruent, (S)onorant, (P)losive, (F)ricative, (L)iquid, (N)asal, (G)lide, and (V)owel     |     { R:[-voice], R:[+voice], W } > { Z:[-voice], O:[-voice], F } / #_     |       ^     @ Rule 1, Line 1"
30.2.1,5,	h > ɲı̃ / #_ã,"Syntax Error: Unknown character ı at '0:0:5'.     |     h > ɲı̃ / #_ã     |          ^     @ Rule 1, Line 1"
30.2.1.1,1,	C:[+dorsal] > Cʷ / _V:[+round],"Syntax Error: Expected end of line, received 'ʷ'. Did you forget a '/' between the output and environment?     |     C:[+dorsal] > Cʷ / _V:[+round]     |                    ^     @ Rule 1, Line 1"
30.2.1.1,6,"	{ {p,ʋ̃}, c, k͜p } > { f, s, p } / #_","Syntax Error: Cannot have nested brackets of the same type     |     { {p,ʋ̃}, c, k͜p } > { f, s, p } / #_     |       ^     @ Rule 1, Line 1"
30.2.1.1,7,"	n > ŋ / #{ CV, V }_","Syntax Error: Expected ',', but received 'V'     |     n > ŋ / #{ CV, V }_     |                 ^     @ Rule 1, Line 1"
30.2.1.1,8,"	N > S (I’m not sure what’s going on here in the paper, but here it is presented anyway for your enjoyment)","Syntax Error: Unknown character ’ at '0:0:8'.     |     N > S (I’m not sure what’s going on here in the paper, but here it is presented anyway for your enjoyment)     |             ^     @ Rule 1, Line 1"
30.2.1.1,9,"	V > ∅ / #{ CV, V }C:[-coronal]_","Syntax Error: Expected ',', but received 'V'     |     V > ∅ / #{ CV, V }C:[-coronal]_     |                 ^     @ Rule 1, Line 1"
30.2.1.1,10,"	{ ʋ, l } > { w, ɹ } / #{ CV, V }_","Syntax Error: Expected ',', but received 'V'     |     { ʋ, l } > { w, ɹ } / #{ CV, V }_     |                               ^     @ Rule 1, Line 1"
30.2.1.1,11,"	V:[+high] > V:[+nas] / #{ C_, _ }N","Syntax Error: Expected ',', but received '_'     |     V:[+high] > V:[+nas] / #{ C_, _ }N     |                                ^     @ Rule 1, Line 1"
30.2.1.1,13,	ı̃ > ∅ / #_ã,"Syntax Error: Unknown character ı at '0:0:0'.     |     ı̃ > ∅ / #_ã     |     ^     @ Rule 1, Line 1"
30.3.1.1.1,0,"	{ ɛ, ɛ̃ } > { e, ẽ }","Syntax Error: Unknown character ẽ at '0:0:17'.     |     { ɛ, ɛ̃ } > { e, ẽ }     |                      ^     @ Rule 1, Line 1"
30.3.1.1.1,1,"	{ {o,ɔ}, {ɛ,e} } > { u, i } / _i","Syntax Error: Cannot have nested brackets of the same type     |     { {o,ɔ}, {ɛ,e} } > { u, i } / _i     |       ^     @ Rule 1, Line 1"
30.3.1.1.1,2,	V:[+nas -high] > :[+high] / _i,"Syntax Error: Unknown character : at '0:0:7'.     |     V:[+nas -high] > :[+high] / _i     |            ^     @ Rule 1, Line 1"
30.3.1.1.1,3,"	j{ã,ẽ} > ɥ, ɥ̃ / _E","Syntax Error: Unknown character ã at '0:0:2'.     |     j{ã,ẽ} > ɥ, ɥ̃ / _E     |       ^     @ Rule 1, Line 1"
30.3.1.1.3,0,"	{ {t͡s,tʰ}, {d͡z,dʱ} } > { s, z }","Syntax Error: Cannot have nested brackets of the same type     |     { {t͡s,tʰ}, {d͡z,dʱ} } > { s, z }     |       ^     @ Rule 1, Line 1"
30.3.1.1.3,1,"	{ {t,k}j, {d,ɡ}j } > { t͡ʃ, d͡ʒ }","Syntax Error: Cannot have nested brackets of the same type     |     { {t,k}j, {d,ɡ}j } > { t͡ʃ, d͡ʒ }     |       ^     @ Rule 1, Line 1"
30.3.1.1.3,3,"	{ oi, ɔi, ɔ̃i, {a,ɛ}i, {ɛ̃,ẽ}i, ei } > { oe, ɔɛ, ɔ̃ɛ̃, ɛɛ, ɛ̃ɛ̃, ee }","Syntax Error: Cannot have nested brackets of the same type     |     { oi, ɔi, ɔ̃i, {a,ɛ}i, {ɛ̃,ẽ}i, ei } > { oe, ɔɛ, ɔ̃ɛ̃, ɛɛ, ɛ̃ɛ̃, ee }     |                    ^     @ Rule 1, Line 1"
30.3.1.1.3,4,	ãi > ɛ̃ɛ̃,"Syntax Error: Unknown character ã at '0:0:0'.     |     ãi > ɛ̃ɛ̃     |     ^     @ Rule 1, Line 1"
30.3.1.1.4,2,"	{ {t,k}j, {d,ɡ}j } > { t͡ʃ, d͡ʒ }","Syntax Error: Cannot have nested brackets of the same type     |     { {t,k}j, {d,ɡ}j } > { t͡ʃ, d͡ʒ }     |       ^     @ Rule 1, Line 1"
30.3.1.1.4,6,"	{ ɛ, ɛ̃ } > { e, ẽ }","Syntax Error: Unknown character ẽ at '0:0:17'.     |     { ɛ, ɛ̃ } > { e, ẽ }     |                      ^     @ Rule 1, Line 1"
30.3.1.1.5,0,"	{ {t͡s,tʰ}, {d͡z,dʱ} } > { s, z }","Syntax Error: Cannot have nested brackets of the same type     |     { {t͡s,tʰ}, {d͡z,dʱ} } > { s, z }     |       ^     @ Rule 1, Line 1"
30.3.1.1.7,1,"	{ {ɛ,e}, {~ɛ,ẽ} } > { ə, ə̃ }","Syntax Error: Cannot have nested brackets of the same type     |     { {ɛ,e}, {~ɛ,ẽ} } > { ə, ə̃ }     |       ^     @ Rule 1, Line 1"
30.3.1.1.8,1,	V:[+nas] > V:[-nas] / C_ // C = N,"Syntax Error: Expected number, but received N      |     V:[+nas] > V:[-nas] / C_ // C = N     |                                     ^     @ Rule 1, Line 1"
30.3.1.1.10,1,"	{ {o,ɔ}, ə } > { u, i } / _i","Syntax Error: Cannot have nested brackets of the same type     |     { {o,ɔ}, ə } > { u, i } / _i     |       ^     @ Rule 1, Line 1"
30.3.1.1.10,3,"	{ s, {k,t͡s}, {ɡ,d͡z} } > { ʃ, t͡ʃ, d͡ʒ } / _i","Syntax Error: Cannot have nested brackets of the same type     |     { s, {k,t͡s}, {ɡ,d͡z} } > { ʃ, t͡ʃ, d͡ʒ } / _i     |          ^     @ Rule 1, Line 1"
30.3.1.1.10,4,"	{ χ, ʁ } > { ʃ, {ʒ,j} } / :{ _u, _i, _j }:","Syntax Error: Cannot have nested brackets of the same type     |     { χ, ʁ } > { ʃ, {ʒ,j} } / :{ _u, _i, _j }:     |                     ^     @ Rule 1, Line 1"
30.3.1.1.11,1,"	{ {t,k}, {d,ɡ} } > { t͡s, d͡z } / _i","Syntax Error: Cannot have nested brackets of the same type     |     { {t,k}, {d,ɡ} } > { t͡s, d͡z } / _i     |       ^     @ Rule 1, Line 1"
30.3.1.1.11,4,	V > :[+round] / w_,"Syntax Error: Unknown character : at '0:0:2'.     |     V > :[+round] / w_     |       ^     @ Rule 1, Line 1"
30.3.1.1.12,1,"	{ {k,t͡s}, {ɡ,d͡z} } > { t͡ʃ, d͡ʒ } / _i","Syntax Error: Cannot have nested brackets of the same type     |     { {k,t͡s}, {ɡ,d͡z} } > { t͡ʃ, d͡ʒ } / _i     |       ^     @ Rule 1, Line 1"
30.3.1.1.12,2,	V > :[+round] / w_,"Syntax Error: Unknown character : at '0:0:2'.     |     V > :[+round] / w_     |       ^     @ Rule 1, Line 1"
30.3.1.1.13,1,	n > ŋ / _ũ,"Syntax Error: Unknown character ũ at '0:0:9'.     |     n > ŋ / _ũ     |              ^     @ Rule 1, Line 1"
30.3.1.1.14,1,"	{ {k,t͡s}, {ɡ,d͡z} } > { t͡ʃ, d͡ʒ } / _i","Syntax Error: Cannot have nested brackets of the same type     |     { {k,t͡s}, {ɡ,d͡z} } > { t͡ʃ, d͡ʒ } / _i     |       ^     @ Rule 1, Line 1"
30.3.1.1.14,2,	V > :[+round] / w_,"Syntax Error: Unknown character : at '0:0:2'.     |     V > :[+round] / w_     |       ^     @ Rule 1, Line 1"
31.1,3,	aji > i:[+long] / when unstressed,"Syntax Error: Expected '_', but received ''     |     aji > i:[+long] / when unstressed     |                                      ^     @ Rule 1, Line 1"
31.1,4,"	i{w,j} > ∅ / _a, when unstressed","Syntax Error: Expected '_', but received ''     |     i{w,j} > ∅ / _a, when unstressed     |                                     ^     @ Rule 1, Line 1"
31.1,10,"	{ ubu, aba } > { u:[+long], a:[+long] }","Syntax Error: Expected ',', but received 'b'     |     { ubu, aba } > { u:[+long], a:[+long] }     |        ^     @ Rule 1, Line 1"
31.1,11,"	ib > ∅ / _i, when unstressed","Syntax Error: Expected '_', but received ''     |     ib > ∅ / _i, when unstressed     |                                 ^     @ Rule 1, Line 1"
31.1,15,"	V > ∅ / V(C){ CV, V }(C){ C_, _ }# (with some exceptions)","Syntax Error: Expected ',', but received 'V'     |     V > ∅ / V(C){ CV, V }(C){ C_, _ }# (with some exceptions)     |                    ^     @ Rule 1, Line 1"
31.1,16,	V > V:[+long] / ?,"Syntax Error: Expected '_', but received ''     |     V > V:[+long] / ?     |                      ^     @ Rule 1, Line 1"
32.1.1,0,"	t > ɾ / :{ _uwhen unstressed, _ẽwhen unstressed }:","Syntax Error: Unknown character ẽ at '0:0:31'.     |     t > ɾ / :{ _uwhen unstressed, _ẽwhen unstressed }:     |                                    ^     @ Rule 1, Line 1"
32.1.1,2,"	t > t͡ʃ / _{e,iʔ}","Syntax Error: Expected ',', but received 'ʔ'     |     t > t͡ʃ / _{e,iʔ}     |                    ^     @ Rule 1, Line 1"
32.1.1,4,	t > s // in cluster with š (presumably:[ʃ]),"Syntax Error: Unknown character š at '0:0:25'.     |     t > s // in cluster with š (presumably:[ʃ])     |                              ^     @ Rule 1, Line 1"
32.1.1,10,	ʔ > ∅ (?),"Syntax Error: The output of a deletion rule must only contain `*` or `∅`     |     ʔ > ∅ (?)     |           ^     @ Rule 1, Line 1"
32.1.1,12,	s > t͡ʃ (in certain cases? Not a lot of data available on this one),"Syntax Error: Expected end of line, received '('. Did you forget a '/' between the output and environment?     |     s > t͡ʃ (in certain cases? Not a lot of data available on this one)     |             ^     @ Rule 1, Line 1"
32.1.1,13,"	l > {lʲ,n} “under obscure conditions”","Syntax Error: Unknown character “ at '0:0:11'.     |     l > {lʲ,n} “under obscure conditions”     |                ^     @ Rule 1, Line 1"
32.1.1,16,	h > d / _a (…lolwut),"Syntax Error: Expected an IPA character, Primative or Matrix, but received '…'     |     h > d / _a (…lolwut)     |                 ^     @ Rule 1, Line 1"
32.1.1,17,"	h > t / (…again, lolwut)","Syntax Error: Expected an IPA character, Primative or Matrix, but received '…'     |     h > t / (…again, lolwut)     |              ^     @ Rule 1, Line 1"
32.1.1,18,	j > nʲ “under obscure conditions (PC morphophonemics?)”,"Syntax Error: Unknown character “ at '0:0:7'.     |     j > nʲ “under obscure conditions (PC morphophonemics?)”     |            ^     @ Rule 1, Line 1"
32.1.1,20,	ı̃ > i,"Syntax Error: Unknown character ı at '0:0:0'.     |     ı̃ > i     |     ^     @ Rule 1, Line 1"
32.1.1,23,	e > i / in a few data set͡s where obscure morphological development͡s (in the ultimate or penultimate syllable) have resulted in regressive assimilation of vowel quality,"Syntax Error: Expected '_', but received ''     |     e > i / in a few data set͡s where obscure morphological development͡s (in the ultimate or penultimate syllable) have resulted in regressive assimilation of vowel quality     |                                                                                                                                                                              ^     @ Rule 1, Line 1"
32.1.1,24,	ẽ > a / tʲ_,"Syntax Error: Unknown character ẽ at '0:0:0'.     |     ẽ > a / tʲ_     |     ^     @ Rule 1, Line 1"
32.1.1,25,	ẽ > i / h_,"Syntax Error: Unknown character ẽ at '0:0:0'.     |     ẽ > i / h_     |     ^     @ Rule 1, Line 1"
32.1.1,26,	ẽ > i / in :[+long -stress],"Syntax Error: Unknown character ẽ at '0:0:0'.     |     ẽ > i / in :[+long -stress]     |     ^     @ Rule 1, Line 1"
32.1.1,27,	ẽ > e,"Syntax Error: Unknown character ẽ at '0:0:0'.     |     ẽ > e     |     ^     @ Rule 1, Line 1"
32.1.1,28,"	a > {i,e} “under special conditions”","Syntax Error: Unknown character “ at '0:0:10'.     |     a > {i,e} “under special conditions”     |               ^     @ Rule 1, Line 1"
32.1.2,0,	t > tʲ / _õ (…again…lolwut),"Syntax Error: Unknown character õ at '0:0:10'.     |     t > tʲ / _õ (…again…lolwut)     |               ^     @ Rule 1, Line 1"
32.1.2,7,	s > ʃ / E_ (? Not a lot of data available on this one),"Syntax Error: Unknown grouping 'E'. Known groupings are (C)onsonant, (O)bstruent, (S)onorant, (P)losive, (F)ricative, (L)iquid, (N)asal, (G)lide, and (V)owel     |     s > ʃ / E_ (? Not a lot of data available on this one)     |             ^     @ Rule 1, Line 1"
32.1.2,10,	ç > ʔ (? Not sure if I’m reading the phone(me)s right on this one),"Syntax Error: Unknown character ’ at '0:0:22'.     |     ç > ʔ (? Not sure if I’m reading the phone(me)s right on this one)     |                           ^     @ Rule 1, Line 1"
32.1.2,12,"	{ et, el, en } > { itʲ, elʲ, enʲ }","Syntax Error: Expected ',', but received 't'     |     { et, el, en } > { itʲ, elʲ, enʲ }     |        ^     @ Rule 1, Line 1"
32.1.2,14,	ɛ > ı̃ / S_#,"Syntax Error: Unknown character ı at '0:0:4'.     |     ɛ > ı̃ / S_#     |         ^     @ Rule 1, Line 1"
32.1.2,16,"	ɛ > e / _ʔ#, in monosyllables","Syntax Error: Expected '_', but received ''     |     ɛ > e / _ʔ#, in monosyllables     |                                  ^     @ Rule 1, Line 1"
32.1.3,1,	k > t͡ʃ / _Ekʷ,"Syntax Error: Unknown grouping 'E'. Known groupings are (C)onsonant, (O)bstruent, (S)onorant, (P)losive, (F)ricative, (L)iquid, (N)asal, (G)lide, and (V)owel     |     k > t͡ʃ / _Ekʷ     |                ^     @ Rule 1, Line 1"
32.1.3,2,"	kʲ > k / :{ _a, _ã }:","Syntax Error: Unknown character ã at '0:0:17'.     |     kʲ > k / :{ _a, _ã }:     |                      ^     @ Rule 1, Line 1"
32.1.3,8,"	t͡s > t͡ʃ / :{ #_aʔ, #_õʔ }:","Syntax Error: Unknown character õ at '0:0:23'.     |     t͡s > t͡ʃ / :{ #_aʔ, #_õʔ }:     |                            ^     @ Rule 1, Line 1"
32.1.3,10,	t͡s > ʃ / #_ẽ,"Syntax Error: Unknown character ẽ at '0:0:12'.     |     t͡s > ʃ / #_ẽ     |                 ^     @ Rule 1, Line 1"
32.1.3,14,	s > ʃ / if /l/ is present in the same syllable,"Syntax Error: Expected '_', but received '/'     |     s > ʃ / if /l/ is present in the same syllable     |                ^     @ Rule 1, Line 1"
32.1.3,16,"	ʃ > s / :{ _ik, _e, _ı̃, _ẽ }:","Syntax Error: Unknown character ı at '0:0:21'.     |     ʃ > s / :{ _ik, _e, _ı̃, _ẽ }:     |                          ^     @ Rule 1, Line 1"
32.1.3,17,"	ʃ > t͡s / _i, in monosyllables","Syntax Error: Expected '_', but received ''     |     ʃ > t͡s / _i, in monosyllables     |                                   ^     @ Rule 1, Line 1"
32.1.3,20,	nʲ > j / _ã (with some exceptions?),"Syntax Error: Unknown character ã at '0:0:10'.     |     nʲ > j / _ã (with some exceptions?)     |               ^     @ Rule 1, Line 1"
32.1.3,22,	h > ʔ / _ã,"Syntax Error: Unknown character ã at '0:0:9'.     |     h > ʔ / _ã     |              ^     @ Rule 1, Line 1"
32.1.3,25,"	ẽ > ı̃ / :{ t_#, h_# }:","Syntax Error: Unknown character ẽ at '0:0:0'.     |     ẽ > ı̃ / :{ t_#, h_# }:     |     ^     @ Rule 1, Line 1"
32.1.3,26,	ẽ > ı̃ / _ʔ#,"Syntax Error: Unknown character ẽ at '0:0:0'.     |     ẽ > ı̃ / _ʔ#     |     ^     @ Rule 1, Line 1"
32.1.3,27,	ẽ > ı̃ / ʔ_# in one case,"Syntax Error: Unknown character ẽ at '0:0:0'.     |     ẽ > ı̃ / ʔ_# in one case     |     ^     @ Rule 1, Line 1"
32.2,1,"	n > {n,ɲ} (the latter “under obscure conditions”)","Syntax Error: Unknown character “ at '0:0:22'.     |     n > {n,ɲ} (the latter “under obscure conditions”)     |                           ^     @ Rule 1, Line 1"
32.2,2,	j > l(V),"Syntax Error: Expected end of line, received '('. Did you forget a '/' between the output and environment?     |     j > l(V)     |          ^     @ Rule 1, Line 1"
32.2,3,"	{ Yt, Ynt, Ys } > { t͡ʃ, d͡ʒ, ʃ }","Syntax Error: Unknown grouping 'Y'. Known groupings are (C)onsonant, (O)bstruent, (S)onorant, (P)losive, (F)ricative, (L)iquid, (N)asal, (G)lide, and (V)owel     |     { Yt, Ynt, Ys } > { t͡ʃ, d͡ʒ, ʃ }     |       ^     @ Rule 1, Line 1"
32.2,4,"	{ {ns,nt}, nkʷ, nʲ, nʷ } > { (n)d, (m)b, r, m }","Syntax Error: Cannot have nested brackets of the same type     |     { {ns,nt}, nkʷ, nʲ, nʷ } > { (n)d, (m)b, r, m }     |       ^     @ Rule 1, Line 1"
32.2,5,"	nk > {ɡ,ŋ} (the latter “under obscure conditions”)","Syntax Error: Unknown character “ at '0:0:23'.     |     nk > {ɡ,ŋ} (the latter “under obscure conditions”)     |                            ^     @ Rule 1, Line 1"
32.2,6,"	{ {in,en}, an } > { a, u }","Syntax Error: Cannot have nested brackets of the same type     |     { {in,en}, an } > { a, u }     |       ^     @ Rule 1, Line 1"
32.2,7,"	{ {iHn,eHn,aHn}, uHn } > { ã, ũ }","Syntax Error: Cannot have nested brackets of the same type     |     { {iHn,eHn,aHn}, uHn } > { ã, ũ }     |       ^     @ Rule 1, Line 1"
32.2,10,"	h > ʃ / _C:[-voice] (? both h and š occur before nasals, so it is possible that š has a separate source in Proto Otomanguean)","Syntax Error: Unknown character š at '0:0:34'.     |     h > ʃ / _C:[-voice] (? both h and š occur before nasals, so it is possible that š has a separate source in Proto Otomanguean)     |                                       ^     @ Rule 1, Line 1"
32.2,11,	h > CVʔV / _# (or possibly in just any final syllable?),"Syntax Error: Can't have segments after the end of a word     |     h > CVʔV / _# (or possibly in just any final syllable?)     |                 ^     @ Rule 1, Line 1"
33.1.1,3,	e > i / _(C…)u,"Syntax Error: Expected an IPA character, Primative or Matrix, but received '…'     |     e > i / _(C…)u     |                ^     @ Rule 1, Line 1"
33.1.1,8,	l > ɾ // _$ or o_,"Syntax Error: Cannot have multiple underlines in an environment     |     l > ɾ // _$ or o_     |                     ^     @ Rule 1, Line 1"
33.1.1,10,"	o > a / ,i} // o(C…)_ or _(C…){o","Syntax Error: Expected '_', but received ','     |     o > a / ,i} // o(C…)_ or _(C…){o     |             ^     @ Rule 1, Line 1"
33.1.1.1,5,	o > u / _(C…)i,"Syntax Error: Expected an IPA character, Primative or Matrix, but received '…'     |     o > u / _(C…)i     |                ^     @ Rule 1, Line 1"
33.1.1.3,6,	o > u / _(C…)i,"Syntax Error: Expected an IPA character, Primative or Matrix, but received '…'     |     o > u / _(C…)i     |                ^     @ Rule 1, Line 1"
33.1.1.4,9,"	i > e / _C{ Co, o }C","Syntax Error: Expected ',', but received 'o'     |     i > e / _C{ Co, o }C     |                  ^     @ Rule 1, Line 1"
33.1.1.4,10,	o > u / _(C…)i,"Syntax Error: Expected an IPA character, Primative or Matrix, but received '…'     |     o > u / _(C…)i     |                ^     @ Rule 1, Line 1"
33.2.1,0,"	VrV > V:[+long], M","Syntax Error: Unknown grouping 'M'. Known groupings are (C)onsonant, (O)bstruent, (S)onorant, (P)losive, (F)ricative, (L)iquid, (N)asal, (G)lide, and (V)owel     |     VrV > V:[+long], M     |                      ^     @ Rule 1, Line 1"
33.2.1,2,"	{ t͡ʃʰ, kʰ, qʰ, {x,χ} } > { t͡ʃ, k(ʰ), {kʰ,qʰ,χ}, kʰ }","Syntax Error: Cannot have nested brackets of the same type     |     { t͡ʃʰ, kʰ, qʰ, {x,χ} } > { t͡ʃ, k(ʰ), {kʰ,qʰ,χ}, kʰ }     |                     ^     @ Rule 1, Line 1"
33.2.2,1,"	{ k(ʰ), kʼ, q(ʰ), qʼ } > { t͡ʃ(h), t͡ʃʼ, kʰ, kʼ }","Syntax Error: Expected ',', but received '('     |     { k(ʰ), kʼ, q(ʰ), qʼ } > { t͡ʃ(h), t͡ʃʼ, kʰ, kʼ }     |        ^     @ Rule 1, Line 1"
33.2.3,2,"	{ k(ʰ), kʼ, q(ʰ), qʼ } > { t͡ʃ(ʰ), t͡ʃʼ, k(ʰ), kʼ }","Syntax Error: Expected ',', but received '('     |     { k(ʰ), kʼ, q(ʰ), qʼ } > { t͡ʃ(ʰ), t͡ʃʼ, k(ʰ), kʼ }     |        ^     @ Rule 1, Line 1"
33.2.3,4,	χ > ∅ (?),"Syntax Error: The output of a deletion rule must only contain `*` or `∅`     |     χ > ∅ (?)     |           ^     @ Rule 1, Line 1"
33.3.1,0,	i:[+long] ɨ:[+long] u:[+long] > e:[+long] ə:[+long] o:[+long] (this change sometimes did not occur),"Syntax Error: Expected end of line, received '('. Did you forget a '/' between the output and environment?     |     i:[+long] ɨ:[+long] u:[+long] > e:[+long] ə:[+long] o:[+long] (this change sometimes did not occur)     |                                                                   ^     @ Rule 1, Line 1"
33.3.1,1,	e:[+long] ə:[+long] > e ə (as a result of ablaut),"Syntax Error: Expected end of line, received '('. Did you forget a '/' between the output and environment?     |     e:[+long] ə:[+long] > e ə (as a result of ablaut)     |                               ^     @ Rule 1, Line 1"
33.3.1.1,0,"	{ t, tʰ, tʼ } > { t͡s, t͡sʰ, t͡sʼ } / #_ (in some words, conditioning factors unclear)","Syntax Error: Expected ':', but received 'c'     |     { t, tʰ, tʼ } > { t͡s, t͡sʰ, t͡sʼ } / #_ (in some words, conditioning factors unclear)     |                                                              ^     @ Rule 1, Line 1"
33.3.1.2,0,"	∅ > h / :{ V_, when stressed (only sometimes, “particularly before consonant͡s”), V:[+long]_, when stressed (only sometimes, “particularly before consonant͡s”) }:","Syntax Error: Unknown character “ at '0:0:46'.     |     ∅ > h / :{ V_, when stressed (only sometimes, “particularly before consonant͡s”), V:[+long]_, when stressed (only sometimes, “particularly before consonant͡s”) }:     |                                                   ^     @ Rule 1, Line 1"
33.3.1.3,0,"	{ {, ɨ,, ɨ:[+long], }, {, ə,, ə:[+long], } } > { {, i,, i:[+long], }, {, e,, e:[+long], } }","Syntax Error: Cannot have nested brackets of the same type     |     { {, ɨ,, ɨ:[+long], }, {, ə,, ə:[+long], } } > { {, i,, i:[+long], }, {, e,, e:[+long], } }     |       ^     @ Rule 1, Line 1"
33.3.1.3,1,	Vʔ > V:[+long] / stressed,"Syntax Error: Expected '_', but received ''     |     Vʔ > V:[+long] / stressed     |                              ^     @ Rule 1, Line 1"
33.3.2.1,0,"	{ t, tʰ, tʼ } > { t͡ʃ, t͡ʃʰ, t͡ʃʼ } / #_ (in some words, conditioning factors unclear)","Syntax Error: Expected ':', but received 'c'     |     { t, tʰ, tʼ } > { t͡ʃ, t͡ʃʰ, t͡ʃʼ } / #_ (in some words, conditioning factors unclear)     |                                                              ^     @ Rule 1, Line 1"
33.3.2.1.1,0,"	ʂ > s “(sometimes remains allophonically in word-initial position before back vowels, but not consistently)”","Syntax Error: Unknown character “ at '0:0:6'.     |     ʂ > s “(sometimes remains allophonically in word-initial position before back vowels, but not consistently)”     |           ^     @ Rule 1, Line 1"
33.3.2.2,0,"	{ {, ɨ,, ɨ:[+long], }, {, ə,, ə:[+long], } } > { {, i,, i:[+long], }, {, e,, e:[+long], } }","Syntax Error: Cannot have nested brackets of the same type     |     { {, ɨ,, ɨ:[+long], }, {, ə,, ə:[+long], } } > { {, i,, i:[+long], }, {, e,, e:[+long], } }     |       ^     @ Rule 1, Line 1"
33.3.2.2.5,0,	ʈ ʈʰ ʈʼ > ʈʂ ʈʂʰ ʈʂʼ “(ʈʼ remains unchanged in careful speech)”,"Syntax Error: Unknown character “ at '0:0:21'.     |     ʈ ʈʰ ʈʼ > ʈʂ ʈʂʰ ʈʂʼ “(ʈʼ remains unchanged in careful speech)”     |                          ^     @ Rule 1, Line 1"
33.3.2.2.6,1,"	t͡ʃ t͡ʃʰ t͡ʃʼ > t͡s t͡sʰ t͡sʼ (except in “lexicalized diminutives”, where these go to ʈʂ ʈʂʰ ʈʂʼ)","Syntax Error: Unknown character “ at '0:0:41'.     |     t͡ʃ t͡ʃʰ t͡ʃʼ > t͡s t͡sʰ t͡sʼ (except in “lexicalized diminutives”, where these go to ʈʂ ʈʂʰ ʈʂʼ)     |                                              ^     @ Rule 1, Line 1"
33.3.3,1,"	{ t, tʰ, tʼ } > { t͡s, t͡sʰ, t͡sʼ } / #_ (in some words; conditioning factors unclear)","Syntax Error: Malformed Comment: Expected ';;', but received '; ' at 0:0:56     |     { t, tʰ, tʼ } > { t͡s, t͡sʰ, t͡sʼ } / #_ (in some words; conditioning factors unclear)     |                                                             ^     @ Rule 1, Line 1"
33.3.3,4,"	{u,a} > e / _CVC#, ()","Syntax Error: Expected '_', but received ''     |     {u,a} > e / _CVC#, ()     |                          ^     @ Rule 1, Line 1"
33.3.3,5,"	i > e / _CVC#, (, ) // _H","Syntax Error: Expected '_', but received '//'     |     i > e / _CVC#, (, ) // _H     |                         ^^     @ Rule 1, Line 1"
34.1,4,"	{ t͡s(h), t͡ʃh } > { t͡ʃ, s }","Syntax Error: Expected ',', but received '('     |     { t͡s(h), t͡ʃh } > { t͡ʃ, s }     |          ^     @ Rule 1, Line 1"
34.1,8,"	ɸ(ʼ,ʰ) > p","Syntax Error: Expected an IPA character, Primative or Matrix, but received 'ʼ'     |     ɸ(ʼ,ʰ) > p     |       ^     @ Rule 1, Line 1"
34.2,1,"	{ ph, th, kh, qh } > { pʰ, tʰ, kʰ, qʰ }","Syntax Error: Expected ',', but received 'h'     |     { ph, th, kh, qh } > { pʰ, tʰ, kʰ, qʰ }     |        ^     @ Rule 1, Line 1"
34.2,3,"	{ t͡s, {t͡sh,t͡ʃh} } > { t͡ʃ, t͡ʃʰ }","Syntax Error: Cannot have nested brackets of the same type     |     { t͡s, {t͡sh,t͡ʃh} } > { t͡ʃ, t͡ʃʰ }     |            ^     @ Rule 1, Line 1"
34.2,9,"	{ ɸʼ, ɸh } > { pʼ, pʰ }","Syntax Error: Expected ',', but received 'h'     |     { ɸʼ, ɸh } > { pʼ, pʰ }     |            ^     @ Rule 1, Line 1"
34.3,2,	ph > p / #_VA,"Syntax Error: Unknown grouping 'A'. Known groupings are (C)onsonant, (O)bstruent, (S)onorant, (P)losive, (F)ricative, (L)iquid, (N)asal, (G)lide, and (V)owel     |     ph > p / #_VA     |                 ^     @ Rule 1, Line 1"
34.3,10,"	{ kh, qh } > { kʰ, qʰ }","Syntax Error: Expected ',', but received 'h'     |     { kh, qh } > { kʰ, qʰ }     |        ^     @ Rule 1, Line 1"
34.3,11,"	{ t͡s, t͡sh } > { t͡ʃ, t͡ʃʰ }","Syntax Error: Expected ',', but received 'h'     |     { t͡s, t͡sh } > { t͡ʃ, t͡ʃʰ }     |               ^     @ Rule 1, Line 1"
34.3,13,	t͡ʃh > s / _E,"Syntax Error: Unknown grouping 'E'. Known groupings are (C)onsonant, (O)bstruent, (S)onorant, (P)losive, (F)ricative, (L)iquid, (N)asal, (G)lide, and (V)owel     |     t͡ʃh > s / _E     |                 ^     @ Rule 1, Line 1"
34.3,14,"	{t͡ʃh,t͡ʃʼ} > t͡ʃ","Syntax Error: Expected ',', but received 'h'     |     {t͡ʃh,t͡ʃʼ} > t͡ʃ     |         ^     @ Rule 1, Line 1"
34.3,19,"	{ ɸʼ, ɸh } > { pʼ, pʰ }","Syntax Error: Expected ',', but received 'h'     |     { ɸʼ, ɸh } > { pʼ, pʰ }     |            ^     @ Rule 1, Line 1"
34.4,4,"	{ t͡s(h), t͡ʃ } > { t͡ʃ, t͡s }","Syntax Error: Expected ',', but received '('     |     { t͡s(h), t͡ʃ } > { t͡ʃ, t͡s }     |          ^     @ Rule 1, Line 1"
34.4,8,"	ɸ(ʼ,ʰ) > p","Syntax Error: Expected an IPA character, Primative or Matrix, but received 'ʼ'     |     ɸ(ʼ,ʰ) > p     |       ^     @ Rule 1, Line 1"
34.4,12,"	{ aw, aj, {uj,ij} } > { u:[+long], e:[+long], i:[+long] }","Syntax Error: Cannot have nested brackets of the same type     |     { aw, aj, {uj,ij} } > { u:[+long], e:[+long], i:[+long] }     |               ^     @ Rule 1, Line 1"
34.5,2,	t(ʰ) > d / n_,"Syntax Error: Expected an IPA character, Primative or Matrix, but received 'ʰ'     |     t(ʰ) > d / n_     |       ^     @ Rule 1, Line 1"
34.5,9,"	ɸ(ʼ,ʰ) > p","Syntax Error: Expected an IPA character, Primative or Matrix, but received 'ʼ'     |     ɸ(ʼ,ʰ) > p     |       ^     @ Rule 1, Line 1"
34.6,3,	t(ʰ) > d / n_,"Syntax Error: Expected an IPA character, Primative or Matrix, but received 'ʰ'     |     t(ʰ) > d / n_     |       ^     @ Rule 1, Line 1"
34.6,18,"	{ɸʼ,ɸh} > ɸ","Syntax Error: Expected ',', but received 'h'     |     {ɸʼ,ɸh} > ɸ     |          ^     @ Rule 1, Line 1"
34.6,20,	χ > h #_,"Syntax Error: Expected end of line, received '#'. Did you forget a '/' between the output and environment?     |     χ > h #_     |           ^     @ Rule 1, Line 1"
34.7,1,"	qh > kʰ / _i ,t͡ʃ} // _i{ʃ","Syntax Error: Expected '_', but received '}'     |     qh > kʰ / _i ,t͡ʃ} // _i{ʃ     |                      ^     @ Rule 1, Line 1"
34.7,5,	t(ʰ) > d / n_,"Syntax Error: Expected an IPA character, Primative or Matrix, but received 'ʰ'     |     t(ʰ) > d / n_     |       ^     @ Rule 1, Line 1"
34.7,20,	s > ʃ / _C:[+alveolar],"Syntax Error: Unknown feature 'alveolar' at 0:12-21. Did you mean delay?      |     s > ʃ / _C:[+alveolar]     |                 ^^^^^^^^^     @ Rule 1, Line 1"
34.7,22,	χ > kʰ #_,"Syntax Error: Expected end of line, received '#'. Did you forget a '/' between the output and environment?     |     χ > kʰ #_     |            ^     @ Rule 1, Line 1"
34.8,4,	t͡s(h) > t͡ʃ,"Syntax Error: Options can only be used in Environments or Structures     |     t͡s(h) > t͡ʃ     |        ^^^     @ Rule 1, Line 1"
34.8,8,"	ɸ(ʼ,ʰ) > p","Syntax Error: Expected an IPA character, Primative or Matrix, but received 'ʼ'     |     ɸ(ʼ,ʰ) > p     |       ^     @ Rule 1, Line 1"
34.8,9,	ʃ > s // i_i or _S,"Syntax Error: Cannot have multiple underlines in an environment     |     ʃ > s // i_i or _S     |                     ^     @ Rule 1, Line 1"
34.9,0,	q(h) > k,"Syntax Error: Options can only be used in Environments or Structures     |     q(h) > k     |      ^^^     @ Rule 1, Line 1"
34.9,3,	t(ʰ) > d / n_,"Syntax Error: Expected an IPA character, Primative or Matrix, but received 'ʰ'     |     t(ʰ) > d / n_     |       ^     @ Rule 1, Line 1"
34.9,14,"	ɸ(ʼ,ʰ) > p","Syntax Error: Expected an IPA character, Primative or Matrix, but received 'ʼ'     |     ɸ(ʼ,ʰ) > p     |       ^     @ Rule 1, Line 1"
35.1.1,7,"	V3ʔ > { V3, V3:[+long] }ʔ / _#","Syntax Error: Expected ',', but received '3'     |     V3ʔ > { V3, V3:[+long] }ʔ / _#     |              ^     @ Rule 1, Line 1"
35.1.1,8,	ʔ > ∅ V3_RV,"Syntax Error: The output of a deletion rule must only contain `*` or `∅`     |     ʔ > ∅ V3_RV     |           ^     @ Rule 1, Line 1"
35.1.1,9,	ʔ > ∅ V3R_V,"Syntax Error: The output of a deletion rule must only contain `*` or `∅`     |     ʔ > ∅ V3R_V     |           ^     @ Rule 1, Line 1"
35.1.1,10,"	{a3~ə3} > {ə3,a3}","Syntax Error: Expected ',', but received '3'     |     {a3~ə3} > {ə3,a3}     |       ^     @ Rule 1, Line 1"
35.1.1,11,	{a3~i3} > i3,"Syntax Error: Expected ',', but received '3'     |     {a3~i3} > i3     |       ^     @ Rule 1, Line 1"
35.1.1,12,"	{a1~i1} > {a1,ə1}","Syntax Error: Expected ',', but received '1'     |     {a1~i1} > {a1,ə1}     |       ^     @ Rule 1, Line 1"
35.1.1,13,	{i3~ə3} > ə3,"Syntax Error: Expected ',', but received '3'     |     {i3~ə3} > ə3     |       ^     @ Rule 1, Line 1"
35.1.1,14,"	{i3~ə1} > {ə1,i1,i3}","Syntax Error: Expected ',', but received '3'     |     {i3~ə1} > {ə1,i1,i3}     |       ^     @ Rule 1, Line 1"
35.1.1,15,	{i1~ə1} > i1,"Syntax Error: Expected ',', but received '1'     |     {i1~ə1} > i1     |       ^     @ Rule 1, Line 1"
35.1.2,4,	V3h > V3:[+long] / _C,"Runtime Error: Unknown reference '3' at 1     |     V3h > V3:[+long] / _C     |      ^     @ Rule 1, Line 1"
35.1.2,5,"	V3ʔ > V3, V3:[+long] / _#","Runtime Error: Unknown reference '3' at 1     |     V3ʔ > V3, V3:[+long] / _#     |      ^     @ Rule 1, Line 1"
35.1.2,7,	V3ʔ > V3:[+long] / _O,"Runtime Error: Unknown reference '3' at 1     |     V3ʔ > V3:[+long] / _O     |      ^     @ Rule 1, Line 1"
35.1.2,8,	∅ > V / V3_,"Runtime Error: Unknown reference '3' at 9     |     ∅ > V / V3_     |              ^     @ Rule 1, Line 1"
35.1.2,9,	V3ʔR > V3:[+long]R,"Syntax Error: Unknown grouping 'R'. Known groupings are (C)onsonant, (O)bstruent, (S)onorant, (P)losive, (F)ricative, (L)iquid, (N)asal, (G)lide, and (V)owel     |     V3ʔR > V3:[+long]R     |        ^     @ Rule 1, Line 1"
35.1.2,10,	ʔ > ∅ / VR_V3,"Syntax Error: Unknown grouping 'R'. Known groupings are (C)onsonant, (O)bstruent, (S)onorant, (P)losive, (F)ricative, (L)iquid, (N)asal, (G)lide, and (V)owel     |     ʔ > ∅ / VR_V3     |              ^     @ Rule 1, Line 1"
35.1.2,13,"	{ u3, {u1,a1}, a3, i1 } > { a3, ə1, ɛ3, {i1,ə1} }","Syntax Error: Cannot have nested brackets of the same type     |     { u3, {u1,a1}, a3, i1 } > { a3, ə1, ɛ3, {i1,ə1} }     |           ^     @ Rule 1, Line 1"
35.1.2,14,"	{u3~ə3} > {o3,ə3,a3}","Syntax Error: Expected ',', but received '3'     |     {u3~ə3} > {o3,ə3,a3}     |       ^     @ Rule 1, Line 1"
35.1.2,15,"	{a3~ə3} > {ɛ3,ə3}","Syntax Error: Expected ',', but received '3'     |     {a3~ə3} > {ɛ3,ə3}     |       ^     @ Rule 1, Line 1"
35.1.2,16,	{a3~i3} > ɛ3,"Syntax Error: Expected ',', but received '3'     |     {a3~i3} > ɛ3     |       ^     @ Rule 1, Line 1"
35.1.2,17,"	{i3~e3} > {ə3,i3}","Syntax Error: Expected ',', but received '3'     |     {i3~e3} > {ə3,i3}     |       ^     @ Rule 1, Line 1"
35.1.2,18,	{i3~ə1} > ə1,"Syntax Error: Expected ',', but received '3'     |     {i3~ə1} > ə1     |       ^     @ Rule 1, Line 1"
35.1.2,19,	{i1~ə1} > ə1,"Syntax Error: Expected ',', but received '1'     |     {i1~ə1} > ə1     |       ^     @ Rule 1, Line 1"
35.1.3,3,	V3h > V3:[+long] / _C,"Runtime Error: Unknown reference '3' at 1     |     V3h > V3:[+long] / _C     |      ^     @ Rule 1, Line 1"
35.1.3,4,"	V3ʔ(V) > V3:[+long], V3ʔV","Syntax Error: Options can only be used in Environments or Structures     |     V3ʔ(V) > V3:[+long], V3ʔV     |        ^^^     @ Rule 1, Line 1"
35.1.3,5,"	V3ʔR > V3ʔR, V3:[+long]Rʔ / _V","Syntax Error: Unknown grouping 'R'. Known groupings are (C)onsonant, (O)bstruent, (S)onorant, (P)losive, (F)ricative, (L)iquid, (N)asal, (G)lide, and (V)owel     |     V3ʔR > V3ʔR, V3:[+long]Rʔ / _V     |        ^     @ Rule 1, Line 1"
35.1.3,6,"	{ a3, u3, {a1,u1}, i1 } > { ɛ3, a3, ə1, {i1,ə1} }","Syntax Error: Cannot have nested brackets of the same type     |     { a3, u3, {a1,u1}, i1 } > { ɛ3, a3, ə1, {i1,ə1} }     |               ^     @ Rule 1, Line 1"
35.1.3,7,	{a3~ə3} > ə3,"Syntax Error: Expected ',', but received '3'     |     {a3~ə3} > ə3     |       ^     @ Rule 1, Line 1"
35.1.3,8,	{a3~i3} > a3,"Syntax Error: Expected ',', but received '3'     |     {a3~i3} > a3     |       ^     @ Rule 1, Line 1"
35.1.3,9,	{a1~i1} > ə1,"Syntax Error: Expected ',', but received '1'     |     {a1~i1} > ə1     |       ^     @ Rule 1, Line 1"
35.1.3,10,"	{i3~e3} > {ə3,i3}","Syntax Error: Expected ',', but received '3'     |     {i3~e3} > {ə3,i3}     |       ^     @ Rule 1, Line 1"
35.1.3,11,	{i3~ə1} > ə1,"Syntax Error: Expected ',', but received '3'     |     {i3~ə1} > ə1     |       ^     @ Rule 1, Line 1"
35.1.3,12,	{i1~ə1} > ə1,"Syntax Error: Expected ',', but received '1'     |     {i1~ə1} > ə1     |       ^     @ Rule 1, Line 1"
35.1.4,3,	V3h > V3:[+long] / _C,"Runtime Error: Unknown reference '3' at 1     |     V3h > V3:[+long] / _C     |      ^     @ Rule 1, Line 1"
35.1.4,4,"	V3ʔ > V3{:[+long],ʔ} / _O","Syntax Error: Expected an IPA character, Primative or Matrix, but received ':'     |     V3ʔ > V3{:[+long],ʔ} / _O     |              ^     @ Rule 1, Line 1"
35.1.4,5,"	V3ʔV > V3:[+long], V3ʔV","Runtime Error: Unknown reference '3' at 1     |     V3ʔV > V3:[+long], V3ʔV     |      ^     @ Rule 1, Line 1"
35.1.4,6,"	V3ʔR > V3ʔR, V3:[+long]Rʔ / _V","Syntax Error: Unknown grouping 'R'. Known groupings are (C)onsonant, (O)bstruent, (S)onorant, (P)losive, (F)ricative, (L)iquid, (N)asal, (G)lide, and (V)owel     |     V3ʔR > V3ʔR, V3:[+long]Rʔ / _V     |        ^     @ Rule 1, Line 1"
35.1.4,7,"	{ u3, {u1,a1}, a3, i1 } > { a3, ə1, ɛ3, {i1,ə1} }","Syntax Error: Cannot have nested brackets of the same type     |     { u3, {u1,a1}, a3, i1 } > { a3, ə1, ɛ3, {i1,ə1} }     |           ^     @ Rule 1, Line 1"
35.1.4,8,	{u3~ə3} > ə3,"Syntax Error: Expected ',', but received '3'     |     {u3~ə3} > ə3     |       ^     @ Rule 1, Line 1"
35.1.4,9,"	{a3~ə3} > {ɛ3,ə3}","Syntax Error: Expected ',', but received '3'     |     {a3~ə3} > {ɛ3,ə3}     |       ^     @ Rule 1, Line 1"
35.1.4,10,"	{a3~i3} > {a3,ɛ3}","Syntax Error: Expected ',', but received '3'     |     {a3~i3} > {a3,ɛ3}     |       ^     @ Rule 1, Line 1"
35.1.4,11,"	{a1~i1} > {ə1,ɛ1}","Syntax Error: Expected ',', but received '1'     |     {a1~i1} > {ə1,ɛ1}     |       ^     @ Rule 1, Line 1"
35.1.4,12,"	{i3~e3} > {ə3,i3}","Syntax Error: Expected ',', but received '3'     |     {i3~e3} > {ə3,i3}     |       ^     @ Rule 1, Line 1"
35.1.4,13,	{i3~ə1} > ə1,"Syntax Error: Expected ',', but received '3'     |     {i3~ə1} > ə1     |       ^     @ Rule 1, Line 1"
35.1.4,14,	{i1~ə1} > ə1,"Syntax Error: Expected ',', but received '1'     |     {i1~ə1} > ə1     |       ^     @ Rule 1, Line 1"
35.1.5,3,"	xʲ > {s,ʃ} (the latter mainly from borrowings?)","Syntax Error: Expected end of line, received '('. Did you forget a '/' between the output and environment?     |     xʲ > {s,ʃ} (the latter mainly from borrowings?)     |                ^     @ Rule 1, Line 1"
35.1.5,7,	V3ʔ(V) > V3ʔV,"Syntax Error: Options can only be used in Environments or Structures     |     V3ʔ(V) > V3ʔV     |        ^^^     @ Rule 1, Line 1"
35.1.5,8,	u1 > ə1,"Runtime Error: Unknown reference '1' at 1     |     u1 > ə1     |      ^     @ Rule 1, Line 1"
35.1.5,9,"	a3 > u3 / {Cʷ:[+uvular],[+ cons, - fr, + bk, + hi, - lo]ʷ,w}","Syntax Error: Unknown feature 'uvular' at 0:15-22. Did you mean lar?      |     a3 > u3 / {Cʷ:[+uvular],[+ cons, - fr, + bk, + hi, - lo]ʷ,w}     |                    ^^^^^^^     @ Rule 1, Line 1"
35.1.5,10,"	a3 > u3 / :{ _Cu, _Cʷ:[+uvular], _w }:","Syntax Error: Unknown feature 'uvular' at 0:23-30. Did you mean lar?      |     a3 > u3 / :{ _Cu, _Cʷ:[+uvular], _w }:     |                            ^^^^^^^     @ Rule 1, Line 1"
35.1.5,11,	a1 > ə1,"Runtime Error: Unknown reference '1' at 1     |     a1 > ə1     |      ^     @ Rule 1, Line 1"
35.1.5,12,	{u3~ə3} > ə3,"Syntax Error: Expected ',', but received '3'     |     {u3~ə3} > ə3     |       ^     @ Rule 1, Line 1"
35.1.5,13,	{a3~ə3} > ə3,"Syntax Error: Expected ',', but received '3'     |     {a3~ə3} > ə3     |       ^     @ Rule 1, Line 1"
35.1.5,14,	{a3~i3} > ə3,"Syntax Error: Expected ',', but received '3'     |     {a3~i3} > ə3     |       ^     @ Rule 1, Line 1"
35.1.5,15,	{a1~i1} > ə1,"Syntax Error: Expected ',', but received '1'     |     {a1~i1} > ə1     |       ^     @ Rule 1, Line 1"
35.1.5,16,	{i3~ə3} > ə3,"Syntax Error: Expected ',', but received '3'     |     {i3~ə3} > ə3     |       ^     @ Rule 1, Line 1"
35.1.5,17,	{i3~ə1} > ə1,"Syntax Error: Expected ',', but received '3'     |     {i3~ə1} > ə1     |       ^     @ Rule 1, Line 1"
35.1.5,18,	{i1~ə1} > ə1,"Syntax Error: Expected ',', but received '1'     |     {i1~ə1} > ə1     |       ^     @ Rule 1, Line 1"
35.1.6,6,"	V3h > V3{:[+long],ʔ} / _C","Syntax Error: Expected an IPA character, Primative or Matrix, but received ':'     |     V3h > V3{:[+long],ʔ} / _C     |              ^     @ Rule 1, Line 1"
35.1.6,7,	V3ʔ > V3(ʔ) / _O,"Syntax Error: Expected end of line, received '('. Did you forget a '/' between the output and environment?     |     V3ʔ > V3(ʔ) / _O     |             ^     @ Rule 1, Line 1"
35.1.6,8,	Rʔ > ʔR / V3C,"Syntax Error: Unknown grouping 'R'. Known groupings are (C)onsonant, (O)bstruent, (S)onorant, (P)losive, (F)ricative, (L)iquid, (N)asal, (G)lide, and (V)owel     |     Rʔ > ʔR / V3C     |     ^     @ Rule 1, Line 1"
35.1.6,9,"	i1 > i1, ə1","Runtime Error: Unknown reference '1' at 1     |     i1 > i1, ə1     |      ^     @ Rule 1, Line 1"
35.1.6,10,	{u3~ə3} > a3,"Syntax Error: Expected ',', but received '3'     |     {u3~ə3} > a3     |       ^     @ Rule 1, Line 1"
35.1.6,11,"	{a3~ə3} > {ə3,a3}","Syntax Error: Expected ',', but received '3'     |     {a3~ə3} > {ə3,a3}     |       ^     @ Rule 1, Line 1"
35.1.6,12,	{a1~i1} > i1,"Syntax Error: Expected ',', but received '1'     |     {a1~i1} > i1     |       ^     @ Rule 1, Line 1"
35.1.6,13,"	{i3~ə3} > {i1,ə1}","Syntax Error: Expected ',', but received '3'     |     {i3~ə3} > {i1,ə1}     |       ^     @ Rule 1, Line 1"
35.1.6,14,"	{i3~ə1} > {i3,i1}","Syntax Error: Expected ',', but received '3'     |     {i3~ə1} > {i3,i1}     |       ^     @ Rule 1, Line 1"
35.1.6,15,"	{i1~ə1} > {ə1,i1}","Syntax Error: Expected ',', but received '1'     |     {i1~ə1} > {ə1,i1}     |       ^     @ Rule 1, Line 1"
35.1.7,3,"	s > ʃ / :{ #_xʲ,qʷa}, #_w{i,qʷa}, #_a,qʷa} }:","Syntax Error: Expected '_', but received '}'     |     s > ʃ / :{ #_xʲ,qʷa}, #_w{i,qʷa}, #_a,qʷa} }:     |                        ^     @ Rule 1, Line 1"
35.1.7,5,	∅ > V / V3ʔ_,"Runtime Error: Unknown reference '3' at 9     |     ∅ > V / V3ʔ_     |              ^     @ Rule 1, Line 1"
35.1.7,6,"	ʔR > ʔS, R / V3_V","Syntax Error: Unknown grouping 'R'. Known groupings are (C)onsonant, (O)bstruent, (S)onorant, (P)losive, (F)ricative, (L)iquid, (N)asal, (G)lide, and (V)owel     |     ʔR > ʔS, R / V3_V     |      ^     @ Rule 1, Line 1"
35.1.7,7,	ʔ > ∅ / VR_V3,"Syntax Error: Unknown grouping 'R'. Known groupings are (C)onsonant, (O)bstruent, (S)onorant, (P)losive, (F)ricative, (L)iquid, (N)asal, (G)lide, and (V)owel     |     ʔ > ∅ / VR_V3     |              ^     @ Rule 1, Line 1"
35.1.7,8,"	ʔ > ∅ / :{ V3R_C, V3R_# }:","Syntax Error: Unknown grouping 'R'. Known groupings are (C)onsonant, (O)bstruent, (S)onorant, (P)losive, (F)ricative, (L)iquid, (N)asal, (G)lide, and (V)owel     |     ʔ > ∅ / :{ V3R_C, V3R_# }:     |                  ^     @ Rule 1, Line 1"
35.1.7,9,	ʔ > ∅ / V1R_#,"Syntax Error: Unknown grouping 'R'. Known groupings are (C)onsonant, (O)bstruent, (S)onorant, (P)losive, (F)ricative, (L)iquid, (N)asal, (G)lide, and (V)owel     |     ʔ > ∅ / V1R_#     |               ^     @ Rule 1, Line 1"
35.1.7,11,"	{ a1, u3, u1, i1 } > { æ2, o3, o1, i2 }","Syntax Error: Expected ',', but received '1'     |     { a1, u3, u1, i1 } > { æ2, o3, o1, i2 }     |        ^     @ Rule 1, Line 1"
35.1.7,12,"	ə1 > æ2 / a3C{ C_, _ }","Syntax Error: Expected ',', but received '_'     |     ə1 > æ2 / a3C{ C_, _ }     |                     ^     @ Rule 1, Line 1"
35.1.7,13,"	ə1 > æ2 / _C{ Ca, a }3","Syntax Error: Expected ',', but received 'a'     |     ə1 > æ2 / _C{ Ca, a }3     |                    ^     @ Rule 1, Line 1"
35.1.7,14,	ə1 > æ2 / in some other unspecified circumstances,"Syntax Error: Expected '_', but received ''     |     ə1 > æ2 / in some other unspecified circumstances     |                                                      ^     @ Rule 1, Line 1"
35.1.7,15,	{u3~ə3} > o3,"Syntax Error: Expected ',', but received '3'     |     {u3~ə3} > o3     |       ^     @ Rule 1, Line 1"
35.1.7,16,	{a3~ə3} > æ3,"Syntax Error: Expected ',', but received '3'     |     {a3~ə3} > æ3     |       ^     @ Rule 1, Line 1"
35.1.7,17,	{a3~i3} > æ3,"Syntax Error: Expected ',', but received '3'     |     {a3~i3} > æ3     |       ^     @ Rule 1, Line 1"
35.1.7,18,	{a1~i1} > æ2,"Syntax Error: Expected ',', but received '1'     |     {a1~i1} > æ2     |       ^     @ Rule 1, Line 1"
35.1.7,19,	{i3~e3} > {i3.ə3},"Syntax Error: Expected '..', but received .'ə' at 0:0:13     |     {i3~e3} > {i3.ə3}     |                  ^     @ Rule 1, Line 1"
35.1.7,20,	{i3~ə1} > i3,"Syntax Error: Expected ',', but received '3'     |     {i3~ə1} > i3     |       ^     @ Rule 1, Line 1"
35.1.7,21,"	{i1~ə1} > {i2,ə1}","Syntax Error: Expected ',', but received '1'     |     {i1~ə1} > {i2,ə1}     |       ^     @ Rule 1, Line 1"
35.1.8,0,"	{ p(’), m } > { t͡ʃ(’), ŋ } // _u","Syntax Error: Unknown character ’ at '0:0:4'.     |     { p(’), m } > { t͡ʃ(’), ŋ } // _u     |         ^     @ Rule 1, Line 1"
35.1.8,6,	t͡ʃ’ > t͡s’,"Syntax Error: Unknown character ’ at '0:0:3'.     |     t͡ʃ’ > t͡s’     |        ^     @ Rule 1, Line 1"
35.1.8,9,"	ʔ > ∅, ʔ / :{ V3R_C, V3R_# }:","Syntax Error: Unknown grouping 'R'. Known groupings are (C)onsonant, (O)bstruent, (S)onorant, (P)losive, (F)ricative, (L)iquid, (N)asal, (G)lide, and (V)owel     |     ʔ > ∅, ʔ / :{ V3R_C, V3R_# }:     |                     ^     @ Rule 1, Line 1"
35.1.8,10,"	{ u3, u1 } > { o3, ə1 }","Syntax Error: Expected ',', but received '3'     |     { u3, u1 } > { o3, ə1 }     |        ^     @ Rule 1, Line 1"
35.1.8,11,"	a3 > o3 / { {C:[+uvular]ʷ, [+ cons, - fr, + bk, + hi, - lo]ʷ },w}_","Syntax Error: Cannot have nested brackets of the same type     |     a3 > o3 / { {C:[+uvular]ʷ, [+ cons, - fr, + bk, + hi, - lo]ʷ },w}_     |                 ^     @ Rule 1, Line 1"
35.1.8,12,"	a3 > o3 / :{ _Cu, _C:[+uvular]ʷ, _w }:","Syntax Error: Unknown feature 'uvular' at 0:22-29. Did you mean lar?      |     a3 > o3 / :{ _Cu, _C:[+uvular]ʷ, _w }:     |                           ^^^^^^^     @ Rule 1, Line 1"
35.1.8,13,	a3 > e3,"Runtime Error: Unknown reference '3' at 1     |     a3 > e3     |      ^     @ Rule 1, Line 1"
35.1.8,14,	a1 > ə1,"Runtime Error: Unknown reference '1' at 1     |     a1 > ə1     |      ^     @ Rule 1, Line 1"
35.1.8,15,	{u3~ə3} > ə1,"Syntax Error: Expected ',', but received '3'     |     {u3~ə3} > ə1     |       ^     @ Rule 1, Line 1"
35.1.8,16,	{a3~ə3} > ə3,"Syntax Error: Expected ',', but received '3'     |     {a3~ə3} > ə3     |       ^     @ Rule 1, Line 1"
35.1.8,17,	{a3~i3} > ə3,"Syntax Error: Expected ',', but received '3'     |     {a3~i3} > ə3     |       ^     @ Rule 1, Line 1"
35.1.8,18,	{a1~i1} > ə1,"Syntax Error: Expected ',', but received '1'     |     {a1~i1} > ə1     |       ^     @ Rule 1, Line 1"
35.1.8,19,	{i3~e3} > ə3,"Syntax Error: Expected ',', but received '3'     |     {i3~e3} > ə3     |       ^     @ Rule 1, Line 1"
35.1.8,20,	{i3~ə1} > ə1,"Syntax Error: Expected ',', but received '3'     |     {i3~ə1} > ə1     |       ^     @ Rule 1, Line 1"
35.1.8,21,	{i1~ə1} > ə1,"Syntax Error: Expected ',', but received '1'     |     {i1~ə1} > ə1     |       ^     @ Rule 1, Line 1"
35.1.9,0,"	{ p(’), m } > { t͡ʃ(’), ŋ } // _u","Syntax Error: Unknown character ’ at '0:0:4'.     |     { p(’), m } > { t͡ʃ(’), ŋ } // _u     |         ^     @ Rule 1, Line 1"
35.1.9,2,"	{ t͡s, t͡s’ } > { {θ,s}, θ’ }","Syntax Error: Unknown character ’ at '0:0:10'.     |     { t͡s, t͡s’ } > { {θ,s}, θ’ }     |               ^     @ Rule 1, Line 1"
35.1.9,7,	t͡ʃ’ > θ’,"Syntax Error: Unknown character ’ at '0:0:3'.     |     t͡ʃ’ > θ’     |        ^     @ Rule 1, Line 1"
35.1.9,9,"	V3h > V3, V3:[+long] / _C","Runtime Error: Unknown reference '3' at 1     |     V3h > V3, V3:[+long] / _C     |      ^     @ Rule 1, Line 1"
35.1.9,10,	ʔR > Rʔ / V3_V,"Syntax Error: Unknown grouping 'R'. Known groupings are (C)onsonant, (O)bstruent, (S)onorant, (P)losive, (F)ricative, (L)iquid, (N)asal, (G)lide, and (V)owel     |     ʔR > Rʔ / V3_V     |      ^     @ Rule 1, Line 1"
35.1.9,11,"	{ u3, u1 } > { a3, ə1 }","Syntax Error: Expected ',', but received '3'     |     { u3, u1 } > { a3, ə1 }     |        ^     @ Rule 1, Line 1"
35.1.9,12,"	a3 > e3 / :{ , [+ cons, - fr, + bk, + hi, - lo]ʷ },w}_ or when_Cu, , [+ cons, - fr, + bk, + hi, - lo]ʷ },w}_ or when_C:[+uvular]ʷ, , [+ cons, - fr, + bk, + hi, - lo]ʷ },w}_ or when_w }: // { {C:[+uvular]ʷ","Syntax Error: Unknown feature 'uvular' at 0:120-127. Did you mean lar?      |     a3 > e3 / :{ , [+ cons, - fr, + bk, + hi, - lo]ʷ },w}_ or when_Cu, , [+ cons, - fr, + bk, + hi, - lo]ʷ },w}_ or when_C:[+uvular]ʷ, , [+ cons, - fr, + bk, + hi, - lo]ʷ },w}_ or when_w }: // { {C:[+uvular]ʷ     |                                                                                                                             ^^^^^^^     @ Rule 1, Line 1"
35.1.9,13,	a1 > ə1,"Runtime Error: Unknown reference '1' at 1     |     a1 > ə1     |      ^     @ Rule 1, Line 1"
35.1.9,14,"	{a3~ə3} > {ə3,e3}","Syntax Error: Expected ',', but received '3'     |     {a3~ə3} > {ə3,e3}     |       ^     @ Rule 1, Line 1"
35.1.9,15,	{a3~i3} > ə3,"Syntax Error: Expected ',', but received '3'     |     {a3~i3} > ə3     |       ^     @ Rule 1, Line 1"
35.1.9,16,	{a1~i1} > ə1,"Syntax Error: Expected ',', but received '1'     |     {a1~i1} > ə1     |       ^     @ Rule 1, Line 1"
35.1.9,17,"	{i3~e3} > {ə3,i3}","Syntax Error: Expected ',', but received '3'     |     {i3~e3} > {ə3,i3}     |       ^     @ Rule 1, Line 1"
35.1.9,18,	{i3~ə1} > ə1,"Syntax Error: Expected ',', but received '3'     |     {i3~ə1} > ə1     |       ^     @ Rule 1, Line 1"
35.1.9,19,"	{i1~ə1} > {ə1,i1}","Syntax Error: Expected ',', but received '1'     |     {i1~ə1} > {ə1,i1}     |       ^     @ Rule 1, Line 1"
35.1.10,0,"	{ p(’), m } > { t͡ʃ(’), ŋ } // _u","Syntax Error: Unknown character ’ at '0:0:4'.     |     { p(’), m } > { t͡ʃ(’), ŋ } // _u     |         ^     @ Rule 1, Line 1"
35.1.10,5,"	xʲ > {s,ʃ} (the latter mainly from borrowings?)","Syntax Error: Expected end of line, received '('. Did you forget a '/' between the output and environment?     |     xʲ > {s,ʃ} (the latter mainly from borrowings?)     |                ^     @ Rule 1, Line 1"
35.1.10,6,	t͡ʃ’ > t͡s’,"Syntax Error: Unknown character ’ at '0:0:3'.     |     t͡ʃ’ > t͡s’     |        ^     @ Rule 1, Line 1"
35.1.10,8,	V3h > V3:[+long] / _C,"Runtime Error: Unknown reference '3' at 1     |     V3h > V3:[+long] / _C     |      ^     @ Rule 1, Line 1"
35.1.10,9,"	{ u3, u1 } > { a3, ə1 }","Syntax Error: Expected ',', but received '3'     |     { u3, u1 } > { a3, ə1 }     |        ^     @ Rule 1, Line 1"
35.1.10,10,"	a3 > a3 / { {C:[+uvular]ʷ, [+ cons, - fr, + bk, + hi, - lo]ʷ },w}_","Syntax Error: Cannot have nested brackets of the same type     |     a3 > a3 / { {C:[+uvular]ʷ, [+ cons, - fr, + bk, + hi, - lo]ʷ },w}_     |                 ^     @ Rule 1, Line 1"
35.1.10,11,"	a3 > a3 / :{ _Cu, _C:[+uvular]ʷ, _w }:","Syntax Error: Unknown feature 'uvular' at 0:22-29. Did you mean lar?      |     a3 > a3 / :{ _Cu, _C:[+uvular]ʷ, _w }:     |                           ^^^^^^^     @ Rule 1, Line 1"
35.1.10,12,	a1 > ə1,"Runtime Error: Unknown reference '1' at 1     |     a1 > ə1     |      ^     @ Rule 1, Line 1"
35.1.10,13,	{u3~ə3} > ə3,"Syntax Error: Expected ',', but received '3'     |     {u3~ə3} > ə3     |       ^     @ Rule 1, Line 1"
35.1.10,14,	{a3~ə3} > ə3,"Syntax Error: Expected ',', but received '3'     |     {a3~ə3} > ə3     |       ^     @ Rule 1, Line 1"
35.1.10,15,	{a3~i3} > ə3,"Syntax Error: Expected ',', but received '3'     |     {a3~i3} > ə3     |       ^     @ Rule 1, Line 1"
35.1.10,16,"	{a1~i1} > {ə1,e1}","Syntax Error: Expected ',', but received '1'     |     {a1~i1} > {ə1,e1}     |       ^     @ Rule 1, Line 1"
35.1.10,17,	{i3~e3} > ə3,"Syntax Error: Expected ',', but received '3'     |     {i3~e3} > ə3     |       ^     @ Rule 1, Line 1"
35.1.10,18,	{i3~ə1} > ə1,"Syntax Error: Expected ',', but received '3'     |     {i3~ə1} > ə1     |       ^     @ Rule 1, Line 1"
35.1.10,19,	{i1~ə1} > ə1,"Syntax Error: Expected ',', but received '1'     |     {i1~ə1} > ə1     |       ^     @ Rule 1, Line 1"
35.1.11,0,"	{ p(’), m } > { t͡ʃ(’), ŋ } // _u","Syntax Error: Unknown character ’ at '0:0:4'.     |     { p(’), m } > { t͡ʃ(’), ŋ } // _u     |         ^     @ Rule 1, Line 1"
35.1.11,4,"	xʲ > {s,ʃ} (the latter mainly from borrowings?)","Syntax Error: Expected end of line, received '('. Did you forget a '/' between the output and environment?     |     xʲ > {s,ʃ} (the latter mainly from borrowings?)     |                ^     @ Rule 1, Line 1"
35.1.11,6,	t͡ʃ’ > t͡s’,"Syntax Error: Unknown character ’ at '0:0:3'.     |     t͡ʃ’ > t͡s’     |        ^     @ Rule 1, Line 1"
35.1.11,8,"	{ u3, u1 } > { a3, ə1 }","Syntax Error: Expected ',', but received '3'     |     { u3, u1 } > { a3, ə1 }     |        ^     @ Rule 1, Line 1"
35.1.11,9,"	a3 > a3, o3 / { {C:[+uvular]ʷ, [+ cons, - fr, + bk, + hi, - lo]ʷ },w}_","Syntax Error: Cannot have nested brackets of the same type     |     a3 > a3, o3 / { {C:[+uvular]ʷ, [+ cons, - fr, + bk, + hi, - lo]ʷ },w}_     |                     ^     @ Rule 1, Line 1"
35.1.11,10,	a3 > e3,"Runtime Error: Unknown reference '3' at 1     |     a3 > e3     |      ^     @ Rule 1, Line 1"
35.1.11,11,	a1 > ə1,"Runtime Error: Unknown reference '1' at 1     |     a1 > ə1     |      ^     @ Rule 1, Line 1"
35.1.11,12,	{u3~ə3} > ə3,"Syntax Error: Expected ',', but received '3'     |     {u3~ə3} > ə3     |       ^     @ Rule 1, Line 1"
35.1.11,13,	{a3~ə3} > ə3,"Syntax Error: Expected ',', but received '3'     |     {a3~ə3} > ə3     |       ^     @ Rule 1, Line 1"
35.1.11,14,	{a3~i3} > ə3,"Syntax Error: Expected ',', but received '3'     |     {a3~i3} > ə3     |       ^     @ Rule 1, Line 1"
35.1.11,15,	{a1~i1} > ə1,"Syntax Error: Expected ',', but received '1'     |     {a1~i1} > ə1     |       ^     @ Rule 1, Line 1"
35.1.11,16,	{i3~e3} > ə3,"Syntax Error: Expected ',', but received '3'     |     {i3~e3} > ə3     |       ^     @ Rule 1, Line 1"
35.1.11,17,	{i3~ə1} > ə1,"Syntax Error: Expected ',', but received '3'     |     {i3~ə1} > ə1     |       ^     @ Rule 1, Line 1"
35.1.11,18,	{i1~ə1} > ə1,"Syntax Error: Expected ',', but received '1'     |     {i1~ə1} > ə1     |       ^     @ Rule 1, Line 1"
35.1.12,0,"	{ t͡s, t͡s’ } > { s, t͡s’ }","Syntax Error: Unknown character ’ at '0:0:10'.     |     { t͡s, t͡s’ } > { s, t͡s’ }     |               ^     @ Rule 1, Line 1"
35.1.12,4,"	ʔ > ∅ / :{ V3R_V, V3R_# }:","Syntax Error: Unknown grouping 'R'. Known groupings are (C)onsonant, (O)bstruent, (S)onorant, (P)losive, (F)ricative, (L)iquid, (N)asal, (G)lide, and (V)owel     |     ʔ > ∅ / :{ V3R_V, V3R_# }:     |                  ^     @ Rule 1, Line 1"
35.1.12,5,	i1 > ə1,"Runtime Error: Unknown reference '1' at 1     |     i1 > ə1     |      ^     @ Rule 1, Line 1"
35.1.12,6,	{a3~ə3} > ə3,"Syntax Error: Expected ',', but received '3'     |     {a3~ə3} > ə3     |       ^     @ Rule 1, Line 1"
35.1.12,7,"	{a1~i1} > {i1,ə1}","Syntax Error: Expected ',', but received '1'     |     {a1~i1} > {i1,ə1}     |       ^     @ Rule 1, Line 1"
35.1.12,8,"	{i3~e3} > {ə3,i3}","Syntax Error: Expected ',', but received '3'     |     {i3~e3} > {ə3,i3}     |       ^     @ Rule 1, Line 1"
35.1.12,9,	{i3~ə1} > i3,"Syntax Error: Expected ',', but received '3'     |     {i3~ə1} > i3     |       ^     @ Rule 1, Line 1"
35.1.12,10,"	{i1~ə1} > {i1,∅}","Syntax Error: Expected ',', but received '1'     |     {i1~ə1} > {i1,∅}     |       ^     @ Rule 1, Line 1"
35.1.13,5,"	i1 > i1, ə1j","Runtime Error: Unknown reference '1' at 1     |     i1 > i1, ə1j     |      ^     @ Rule 1, Line 1"
35.1.13,6,	{u3~ə3} > u3,"Syntax Error: Expected ',', but received '3'     |     {u3~ə3} > u3     |       ^     @ Rule 1, Line 1"
35.1.13,7,	{a3~ə3} > ə3,"Syntax Error: Expected ',', but received '3'     |     {a3~ə3} > ə3     |       ^     @ Rule 1, Line 1"
35.1.13,8,	{a3~i3} > i3,"Syntax Error: Expected ',', but received '3'     |     {a3~i3} > i3     |       ^     @ Rule 1, Line 1"
35.1.13,9,"	{a1~i1} > {i1,ə1}","Syntax Error: Expected ',', but received '1'     |     {a1~i1} > {i1,ə1}     |       ^     @ Rule 1, Line 1"
35.1.13,10,"	{i3~e3} > {ə3,i3}","Syntax Error: Expected ',', but received '3'     |     {i3~e3} > {ə3,i3}     |       ^     @ Rule 1, Line 1"
35.1.13,11,	{i3~ə1} > i3,"Syntax Error: Expected ',', but received '3'     |     {i3~ə1} > i3     |       ^     @ Rule 1, Line 1"
35.1.13,12,"	{i1~ə1} > {i1,∅}","Syntax Error: Expected ',', but received '1'     |     {i1~ə1} > {i1,∅}     |       ^     @ Rule 1, Line 1"
35.1.14,3,	ʔR > Rʔ / V3_V,"Syntax Error: Unknown grouping 'R'. Known groupings are (C)onsonant, (O)bstruent, (S)onorant, (P)losive, (F)ricative, (L)iquid, (N)asal, (G)lide, and (V)owel     |     ʔR > Rʔ / V3_V     |      ^     @ Rule 1, Line 1"
35.1.14,4,"	u1 > u1, ə1","Runtime Error: Unknown reference '1' at 1     |     u1 > u1, ə1     |      ^     @ Rule 1, Line 1"
35.1.14,5,	{u3~ə3} > ə3,"Syntax Error: Expected ',', but received '3'     |     {u3~ə3} > ə3     |       ^     @ Rule 1, Line 1"
35.1.14,6,"	{a3~ə3} > {a3,ə3}","Syntax Error: Expected ',', but received '3'     |     {a3~ə3} > {a3,ə3}     |       ^     @ Rule 1, Line 1"
35.1.14,7,	{a3~i3} > i3,"Syntax Error: Expected ',', but received '3'     |     {a3~i3} > i3     |       ^     @ Rule 1, Line 1"
35.1.14,8,	{a1~i1} > i1,"Syntax Error: Expected ',', but received '1'     |     {a1~i1} > i1     |       ^     @ Rule 1, Line 1"
35.1.14,9,"	{i3~e3} > {ə3,i3}","Syntax Error: Expected ',', but received '3'     |     {i3~e3} > {ə3,i3}     |       ^     @ Rule 1, Line 1"
35.1.14,10,	{i3~ə1} > i3,"Syntax Error: Expected ',', but received '3'     |     {i3~ə1} > i3     |       ^     @ Rule 1, Line 1"
35.1.14,11,"	{i1~ə1} > {i1,∅}","Syntax Error: Expected ',', but received '1'     |     {i1~ə1} > {i1,∅}     |       ^     @ Rule 1, Line 1"
35.1.15,4,"	ʔR > ʔ{R,b} / V3_V","Syntax Error: Unknown grouping 'R'. Known groupings are (C)onsonant, (O)bstruent, (S)onorant, (P)losive, (F)ricative, (L)iquid, (N)asal, (G)lide, and (V)owel     |     ʔR > ʔ{R,b} / V3_V     |      ^     @ Rule 1, Line 1"
35.1.15,5,	Rʔ > ʔR / V3_#,"Syntax Error: Unknown grouping 'R'. Known groupings are (C)onsonant, (O)bstruent, (S)onorant, (P)losive, (F)ricative, (L)iquid, (N)asal, (G)lide, and (V)owel     |     Rʔ > ʔR / V3_#     |     ^     @ Rule 1, Line 1"
35.1.15,6,	ʔ > ∅ / V1R_#,"Syntax Error: Unknown grouping 'R'. Known groupings are (C)onsonant, (O)bstruent, (S)onorant, (P)losive, (F)ricative, (L)iquid, (N)asal, (G)lide, and (V)owel     |     ʔ > ∅ / V1R_#     |               ^     @ Rule 1, Line 1"
35.1.15,7,	ʔ > ∅ / V3R_C,"Syntax Error: Unknown grouping 'R'. Known groupings are (C)onsonant, (O)bstruent, (S)onorant, (P)losive, (F)ricative, (L)iquid, (N)asal, (G)lide, and (V)owel     |     ʔ > ∅ / V3R_C     |               ^     @ Rule 1, Line 1"
35.1.15,8,"	{ u3, u1 } > { o3, ə1 }","Syntax Error: Expected ',', but received '3'     |     { u3, u1 } > { o3, ə1 }     |        ^     @ Rule 1, Line 1"
35.1.15,9,"	{a3~ə3} > {ə3,a3}","Syntax Error: Expected ',', but received '3'     |     {a3~ə3} > {ə3,a3}     |       ^     @ Rule 1, Line 1"
35.1.15,10,	{a3~i3} > a3,"Syntax Error: Expected ',', but received '3'     |     {a3~i3} > a3     |       ^     @ Rule 1, Line 1"
35.1.15,11,"	{a1~i1} > {i1,ə1}","Syntax Error: Expected ',', but received '1'     |     {a1~i1} > {i1,ə1}     |       ^     @ Rule 1, Line 1"
35.1.15,12,"	{i3~e3} > {i3,ə3}","Syntax Error: Expected ',', but received '3'     |     {i3~e3} > {i3,ə3}     |       ^     @ Rule 1, Line 1"
35.1.15,13,"	{i3~ə1} > {i3,i1}","Syntax Error: Expected ',', but received '3'     |     {i3~ə1} > {i3,i1}     |       ^     @ Rule 1, Line 1"
35.1.15,14,	{i1~ə1} > i1,"Syntax Error: Expected ',', but received '1'     |     {i1~ə1} > i1     |       ^     @ Rule 1, Line 1"
35.2.1,0,	nˀ > aʔ / _# (all other Interior Salishan languages have /eʔ/ in this position),"Syntax Error: Unknown grouping 'I'. Known groupings are (C)onsonant, (O)bstruent, (S)onorant, (P)losive, (F)ricative, (L)iquid, (N)asal, (G)lide, and (V)owel     |     nˀ > aʔ / _# (all other Interior Salishan languages have /eʔ/ in this position)     |                             ^     @ Rule 1, Line 1"
35.2.2,0,	N:[-glottalized] > e / _O:[+same POA] ‘in primary forms’,"Syntax Error: Unknown feature 'glottalized' at 0:3-15. Did you mean contin?      |     N:[-glottalized] > e / _O:[+same POA] ‘in primary forms’     |        ^^^^^^^^^^^^     @ Rule 1, Line 1"
35.2.2,1,	n̩ > e / n_ (this is admittedly a bit conjectural; the paper is not being very clear here),"Syntax Error: Malformed Comment: Expected ';;', but received '; ' at 0:0:50     |     n̩ > e / n_ (this is admittedly a bit conjectural; the paper is not being very clear here)     |                                                       ^     @ Rule 1, Line 1"
35.3,0,"	{ em, emˀ } > { u, uʔ } / w_ in :[-stressed]","Syntax Error: Unknown feature 'stressed' at 0:34-43. Did you mean stress?      |     { em, emˀ } > { u, uʔ } / w_ in :[-stressed]     |                                       ^^^^^^^^^     @ Rule 1, Line 1"
35.3,1,"	{ em, emˀ } > { a, aʔ } / in :[-stressed] ,m(ˀ)}_ // {p(’)","Syntax Error: Unknown feature 'stressed' at 0:31-40. Did you mean stress?      |     { em, emˀ } > { a, aʔ } / in :[-stressed] ,m(ˀ)}_ // {p(’)     |                                    ^^^^^^^^^     @ Rule 1, Line 1"
35.3,2,"	{ en, enˀ } > { i, iʔ } / :{ t͡s(’)_ in :[-stressed], s_ in :[-stressed], j(ˀ)_ in :[-stressed] }:","Syntax Error: Unknown character ’ at '0:0:33'.     |     { en, enˀ } > { i, iʔ } / :{ t͡s(’)_ in :[-stressed], s_ in :[-stressed], j(ˀ)_ in :[-stressed] }:     |                                      ^     @ Rule 1, Line 1"
35.3,3,"	{ en, enˀ } > { a, ʔ } / in :[-stressed] ,lʲ,{n,l}(ˀ)}_ // {t(’)","Syntax Error: Unknown feature 'stressed' at 0:30-39. Did you mean stress?      |     { en, enˀ } > { a, ʔ } / in :[-stressed] ,lʲ,{n,l}(ˀ)}_ // {t(’)     |                                   ^^^^^^^^^     @ Rule 1, Line 1"
35.4,0,"	{ n, nˀ } > { i, iʔ } / C_s","Syntax Error: Expected ',', but received 'ʔ'     |     { n, nˀ } > { i, iʔ } / C_s     |                       ^     @ Rule 1, Line 1"
35.4,1,"	{ n, nˀ } > { i, iʔ } / :{ _i(sporadic), _ʃ(sporadic) }:","Syntax Error: Expected ',', but received 'ʔ'     |     { n, nˀ } > { i, iʔ } / :{ _i(sporadic), _ʃ(sporadic) }:     |                       ^     @ Rule 1, Line 1"
36.1,0,	(C-)r- > l-,"Syntax Error: Expected '->', but received -')' at 0:0:2     |     (C-)r- > l-     |       ^     @ Rule 1, Line 1"
36.1,1,	s(-)r > ʂ-,"Syntax Error: Expected '->', but received -')' at 0:0:2     |     s(-)r > ʂ-     |       ^     @ Rule 1, Line 1"
36.1,2,	r > ∅ / C_-,"Syntax Error: Expected '->', but received -' ' at 0:0:10     |     r > ∅ / C_-     |               ^     @ Rule 1, Line 1"
36.1,3,	r-T- > Ṭ,"Syntax Error: Expected '->', but received -'T' at 0:0:1     |     r-T- > Ṭ     |      ^     @ Rule 1, Line 1"
36.1,4,"	(C-)l- > {d,ji}-","Syntax Error: Expected '->', but received -')' at 0:0:2     |     (C-)l- > {d,ji}-     |       ^     @ Rule 1, Line 1"
36.1,5,"	s-l- > {tʰ,z}-","Syntax Error: Expected '->', but received -'l' at 0:0:1     |     s-l- > {tʰ,z}-     |      ^     @ Rule 1, Line 1"
36.1,6,	l > ∅ / s_-,"Syntax Error: Expected '->', but received -' ' at 0:0:10     |     l > ∅ / s_-     |               ^     @ Rule 1, Line 1"
36.1,7,"	{m,ŋ}l- > d͡ʑ-","Syntax Error: Expected '->', but received -' ' at 0:0:6     |     {m,ŋ}l- > d͡ʑ-     |           ^     @ Rule 1, Line 1"
36.1,8,	Cl- > T(ʑ)-,"Syntax Error: Expected '->', but received -' ' at 0:0:2     |     Cl- > T(ʑ)-     |       ^     @ Rule 1, Line 1"
36.1,9,"	[+ cons, - fr, + bk, + hi, - lo]w > [+ cons, - fr, + bk, + hi, - lo]ʷ- / _a-","Syntax Error: Expected '->', but received -' ' at 0:0:69     |     [+ cons, - fr, + bk, + hi, - lo]w > [+ cons, - fr, + bk, + hi, - lo]ʷ- / _a-     |                                                                          ^     @ Rule 1, Line 1"
36.1,10,"	[+ cons, - fr, + bk, + hi, - lo]wə- > [+ cons, - fr, + bk, + hi, - lo]ʷɨ-","Syntax Error: Expected '->', but received -' ' at 0:0:34     |     [+ cons, - fr, + bk, + hi, - lo]wə- > [+ cons, - fr, + bk, + hi, - lo]ʷɨ-     |                                       ^     @ Rule 1, Line 1"
36.1,11,	w > r / P_-,"Syntax Error: Expected '->', but received -' ' at 0:0:10     |     w > r / P_-     |               ^     @ Rule 1, Line 1"
36.1,12,	r > ∅ / P_-,"Syntax Error: Expected '->', but received -' ' at 0:0:10     |     r > ∅ / P_-     |               ^     @ Rule 1, Line 1"
36.1.1,1,"	xɦ > ∅ / _jʷ{?,ia,a(ta)}","Syntax Error: Expected ',', but received 'a'     |     xɦ > ∅ / _jʷ{?,ia,a(ta)}     |                     ^     @ Rule 1, Line 1"
36.1.1,2,"	Cʲ > C {Ạ,F̣}_","Syntax Error: Unknown character Ạ at '0:0:8'.     |     Cʲ > C {Ạ,F̣}_     |             ^     @ Rule 1, Line 1"
36.1.1,3,	Cʲ > C̣,"Syntax Error: Unknown character ̣ at '0:0:6'.     |     Cʲ > C̣     |           ^     @ Rule 1, Line 1"
36.1.1,5,"	V1 > V2 / in syllables with /ɦ/, a nasal, or a liquid","Syntax Error: Expected '_', but received '/'     |     V1 > V2 / in syllables with /ɦ/, a nasal, or a liquid     |                                 ^     @ Rule 1, Line 1"
36.1.1,6,	V3 > V4 / in syllables with /ɦ/,"Syntax Error: Expected '_', but received '/'     |     V3 > V4 / in syllables with /ɦ/     |                                 ^     @ Rule 1, Line 1"
36.1.1,8,	V5 > V2 / in syllables with /ɦ/,"Syntax Error: Expected '_', but received '/'     |     V5 > V2 / in syllables with /ɦ/     |                                 ^     @ Rule 1, Line 1"
36.1.1,9,	V5 > V4 / in syllables with a nasal or liquid,"Syntax Error: Expected '_', but received ''     |     V5 > V4 / in syllables with a nasal or liquid     |                                                  ^     @ Rule 1, Line 1"
36.1.1,10,	V5 > V3,"Runtime Error: Unknown reference '5' at 1     |     V5 > V3     |      ^     @ Rule 1, Line 1"
36.1.1,13,"	Cʲ > C / :{ f_, v_ }:","Syntax Error: Expected '>', '->' or '=>', but received 'ʲ'     |     Cʲ > C / :{ f_, v_ }:     |      ^     @ Rule 1, Line 1"
36.1.1,14,	w > o / Cʲ_?w,"Syntax Error: Expected '_', but received 'ʲ'     |     w > o / Cʲ_?w     |              ^     @ Rule 1, Line 1"
36.1.1,15,	i > ∅ / Cʷ_a,"Syntax Error: Expected '_', but received 'ʷ'     |     i > ∅ / Cʷ_a     |              ^     @ Rule 1, Line 1"
36.1.1,17,"	C > Cʲ / :{ {[+ cons, - fr, + bk, + hi, - lo],C:[+pharyngeal]}_a, {[+ cons, - fr, + bk, + hi, - lo],C:[+pharyngeal]}_a(ch) }:","Syntax Error: Expected end of line, received 'ʲ'. Did you forget a '/' between the output and environment?     |     C > Cʲ / :{ {[+ cons, - fr, + bk, + hi, - lo],C:[+pharyngeal]}_a, {[+ cons, - fr, + bk, + hi, - lo],C:[+pharyngeal]}_a(ch) }:     |          ^     @ Rule 1, Line 1"
36.1.1,18,"	o > a / C_w ,C:[+pharyngeal]} // C = {[+ cons, - fr, + bk, + hi, - lo]","Syntax Error: Expected '_', but received '}'     |     o > a / C_w ,C:[+pharyngeal]} // C = {[+ cons, - fr, + bk, + hi, - lo]     |                                 ^     @ Rule 1, Line 1"
36.1.1,19,	ŋ > n / n_Cʲa(ta),"Syntax Error: Expected end of line, received 'ʲ'. Did you forget a '/' between the output and environment?     |     ŋ > n / n_Cʲa(ta)     |                ^     @ Rule 1, Line 1"
36.1.1,23,"	{ {o,a}, {a(ta),a(ch)} } > { e, a } / _ŋ","Syntax Error: Cannot have nested brackets of the same type     |     { {o,a}, {a(ta),a(ch)} } > { e, a } / _ŋ     |       ^     @ Rule 1, Line 1"
36.1.1,24,"	{a(ta),a(ch)} > o","Syntax Error: Expected ',', but received '('     |     {a(ta),a(ch)} > o     |       ^     @ Rule 1, Line 1"
36.1.1,26,"	{Aʲ,Fʲ}[+alveolar] > A, F / _?ʲ","Syntax Error: Unknown feature 'alveolar' at 0:8-17. Did you mean delay?      |     {Aʲ,Fʲ}[+alveolar] > A, F / _?ʲ     |             ^^^^^^^^^     @ Rule 1, Line 1"
36.1.1,28,"	C > Cʲ / ?ʲ{p,t}_","Syntax Error: Expected end of line, received 'ʲ'. Did you forget a '/' between the output and environment?     |     C > Cʲ / ?ʲ{p,t}_     |          ^     @ Rule 1, Line 1"
36.1.1,30,	o > a / Cʲ_w,"Syntax Error: Expected '_', but received 'ʲ'     |     o > a / Cʲ_w     |              ^     @ Rule 1, Line 1"
36.1.1,31,"	∅ > w / C_o# ,C:[+pharyngeal]} // C = {[+ cons, - fr, + bk, + hi, - lo]","Syntax Error: Expected '_', but received '}'     |     ∅ > w / C_o# ,C:[+pharyngeal]} // C = {[+ cons, - fr, + bk, + hi, - lo]     |                                  ^     @ Rule 1, Line 1"
36.1.1,32,	w > ∅ / C̣Cʲ_?w (optional),"Syntax Error: Unknown character ̣ at '0:0:9'.     |     w > ∅ / C̣Cʲ_?w (optional)     |              ^     @ Rule 1, Line 1"
36.1.1,34,	? > a / Cw_Cʲ,"Syntax Error: Expected end of line, received 'ʲ'. Did you forget a '/' between the output and environment?     |     ? > a / Cw_Cʲ     |                 ^     @ Rule 1, Line 1"
36.1.1,35,"	{o,e} > ? / _Cʲ","Syntax Error: Expected end of line, received 'ʲ'. Did you forget a '/' between the output and environment?     |     {o,e} > ? / _Cʲ     |                   ^     @ Rule 1, Line 1"
36.1.1,36,	wʲ > w / _?Cʲ,"Syntax Error: Expected end of line, received 'ʲ'. Did you forget a '/' between the output and environment?     |     wʲ > w / _?Cʲ     |                 ^     @ Rule 1, Line 1"
36.1.1,37,	∅ > w / C̣_aŋ,"Syntax Error: Unknown character ̣ at '0:0:9'.     |     ∅ > w / C̣_aŋ     |              ^     @ Rule 1, Line 1"
36.1.1,40,	wʲ > w / C̣_oŋ,"Syntax Error: Unknown character ̣ at '0:0:10'.     |     wʲ > w / C̣_oŋ     |               ^     @ Rule 1, Line 1"
36.1.1.1,6,	j > ∅ / jî_,"Syntax Error: Unknown character î at '0:0:9'.     |     j > ∅ / jî_     |              ^     @ Rule 1, Line 1"
36.1.1.1,9,	j > ∅ / C̣_,"Syntax Error: Unknown character ̣ at '0:0:9'.     |     j > ∅ / C̣_     |              ^     @ Rule 1, Line 1"
36.1.1.1,11,	î > e / _C# // C = r,"Syntax Error: Unknown character î at '0:0:0'.     |     î > e / _C# // C = r     |     ^     @ Rule 1, Line 1"
36.1.1.1,13,"	{ k(ʰ), h } > { ɕ͡(ʰ), ɕ } / _j","Syntax Error: Unknown character ͡ at '0:0:17'.     |     { k(ʰ), h } > { ɕ͡(ʰ), ɕ } / _j     |                      ^     @ Rule 1, Line 1"
36.2,0,"	{ b, d, d͡z, ɡ } > { {p,pʼ}, {t,tʼ}, {t͡s,t͡sʼ}, {k,kʼ} }","Syntax Error: Cannot have nested brackets of the same type     |     { b, d, d͡z, ɡ } > { {p,pʼ}, {t,tʼ}, {t͡s,t͡sʼ}, {k,kʼ} }     |                          ^     @ Rule 1, Line 1"
36.2,2,	ŋ > ∅ / _u / _V,"Syntax Error: Expected end of line, received '/'. Did you forget a '/' between the output and environment?     |     ŋ > ∅ / _u / _V     |                ^     @ Rule 1, Line 1"
36.2,5,"	z > {s,t͡sʼ} (the former “without exception” “in oblique tone words”)","Syntax Error: Unknown character “ at '0:0:25'.     |     z > {s,t͡sʼ} (the former “without exception” “in oblique tone words”)     |                              ^     @ Rule 1, Line 1"
36.2,6,	ɖʐ > ʈʂ / :[i]n oblique tone syllables,"Syntax Error: Feature 'i' has no modifier at 0:12-13.     |     ɖʐ > ʈʂ / :[i]n oblique tone syllables     |                 ^     @ Rule 1, Line 1"
36.2,7,	ɖʐ > ʈʂʼ / in píng-tone syllables,"Syntax Error: Unknown character í at '0:0:15'.     |     ɖʐ > ʈʂʼ / in píng-tone syllables     |                    ^     @ Rule 1, Line 1"
36.2,9,"	r > ʐ (Apparently there was some situation where this went to ∅, and then something happened with the output syllable being:[ɚ])","Syntax Error: Unknown character ɚ at '0:0:125'.     |     r > ʐ (Apparently there was some situation where this went to ∅, and then something happened with the output syllable being:[ɚ])     |                                                                                                                                  ^     @ Rule 1, Line 1"
36.2,12,	ʔ > ∅ / _u (not always? Perhaps some variation with:[ɣ] here?),"Syntax Error: Unknown character ɣ at '0:0:53'.     |     ʔ > ∅ / _u (not always? Perhaps some variation with:[ɣ] here?)     |                                                          ^     @ Rule 1, Line 1"
36.2,15,"	There seems to ahve been some stuff going on with palatalized:[ŋ] > {ɲ,n} but it seems highly dialectal and I’m not entirely sure just what exactly was going on here","Syntax Error: Unknown character ŋ at '0:0:63'.     |     There seems to ahve been some stuff going on with palatalized:[ŋ] > {ɲ,n} but it seems highly dialectal and I’m not entirely sure just what exactly was going on here     |                                                                    ^     @ Rule 1, Line 1"
36.2,17,	uj > (ɣ)u,"Syntax Error: Unknown character ( at '0:0:3'.     |     uj > (ɣ)u     |        ^     @ Rule 1, Line 1"
36.2,19,	long-tail vowel thing > i (or:[truncated vowel-thing] “where GH strident initial variant͡s occur”),"Syntax Error: Expected '->', but received -'t' at 0:0:4     |     long-tail vowel thing > i (or:[truncated vowel-thing] “where GH strident initial variant͡s occur”)     |         ^     @ Rule 1, Line 1"
36.2,20,"	{long-tail vowel thingʔ,əʔ} > ɛʔ","Syntax Error: Expected '->', but received -'t' at 0:0:5     |     {long-tail vowel thingʔ,əʔ} > ɛʔ     |          ^     @ Rule 1, Line 1"
36.2,21,	i > :[long-tail vowel thing] / C̣_ (,"Syntax Error: Feature 'long' has no modifier at 0:6-10.     |     i > :[long-tail vowel thing] / C̣_ (     |           ^^^^     @ Rule 1, Line 1"
36.2,22,"	{ iʔ, iw } > { eʔ, ew } / C̣_ (the latter with variant iɛu?)","Syntax Error: Unknown character ̣ at '0:0:27'.     |     { iʔ, iw } > { eʔ, ew } / C̣_ (the latter with variant iɛu?)     |                                ^     @ Rule 1, Line 1"
36.2,23,	iʔ > ieʔ (,"Syntax Error: Expected end of line, received '('. Did you forget a '/' between the output and environment?     |     iʔ > ieʔ (     |              ^     @ Rule 1, Line 1"
36.2,24,"	{ ieʔ, ( } > { i:[truncated, vowel-thing]ʔ?) }","Syntax Error: Feature 'truncated' has no modifier at 0:18-27.     |     { ieʔ, ( } > { i:[truncated, vowel-thing]ʔ?) }     |                       ^^^^^^^^^     @ Rule 1, Line 1"
36.2,25,	uʔ > oʔ (occasionally,"Syntax Error: Expected end of line, received '('. Did you forget a '/' between the output and environment?     |     uʔ > oʔ (occasionally     |             ^     @ Rule 1, Line 1"
36.2,26,	oʔ (occasionally > uɛʔ?),"Syntax Error: Expected an IPA character, Primative or Matrix, but received '>'     |     oʔ (occasionally > uɛʔ?)     |                      ^     @ Rule 1, Line 1"
36.2,27,	uj > u(ɛ)i / m_,"Syntax Error: Expected end of line, received '('. Did you forget a '/' between the output and environment?     |     uj > u(ɛ)i / m_     |           ^     @ Rule 1, Line 1"
36.2,28,"	uj > uɛi / :{ P_, C:[+guttural]_, ∅_ }:","Syntax Error: Unknown feature 'guttural' at 0:21-30. Did you mean lateral?      |     uj > uɛi / :{ P_, C:[+guttural]_, ∅_ }:     |                          ^^^^^^^^^     @ Rule 1, Line 1"
36.2,29,"	uj > ui / :{ C:[+dental]_, C:[+strident]_ }:","Syntax Error: Unknown feature 'dental' at 0:16-23. Did you mean ldental?      |     uj > ui / :{ C:[+dental]_, C:[+strident]_ }:     |                     ^^^^^^^     @ Rule 1, Line 1"
36.2,30,	ujʔ > uɛʔ (dialectally,"Syntax Error: Expected end of line, received '('. Did you forget a '/' between the output and environment?     |     ujʔ > uɛʔ (dialectally     |               ^     @ Rule 1, Line 1"
36.2,31,	uɛʔ (dialectally > uɔʔ?),"Syntax Error: Expected an IPA character, Primative or Matrix, but received '>'     |     uɛʔ (dialectally > uɔʔ?)     |                      ^     @ Rule 1, Line 1"
36.2,32,"	un > uɛn / ,C:[+strident]}_ // {C:[+dental]","Syntax Error: Unknown feature 'dental' at 0:35-42. Did you mean ldental?      |     un > uɛn / ,C:[+strident]}_ // {C:[+dental]     |                                        ^^^^^^^     @ Rule 1, Line 1"
36.2,34,	uŋ > oŋ (in one source?),"Syntax Error: Expected end of line, received '('. Did you forget a '/' between the output and environment?     |     uŋ > oŋ (in one source?)     |             ^     @ Rule 1, Line 1"
36.2,35,"	juŋ > iuŋ / :{ _∅, _x, _ʋ, _ʔ }:","Syntax Error: Expected ',', but received '∅'     |     juŋ > iuŋ / :{ _∅, _x, _ʋ, _ʔ }:     |                     ^     @ Rule 1, Line 1"
36.2,36,	juŋ > iuŋ / _ɡ:[+píng tone],"Syntax Error: Expected ASCII character, but received 'í' at 0:0:18.     |     juŋ > iuŋ / _ɡ:[+píng tone]     |                       ^     @ Rule 1, Line 1"
36.2,37,	juŋ > uŋ (,"Syntax Error: Expected end of line, received '('. Did you forget a '/' between the output and environment?     |     juŋ > uŋ (     |              ^     @ Rule 1, Line 1"
36.2,38,"	{ uŋ, ( } > { oŋ, dialectally?) }","Syntax Error: Expected ',', but received 'ŋ'     |     { uŋ, ( } > { oŋ, dialectally?) }     |        ^     @ Rule 1, Line 1"
36.2,39,"	{ jujŋ, ujŋ } > { iuŋ, uŋ }","Syntax Error: Expected ',', but received 'u'     |     { jujŋ, ujŋ } > { iuŋ, uŋ }     |        ^     @ Rule 1, Line 1"
36.2,40,	y > ɥ ( / C̣_,"Syntax Error: Unknown character ̣ at '0:0:11'.     |     y > ɥ ( / C̣_     |                ^     @ Rule 1, Line 1"
36.2,41,"	{ ɥ, ( } > { y~u, dialectally?) } / C̣_","Syntax Error: Unknown character ̣ at '0:0:37'.     |     { ɥ, ( } > { y~u, dialectally?) } / C̣_     |                                          ^     @ Rule 1, Line 1"
36.2,42,"	yʔ > yɛʔ / :{ l_ in “QYS -juət-type” finals, dialectally?, C:[+dental +strident]_ in “QYS -juət-type” finals, dialectally? }:","Syntax Error: Unknown character “ at '0:0:20'.     |     yʔ > yɛʔ / :{ l_ in “QYS -juət-type” finals, dialectally?, C:[+dental +strident]_ in “QYS -juət-type” finals, dialectally? }:     |                         ^     @ Rule 1, Line 1"
36.2,43,"	yʔ > oʔ (eventually / :{ l_, in “QYS -k-types”, C:[+dental +strident]_, in “QYS -k-types” }:","Syntax Error: Unknown character “ at '0:0:32'.     |     yʔ > oʔ (eventually / :{ l_, in “QYS -k-types”, C:[+dental +strident]_, in “QYS -k-types” }:     |                                     ^     @ Rule 1, Line 1"
36.2,44,"	oʔ (eventually > {ʊʔ,(i)uʔ?) / :{ l_, in “QYS -k-types”, C:[+dental +strident]_, in “QYS -k-types” }:","Syntax Error: Cannot have nested brackets of the same type     |     oʔ (eventually > {ʊʔ,(i)uʔ?) / :{ l_, in “QYS -k-types”, C:[+dental +strident]_, in “QYS -k-types” }:     |                          ^     @ Rule 1, Line 1"
36.2,45,"	yʔ > yʔ(~yɛʔ?) / {∅,C:[+guttural]}, in -juət-types","Syntax Error: Unknown feature 'guttural' at 0:23-32. Did you mean lateral?      |     yʔ > yʔ(~yɛʔ?) / {∅,C:[+guttural]}, in -juət-types     |                            ^^^^^^^^^     @ Rule 1, Line 1"
36.2,46,"	yʔ > ioʔ ( / :{ ∅_, in -k-types, C:[+guttural]_, in -k-types }:","Syntax Error: Expected '->', but received -'k' at 0:0:23     |     yʔ > ioʔ ( / :{ ∅_, in -k-types, C:[+guttural]_, in -k-types }:     |                            ^     @ Rule 1, Line 1"
36.2,47,"	{ ioʔ, ( } > { iʊʔ, dialectally?) } / :{ ∅_, in -k-types, C:[+guttural]_, in -k-types }:","Syntax Error: Expected '->', but received -'k' at 0:0:48     |     { ioʔ, ( } > { iʊʔ, dialectally?) } / :{ ∅_, in -k-types, C:[+guttural]_, in -k-types }:     |                                                     ^     @ Rule 1, Line 1"
36.2,48,"	yʔ > ɥʔ, yʔ, uʔ / C̣, in -juət-types","Syntax Error: Unknown character ̣ at '0:0:19'.     |     yʔ > ɥʔ, yʔ, uʔ / C̣, in -juət-types     |                        ^     @ Rule 1, Line 1"
36.2,49,"	yʔ > oʔ ( / C̣_, in -k-types","Syntax Error: Unknown character ̣ at '0:0:13'.     |     yʔ > oʔ ( / C̣_, in -k-types     |                  ^     @ Rule 1, Line 1"
36.2,50,"	oʔ ( > ʊʔ?) / C̣_, in -k-types","Syntax Error: Unknown character ̣ at '0:0:15'.     |     oʔ ( > ʊʔ?) / C̣_, in -k-types     |                    ^     @ Rule 1, Line 1"
36.2,52,	yn > un / C̣_ (may have stayed yn or → ɥn in at least one area?),"Syntax Error: Unknown character ̣ at '0:0:11'.     |     yn > un / C̣_ (may have stayed yn or → ɥn in at least one area?)     |                ^     @ Rule 1, Line 1"
36.2,53,"	{ je, jeʔ, yeʔ } > { ɛ, ɛʔ, uɛʔ } / C̣_","Syntax Error: Unknown character ̣ at '0:0:37'.     |     { je, jeʔ, yeʔ } > { ɛ, ɛʔ, uɛʔ } / C̣_     |                                          ^     @ Rule 1, Line 1"
36.2,54,"	{ je, jeʔ } > { iɛ, iɛʔ }","Syntax Error: Expected ',', but received 'e'     |     { je, jeʔ } > { iɛ, iɛʔ }     |        ^     @ Rule 1, Line 1"
36.2,55,	yeʔ > yɛʔ (,"Syntax Error: Expected end of line, received '('. Did you forget a '/' between the output and environment?     |     yeʔ > yɛʔ (     |               ^     @ Rule 1, Line 1"
36.2,56,"	yɛʔ ( > {uɔʔ,yɔʔ} in southern speech?)","Syntax Error: Expected an IPA character, Primative or Matrix, but received '>'     |     yɛʔ ( > {uɔʔ,yɔʔ} in southern speech?)     |           ^     @ Rule 1, Line 1"
36.2,57,"	{ ye, jej } > { yɛ, i }","Syntax Error: Expected ',', but received 'e'     |     { ye, jej } > { yɛ, i }     |        ^     @ Rule 1, Line 1"
36.2,58,	jew > au / C̣(C?)_,"Syntax Error: Unknown character ̣ at '0:0:12'.     |     jew > au / C̣(C?)_     |                 ^     @ Rule 1, Line 1"
36.2,60,"	{jem,jen} > iɛn // ʐ_) (only in one variety?)","Syntax Error: Expected ',', but received 'e'     |     {jem,jen} > iɛn // ʐ_) (only in one variety?)     |       ^     @ Rule 1, Line 1"
36.2,61,	yen > uɛn / C̣_,"Syntax Error: Unknown character ̣ at '0:0:13'.     |     yen > uɛn / C̣_     |                  ^     @ Rule 1, Line 1"
36.2,63,	ɔ > a / in two cases cited; extremely rare change,"Syntax Error: Malformed Comment: Expected ';;', but received '; ' at 0:0:27     |     ɔ > a / in two cases cited; extremely rare change     |                                ^     @ Rule 1, Line 1"
36.2,64,	wɔ > ɔ (occasionally,"Syntax Error: Expected end of line, received '('. Did you forget a '/' between the output and environment?     |     wɔ > ɔ (occasionally     |            ^     @ Rule 1, Line 1"
36.2,65,	ɔ (occasionally > uɔ after a guttural?),"Syntax Error: Expected an IPA character, Primative or Matrix, but received '>'     |     ɔ (occasionally > uɔ after a guttural?)     |                     ^     @ Rule 1, Line 1"
36.2,66,	wɔʔ > uɔʔ / C:[+guttural]_,"Syntax Error: Unknown feature 'guttural' at 0:15-24. Did you mean lateral?      |     wɔʔ > uɔʔ / C:[+guttural]_     |                    ^^^^^^^^^     @ Rule 1, Line 1"
36.2,68,	ɔn > an; “:[t]his final occurs exclusively after SR gutturals”,"Syntax Error: Malformed Comment: Expected ';;', but received '; ' at 0:0:8     |     ɔn > an; “:[t]his final occurs exclusively after SR gutturals”     |             ^     @ Rule 1, Line 1"
36.2,69,"	{ wɔn, ja, wa } > { uɔn, ia, ua }","Syntax Error: Expected ',', but received 'ɔ'     |     { wɔn, ja, wa } > { uɔn, ia, ua }     |        ^     @ Rule 1, Line 1"
36.2,70,	aʔ > ɔʔ / C:[+guttural]_,"Syntax Error: Unknown feature 'guttural' at 0:13-22. Did you mean lateral?      |     aʔ > ɔʔ / C:[+guttural]_     |                  ^^^^^^^^^     @ Rule 1, Line 1"
36.2,74,"	{ aj, jaj, waj, aw, jaw } > { ai, iai, uai, au, iau }","Syntax Error: Expected ',', but received 'j'     |     { aj, jaj, waj, aw, jaw } > { ai, iai, uai, au, iau }     |        ^     @ Rule 1, Line 1"
36.2,75,"	awʔ > ɔʔ (“Trigault gives a variant in -ɛʔ, which becomes general in the later GH varieties”)","Syntax Error: Unknown character “ at '0:0:10'.     |     awʔ > ɔʔ (“Trigault gives a variant in -ɛʔ, which becomes general in the later GH varieties”)     |               ^     @ Rule 1, Line 1"
36.2,76,"	{jawʔ,wawʔ} > ɔʔ / C̣_","Syntax Error: Unknown character ̣ at '0:0:20'.     |     {jawʔ,wawʔ} > ɔʔ / C̣_     |                         ^     @ Rule 1, Line 1"
36.2,77,"	{ jawʔ, wawʔ } > { iɔʔ, uɔʔ }","Syntax Error: Expected ',', but received 'a'     |     { jawʔ, wawʔ } > { iɔʔ, uɔʔ }     |        ^     @ Rule 1, Line 1"
36.2,79,"	{jam,jan} > iɛn","Syntax Error: Expected ',', but received 'a'     |     {jam,jan} > iɛn     |       ^     @ Rule 1, Line 1"
36.2,82,"	{ aŋ, jaŋ } > { uaŋ, aŋ } / C̣_","Syntax Error: Unknown character ̣ at '0:0:29'.     |     { aŋ, jaŋ } > { uaŋ, aŋ } / C̣_     |                                  ^     @ Rule 1, Line 1"
36.2,84,"	{ əjʔ, əw, {əm,ən} } > { eʔ, ɛu, ɛn }","Syntax Error: Cannot have nested brackets of the same type     |     { əjʔ, əw, {əm,ən} } > { eʔ, ɛu, ɛn }     |                ^     @ Rule 1, Line 1"
36.2,85,	əjŋ > ɛn (varies with ɛn?),"Syntax Error: Expected end of line, received '('. Did you forget a '/' between the output and environment?     |     əjŋ > ɛn (varies with ɛn?)     |              ^     @ Rule 1, Line 1"
36.3.1.1,0,"	{ a, u, i, iN } > { e, y, ɯ, i } / T_%","Syntax Error: Expected ',', but received 'N'     |     { a, u, i, iN } > { e, y, ɯ, i } / T_%     |                 ^     @ Rule 1, Line 1"
36.3.1.1,3,"	{a,i} > ɯ / R_%","Syntax Error: Unknown grouping 'R'. Known groupings are (C)onsonant, (O)bstruent, (S)onorant, (P)losive, (F)ricative, (L)iquid, (N)asal, (G)lide, and (V)owel     |     {a,i} > ɯ / R_%     |                 ^     @ Rule 1, Line 1"
36.3.1.1,5,"	{ a, aS } > { ɑ, {ɑ,u} }","Syntax Error: Cannot have nested brackets of the same type     |     { a, aS } > { ɑ, {ɑ,u} }     |                      ^     @ Rule 1, Line 1"
36.3.1.1,9,"	B > o / :{ qʰ_, (N)q_ }:","Syntax Error: Unknown grouping 'B'. Known groupings are (C)onsonant, (O)bstruent, (S)onorant, (P)losive, (F)ricative, (L)iquid, (N)asal, (G)lide, and (V)owel     |     B > o / :{ qʰ_, (N)q_ }:     |     ^     @ Rule 1, Line 1"
36.3.1.1,11,"	{Np,mb} > b / _V (the paper implies similar development͡s occurred at other POAs)","Syntax Error: Expected ',', but received 'p'     |     {Np,mb} > b / _V (the paper implies similar development͡s occurred at other POAs)     |       ^     @ Rule 1, Line 1"
36.3.1.1,12,"	{ {r,s}p(ʰ), {r,s}{Np,(m)b} } > { f, v } / _V (the paper implies similar development͡s occurred at other POAs)","Syntax Error: Cannot have nested brackets of the same type     |     { {r,s}p(ʰ), {r,s}{Np,(m)b} } > { f, v } / _V (the paper implies similar development͡s occurred at other POAs)     |       ^     @ Rule 1, Line 1"
36.3.1.1,13,"	{ {r,s}k, {r,s}Nk } > { f, w } / _V","Syntax Error: Cannot have nested brackets of the same type     |     { {r,s}k, {r,s}Nk } > { f, w } / _V     |       ^     @ Rule 1, Line 1"
36.3.1.1,14,"	{ S{b,ɡ}, Sk } > { v, h } / _V","Syntax Error: Cannot have nested brackets of the same type     |     { S{b,ɡ}, Sk } > { v, h } / _V     |        ^     @ Rule 1, Line 1"
36.3.1.1,15,"	{ {r,s}l, {r,s}n } > { l̥, N̥ } / %_V","Syntax Error: Cannot have nested brackets of the same type     |     { {r,s}l, {r,s}n } > { l̥, N̥ } / %_V     |       ^     @ Rule 1, Line 1"
36.3.1.1,17,	N̥V > hṼ,"Syntax Error: Unknown character Ṽ at '0:0:7'.     |     N̥V > hṼ     |            ^     @ Rule 1, Line 1"
36.3.1.2,0,	a > e / :{ T_% }:,"Syntax Error: Unknown grouping 'T'. Known groupings are (C)onsonant, (O)bstruent, (S)onorant, (P)losive, (F)ricative, (L)iquid, (N)asal, (G)lide, and (V)owel     |     a > e / :{ T_% }:     |                ^     @ Rule 1, Line 1"
36.3.1.2,4,"	{ {iN,u}, i } > { i, ɯ } / T_","Syntax Error: Cannot have nested brackets of the same type     |     { {iN,u}, i } > { i, ɯ } / T_     |       ^     @ Rule 1, Line 1"
36.3.1.2,8,"	B > ɔ / :{ qʰ_, (N)q_ }:","Syntax Error: Unknown grouping 'B'. Known groupings are (C)onsonant, (O)bstruent, (S)onorant, (P)losive, (F)ricative, (L)iquid, (N)asal, (G)lide, and (V)owel     |     B > ɔ / :{ qʰ_, (N)q_ }:     |     ^     @ Rule 1, Line 1"
36.3.1.2,10,"	{Np,mb} > b / _V","Syntax Error: Expected ',', but received 'p'     |     {Np,mb} > b / _V     |       ^     @ Rule 1, Line 1"
36.3.1.2,11,"	{r,s}pʰ {r,s}{(N)p,(m)b} > pʰ p b / _V (the paper implies similar development͡s occurred with stops at other POAs)","Syntax Error: Expected an IPA character, Primative or Matrix, but received '('     |     {r,s}pʰ {r,s}{(N)p,(m)b} > pʰ p b / _V (the paper implies similar development͡s occurred with stops at other POAs)     |                   ^     @ Rule 1, Line 1"
36.3.1.2,12,"	{ {r,s}k, {r,s}Nk } > { k, ʁ } / _V","Syntax Error: Cannot have nested brackets of the same type     |     { {r,s}k, {r,s}Nk } > { k, ʁ } / _V     |       ^     @ Rule 1, Line 1"
36.3.1.2,13,"	{ S{b,ɡ}, Sk } > { ∅, h }","Syntax Error: Cannot have nested brackets of the same type     |     { S{b,ɡ}, Sk } > { ∅, h }     |        ^     @ Rule 1, Line 1"
36.3.1.2,15,	N̥V > hṼ,"Syntax Error: Unknown character Ṽ at '0:0:7'.     |     N̥V > hṼ     |            ^     @ Rule 1, Line 1"
36.3.1.3,0,"	a iN {i,u} > e ɚɯ / T_%","Syntax Error: Unknown character ɚ at '0:0:15'.     |     a iN {i,u} > e ɚɯ / T_%     |                    ^     @ Rule 1, Line 1"
36.3.1.3,5,"	{ a, aS } > { ɑ, {ɑ,o} } / _%","Syntax Error: Cannot have nested brackets of the same type     |     { a, aS } > { ɑ, {ɑ,o} } / _%     |                      ^     @ Rule 1, Line 1"
36.3.1.3,6,"	iN > ɚ / {P,C}r_%","Syntax Error: Unknown character ɚ at '0:0:5'.     |     iN > ɚ / {P,C}r_%     |          ^     @ Rule 1, Line 1"
36.3.1.3,8,	u > ɚ / Pr_%,"Syntax Error: Unknown character ɚ at '0:0:4'.     |     u > ɚ / Pr_%     |         ^     @ Rule 1, Line 1"
36.3.1.3,10,"	B > v̩ / :{ qʰ_, (ŋ)q_ }:","Syntax Error: Unknown grouping 'B'. Known groupings are (C)onsonant, (O)bstruent, (S)onorant, (P)losive, (F)ricative, (L)iquid, (N)asal, (G)lide, and (V)owel     |     B > v̩ / :{ qʰ_, (ŋ)q_ }:     |     ^     @ Rule 1, Line 1"
36.3.1.3,14,"	{ {r,s}pʰ, {r,s}(N)p, {r,s}b, {r,s}mb } > { pʰ, p, b, mb } / _V (the paper implies similar development͡s occurred with stops at other POAs)","Syntax Error: Cannot have nested brackets of the same type     |     { {r,s}pʰ, {r,s}(N)p, {r,s}b, {r,s}mb } > { pʰ, p, b, mb } / _V (the paper implies similar development͡s occurred with stops at other POAs)     |       ^     @ Rule 1, Line 1"
36.3.1.3,15,"	{r,s}(N)k > k / _V","Syntax Error: Options can only be used in Environments or Structures     |     {r,s}(N)k > k / _V     |          ^^^     @ Rule 1, Line 1"
36.3.1.3,16,"	{ Sb, Sk, Sɡ } > { b, ?, ɡ } / _V","Syntax Error: Expected ',', but received 'b'     |     { Sb, Sk, Sɡ } > { b, ?, ɡ } / _V     |        ^     @ Rule 1, Line 1"
36.3.1.3,20,"	{r,s}N > N̥","Syntax Error: Expected end of line, received '̥'. Did you forget a '/' between the output and environment?     |     {r,s}N > N̥     |               ^     @ Rule 1, Line 1"
36.3.1.3,21,	N̥ > hṼ,"Syntax Error: Unknown character Ṽ at '0:0:6'.     |     N̥ > hṼ     |           ^     @ Rule 1, Line 1"
36.3.1.3,22,	hṼ > hV,"Syntax Error: Unknown character Ṽ at '0:0:1'.     |     hṼ > hV     |      ^     @ Rule 1, Line 1"
36.3.2.1,0,"	{ p, b, çp, çb, sP, rP, Np, Nb, pr, {br,pʲ}, bʲ } > { pʰ, p, ʝb, çp, sp, rpʰ, mpʰ, mb, br, pʰj, pʲ }","Syntax Error: Cannot have nested brackets of the same type     |     { p, b, çp, çb, sP, rP, Np, Nb, pr, {br,pʲ}, bʲ } > { pʰ, p, ʝb, çp, sp, rpʰ, mpʰ, mb, br, pʰj, pʲ }     |                                         ^     @ Rule 1, Line 1"
36.3.2.1,2,"	{ t, d, Nt, Nd, st, sd, çT, tr, (ç)dr, [+ cons, - fr, + bk, + hi, - lo]T } > { tʰ, t, Ntʰ, md, zd, st, çtʲ, trh, (ç)tr, kt }","Syntax Error: Expected ',', but received 't'     |     { t, d, Nt, Nd, st, sd, çT, tr, (ç)dr, [+ cons, - fr, + bk, + hi, - lo]T } > { tʰ, t, Ntʰ, md, zd, st, çtʲ, trh, (ç)tr, kt }     |              ^     @ Rule 1, Line 1"
36.3.2.1,3,"	{ k, sk, kr, ɡ, Pɡ, sɡ, Nɡ, (s)ɡr, ç[+ cons, - fr, + bk, + hi, - lo], r[+ cons, - fr, + bk, + hi, - lo], [+ cons, - fr, + bk, + hi, - lo]ç } > { kʰ, zɡʷ, dr, Nɡ, pk, sk, mk, (s)kr, çk, rɡʲ, ɡçkr }","Syntax Error: Expected ',', but received 'k'     |     { k, sk, kr, ɡ, Pɡ, sɡ, Nɡ, (s)ɡr, ç[+ cons, - fr, + bk, + hi, - lo], r[+ cons, - fr, + bk, + hi, - lo], [+ cons, - fr, + bk, + hi, - lo]ç } > { kʰ, zɡʷ, dr, Nɡ, pk, sk, mk, (s)kr, çk, rɡʲ, ɡçkr }     |           ^     @ Rule 1, Line 1"
36.3.2.1,4,"	{ (ʔ)kʲ, (s)ɡʲ, Nkʲ } > { (k)tç, (s)kʲ, Nd͡ʒ }","Syntax Error: Expected an IPA character, Primative or Matrix, but received '('     |     { (ʔ)kʲ, (s)ɡʲ, Nkʲ } > { (k)tç, (s)kʲ, Nd͡ʒ }     |       ^     @ Rule 1, Line 1"
36.3.2.1,5,"	{ çr, Nç } > { dr, mkʰj }","Syntax Error: Expected ',', but received 'r'     |     { çr, Nç } > { dr, mkʰj }     |        ^     @ Rule 1, Line 1"
36.3.2.1,10,	TS > d͡ʒ / l_,"Syntax Error: Unknown grouping 'T'. Known groupings are (C)onsonant, (O)bstruent, (S)onorant, (P)losive, (F)ricative, (L)iquid, (N)asal, (G)lide, and (V)owel     |     TS > d͡ʒ / l_     |     ^     @ Rule 1, Line 1"
36.3.2.1,11,"	{ NTS, PTS, [+ cons, - fr, + bk, + hi, - lo]TS, sTS, çTS } > { {Nd͡z,mt͡s}, kt͡s(ʰ), pt͡sʰ, st͡s, {st͡s,rʲ} }","Syntax Error: Cannot have nested brackets of the same type     |     { NTS, PTS, [+ cons, - fr, + bk, + hi, - lo]TS, sTS, çTS } > { {Nd͡z,mt͡s}, kt͡s(ʰ), pt͡sʰ, st͡s, {st͡s,rʲ} }     |                                                                    ^     @ Rule 1, Line 1"
36.3.2.1,12,"	{ (r)t͡s, (r)d͡z } > { (r)t͡sʰ, (r)t͡s }","Syntax Error: Expected an IPA character, Primative or Matrix, but received '('     |     { (r)t͡s, (r)d͡z } > { (r)t͡sʰ, (r)t͡s }     |       ^     @ Rule 1, Line 1"
36.3.2.1,14,	N > m / :{ _ŋ.nʲ }:,"Syntax Error: Expected '..', but received .'n' at 0:0:13     |     N > m / :{ _ŋ.nʲ }:     |                  ^     @ Rule 1, Line 1"
36.3.2.1,16,	w > ʔ / something to do with either back vowels or prefixes,"Syntax Error: Expected '_', but received ''     |     w > ʔ / something to do with either back vowels or prefixes     |                                                                ^     @ Rule 1, Line 1"
36.3.2.1,24,"	{ ew, iw } > { im, ju }","Syntax Error: Expected ',', but received 'w'     |     { ew, iw } > { im, ju }     |        ^     @ Rule 1, Line 1"
36.3.2.1.1,1,"	{ p, çp, (ç)b, rP, Np, Nb, pr, {br,pʲ} } > { p., ç.w, (ç)p, rp., kʲ, m.p, n.br, p.j }","Syntax Error: Cannot have nested brackets of the same type     |     { p, çp, (ç)b, rP, Np, Nb, pr, {br,pʲ} } > { p., ç.w, (ç)p, rp., kʲ, m.p, n.br, p.j }     |                                    ^     @ Rule 1, Line 1"
36.3.2.1.1,3,"	{ t, st, tr, d, sd, (ç)dr, Nt, çT, [+ cons, - fr, + bk, + hi, - lo]T } > { t., s.d, tr., t, s.t, (ç.)tr, m.t., n.dr, ɡ.t }","Syntax Error: Expected '..', but received .',' at 0:0:76     |     { t, st, tr, d, sd, (ç)dr, Nt, çT, [+ cons, - fr, + bk, + hi, - lo]T } > { t., s.d, tr., t, s.t, (ç.)tr, m.t., n.dr, ɡ.t }     |                                                                                 ^     @ Rule 1, Line 1"
36.3.2.1.1,5,"	ç[+ cons, - fr, + bk, + hi, - lo] > ç.k","Syntax Error: Expected '..', but received .'k' at 0:0:37     |     ç[+ cons, - fr, + bk, + hi, - lo] > ç.k     |                                          ^     @ Rule 1, Line 1"
36.3.2.1.1,7,"	{ sk, r[+ cons, - fr, + bk, + hi, - lo] } > { j, sɡ }","Syntax Error: Expected ',', but received 'k'     |     { sk, r[+ cons, - fr, + bk, + hi, - lo] } > { j, sɡ }     |        ^     @ Rule 1, Line 1"
36.3.2.1.1,8,"	{ kʲ, Nkʲ, ʔkʲ, ɡʲ, sɡʲ } > { kʲ., nʲ, ɡ.t͡sʰ, kʲ, skʲ. }","Syntax Error: Expected '..', but received .',' at 0:0:32     |     { kʲ, Nkʲ, ʔkʲ, ɡʲ, sɡʲ } > { kʲ., nʲ, ɡ.t͡sʰ, kʲ, skʲ. }     |                                     ^     @ Rule 1, Line 1"
36.3.2.1.1,9,"	{ kr, (s)ɡr } > { n.br, (s)kr }","Syntax Error: Expected '..', but received .'b' at 0:0:19     |     { kr, (s)ɡr } > { n.br, (s)kr }     |                        ^     @ Rule 1, Line 1"
36.3.2.1.1,11,"	[+ cons, - fr, + bk, + hi, - lo] > ɡ. / _ç","Syntax Error: Expected '..', but received .' ' at 0:0:36     |     [+ cons, - fr, + bk, + hi, - lo] > ɡ. / _ç     |                                         ^     @ Rule 1, Line 1"
36.3.2.1.1,12,	Nç > n.pʲ.,"Syntax Error: Expected '..', but received .'p' at 0:0:6     |     Nç > n.pʲ.     |           ^     @ Rule 1, Line 1"
36.3.2.1.1,14,"	[+ cons, - fr, + bk, + hi, - lo]t͡s > ɡ.t͡sʰ.","Syntax Error: Expected '..', but received .'t' at 0:0:39     |     [+ cons, - fr, + bk, + hi, - lo]t͡s > ɡ.t͡sʰ.     |                                            ^     @ Rule 1, Line 1"
36.3.2.1.1,15,	lTS > l.d͡z,"Syntax Error: Expected '..', but received .'d' at 0:0:7     |     lTS > l.d͡z     |            ^     @ Rule 1, Line 1"
36.3.2.1.1,16,"	t͡s (r)d͡z d͡ʒ PTS [+ cons, - fr, + bk, + hi, - lo]TS sTS çTS > {t͡sʰ,s} (r)t͡s t͡sʰ ɡ.t͡s s.{t͡s,pʲ} {s.t͡s,br}","Syntax Error: Expected '..', but received .'t' at 0:0:86     |     t͡s (r)d͡z d͡ʒ PTS [+ cons, - fr, + bk, + hi, - lo]TS sTS çTS > {t͡sʰ,s} (r)t͡s t͡sʰ ɡ.t͡s s.{t͡s,pʲ} {s.t͡s,br}     |                                                                                           ^     @ Rule 1, Line 1"
36.3.2.1.1,17,"	{ rm, rn } > { mʲ, rʷ }","Syntax Error: Expected ',', but received 'm'     |     { rm, rn } > { mʲ, rʷ }     |        ^     @ Rule 1, Line 1"
36.3.2.1.1,18,	çm çnʲ > ç.n,"Syntax Error: Expected '..', but received .'n' at 0:0:10     |     çm çnʲ > ç.n     |               ^     @ Rule 1, Line 1"
36.3.2.1.1,19,	N > m. / _ŋ,"Syntax Error: Expected '..', but received .' ' at 0:0:5     |     N > m. / _ŋ     |          ^     @ Rule 1, Line 1"
36.3.2.1.1,22,	rnʲ > r.mʲ,"Syntax Error: Expected '..', but received .'m' at 0:0:7     |     rnʲ > r.mʲ     |            ^     @ Rule 1, Line 1"
36.3.2.1.1,24,"	{ ut, uk } > { ud, oɡ }","Syntax Error: Expected ',', but received 't'     |     { ut, uk } > { ud, oɡ }     |        ^     @ Rule 1, Line 1"
36.3.2.1.1,30,"	{ a, ap, at, ar, am, aj } > { e, eb, e(d), er, om, e.i }","Syntax Error: Expected '..', but received .'i' at 0:0:52     |     { a, ap, at, ar, am, aj } > { e, eb, e(d), er, om, e.i }     |                                                         ^     @ Rule 1, Line 1"
36.3.2.1.1,33,"	{ et, ej } > { o, e.i }","Syntax Error: Expected '..', but received .'i' at 0:0:19     |     { et, ej } > { o, e.i }     |                        ^     @ Rule 1, Line 1"
36.3.2.1.1,36,"	{ ip, it } > { ib, o }","Syntax Error: Expected ',', but received 'p'     |     { ip, it } > { ib, o }     |        ^     @ Rule 1, Line 1"
36.3.2.1.2,0,"	{ p, k, t͡s } > { p., k., t͡ʃ. }","Syntax Error: Expected '..', but received .',' at 0:0:19     |     { p, k, t͡s } > { p., k., t͡ʃ. }     |                        ^     @ Rule 1, Line 1"
36.3.2.1.2,1,	NTS > mnʲ,"Syntax Error: Unknown grouping 'T'. Known groupings are (C)onsonant, (O)bstruent, (S)onorant, (P)losive, (F)ricative, (L)iquid, (N)asal, (G)lide, and (V)owel     |     NTS > mnʲ     |      ^     @ Rule 1, Line 1"
36.3.2.1.2,2,	m > mt.,"Syntax Error: Expected '..', but received .' ' at 0:0:6     |     m > mt.     |           ^     @ Rule 1, Line 1"
36.3.2.1.2,7,"	{ an, {at.is} } > { o, ie }","Syntax Error: Cannot have nested brackets of the same type     |     { an, {at.is} } > { o, ie }     |           ^     @ Rule 1, Line 1"
36.3.2.2,3,"	ɔ > ɤ / :{ _t# (possibly also _s# dialectally), _r# (possibly also _s# dialectally) }:","Syntax Error: Expected an IPA character, Primative or Matrix, but received '_'     |     ɔ > ɤ / :{ _t# (possibly also _s# dialectally), _r# (possibly also _s# dialectally) }:     |                                   ^     @ Rule 1, Line 1"
36.3.2.2,5,"	{ ʑ, j } > { nd͡ʑ, ʑ }","Syntax Error: Expected ',', but received 'd͡ʑ'     |     { ʑ, j } > { nd͡ʑ, ʑ }     |                   ^^^     @ Rule 1, Line 1"
36.3.2.2.1,0,"	{ p, b, pr, br, çp } > { p.j, p, br, pʲ, ʃb }","Syntax Error: Expected '..', but received .'j' at 0:0:26     |     { p, b, pr, br, çp } > { p.j, p, br, pʲ, ʃb }     |                               ^     @ Rule 1, Line 1"
36.3.2.2.1,1,	d(r) > t,"Syntax Error: Options can only be used in Environments or Structures     |     d(r) > t     |      ^^^     @ Rule 1, Line 1"
36.3.2.2.1,2,	çT > ʃt,"Syntax Error: Unknown grouping 'T'. Known groupings are (C)onsonant, (O)bstruent, (S)onorant, (P)losive, (F)ricative, (L)iquid, (N)asal, (G)lide, and (V)owel     |     çT > ʃt     |      ^     @ Rule 1, Line 1"
36.3.2.2.1,4,"	{ k, (N)ɡ } > { k., (m)k }","Syntax Error: Expected '..', but received .',' at 0:0:17     |     { k, (N)ɡ } > { k., (m)k }     |                      ^     @ Rule 1, Line 1"
36.3.2.2.1,5,"	{ Nkʲ, ɡʲ, sɡʲ } > { mʲ, t͡s, st͡ʃʲ }","Syntax Error: Expected ',', but received 'k'     |     { Nkʲ, ɡʲ, sɡʲ } > { mʲ, t͡s, st͡ʃʲ }     |        ^     @ Rule 1, Line 1"
36.3.2.2.1,7,"	{ C:[+strident]w, ç, Pç, Nç, çl } > { s, ʂ, ʃ, mʃ, ʃl }","Syntax Error: Expected ',', but received 'w'     |     { C:[+strident]w, ç, Pç, Nç, çl } > { s, ʂ, ʃ, mʃ, ʃl }     |                    ^     @ Rule 1, Line 1"
36.3.2.2.1,8,"	{ t͡s, {d͡z,[+ cons, - fr, + bk, + hi, - lo]TS}, NTS, rd͡z, d͡zl, d͡ʒ } > { s, t͡s, {d͡z,mt͡ʃ.}, rt͡s, t͡sl, t͡ʃ. }","Syntax Error: Cannot have nested brackets of the same type     |     { t͡s, {d͡z,[+ cons, - fr, + bk, + hi, - lo]TS}, NTS, rd͡z, d͡zl, d͡ʒ } > { s, t͡s, {d͡z,mt͡ʃ.}, rt͡s, t͡sl, t͡ʃ. }     |            ^     @ Rule 1, Line 1"
36.3.2.2.1,10,"	{ ŋʷ, N{ŋ,nʲ} } > { ȵ, mɳ }","Syntax Error: Cannot have nested brackets of the same type     |     { ŋʷ, N{ŋ,nʲ} } > { ȵ, mɳ }     |            ^     @ Rule 1, Line 1"
36.3.2.2.2,0,"	{ (N)p, Nb, sP, çp, çb, pr, br, {p,b}j } > { (m)pʰ, (m)p, sp, ʝb, çp, br, pʰj, pʰj }","Syntax Error: Cannot have nested brackets of the same type     |     { (N)p, Nb, sP, çp, çb, pr, br, {p,b}j } > { (m)pʰ, (m)p, sp, ʝb, çp, br, pʰj, pʰj }     |                                     ^     @ Rule 1, Line 1"
36.3.2.2.2,1,"	{ (N)t, (N)d, st, sd, [+ cons, - fr, + bk, + hi, - lo]T, çT, tr, dr, çtr } > { (N)tʰ, mt, zd, st, kt, çtʲ, trh, tr, çtr }","Syntax Error: Expected an IPA character, Primative or Matrix, but received '('     |     { (N)t, (N)d, st, sd, [+ cons, - fr, + bk, + hi, - lo]T, çT, tr, dr, çtr } > { (N)tʰ, mt, zd, st, kt, çtʲ, trh, tr, çtr }     |       ^     @ Rule 1, Line 1"
36.3.2.2.2,2,"	{ (P)ɡ, sɡ, ç[+ cons, - fr, + bk, + hi, - lo], Nɡ, k, sk, rk, (s)ɡʲ, (ʔ)kʲ } > { (p)k, sk, çk, mk, kʰ, zɡ, Nɡ, (s)kʲ, (ʔ)kʰj }","Syntax Error: Expected an IPA character, Primative or Matrix, but received '('     |     { (P)ɡ, sɡ, ç[+ cons, - fr, + bk, + hi, - lo], Nɡ, k, sk, rk, (s)ɡʲ, (ʔ)kʲ } > { (p)k, sk, çk, mk, kʰ, zɡ, Nɡ, (s)kʲ, (ʔ)kʰj }     |       ^     @ Rule 1, Line 1"
36.3.2.2.2,3,"	{ Nkʲ, (s)ɡr, [+ cons, - fr, + bk, + hi, - lo]ç, kr, skr, ɡr } > { mɡʲ, (s)kr, ɡçkr, kʰr, zɡr, Nɡr }","Syntax Error: Expected ',', but received 'k'     |     { Nkʲ, (s)ɡr, [+ cons, - fr, + bk, + hi, - lo]ç, kr, skr, ɡr } > { mɡʲ, (s)kr, ɡçkr, kʰr, zɡr, Nɡr }     |        ^     @ Rule 1, Line 1"
36.3.2.2.2,8,"	{ t͡s, (r)d͡z, d͡zl, d͡ʒ, NTS, PTS, [+ cons, - fr, + bk, + hi, - lo]t͡s, [+ cons, - fr, + bk, + hi, - lo]TS, sTS, çTS } > { t͡sʰ, (r)t͡s, Nd͡z, t͡sl, t͡s, ptç, ktç, kt͡s, st͡s, {s,ç}t͡s }","Syntax Error: Cannot have nested brackets of the same type     |     { t͡s, (r)d͡z, d͡zl, d͡ʒ, NTS, PTS, [+ cons, - fr, + bk, + hi, - lo]t͡s, [+ cons, - fr, + bk, + hi, - lo]TS, sTS, çTS } > { t͡sʰ, (r)t͡s, Nd͡z, t͡sl, t͡s, ptç, ktç, kt͡s, st͡s, {s,ç}t͡s }     |                                                                                                                                                                                      ^     @ Rule 1, Line 1"
36.3.2.2.2,9,	LTS > ld͡ʒ,"Syntax Error: Unknown grouping 'T'. Known groupings are (C)onsonant, (O)bstruent, (S)onorant, (P)losive, (F)ricative, (L)iquid, (N)asal, (G)lide, and (V)owel     |     LTS > ld͡ʒ     |      ^     @ Rule 1, Line 1"
36.3.2.2.2,11,	*w > ʔ / something to do either with back vowels or prefixes,"Syntax Error: The input of an insertion rule must only contain `*` or `∅`     |     *w > ʔ / something to do either with back vowels or prefixes     |      ^     @ Rule 1, Line 1"
36.3.2.2.2,13,"	om > {o,a}m","Runtime Error: A Set in output must have a matching Set in input     |     om > {o,a}m     |          ^^^^^     @ Rule 1, Line 1"
36.3.2.2.2,14,"	{ ew, iw } > { i, jo }","Syntax Error: Expected ',', but received 'w'     |     { ew, iw } > { i, jo }     |        ^     @ Rule 1, Line 1"
36.3.2.2.3,1,"	{ t͡s, d͡ʒ, NTS } > { {s,t͡ʃ.}, t͡ʃ., m }","Syntax Error: Cannot have nested brackets of the same type     |     { t͡s, d͡ʒ, NTS } > { {s,t͡ʃ.}, t͡ʃ., m }     |                           ^     @ Rule 1, Line 1"
36.3.2.2.3,4,"	{ im, it, ik, is, ij } > { em, u, e, es, e }","Syntax Error: Expected ',', but received 'm'     |     { im, it, ik, is, ij } > { em, u, e, es, e }     |        ^     @ Rule 1, Line 1"
36.3.2.2.4,0,"	{ {p,b}, Np, pr, {s,r}P, çb, Nb } > { p, mp, mbr, sp, ʃp, p.s }","Syntax Error: Cannot have nested brackets of the same type     |     { {p,b}, Np, pr, {s,r}P, çb, Nb } > { p, mp, mbr, sp, ʃp, p.s }     |       ^     @ Rule 1, Line 1"
36.3.2.2.4,1,"	{ Nt, tr, d, [+ cons, - fr, + bk, + hi, - lo]T, çT } > { mt., tʂ, t, kt, ʃt }","Syntax Error: Expected '..', but received .',' at 0:0:59     |     { Nt, tr, d, [+ cons, - fr, + bk, + hi, - lo]T, çT } > { mt., tʂ, t, kt, ʃt }     |                                                                ^     @ Rule 1, Line 1"
36.3.2.2.4,2,"	kr rk {r[+ cons, - fr, + bk, + hi, - lo],Pɡ} ɡ Pɡ sɡ > k.r rk. pk k sk","Syntax Error: Expected '..', but received .'r' at 0:0:56     |     kr rk {r[+ cons, - fr, + bk, + hi, - lo],Pɡ} ɡ Pɡ sɡ > k.r rk. pk k sk     |                                                             ^     @ Rule 1, Line 1"
36.3.2.2.4,3,	ɡʲ > cç ? (might be,"Syntax Error: Expected end of line, received '('. Did you forget a '/' between the output and environment?     |     ɡʲ > cç ? (might be     |               ^     @ Rule 1, Line 1"
36.3.2.2.4,4,	cç ? (might be > t͡sç?),"Syntax Error: Expected an IPA character, Primative or Matrix, but received '>'     |     cç ? (might be > t͡sç?)     |                    ^     @ Rule 1, Line 1"
36.3.2.2.4,5,	ʔkʲ > kt͡ʃ.,"Syntax Error: Expected '..', but received .' ' at 0:0:10     |     ʔkʲ > kt͡ʃ.     |               ^     @ Rule 1, Line 1"
36.3.2.2.4,10,"	{ lt͡s, rt͡s, NTS, PTS, STS } > { lɖʐ, rt͡s., {md͡zr,mt͡ʃ}, nt., st͡s }","Syntax Error: Expected '..', but received .',' at 0:0:43     |     { lt͡s, rt͡s, NTS, PTS, STS } > { lɖʐ, rt͡s., {md͡zr,mt͡ʃ}, nt., st͡s }     |                                                ^     @ Rule 1, Line 1"
36.3.2.2.4,11,"	{ t͡s, d͡ʒ } > { t͡ʃ., t͡ʃ }","Syntax Error: Expected '..', but received .',' at 0:0:20     |     { t͡s, d͡ʒ } > { t͡ʃ., t͡ʃ }     |                         ^     @ Rule 1, Line 1"
36.3.2.2.4,12,	ŋ > ȵ,"Syntax Error: Unknown character ȵ at '0:0:4'.     |     ŋ > ȵ     |         ^     @ Rule 1, Line 1"
36.3.2.2.4,13,"	nʲ > ɲ / #{ r_, _ }","Syntax Error: Expected ',', but received '_'     |     nʲ > ɲ / #{ r_, _ }     |                  ^     @ Rule 1, Line 1"
36.3.2.2.4,17,"	{ es, er } > { or, ər }","Syntax Error: Expected ',', but received 's'     |     { es, er } > { or, ər }     |        ^     @ Rule 1, Line 1"
36.3.2.2.5,5,	an > a(i),"Syntax Error: Expected end of line, received '('. Did you forget a '/' between the output and environment?     |     an > a(i)     |           ^     @ Rule 1, Line 1"
36.3.2.2.6,3,	Nb > p.,"Syntax Error: Expected '..', but received .' ' at 0:0:6     |     Nb > p.     |           ^     @ Rule 1, Line 1"
36.3.2.2.6,4,"	{ d(r), çT } > { t, ʃt }","Syntax Error: Expected ',', but received '('     |     { d(r), çT } > { t, ʃt }     |        ^     @ Rule 1, Line 1"
36.3.2.2.6,5,"	{ k, {sɡ,ç[+ cons, - fr, + bk, + hi, - lo]}, Nɡ, r[+ cons, - fr, + bk, + hi, - lo] } > { k., sk, mɡ, nk }","Syntax Error: Cannot have nested brackets of the same type     |     { k, {sɡ,ç[+ cons, - fr, + bk, + hi, - lo]}, Nɡ, r[+ cons, - fr, + bk, + hi, - lo] } > { k., sk, mɡ, nk }     |          ^     @ Rule 1, Line 1"
36.3.2.2.6,6,	kʲ > t͡ʃ.,"Syntax Error: Expected '..', but received .' ' at 0:0:8     |     kʲ > t͡ʃ.     |             ^     @ Rule 1, Line 1"
36.3.2.2.6,9,"	{ (P)ç, Nç, çl } > { (b)ɕ, np.j, ʂl }","Syntax Error: Expected '..', but received .'j' at 0:0:29     |     { (P)ç, Nç, çl } > { (b)ɕ, np.j, ʂl }     |                                  ^     @ Rule 1, Line 1"
36.3.2.2.6,10,"	{ t͡s, d͡z, NTS, [+ cons, - fr, + bk, + hi, - lo]TS, sTS } > { t͡ʃ, t͡s, {t͡s,m}, ɡt͡s, sp }","Syntax Error: Cannot have nested brackets of the same type     |     { t͡s, d͡z, NTS, [+ cons, - fr, + bk, + hi, - lo]TS, sTS } > { t͡ʃ, t͡s, {t͡s,m}, ɡt͡s, sp }     |                                                                              ^     @ Rule 1, Line 1"
36.3.2.2.6,13,"	{ nʲ, rnʲ } > { nʲ, rɲ }","Syntax Error: Expected ',', but received 'n'     |     { nʲ, rnʲ } > { nʲ, rɲ }     |            ^     @ Rule 1, Line 1"
36.3.2.2.6,15,"	{ ut, u{k,n}, ur } > { ud, uo, uɛ }","Syntax Error: Cannot have nested brackets of the same type     |     { ut, u{k,n}, ur } > { ud, uo, uɛ }     |            ^     @ Rule 1, Line 1"
36.3.2.2.6,18,	a(t) > ɛ / _#,"Syntax Error: Options can only be used in Environments or Structures     |     a(t) > ɛ / _#     |      ^^^     @ Rule 1, Line 1"
36.3.2.2.6,20,	an > ɿɛ,"Syntax Error: Unknown character ɿ at '0:0:5'.     |     an > ɿɛ     |          ^     @ Rule 1, Line 1"
36.3.2.2.6,21,"	{ ew, e, ej } > { ə, i, ei }","Syntax Error: Expected ',', but received 'w'     |     { ew, e, ej } > { ə, i, ei }     |        ^     @ Rule 1, Line 1"
36.3.2.2.6,23,"	{ i, i{t,k} } > { {ə,iɛ}, ə }","Syntax Error: Cannot have nested brackets of the same type     |     { i, i{t,k} } > { {ə,iɛ}, ə }     |           ^     @ Rule 1, Line 1"
36.3.2.2.6,24,	iŋ > ʅ,"Syntax Error: Unknown character ʅ at '0:0:5'.     |     iŋ > ʅ     |          ^     @ Rule 1, Line 1"
36.3.2.2.7,1,"	{ P, t } > { pd͡z, t͡ʃ } / r_","Syntax Error: Expected ',', but received 'd͡z'     |     { P, t } > { pd͡z, t͡ʃ } / r_     |                   ^^^     @ Rule 1, Line 1"
36.3.2.2.7,2,"	{ Np, Nb, Nt, Nɡ, Nç } > { st͡s, mp, mtʰ, mk, nt͡sʰd͡z }","Syntax Error: Expected ',', but received 'p'     |     { Np, Nb, Nt, Nɡ, Nç } > { st͡s, mp, mtʰ, mk, nt͡sʰd͡z }     |        ^     @ Rule 1, Line 1"
36.3.2.2.7,4,"	{ {d,[+ cons, - fr, + bk, + hi, - lo]T}, st } > { t͡ʃ, zd͡ʒ }","Syntax Error: Cannot have nested brackets of the same type     |     { {d,[+ cons, - fr, + bk, + hi, - lo]T}, st } > { t͡ʃ, zd͡ʒ }     |       ^     @ Rule 1, Line 1"
36.3.2.2.7,5,"	{ dr, çdr } > { ʈ, ʂʈd͡z }","Syntax Error: Expected ',', but received 'r'     |     { dr, çdr } > { ʈ, ʂʈd͡z }     |        ^     @ Rule 1, Line 1"
36.3.2.2.7,7,"	{ k, rk, kr, kʲ, Nkʲ, ɡr } > { kʰd͡z, nɡ, kʰr, t͡ʃh, d͡ʒ, nkʰr }","Syntax Error: Expected ',', but received 'k'     |     { k, rk, kr, kʲ, Nkʲ, ɡr } > { kʰd͡z, nɡ, kʰr, t͡ʃh, d͡ʒ, nkʰr }     |           ^     @ Rule 1, Line 1"
36.3.2.2.7,9,	Pç > b.ç,"Syntax Error: Expected '..', but received .'ç' at 0:0:6     |     Pç > b.ç     |           ^     @ Rule 1, Line 1"
36.3.2.2.7,11,"	{ C:[+strident]w, ç } > { swd͡z, sd͡z }","Syntax Error: Expected ',', but received 'w'     |     { C:[+strident]w, ç } > { swd͡z, sd͡z }     |                    ^     @ Rule 1, Line 1"
36.3.2.2.7,12,"	{ NTS, [+ cons, - fr, + bk, + hi, - lo]TS, lTS } > { mʈʂ, {kt͡s,ʈʂʰ}, bɖʐ }","Syntax Error: Cannot have nested brackets of the same type     |     { NTS, [+ cons, - fr, + bk, + hi, - lo]TS, lTS } > { mʈʂ, {kt͡s,ʈʂʰ}, bɖʐ }     |                                                               ^     @ Rule 1, Line 1"
36.3.2.2.7,13,"	{ t͡s, d͡z, rd͡z, d͡ʒ } > { {ʈʂ,ʒ}, t͡sʲ, rt͡sʰ, ʈʂ }","Syntax Error: Cannot have nested brackets of the same type     |     { t͡s, d͡z, rd͡z, d͡ʒ } > { {ʈʂ,ʒ}, t͡sʲ, rt͡sʰ, ʈʂ }     |                                 ^     @ Rule 1, Line 1"
36.3.2.2.7,16,	ŋʷ > ȵ(wj),"Syntax Error: Unknown character ȵ at '0:0:5'.     |     ŋʷ > ȵ(wj)     |          ^     @ Rule 1, Line 1"
36.3.2.2.7,19,"	{ uk, uŋ } > { {u,o}, e }","Syntax Error: Cannot have nested brackets of the same type     |     { uk, uŋ } > { {u,o}, e }     |                    ^     @ Rule 1, Line 1"
36.3.2.2.7,24,"	{ aw, aj } > { au, ai }","Syntax Error: Expected ',', but received 'w'     |     { aw, aj } > { au, ai }     |        ^     @ Rule 1, Line 1"
36.3.2.2.7,26,"	{ it, ik } > { o, ek }","Syntax Error: Expected ',', but received 't'     |     { it, ik } > { o, ek }     |        ^     @ Rule 1, Line 1"
36.3.2.2.7,27,"	{ iw, ij } > { iu, ei }","Syntax Error: Expected ',', but received 'w'     |     { iw, ij } > { iu, ei }     |        ^     @ Rule 1, Line 1"
36.3.2.2.8,0,"	{ pr, b } > { br, p }","Syntax Error: Expected ',', but received 'r'     |     { pr, b } > { br, p }     |        ^     @ Rule 1, Line 1"
36.3.2.2.8,1,"	{ d, [+ cons, - fr, + bk, + hi, - lo]T } > { l, kt }","Syntax Error: Expected ',', but received 'T'     |     { d, [+ cons, - fr, + bk, + hi, - lo]T } > { l, kt }     |                                          ^     @ Rule 1, Line 1"
36.3.2.2.8,2,"	{ k, kr, kʲ, ɡ } > { k., k.r, t͡s., ɡ }","Syntax Error: Expected '..', but received .',' at 0:0:22     |     { k, kr, kʲ, ɡ } > { k., k.r, t͡s., ɡ }     |                           ^     @ Rule 1, Line 1"
36.3.2.2.8,3,"	{ ɡ, ç } > { ∅, zɡ } / _r","Syntax Error: Expected an IPA character, Primative or Matrix, but received '∅'     |     { ɡ, ç } > { ∅, zɡ } / _r     |                  ^     @ Rule 1, Line 1"
36.3.2.2.8,4,"	{ Pç, çl } > { ʃ, ʃn }","Syntax Error: Expected ',', but received 'ç'     |     { Pç, çl } > { ʃ, ʃn }     |        ^     @ Rule 1, Line 1"
36.3.2.2.8,5,"	{ t͡s, d͡zl, NTS } > { {t͡ʃ.,j}, t͡sl, m }","Syntax Error: Cannot have nested brackets of the same type     |     { t͡s, d͡zl, NTS } > { {t͡ʃ.,j}, t͡sl, m }     |                            ^     @ Rule 1, Line 1"
36.3.2.2.8,8,"	{ Nnʲ, çnʲ } > { mn, ʃn }","Syntax Error: Expected ',', but received 'n'     |     { Nnʲ, çnʲ } > { mn, ʃn }     |        ^     @ Rule 1, Line 1"
36.3.2.2.8,12,"	{ an, ap } > { ai, ie }","Syntax Error: Expected ',', but received 'n'     |     { an, ap } > { ai, ie }     |        ^     @ Rule 1, Line 1"
36.3.2.2.8,15,"	{ it, ik } > { o, i }","Syntax Error: Expected ',', but received 't'     |     { it, ik } > { o, i }     |        ^     @ Rule 1, Line 1"
36.3.2.2.8,17,"	{ im, iŋ } > { wa, ie }","Syntax Error: Expected ',', but received 'm'     |     { im, iŋ } > { wa, ie }     |        ^     @ Rule 1, Line 1"
36.3.3.1,0,"	{d,ɡ,s,l,r} > {h,r} / #_","Runtime Error: Two matched sets must have the same number of elements     |     {d,ɡ,s,l,r} > {h,r} / #_     |     ^^^^^^^^^^^   ^^^^^     @ Rule 1, Line 1"
36.3.3.1,1,"	ʃ > x / #_ (some dialect͡s, never when following preinitials)","Syntax Error: Expected ':', but received 'n'     |     ʃ > x / #_ (some dialect͡s, never when following preinitials)     |                                 ^     @ Rule 1, Line 1"
36.3.3.1,2,"	{ k(ʰ){r,j}, ɡ{r,j} } > { t͡ɕ(ʰ), d͡ʑ }","Syntax Error: Cannot have nested brackets of the same type     |     { k(ʰ){r,j}, ɡ{r,j} } > { t͡ɕ(ʰ), d͡ʑ }     |           ^     @ Rule 1, Line 1"
36.3.3.1,7,	d > l / _# (some dialect͡s),"Syntax Error: Can't have segments after the end of a word     |     d > l / _# (some dialect͡s)     |              ^     @ Rule 1, Line 1"
36.3.3.1,8,	t > l / _# (further development in bLa-brang),"Syntax Error: Expected '->', but received -'b' at 0:0:38     |     t > l / _# (further development in bLa-brang)     |                                           ^     @ Rule 1, Line 1"
37.1,0,"	w > ∅ / :{ _o, _õ, _ı̃ }:","Syntax Error: Unknown character õ at '0:0:16'.     |     w > ∅ / :{ _o, _õ, _ı̃ }:     |                     ^     @ Rule 1, Line 1"
37.1,1,	m > w / _ã,"Syntax Error: Unknown character ã at '0:0:9'.     |     m > w / _ã     |              ^     @ Rule 1, Line 1"
37.1,2,"	t > t͡s / :{ _i, _ı̃ }:","Syntax Error: Unknown character ı at '0:0:18'.     |     t > t͡s / :{ _i, _ı̃ }:     |                       ^     @ Rule 1, Line 1"
37.1,5,	ã > ẽ,"Syntax Error: Unknown character ã at '0:0:0'.     |     ã > ẽ     |     ^     @ Rule 1, Line 1"
37.1,8,	ı̃ > i,"Syntax Error: Unknown character ı at '0:0:0'.     |     ı̃ > i     |     ^     @ Rule 1, Line 1"
37.1,14,	pʰ > ʍ (this is a bit of a guess; the paper proper has 〈hʷ〉 here),"Syntax Error: Malformed Comment: Expected ';;', but received '; ' at 0:0:33     |     pʰ > ʍ (this is a bit of a guess; the paper proper has 〈hʷ〉 here)     |                                      ^     @ Rule 1, Line 1"
37.1.1,2,"	w > ∅ / t{ h_, _ }","Syntax Error: Expected ',', but received '_'     |     w > ∅ / t{ h_, _ }     |                 ^     @ Rule 1, Line 1"
37.1.1,3,"	{wV,jV} > V:[+long]:[+low falling tone]","Syntax Error: Unknown feature 'lowfallingtone' at 0:21-38. Did you mean continuant?      |     {wV,jV} > V:[+long]:[+low falling tone]     |                          ^^^^^^^^^^^^^^^^^     @ Rule 1, Line 1"
37.1.1,5,	Vʔ > V:[+long]:[+low falling tone] / _C,"Syntax Error: Unknown feature 'lowfallingtone' at 0:16-33. Did you mean continuant?      |     Vʔ > V:[+long]:[+low falling tone] / _C     |                     ^^^^^^^^^^^^^^^^^     @ Rule 1, Line 1"
37.1.1,6,"	{Vh,Vʔ} > V:[+long] / _#","Syntax Error: Expected ',', but received 'h'     |     {Vh,Vʔ} > V:[+long] / _#     |       ^     @ Rule 1, Line 1"
37.1.1,7,"	{ {, a,, a:[+long], }{, wẽ,, wẽ:[+long], } } > { {, a,, a:[+long], }{, ma,, ma:[+long], } }","Syntax Error: Cannot have nested brackets of the same type     |     { {, a,, a:[+long], }{, wẽ,, wẽ:[+long], } } > { {, a,, a:[+long], }{, ma,, ma:[+long], } }     |       ^     @ Rule 1, Line 1"
37.1.1,8,	V:[+nas] > a:[+long]:[+high rising tone],"Syntax Error: Unknown feature 'highrisingtone' at 0:22-39. Did you mean strident?      |     V:[+nas] > a:[+long]:[+high rising tone]     |                           ^^^^^^^^^^^^^^^^^     @ Rule 1, Line 1"
37.1.1,9,"	∅ > V:[+long]:[+high rising tone] / C_# (usually one of:[/a:[+long] i:[+long] ʌ̃:[+long]/ with this tone], the conditions are unclear)","Syntax Error: Unknown feature 'highrisingtone' at 0:15-32. Did you mean strident?      |     ∅ > V:[+long]:[+high rising tone] / C_# (usually one of:[/a:[+long] i:[+long] ʌ̃:[+long]/ with this tone], the conditions are unclear)     |                    ^^^^^^^^^^^^^^^^^     @ Rule 1, Line 1"
37.1.1,17,	∅ > i / C_R,"Syntax Error: Unknown grouping 'R'. Known groupings are (C)onsonant, (O)bstruent, (S)onorant, (P)losive, (F)ricative, (L)iquid, (N)asal, (G)lide, and (V)owel     |     ∅ > i / C_R     |               ^     @ Rule 1, Line 1"
37.1.1,22,"	{ {, ẽ,, ẽ:[+long], }, {, õ,, õ:[+long], } } > { {, o,, o:[+long], }, {, ʌ̃,, ʌ̃:[+long], } }","Syntax Error: Cannot have nested brackets of the same type     |     { {, ẽ,, ẽ:[+long], }, {, õ,, õ:[+long], } } > { {, o,, o:[+long], }, {, ʌ̃,, ʌ̃:[+long], } }     |       ^     @ Rule 1, Line 1"
37.1.2,0,"	{ {, o,, o:[+long], }, {, u,, u:[+long], } } > { {, a,, a:[+long], }, {, o,, o:[+long], } }","Syntax Error: Cannot have nested brackets of the same type     |     { {, o,, o:[+long], }, {, u,, u:[+long], } } > { {, a,, a:[+long], }, {, o,, o:[+long], } }     |       ^     @ Rule 1, Line 1"
37.1.2,1,"	{ iji, iji:[+long] } > { hi, hi:[+long] } / :{ k_ “(possibly after all non-glottal obstruent͡s)”, s_ “(possibly after all non-glottal obstruent͡s)” }:","Syntax Error: Unknown character “ at '0:0:50'.     |     { iji, iji:[+long] } > { hi, hi:[+long] } / :{ k_ “(possibly after all non-glottal obstruent͡s)”, s_ “(possibly after all non-glottal obstruent͡s)” }:     |                                                       ^     @ Rule 1, Line 1"
37.1.2,3,"	∅ > i, i:[+long] / #_(C){ CC, C }VC(C){ C#, # }","Syntax Error: Expected ',', but received 'C'     |     ∅ > i, i:[+long] / #_(C){ CC, C }VC(C){ C#, # }     |                                ^     @ Rule 1, Line 1"
37.1.2,4,"	V > ”V / in antepenultimate syllables, if the vowel of the penultimate syllable was short */a/ followed by a single non-glottal consonant","Syntax Error: Unknown character ” at '0:0:4'.     |     V > ”V / in antepenultimate syllables, if the vowel of the penultimate syllable was short */a/ followed by a single non-glottal consonant     |         ^     @ Rule 1, Line 1"
37.1.2,5,	V > ”V / in penultimate syllables not preceded by an accented antepenult,"Syntax Error: Unknown character ” at '0:0:4'.     |     V > ”V / in penultimate syllables not preceded by an accented antepenult     |         ^     @ Rule 1, Line 1"
37.1.2,6,	V:[+long] > V:[-long] // in #,"Syntax Error: Can't have segments before the beginning of a word     |     V:[+long] > V:[-long] // in #     |                                 ^     @ Rule 1, Line 1"
37.1.2,7,	”V > ”V:[+long] / in open penultimate syllables followed by a non-glottal consonant,"Syntax Error: Unknown character ” at '0:0:0'.     |     ”V > ”V:[+long] / in open penultimate syllables followed by a non-glottal consonant     |     ^     @ Rule 1, Line 1"
37.1.2.1,1,	”V(C)(C)CaCV > V(C)”(C)CaCV / _#,"Syntax Error: Unknown character ” at '0:0:0'.     |     ”V(C)(C)CaCV > V(C)”(C)CaCV / _#     |     ^     @ Rule 1, Line 1"
37.1.2.1,5,"	t͡s > hs / V_ ,i,j,r} // _{h","Syntax Error: Expected '_', but received ','     |     t͡s > hs / V_ ,i,j,r} // _{h     |                     ^     @ Rule 1, Line 1"
37.1.2.1,6,"	t͡s > s / ,i,j,r} // _{h","Syntax Error: Expected '_', but received ','     |     t͡s > s / ,i,j,r} // _{h     |               ^     @ Rule 1, Line 1"
37.1.2.1,8,	V > V:[+long] / _C:[-glottal] in even-numbered syllables when accented or immediately before the accent,"Syntax Error: Unknown feature 'glottal' at 0:20-28. Did you mean lateral?      |     V > V:[+long] / _C:[-glottal] in even-numbered syllables when accented or immediately before the accent     |                         ^^^^^^^^     @ Rule 1, Line 1"
37.1.2.1,9,"	Vʔ > ʔV / in odd-numbered unaccented non-final syllables; ,h}_ // {ʔ","Syntax Error: Expected '->', but received -'n' at 0:0:16     |     Vʔ > ʔV / in odd-numbered unaccented non-final syllables; ,h}_ // {ʔ     |                     ^     @ Rule 1, Line 1"
37.1.2.1,13,"	r > w / :{ {{ o, o:[+long] }{ ,õ, ,õ:[+long] }}_{ a{ ,e, ,e:[+long] }{ ,ẽ, ,ẽ:[+long] }{ ,i, ,i:[+long] }}, {{ o, o:[+long] }{ ,õ, ,õ:[+long] }}_a:[+long]{ ,e, ,e:[+long] }{ ,ẽ, ,ẽ:[+long] }{ ,i, ,i:[+long] }} }:","Syntax Error: Cannot have nested brackets of the same type     |     r > w / :{ {{ o, o:[+long] }{ ,õ, ,õ:[+long] }}_{ a{ ,e, ,e:[+long] }{ ,ẽ, ,ẽ:[+long] }{ ,i, ,i:[+long] }}, {{ o, o:[+long] }{ ,õ, ,õ:[+long] }}_a:[+long]{ ,e, ,e:[+long] }{ ,ẽ, ,ẽ:[+long] }{ ,i, ,i:[+long] }} }:     |                 ^     @ Rule 1, Line 1"
37.1.2.1,14,"	r > j / :{ {{ e, e:[+long] }{ ,ẽ, ,ẽ:[+long] }{ ,i, ,i:[+long] }}_{ a{ ,o, ,o:[+long] }{ ,õ, ,õ:[+long] }}, {{ e, e:[+long] }{ ,ẽ, ,ẽ:[+long] }{ ,i, ,i:[+long] }}_a:[+long]{ ,o, ,o:[+long] }{ ,õ, ,õ:[+long] }} }:","Syntax Error: Cannot have nested brackets of the same type     |     r > j / :{ {{ e, e:[+long] }{ ,ẽ, ,ẽ:[+long] }{ ,i, ,i:[+long] }}_{ a{ ,o, ,o:[+long] }{ ,õ, ,õ:[+long] }}, {{ e, e:[+long] }{ ,ẽ, ,ẽ:[+long] }{ ,i, ,i:[+long] }}_a:[+long]{ ,o, ,o:[+long] }{ ,õ, ,õ:[+long] }} }:     |                 ^     @ Rule 1, Line 1"
37.1.2.1,15,	r > ∅ / VH_,"Syntax Error: Unknown grouping 'H'. Known groupings are (C)onsonant, (O)bstruent, (S)onorant, (P)losive, (F)ricative, (L)iquid, (N)asal, (G)lide, and (V)owel     |     r > ∅ / VH_     |              ^     @ Rule 1, Line 1"
37.1.2.1,16,	r > ∅ / _H,"Syntax Error: Unknown grouping 'H'. Known groupings are (C)onsonant, (O)bstruent, (S)onorant, (P)losive, (F)ricative, (L)iquid, (N)asal, (G)lide, and (V)owel     |     r > ∅ / _H     |              ^     @ Rule 1, Line 1"
37.1.2.1,19,"	{ V”V, ”V:[+long]V } > { ”VV, ”V:[-long]V }","Syntax Error: Unknown character ” at '0:0:3'.     |     { V”V, ”V:[+long]V } > { ”VV, ”V:[-long]V }     |        ^     @ Rule 1, Line 1"
37.1.2.1,20,"	{ e, e:[+long] } > ẽ / _{ ẽ, ẽ:[+long] }","Syntax Error: Unknown character ẽ at '0:0:19'.     |     { e, e:[+long] } > ẽ / _{ ẽ, ẽ:[+long] }     |                        ^     @ Rule 1, Line 1"
37.1.2.1,21,"	{ o, o:[+long] } > õ / _{ õ, õ:[+long] }","Syntax Error: Unknown character õ at '0:0:19'.     |     { o, o:[+long] } > õ / _{ õ, õ:[+long] }     |                        ^     @ Rule 1, Line 1"
37.1.2.1,22,	”VV > V:[+long]:[-accent],"Syntax Error: Unknown character ” at '0:0:0'.     |     ”VV > V:[+long]:[-accent]     |     ^     @ Rule 1, Line 1"
37.1.2.1,23,	R > ∅ / ʔ_#,"Syntax Error: Unknown grouping 'R'. Known groupings are (C)onsonant, (O)bstruent, (S)onorant, (P)losive, (F)ricative, (L)iquid, (N)asal, (G)lide, and (V)owel     |     R > ∅ / ʔ_#     |     ^     @ Rule 1, Line 1"
37.1.2.1,29,"	∅ > h / :{ t_n, k_n }:","Runtime Error: Grouped Environments cannot (yet) be used in insertion rules     |     ∅ > h / :{ t_n, k_n }:     |             ^^^^^^^^^^^^^^     @ Rule 1, Line 1"
37.1.2.1.2,3,"	{ tʔ, t͡sʔ, kʔ, kʷʔ } > { tʼ, t͡sʼ, kʼ, kʷʼ }","Syntax Error: Expected ',', but received 'ʔ'     |     { tʔ, t͡sʔ, kʔ, kʷʔ } > { tʼ, t͡sʼ, kʼ, kʷʼ }     |        ^     @ Rule 1, Line 1"
37.1.2.2,0,"	s > ʃ / ,t,kʷ,w} or when part of the affricate /t͡s/ // _{n","Syntax Error: Expected '_', but received ','     |     s > ʃ / ,t,kʷ,w} or when part of the affricate /t͡s/ // _{n     |             ^     @ Rule 1, Line 1"
37.1.2.2,2,"	t͡s > s / ,j} // _{i","Syntax Error: Expected '_', but received ','     |     t͡s > s / ,j} // _{i     |               ^     @ Rule 1, Line 1"
37.1.2.2,3,"	n > ∅ / t{ h_, _ }","Syntax Error: Expected ',', but received '_'     |     n > ∅ / t{ h_, _ }     |                 ^     @ Rule 1, Line 1"
37.1.2.2,8,"	{ n, hn, sC } > { t, th, Ch } / s_","Syntax Error: Expected ',', but received 'n'     |     { n, hn, sC } > { t, th, Ch } / s_     |           ^     @ Rule 1, Line 1"
37.1.2.2,10,"	k > x / :{ {#,,ʔ,V}_V, {#,,ʔ,V}_ʔ, {#,,ʔ,V}_# }:","Syntax Error: Expected an IPA character, Primative or Matrix, but received ','     |     k > x / :{ {#,,ʔ,V}_V, {#,,ʔ,V}_ʔ, {#,,ʔ,V}_# }:     |                   ^     @ Rule 1, Line 1"
37.1.2.2,21,"	∅ > k / :{ s_hw, s_w }:","Runtime Error: Grouped Environments cannot (yet) be used in insertion rules     |     ∅ > k / :{ s_hw, s_w }:     |             ^^^^^^^^^^^^^^^     @ Rule 1, Line 1"
37.1.2.2.1,0,	V:[+long] > ”V / in #; this change may have been present in Huron already,"Syntax Error: Unknown character ” at '0:0:12'.     |     V:[+long] > ”V / in #; this change may have been present in Huron already     |                 ^     @ Rule 1, Line 1"
37.1.2.2.1,6,	Vh > V:[+long] / _R,"Syntax Error: Unknown grouping 'R'. Known groupings are (C)onsonant, (O)bstruent, (S)onorant, (P)losive, (F)ricative, (L)iquid, (N)asal, (G)lide, and (V)owel     |     Vh > V:[+long] / _R     |                       ^     @ Rule 1, Line 1"
37.1.2.2.1,7,"	∅ > w / {{ o, o:[+long] }{ ,õ, ,õ:[+long] }}_V","Syntax Error: Cannot have nested brackets of the same type     |     ∅ > w / {{ o, o:[+long] }{ ,õ, ,õ:[+long] }}_V     |              ^     @ Rule 1, Line 1"
37.1.2.2.1,8,"	∅ > j / {{ e, e:[+long] }{ ,ẽ, ,ẽ:[+long] }{ ,i, ,i:[+long] }}_V","Syntax Error: Cannot have nested brackets of the same type     |     ∅ > j / {{ e, e:[+long] }{ ,ẽ, ,ẽ:[+long] }{ ,i, ,i:[+long] }}_V     |              ^     @ Rule 1, Line 1"
37.1.2.2.1,11,"	{ w, j } > { m, ɲ } / between two vowels of unlike nasality","Syntax Error: Expected '_', but received ''     |     { w, j } > { m, ɲ } / between two vowels of unlike nasality     |                                                                ^     @ Rule 1, Line 1"
37.1.2.2.1,16,"	{ {, ẽ,, ẽ:[+long], }, {, õ,, õ:[+long], }, {, o,, o:[+long], } } > { {, ɛ̃,, ɛ̃:[+long], }, {, ɔ̃,, ɔ̃:[+long], }, {, u,, u:[+long], } }","Syntax Error: Cannot have nested brackets of the same type     |     { {, ẽ,, ẽ:[+long], }, {, õ,, õ:[+long], }, {, o,, o:[+long], } } > { {, ɛ̃,, ɛ̃:[+long], }, {, ɔ̃,, ɔ̃:[+long], }, {, u,, u:[+long], } }     |       ^     @ Rule 1, Line 1"
37.1.2.2.1,19,"	{ ɛ̃, ɛ̃:[+long] } > { ã, ã:[+long] } / w_","Syntax Error: Unknown character ã at '0:0:23'.     |     { ɛ̃, ɛ̃:[+long] } > { ã, ã:[+long] } / w_     |                            ^     @ Rule 1, Line 1"
37.1.2.3,0,	s > ʃ // n_ or when part of the unit affricate /t͡s/,"Syntax Error: Expected end of line, received '/'. Did you forget a '/' between the output and environment?     |     s > ʃ // n_ or when part of the unit affricate /t͡s/     |                                                    ^     @ Rule 1, Line 1"
37.1.2.3,2,"	t͡s > s / ,i,j} // _{h","Syntax Error: Expected '_', but received ','     |     t͡s > s / ,i,j} // _{h     |               ^     @ Rule 1, Line 1"
37.1.2.3,5,"	{ ”V, ”V:[+long] }(C)(C)V:[+long] > V:[-long](C)”(C)CV:[-long] / _#","Syntax Error: Unknown character ” at '0:0:2'.     |     { ”V, ”V:[+long] }(C)(C)V:[+long] > V:[-long](C)”(C)CV:[-long] / _#     |       ^     @ Rule 1, Line 1"
37.1.2.3,6,	ara > a:[+long] / unaccented syllables only,"Syntax Error: Expected '_', but received ''     |     ara > a:[+long] / unaccented syllables only     |                                                ^     @ Rule 1, Line 1"
37.1.2.3,9,	”V(C)(C)CaCV > V(C)”(C)CaCV / _#,"Syntax Error: Unknown character ” at '0:0:0'.     |     ”V(C)(C)CaCV > V(C)”(C)CaCV / _#     |     ^     @ Rule 1, Line 1"
37.1.2.3,14,	”V > ”V:[+long] / _C()V,"Syntax Error: Unknown character ” at '0:0:0'.     |     ”V > ”V:[+long] / _C()V     |     ^     @ Rule 1, Line 1"
37.1.2.3,17,"	V > V:[+long] / _C:[-glottal]()V{:[+long],} in even numbered syllables only","Syntax Error: Unknown feature 'glottal' at 0:20-28. Did you mean lateral?      |     V > V:[+long] / _C:[-glottal]()V{:[+long],} in even numbered syllables only     |                         ^^^^^^^^     @ Rule 1, Line 1"
37.1.2.3,18,"	V > V:[+long] / _[+ cons, - fr, + bk, + hi, - lo]RV in the second syllable of a word","Syntax Error: Unknown grouping 'R'. Known groupings are (C)onsonant, (O)bstruent, (S)onorant, (P)losive, (F)ricative, (L)iquid, (N)asal, (G)lide, and (V)owel     |     V > V:[+long] / _[+ cons, - fr, + bk, + hi, - lo]RV in the second syllable of a word     |                                                      ^     @ Rule 1, Line 1"
37.1.2.3,19,	V > V:[+high tone] / _$V,"Syntax Error: Unknown feature 'hightone' at 0:7-17. Did you mean high?      |     V > V:[+high tone] / _$V     |            ^^^^^^^^^^     @ Rule 1, Line 1"
37.1.2.3,20,"	{ {, a,, a:[+long], }, {, o,, o:[+long], }, {, õ,, õ:[+long], } } > { {, æ,, æ:[+long], }, {, e,, e:[+long], }, {, ẽ,, ẽ:[+long], } } / r_","Syntax Error: Cannot have nested brackets of the same type     |     { {, a,, a:[+long], }, {, o,, o:[+long], }, {, õ,, õ:[+long], } } > { {, æ,, æ:[+long], }, {, e,, e:[+long], }, {, ẽ,, ẽ:[+long], } } / r_     |       ^     @ Rule 1, Line 1"
37.1.2.3,23,"	r > j / {{ e, e:[+long] }{ ,ẽ, ,ẽ:[+long] }{ ,i, ,i:[+long] }}_V","Syntax Error: Cannot have nested brackets of the same type     |     r > j / {{ e, e:[+long] }{ ,ẽ, ,ẽ:[+long] }{ ,i, ,i:[+long] }}_V     |              ^     @ Rule 1, Line 1"
37.1.2.3,24,"	r > w / {{ o, o:[+long] }{ ,õ, ,õ:[+long] }}_V","Syntax Error: Cannot have nested brackets of the same type     |     r > w / {{ o, o:[+long] }{ ,õ, ,õ:[+long] }}_V     |              ^     @ Rule 1, Line 1"
37.1.2.3,29,"	{ õ, õ:[+long] } > { ũ, ũ:[+long] }","Syntax Error: Unknown character õ at '0:0:2'.     |     { õ, õ:[+long] } > { ũ, ũ:[+long] }     |       ^     @ Rule 1, Line 1"
37.1.2.4,0,"	{ {, ẽ,, ẽ:[+long], }, {, õ,, õ:[+long], } } > { {, ʌ̃,, ʌ̃:[+long], }, {, ũ,, ũ:[+long], } }","Syntax Error: Cannot have nested brackets of the same type     |     { {, ẽ,, ẽ:[+long], }, {, õ,, õ:[+long], } } > { {, ʌ̃,, ʌ̃:[+long], }, {, ũ,, ũ:[+long], } }     |       ^     @ Rule 1, Line 1"
37.1.2.4,2,"	t͡s > s / ,i,j} // _{h","Syntax Error: Expected '_', but received ','     |     t͡s > s / ,i,j} // _{h     |               ^     @ Rule 1, Line 1"
37.1.2.4,5,"	”V > ”V:[+long]:[+falling tone] / :{ _ʔ, _hR }:","Syntax Error: Unknown character ” at '0:0:0'.     |     ”V > ”V:[+long]:[+falling tone] / :{ _ʔ, _hR }:     |     ^     @ Rule 1, Line 1"
37.1.2.4,6,	ʔ > ∅ / V:[+long]:[+falling tone]_C,"Syntax Error: Unknown feature 'fallingtone' at 0:19-32. Did you mean manner?      |     ʔ > ∅ / V:[+long]:[+falling tone]_C     |                        ^^^^^^^^^^^^^     @ Rule 1, Line 1"
37.1.2.4,7,	h > ∅ / V:[+long]:[+falling tone]_R,"Syntax Error: Unknown feature 'fallingtone' at 0:19-32. Did you mean manner?      |     h > ∅ / V:[+long]:[+falling tone]_R     |                        ^^^^^^^^^^^^^     @ Rule 1, Line 1"
37.1.2.4,10,"	V:[+long] > V / _(C)(C){ C#, # }","Syntax Error: Expected ',', but received '#'     |     V:[+long] > V / _(C)(C){ C#, # }     |                               ^     @ Rule 1, Line 1"
37.1.2.4,12,	∅ > e / w_r (and probably. . .in other environment͡s),"Syntax Error: Expected '..', but received .' ' at 0:0:25     |     ∅ > e / w_r (and probably. . .in other environment͡s)     |                              ^     @ Rule 1, Line 1"
37.1.2.4.1,0,"	V > ∅ / VC(C){ CV, V }ʔ_C(C){ C#, # }","Syntax Error: Expected ',', but received 'V'     |     V > ∅ / VC(C){ CV, V }ʔ_C(C){ C#, # }     |                     ^     @ Rule 1, Line 1"
37.1.2.4.1,1,"	∅ > e / :{ t͡sh_r, s_r, n_r }:","Runtime Error: Grouped Environments cannot (yet) be used in insertion rules     |     ∅ > e / :{ t͡sh_r, s_r, n_r }:     |             ^^^^^^^^^^^^^^^^^^^^^^     @ Rule 1, Line 1"
37.1.2.4.1,7,"	∅ > e / :{ {t,k}_r, {t,k}_n }:","Runtime Error: Grouped Environments cannot (yet) be used in insertion rules     |     ∅ > e / :{ {t,k}_r, {t,k}_n }:     |             ^^^^^^^^^^^^^^^^^^^^^^     @ Rule 1, Line 1"
37.1.2.4.1,11,	— r > l,"Syntax Error: Unknown character — at '0:0:0'.     |     — r > l     |     ^     @ Rule 1, Line 1"
37.1.2.4.1,12,	— t > k / _j,"Syntax Error: Unknown character — at '0:0:0'.     |     — t > k / _j     |     ^     @ Rule 1, Line 1"
37.1.2.4.1,13,	— k > t / _j,"Syntax Error: Unknown character — at '0:0:0'.     |     — k > t / _j     |     ^     @ Rule 1, Line 1"
37.1.2.4.1,14,"	— wə̃ > ũ / :{ h_, s_ }:","Syntax Error: Unknown character — at '0:0:0'.     |     — wə̃ > ũ / :{ h_, s_ }:     |     ^     @ Rule 1, Line 1"
37.1.2.4.1,15,	— j > ∅ / t͡s_,"Syntax Error: Unknown character — at '0:0:0'.     |     — j > ∅ / t͡s_     |     ^     @ Rule 1, Line 1"
37.1.2.4.1,16,"	— t > t͡ʃ / :{ _hj, _j }:","Syntax Error: Unknown character — at '0:0:0'.     |     — t > t͡ʃ / :{ _hj, _j }:     |     ^     @ Rule 1, Line 1"
37.1.2.4.1,17,	— wh > f,"Syntax Error: Unknown character — at '0:0:0'.     |     — wh > f     |     ^     @ Rule 1, Line 1"
37.1.2.4.1,18,"	— t͡s > t͡ʃ / :{ _hi, _i, _hj, _j }:","Syntax Error: Unknown character — at '0:0:0'.     |     — t͡s > t͡ʃ / :{ _hi, _i, _hj, _j }:     |     ^     @ Rule 1, Line 1"
37.1.2.4.1,19,	— t t͡ʃ kʷ > d d͡ʒ ɡʷ / :{ _V }:,"Syntax Error: Unknown character — at '0:0:0'.     |     — t t͡ʃ kʷ > d d͡ʒ ɡʷ / :{ _V }:     |     ^     @ Rule 1, Line 1"
37.1.2.4.1,20,"	— s > ʃ / :{ _hj, _j }:","Syntax Error: Unknown character — at '0:0:0'.     |     — s > ʃ / :{ _hj, _j }:     |     ^     @ Rule 1, Line 1"
37.1.2.4.1,21,"	— s > z / :{ {#,V}_V }: // = j","Syntax Error: Unknown character — at '0:0:0'.     |     — s > z / :{ {#,V}_V }: // = j     |     ^     @ Rule 1, Line 1"
37.1.2.4.2,0,	”V:[+long]:[-falling tone]CV > V:[+long]”CV,"Syntax Error: Unknown character ” at '0:0:0'.     |     ”V:[+long]:[-falling tone]CV > V:[+long]”CV     |     ^     @ Rule 1, Line 1"
37.1.2.4.2,1,	”V > ”V:[+long] / _ʔ,"Syntax Error: Unknown character ” at '0:0:0'.     |     ”V > ”V:[+long] / _ʔ     |     ^     @ Rule 1, Line 1"
37.1.2.4.2,10,"	h > ∅ / t͡s_r , see also below // in pre-pausal forms","Syntax Error: Expected '->', but received -'p' at 0:0:40     |     h > ∅ / t͡s_r , see also below // in pre-pausal forms     |                                             ^     @ Rule 1, Line 1"
37.1.2.4.2,11,"	{h,ʔ} > ∅ / _R in post-tonic syllables","Syntax Error: Expected '->', but received -'t' at 0:0:22     |     {h,ʔ} > ∅ / _R in post-tonic syllables     |                           ^     @ Rule 1, Line 1"
37.1.2.4.2,12,	ʔ > h / _C in post-tonic syllables,"Syntax Error: Expected '->', but received -'t' at 0:0:18     |     ʔ > h / _C in post-tonic syllables     |                       ^     @ Rule 1, Line 1"
37.1.2.4.2,14,	”V:[+long]:[+falling tone] > ”V:[-long -falling tone],"Syntax Error: Unknown character ” at '0:0:0'.     |     ”V:[+long]:[+falling tone] > ”V:[-long -falling tone]     |     ^     @ Rule 1, Line 1"
37.1.2.4.2,15,	V:[+long] > V:[-long] _”C(C)(C)V (“this change happens only in the Ontario dialect”),"Syntax Error: Unknown character ” at '0:0:23'.     |     V:[+long] > V:[-long] _”C(C)(C)V (“this change happens only in the Ontario dialect”)     |                            ^     @ Rule 1, Line 1"
37.1.2.4.2,16,"	— ∅ > e / :{ C_nV()#, C_lV()# }:","Syntax Error: Unknown character — at '0:0:0'.     |     — ∅ > e / :{ C_nV()#, C_lV()# }:     |     ^     @ Rule 1, Line 1"
37.1.2.4.2,17,	— ∅ > o / C_wV()#,"Syntax Error: Unknown character — at '0:0:0'.     |     — ∅ > o / C_wV()#     |     ^     @ Rule 1, Line 1"
37.1.2.4.2,18,	— ∅ > i / C_jV()#,"Syntax Error: Unknown character — at '0:0:0'.     |     — ∅ > i / C_jV()#     |     ^     @ Rule 1, Line 1"
37.1.2.4.2,19,	— V:[+long]:[+falling tone]C(C)V(H) > V̊:[+long]:[+falling tone]C̊(C̊)V̊(H̊) / _#,"Syntax Error: Unknown character — at '0:0:0'.     |     — V:[+long]:[+falling tone]C(C)V(H) > V̊:[+long]:[+falling tone]C̊(C̊)V̊(H̊) / _#     |     ^     @ Rule 1, Line 1"
37.1.2.4.2,20,	— CV:[+long]:[+falling tone] > C̊V̊:[+long]:[+falling tone] / _#,"Syntax Error: Unknown character — at '0:0:0'.     |     — CV:[+long]:[+falling tone] > C̊V̊:[+long]:[+falling tone] / _#     |     ^     @ Rule 1, Line 1"
37.1.2.4.2,21,	— CVʔ > C̊V̊ʔ̊ / _#,"Syntax Error: Unknown character — at '0:0:0'.     |     — CVʔ > C̊V̊ʔ̊ / _#     |     ^     @ Rule 1, Line 1"
37.1.2.4.2,22,	— V:[-long] > V̊ / R_#,"Syntax Error: Unknown character — at '0:0:0'.     |     — V:[-long] > V̊ / R_#     |     ^     @ Rule 1, Line 1"
37.1.2.4.2,23,	— OV:[-long] > O̊V̊ / _#,"Syntax Error: Unknown character — at '0:0:0'.     |     — OV:[-long] > O̊V̊ / _#     |     ^     @ Rule 1, Line 1"
37.1.2.4.2,24,	— jV > ∅ / Ci_()#,"Syntax Error: Unknown character — at '0:0:0'.     |     — jV > ∅ / Ci_()#     |     ^     @ Rule 1, Line 1"
37.1.2.4.2,25,	— ʔ > h / _C#,"Syntax Error: Unknown character — at '0:0:0'.     |     — ʔ > h / _C#     |     ^     @ Rule 1, Line 1"
37.1.2.4.2,26,	— R > R̊ / _#,"Syntax Error: Unknown character — at '0:0:0'.     |     — R > R̊ / _#     |     ^     @ Rule 1, Line 1"
37.1.2.5,0,"	t͡s > s / ,j} // _{i","Syntax Error: Expected '_', but received ','     |     t͡s > s / ,j} // _{i     |               ^     @ Rule 1, Line 1"
37.1.2.5,3,"	V > V:[+long] / :{ _t“in even penultimate syllables”, _kʷ“in even penultimate syllables”, _s“in even penultimate syllables”, _n“in even penultimate syllables”, _r“in even penultimate syllables”, _j“in even penultimate syllables”, _w“in even penultimate syllables” }:","Syntax Error: Unknown character “ at '0:0:21'.     |     V > V:[+long] / :{ _t“in even penultimate syllables”, _kʷ“in even penultimate syllables”, _s“in even penultimate syllables”, _n“in even penultimate syllables”, _r“in even penultimate syllables”, _j“in even penultimate syllables”, _w“in even penultimate syllables” }:     |                          ^     @ Rule 1, Line 1"
37.1.2.5,4,"	a > æ / _{ ra, ra:[+long] }","Syntax Error: Expected ',', but received 'a'     |     a > æ / _{ ra, ra:[+long] }     |                 ^     @ Rule 1, Line 1"
37.1.2.5,5,"	a > e / _{ ro, ro:[+long] }","Syntax Error: Expected ',', but received 'o'     |     a > e / _{ ro, ro:[+long] }     |                 ^     @ Rule 1, Line 1"
37.1.2.5,6,	ã > ẽ / _rõ:[+long],"Syntax Error: Unknown character ã at '0:0:0'.     |     ã > ẽ / _rõ:[+long]     |     ^     @ Rule 1, Line 1"
37.1.2.5,11,	hʷ > ∅ / õ_,"Syntax Error: Unknown character õ at '0:0:9'.     |     hʷ > ∅ / õ_     |              ^     @ Rule 1, Line 1"
37.1.2.5,17,"	r > j / :{ C:[-glottal](h)_{ o{ ,õ, ,õ:[+long] }, C:[-glottal](h)_o:[+long]{ ,õ, ,õ:[+long] } }:","Syntax Error: Unknown feature 'glottal' at 0:14-22. Did you mean lateral?      |     r > j / :{ C:[-glottal](h)_{ o{ ,õ, ,õ:[+long] }, C:[-glottal](h)_o:[+long]{ ,õ, ,õ:[+long] } }:     |                   ^^^^^^^^     @ Rule 1, Line 1"
37.1.2.5,20,"	r > w / {{ o, o:[+long] }{ ,õ, ,õ:[+long] }}_V","Syntax Error: Cannot have nested brackets of the same type     |     r > w / {{ o, o:[+long] }{ ,õ, ,õ:[+long] }}_V     |              ^     @ Rule 1, Line 1"
37.1.2.5,24,	V”V > ”VV,"Syntax Error: Unknown character ” at '0:0:1'.     |     V”V > ”VV     |      ^     @ Rule 1, Line 1"
37.1.2.5,25,"	{ a, a:[+long] } > { ẽ, ẽ:[+long] } / adjacent to a nasal vowel","Syntax Error: Unknown character ẽ at '0:0:21'.     |     { a, a:[+long] } > { ẽ, ẽ:[+long] } / adjacent to a nasal vowel     |                          ^     @ Rule 1, Line 1"
37.1.2.5,26,"	{ ẽ, ẽ:[+long] } > { e, e:[+long] } / :{ _{ e{ ,o, ,o:[+long] }, _e:[+long]{ ,o, ,o:[+long] } }:","Syntax Error: Unknown character ẽ at '0:0:2'.     |     { ẽ, ẽ:[+long] } > { e, e:[+long] } / :{ _{ e{ ,o, ,o:[+long] }, _e:[+long]{ ,o, ,o:[+long] } }:     |       ^     @ Rule 1, Line 1"
37.1.2.5,30,	R > ∅ / _h,"Syntax Error: Unknown grouping 'R'. Known groupings are (C)onsonant, (O)bstruent, (S)onorant, (P)losive, (F)ricative, (L)iquid, (N)asal, (G)lide, and (V)owel     |     R > ∅ / _h     |     ^     @ Rule 1, Line 1"
37.1.2.5,32,	C:[-glottal] > ∅ / _s#,"Syntax Error: Unknown feature 'glottal' at 0:3-11. Did you mean lateral?      |     C:[-glottal] > ∅ / _s#     |        ^^^^^^^^     @ Rule 1, Line 1"
37.1.2.5,36,"	{ths,tt͡s} > t͡sh","Syntax Error: Expected ',', but received 'h'     |     {ths,tt͡s} > t͡sh     |       ^     @ Rule 1, Line 1"
37.1.2.5,37,"	{ {, a,, a:[+long], }, {, æ,, æ:[+long], } } > { {, õ,, õ:[+long], }, {, ẽ,, ẽ:[+long], } } / n_","Syntax Error: Cannot have nested brackets of the same type     |     { {, a,, a:[+long], }, {, æ,, æ:[+long], } } > { {, õ,, õ:[+long], }, {, ẽ,, ẽ:[+long], } } / n_     |       ^     @ Rule 1, Line 1"
37.1.2.5,38,"	{ a, a:[+long] } > { õ, õ:[+long] } / V:[+nas]H_","Syntax Error: Unknown character õ at '0:0:21'.     |     { a, a:[+long] } > { õ, õ:[+long] } / V:[+nas]H_     |                          ^     @ Rule 1, Line 1"
37.1.2.5,39,"	{ a, a:[+long] } > { õ, õ:[+long] } / V:[+nas]({ʔ,s})w_","Syntax Error: Unknown character õ at '0:0:21'.     |     { a, a:[+long] } > { õ, õ:[+long] } / V:[+nas]({ʔ,s})w_     |                          ^     @ Rule 1, Line 1"
37.1.2.5,40,"	{ {, ẽ,, ẽ:[+long], }, {, õ,, õ:[+long], } } > { {, ɛ̃,, ɛ̃:[+long], }, {, ɔ̃,, ɔ̃:[+long], } }","Syntax Error: Cannot have nested brackets of the same type     |     { {, ẽ,, ẽ:[+long], }, {, õ,, õ:[+long], } } > { {, ɛ̃,, ɛ̃:[+long], }, {, ɔ̃,, ɔ̃:[+long], } }     |       ^     @ Rule 1, Line 1"
37.1.2.5,42,	— t kʷ > d ɡʷ / :{ _V }:,"Syntax Error: Unknown character — at '0:0:0'.     |     — t kʷ > d ɡʷ / :{ _V }:     |     ^     @ Rule 1, Line 1"
37.1.2.5,43,	— s > ʃ / _j,"Syntax Error: Unknown character — at '0:0:0'.     |     — s > ʃ / _j     |     ^     @ Rule 1, Line 1"
37.1.2.5,44,"	— a e o > ə ɪ ʊ / :{ C_C, C_i:[-long] }:","Syntax Error: Unknown character — at '0:0:0'.     |     — a e o > ə ɪ ʊ / :{ C_C, C_i:[-long] }:     |     ^     @ Rule 1, Line 1"
37.1.2.6,3,	t > ˀt,"Syntax Error: Floating diacritic. Diacritics can only be used to modify IPA Segments     |     t > ˀt     |         ^     @ Rule 1, Line 1"
37.1.2.6,4,	”V > ”V:[+long] / _n in penultimate syllables only,"Syntax Error: Unknown character ” at '0:0:0'.     |     ”V > ”V:[+long] / _n in penultimate syllables only     |     ^     @ Rule 1, Line 1"
37.1.2.6,5,"	n > t / ,kʷ,V:[+nas]} // _{h","Syntax Error: Expected '_', but received ','     |     n > t / ,kʷ,V:[+nas]} // _{h     |             ^     @ Rule 1, Line 1"
37.1.2.6,6,"	”V > ”V:[+long] / :{ _kʷ{s,,} (“penultimate syllables only”), _ˀt{s,,} (“penultimate syllables only”), _t{s,,} (“penultimate syllables only”) }:","Syntax Error: Unknown character ” at '0:0:0'.     |     ”V > ”V:[+long] / :{ _kʷ{s,,} (“penultimate syllables only”), _ˀt{s,,} (“penultimate syllables only”), _t{s,,} (“penultimate syllables only”) }:     |     ^     @ Rule 1, Line 1"
37.1.2.6,7,	”V > ”V:[+long] / _RR,"Syntax Error: Unknown character ” at '0:0:0'.     |     ”V > ”V:[+long] / _RR     |     ^     @ Rule 1, Line 1"
37.1.2.6,8,"	{{ ẽ, ẽ:[+long] }{ ,õ, ,õ:[+long] }} > ə̃, ə̃:[+long]","Syntax Error: Cannot have nested brackets of the same type     |     {{ ẽ, ẽ:[+long] }{ ,õ, ,õ:[+long] }} > ə̃, ə̃:[+long]     |      ^     @ Rule 1, Line 1"
37.1.2.6,10,	ˀt > tʔ / _ˀt,"Syntax Error: Floating diacritic. Diacritics can only be used to modify IPA Segments     |     ˀt > tʔ / _ˀt     |     ^     @ Rule 1, Line 1"
37.1.2.6,11,	ˀt > ∅ / _t,"Syntax Error: Floating diacritic. Diacritics can only be used to modify IPA Segments     |     ˀt > ∅ / _t     |     ^     @ Rule 1, Line 1"
37.1.2.6,12,	ˀt > ʔ / _r,"Syntax Error: Floating diacritic. Diacritics can only be used to modify IPA Segments     |     ˀt > ʔ / _r     |     ^     @ Rule 1, Line 1"
37.1.2.6,13,"	ˀt > ʔn / :{ V_V, V_w, V_j }:","Syntax Error: Floating diacritic. Diacritics can only be used to modify IPA Segments     |     ˀt > ʔn / :{ V_V, V_w, V_j }:     |     ^     @ Rule 1, Line 1"
37.1.2.6,14,"	ˀt > n / :{ {#,C}_V, {#,C}_w, {#,C}_j }:","Syntax Error: Floating diacritic. Diacritics can only be used to modify IPA Segments     |     ˀt > n / :{ {#,C}_V, {#,C}_w, {#,C}_j }:     |     ^     @ Rule 1, Line 1"
37.1.2.6,15,	ˀt > t,"Syntax Error: Floating diacritic. Diacritics can only be used to modify IPA Segments     |     ˀt > t     |     ^     @ Rule 1, Line 1"
37.1.2.6,23,"	∅ > j / { k_e, k_e:[+long] }","Syntax Error: Expected ',', but received '_'     |     ∅ > j / { k_e, k_e:[+long] }     |                ^     @ Rule 1, Line 1"
37.1.2.6,25,"	{ ə̃, ə̃:[+long] } > { ɨ̃, ɨ̃:[+long] } // when both short and stressed","Syntax Error: Expected '_', but received ''     |     { ə̃, ə̃:[+long] } > { ɨ̃, ɨ̃:[+long] } // when both short and stressed     |                                                                            ^     @ Rule 1, Line 1"
37.1.2.6,26,"	{ {, a,, a:[+long], }, {, o,, o:[+long], } } > { {, ɔ,, ɔ:[+long], }, {, u,, u:[+long], } } // when both short and unstressed","Syntax Error: Cannot have nested brackets of the same type     |     { {, a,, a:[+long], }, {, o,, o:[+long], } } > { {, ɔ,, ɔ:[+long], }, {, u,, u:[+long], } } // when both short and unstressed     |       ^     @ Rule 1, Line 1"
37.1.2.6,28,"	{ n, r, w, j } > { n̥, r̥, w̥, j̊ } / :{ _#, _O }:","Syntax Error: Unknown character ̊ at '0:0:32'.     |     { n, r, w, j } > { n̥, r̥, w̥, j̊ } / :{ _#, _O }:     |                                     ^     @ Rule 1, Line 1"
37.1.2.6.1,3,"	{ r̥, w̥, j̊ } > { s, f, ʃ }","Syntax Error: Unknown character ̊ at '0:0:11'.     |     { r̥, w̥, j̊ } > { s, f, ʃ }     |                ^     @ Rule 1, Line 1"
37.1.2.6.2,1,"	{ ə̃, ə̃:[+long] } { a, a:[+long] } { o, o:[+long] } > { ɨ̃, ɨ̃:[+long] } { ɔ, ɔ:[+long] } { u, u:[+long] } (“in all positions”)","Syntax Error: Unknown character “ at '0:0:109'.     |     { ə̃, ə̃:[+long] } { a, a:[+long] } { o, o:[+long] } > { ɨ̃, ɨ̃:[+long] } { ɔ, ɔ:[+long] } { u, u:[+long] } (“in all positions”)     |                                                                                                                  ^     @ Rule 1, Line 1"
37.2,0,"	{ ẽ, õ } > { ı̃, ũ }","Syntax Error: Unknown character ẽ at '0:0:2'.     |     { ẽ, õ } > { ı̃, ũ }     |       ^     @ Rule 1, Line 1"
37.2.1,2,	p > b / V_V (*),"Syntax Error: Expected an IPA character, Primative or Matrix, but received '*'     |     p > b / V_V (*)     |                  ^     @ Rule 1, Line 1"
37.2.1,3,	tʲ > ʃ / in,"Syntax Error: Expected '_', but received ''     |     tʲ > ʃ / in     |                ^     @ Rule 1, Line 1"
37.2.1,5,"	t > ∅ / _k, when medial","Syntax Error: Expected '_', but received ''     |     t > ∅ / _k, when medial     |                            ^     @ Rule 1, Line 1"
37.2.1,6,	”V:[+nas] > Vn (*),"Syntax Error: Unknown character ” at '0:0:0'.     |     ”V:[+nas] > Vn (*)     |     ^     @ Rule 1, Line 1"
37.2.1,7,	∅ > ʔ / C_# (only,"Syntax Error: Expected an IPA character, Primative or Matrix, but received ''     |     ∅ > ʔ / C_# (only     |                      ^     @ Rule 1, Line 1"
37.2.2,0,"	{ ç, x } > { x, {ʃ,ʒ} }","Syntax Error: Cannot have nested brackets of the same type     |     { ç, x } > { x, {ʃ,ʒ} }     |                     ^     @ Rule 1, Line 1"
37.2.2,2,	tʲ > ʃ / in,"Syntax Error: Expected '_', but received ''     |     tʲ > ʃ / in     |                ^     @ Rule 1, Line 1"
37.2.2,4,	s > z / in :[-stress],"Syntax Error: Expected '_', but received ''     |     s > z / in :[-stress]     |                          ^     @ Rule 1, Line 1"
37.2.2,12,"	t > ∅ / _k, when medial","Syntax Error: Expected '_', but received ''     |     t > ∅ / _k, when medial     |                            ^     @ Rule 1, Line 1"
37.2.2.1,0,"	{pr,mt} > md","Syntax Error: Expected ',', but received 'r'     |     {pr,mt} > md     |       ^     @ Rule 1, Line 1"
37.2.2.1,2,	kr > ɡʲ / medial,"Syntax Error: Expected '_', but received ''     |     kr > ɡʲ / medial     |                     ^     @ Rule 1, Line 1"
37.2.2.2,0,"	{ {pr,mt}, kr } > { bl, ɡl }","Syntax Error: Cannot have nested brackets of the same type     |     { {pr,mt}, kr } > { bl, ɡl }     |       ^     @ Rule 1, Line 1"
37.2.3,4,	Lʲ > n / _V:[+nas],"Syntax Error: Expected '>', '->' or '=>', but received 'ʲ'     |     Lʲ > n / _V:[+nas]     |      ^     @ Rule 1, Line 1"
37.2.3,6,	ã > a / in (sporadic),"Syntax Error: Unknown character ã at '0:0:0'.     |     ã > a / in (sporadic)     |     ^     @ Rule 1, Line 1"
37.2.3,12,"	mn > mVnV / :{ {C,V}_C, {C,V}_V }:","Runtime Error: An incomplete matrix cannot be inserted     |     mn > mVnV / :{ {C,V}_C, {C,V}_V }:     |             ^     @ Rule 1, Line 1"
37.2.3,15,"	t > ∅ / _k, when medial","Syntax Error: Expected '_', but received ''     |     t > ∅ / _k, when medial     |                            ^     @ Rule 1, Line 1"
37.2.4,0,"	{ ç, x } > { x, {ʃ,ʒ} }","Syntax Error: Cannot have nested brackets of the same type     |     { ç, x } > { x, {ʃ,ʒ} }     |                     ^     @ Rule 1, Line 1"
37.2.4,4,	t > d͡ʒ / _E:[-stress],"Syntax Error: Unknown grouping 'E'. Known groupings are (C)onsonant, (O)bstruent, (S)onorant, (P)losive, (F)ricative, (L)iquid, (N)asal, (G)lide, and (V)owel     |     t > d͡ʒ / _E:[-stress]     |                ^     @ Rule 1, Line 1"
37.2.4,5,	tʲ > ʃ / in,"Syntax Error: Expected '_', but received ''     |     tʲ > ʃ / in     |                ^     @ Rule 1, Line 1"
37.2.4,6,"	{ tʲ, s } > { ʒ, z } / in :[-stress]","Syntax Error: Expected '_', but received ''     |     { tʲ, s } > { ʒ, z } / in :[-stress]     |                                         ^     @ Rule 1, Line 1"
37.2.4.1,4,	s z > θ ð (sporadic),"Syntax Error: Expected end of line, received '('. Did you forget a '/' between the output and environment?     |     s z > θ ð (sporadic)     |               ^     @ Rule 1, Line 1"
37.2.4.1,6,	Lʲ > n / _V:[+nas],"Syntax Error: Expected '>', '->' or '=>', but received 'ʲ'     |     Lʲ > n / _V:[+nas]     |      ^     @ Rule 1, Line 1"
37.2.4.1,7,	Lʲ > r / _V:[-nas],"Syntax Error: Expected '>', '->' or '=>', but received 'ʲ'     |     Lʲ > r / _V:[-nas]     |      ^     @ Rule 1, Line 1"
37.2.4.1,16,	tk > ɡ / when medial,"Syntax Error: Expected '_', but received ''     |     tk > ɡ / when medial     |                         ^     @ Rule 1, Line 1"
37.2.4.2,5,	Lʲ > n / _V:[+nas],"Syntax Error: Expected '>', '->' or '=>', but received 'ʲ'     |     Lʲ > n / _V:[+nas]     |      ^     @ Rule 1, Line 1"
37.2.4.2,6,	Lʲ > r / _V:[-nas],"Syntax Error: Expected '>', '->' or '=>', but received 'ʲ'     |     Lʲ > r / _V:[-nas]     |      ^     @ Rule 1, Line 1"
37.2.4.2,8,"	{ pr, {sr,xr}, sn, km } > { pVrV, ʃVrV, sVnV, kVwV }","Syntax Error: Cannot have nested brackets of the same type     |     { pr, {sr,xr}, sn, km } > { pVrV, ʃVrV, sVnV, kVwV }     |           ^     @ Rule 1, Line 1"
37.2.4.2,11,"	t > ∅ / _k, when medial","Syntax Error: Expected '_', but received ''     |     t > ∅ / _k, when medial     |                            ^     @ Rule 1, Line 1"
37.2.5,0,"	{ s, ç, {tʲ,x} } > { t͡s, x, ʃ }","Syntax Error: Cannot have nested brackets of the same type     |     { s, ç, {tʲ,x} } > { t͡s, x, ʃ }     |             ^     @ Rule 1, Line 1"
37.2.5,1,"	m > w (Crow seems to have gained a phonemic /m/ after this, however)","Syntax Error: Expected end of line, received '('. Did you forget a '/' between the output and environment?     |     m > w (Crow seems to have gained a phonemic /m/ after this, however)     |           ^     @ Rule 1, Line 1"
37.2.5,2,	Lʲ > r,"Syntax Error: Expected '>', '->' or '=>', but received 'ʲ'     |     Lʲ > r     |      ^     @ Rule 1, Line 1"
37.2.5,3,"	{ ã, ı̃, ũ } > { a, i, u }","Syntax Error: Unknown character ã at '0:0:2'.     |     { ã, ı̃, ũ } > { a, i, u }     |       ^     @ Rule 1, Line 1"
37.2.5,5,"	t > ∅ / _k, when medial","Syntax Error: Expected '_', but received ''     |     t > ∅ / _k, when medial     |                            ^     @ Rule 1, Line 1"
37.2.5.1,0,	t > ʃ / _E,"Syntax Error: Unknown grouping 'E'. Known groupings are (C)onsonant, (O)bstruent, (S)onorant, (P)losive, (F)ricative, (L)iquid, (N)asal, (G)lide, and (V)owel     |     t > ʃ / _E     |              ^     @ Rule 1, Line 1"
37.2.5.2,8,"	{ sk, kx } > { t͡sk, hk } / _V","Syntax Error: Expected ',', but received 'k'     |     { sk, kx } > { t͡sk, hk } / _V     |        ^     @ Rule 1, Line 1"
37.2.6,2,"	{ t, tʲ, s } > { d, ʒ, z } / in :[-stress]","Syntax Error: Expected '_', but received ''     |     { t, tʲ, s } > { d, ʒ, z } / in :[-stress]     |                                               ^     @ Rule 1, Line 1"
37.2.6,3,	tʲ > ʃ / in,"Syntax Error: Expected '_', but received ''     |     tʲ > ʃ / in     |                ^     @ Rule 1, Line 1"
37.2.6,6,"	{ L, Lʲ } > { {ð,j}, ʒ } / _V","Syntax Error: Cannot have nested brackets of the same type     |     { L, Lʲ } > { {ð,j}, ʒ } / _V     |                   ^     @ Rule 1, Line 1"
37.2.6,8,"	w > β (sporadic, allophonic)","Syntax Error: Expected end of line, received '('. Did you forget a '/' between the output and environment?     |     w > β (sporadic, allophonic)     |           ^     @ Rule 1, Line 1"
37.2.6,9,	u > i / in (sporadic),"Syntax Error: Expected '_', but received ''     |     u > i / in (sporadic)     |                          ^     @ Rule 1, Line 1"
37.2.6,10,	k > ∅ #t_ (in morphemes),"Syntax Error: The output of a deletion rule must only contain `*` or `∅`     |     k > ∅ #t_ (in morphemes)     |           ^     @ Rule 1, Line 1"
37.2.6,11,	tk > ɡ / when medial,"Syntax Error: Expected '_', but received ''     |     tk > ɡ / when medial     |                         ^     @ Rule 1, Line 1"
37.2.6.1,3,"	{ r, Lʲ } > { d, j } / #_ (*)","Syntax Error: Expected ',', but received 'ʲ'     |     { r, Lʲ } > { d, j } / #_ (*)     |           ^     @ Rule 1, Line 1"
37.2.6.1,4,	L > bl / #_e (*),"Syntax Error: Expected an IPA character, Primative or Matrix, but received '*'     |     L > bl / #_e (*)     |                   ^     @ Rule 1, Line 1"
37.2.6.1,7,	ũ > aN / stressed,"Syntax Error: Unknown character ũ at '0:0:0'.     |     ũ > aN / stressed     |     ^     @ Rule 1, Line 1"
37.2.6.1,9,"	{ tʲr, kr } > { ʃt, l }","Syntax Error: Expected ',', but received 'r'     |     { tʲr, kr } > { ʃt, l }     |         ^     @ Rule 1, Line 1"
37.2.6.2,1,"	n > θ / :{ _ã, _ẽ, _õ }:","Syntax Error: Unknown character ã at '0:0:12'.     |     n > θ / :{ _ã, _ẽ, _õ }:     |                 ^     @ Rule 1, Line 1"
37.2.6.2,5,"	Lʲ > θ, n / _V:[+nas -stress]","Syntax Error: Expected '>', '->' or '=>', but received 'ʲ'     |     Lʲ > θ, n / _V:[+nas -stress]     |      ^     @ Rule 1, Line 1"
37.2.6.2,6,	ũ > ã / stressed,"Syntax Error: Unknown character ũ at '0:0:0'.     |     ũ > ã / stressed     |     ^     @ Rule 1, Line 1"
37.2.6.2,8,"	{ pr, sr, tʲr, kr } > { bθ, sn, ʃn, ɡθ }","Syntax Error: Expected ',', but received 'r'     |     { pr, sr, tʲr, kr } > { bθ, sn, ʃn, ɡθ }     |        ^     @ Rule 1, Line 1"
37.2.6.3,1,	t > t͡s / _E,"Syntax Error: Unknown grouping 'E'. Known groupings are (C)onsonant, (O)bstruent, (S)onorant, (P)losive, (F)ricative, (L)iquid, (N)asal, (G)lide, and (V)owel     |     t > t͡s / _E     |                ^     @ Rule 1, Line 1"
37.2.6.3,3,"	{ç,x} > z (sporadic)","Syntax Error: Expected end of line, received '('. Did you forget a '/' between the output and environment?     |     {ç,x} > z (sporadic)     |               ^     @ Rule 1, Line 1"
37.2.6.3,4,"	n > ð / :{ _ã, _ẽ, _õ }:","Syntax Error: Unknown character ã at '0:0:12'.     |     n > ð / :{ _ã, _ẽ, _õ }:     |                 ^     @ Rule 1, Line 1"
37.2.6.3,6,	Lʲ > ð / _V:[+nas -stress],"Syntax Error: Expected '>', '->' or '=>', but received 'ʲ'     |     Lʲ > ð / _V:[+nas -stress]     |      ^     @ Rule 1, Line 1"
37.2.6.3,9,"	{ pr, sr, tʲr, kr } > { bð, st͡s, ʃd, ɡð }","Syntax Error: Expected ',', but received 'r'     |     { pr, sr, tʲr, kr } > { bð, st͡s, ʃd, ɡð }     |        ^     @ Rule 1, Line 1"
37.2.6.3,13,"	{ sn, mt } > { hn, d }","Syntax Error: Expected ',', but received 'n'     |     { sn, mt } > { hn, d }     |        ^     @ Rule 1, Line 1"
37.2.6.3,15,	xk > (ʃ)k / _V,"Syntax Error: Unknown character ( at '0:0:3'.     |     xk > (ʃ)k / _V     |        ^     @ Rule 1, Line 1"
37.2.6.4,3,	x > ʒ (*),"Syntax Error: Expected end of line, received '('. Did you forget a '/' between the output and environment?     |     x > ʒ (*)     |           ^     @ Rule 1, Line 1"
37.2.6.4,4,	Lʲ > j / #_õ (*),"Syntax Error: Unknown character õ at '0:0:11'.     |     Lʲ > j / #_õ (*)     |                ^     @ Rule 1, Line 1"
37.2.6.4,5,	Lʲ > t / #_ã (*),"Syntax Error: Unknown character ã at '0:0:11'.     |     Lʲ > t / #_ã (*)     |                ^     @ Rule 1, Line 1"
37.2.6.4,6,	ã > õ (*),"Syntax Error: Unknown character ã at '0:0:0'.     |     ã > õ (*)     |     ^     @ Rule 1, Line 1"
37.2.6.4,7,	ũ > ã / stressed (*),"Syntax Error: Unknown character ũ at '0:0:0'.     |     ũ > ã / stressed (*)     |     ^     @ Rule 1, Line 1"
37.2.6.4,8,	m > ∅ / #_n (in morphemes) (*),"Syntax Error: Expected an IPA character, Primative or Matrix, but received '*'     |     m > ∅ / #_n (in morphemes) (*)     |                                 ^     @ Rule 1, Line 1"
37.2.7,1,"	{ tʲ, Lʲ } > { t͡ʃ, j }","Syntax Error: Expected ',', but received 'ʲ'     |     { tʲ, Lʲ } > { t͡ʃ, j }     |            ^     @ Rule 1, Line 1"
37.2.7.1,1,"	p > w / V_V, apparently as a result of some dissimilation, as this appears to be an allophone of /p/ here, IIUC","Syntax Error: Expected '_', but received ','     |     p > w / V_V, apparently as a result of some dissimilation, as this appears to be an allophone of /p/ here, IIUC     |                                                              ^     @ Rule 1, Line 1"
37.2.7.1,5,	ã > an (sporadic),"Syntax Error: Unknown character ã at '0:0:0'.     |     ã > an (sporadic)     |     ^     @ Rule 1, Line 1"
37.2.7.2,1,"	{ s, {ç,x} } > { f, s }","Syntax Error: Cannot have nested brackets of the same type     |     { s, {ç,x} } > { f, s }     |          ^     @ Rule 1, Line 1"
37.2.7.2,5,"	ã > an, õ","Syntax Error: Unknown character ã at '0:0:0'.     |     ã > an, õ     |     ^     @ Rule 1, Line 1"
37.2.7.2,7,"	{ sr, kr } > { ft, kVlV }","Syntax Error: Expected ',', but received 'r'     |     { sr, kr } > { ft, kVlV }     |        ^     @ Rule 1, Line 1"
38.1.1.1,1,"	{ {f,v}, {m,b} } > { pʰ, b }","Syntax Error: Cannot have nested brackets of the same type     |     { {f,v}, {m,b} } > { pʰ, b }     |       ^     @ Rule 1, Line 1"
38.1.1.1,2,"	{ pl, b{l,r} } > { v, pʲ }","Syntax Error: Cannot have nested brackets of the same type     |     { pl, b{l,r} } > { v, pʲ }     |            ^     @ Rule 1, Line 1"
38.1.1.1,5,	ŋ̊ > h,"Syntax Error: Unknown character ̊ at '0:0:1'.     |     ŋ̊ > h     |      ^     @ Rule 1, Line 1"
38.1.1.1,13,"	{ xʷ, [+ cons, - fr, + bk, + hi, - lo]ʷ } > { {kʰ,x}, [+ cons, - fr, + bk, + hi, - lo]ʷ }","Syntax Error: Cannot have nested brackets of the same type     |     { xʷ, [+ cons, - fr, + bk, + hi, - lo]ʷ } > { {kʰ,x}, [+ cons, - fr, + bk, + hi, - lo]ʷ }     |                                                   ^     @ Rule 1, Line 1"
38.1.1.2,0,	ɲ̊ > j,"Syntax Error: Unknown character ̊ at '0:0:1'.     |     ɲ̊ > j     |      ^     @ Rule 1, Line 1"
38.1.1.2,3,"	{ pr, b{l,r}, vr } > { v, bʲ, d }","Syntax Error: Cannot have nested brackets of the same type     |     { pr, b{l,r}, vr } > { v, bʲ, d }     |            ^     @ Rule 1, Line 1"
38.1.1.3,0,"	{ ɓ, ɗ } > { b, d } / ,r} // _{l","Syntax Error: Expected '_', but received ','     |     { ɓ, ɗ } > { b, d } / ,r} // _{l     |                           ^     @ Rule 1, Line 1"
38.1.1.3,1,"	{l,r} > ∅ / n,ɗ_","Syntax Error: Expected '_', but received ','     |     {l,r} > ∅ / n,ɗ_     |                  ^     @ Rule 1, Line 1"
38.1.1.3,9,	tr > tʰ(r)_,"Syntax Error: Expected end of line, received '('. Did you forget a '/' between the output and environment?     |     tr > tʰ(r)_     |            ^     @ Rule 1, Line 1"
38.1.1.3,13,"	{ kl, kr } > { {kʲ,t͡ʃ}, kʰj }","Syntax Error: Cannot have nested brackets of the same type     |     { kl, kr } > { {kʲ,t͡ʃ}, kʰj }     |                    ^     @ Rule 1, Line 1"
38.1.1.3,16,"	{ xʷ, ɣʷ } > { kʷʰ, {v,w} }","Syntax Error: Cannot have nested brackets of the same type     |     { xʷ, ɣʷ } > { kʷʰ, {v,w} }     |                         ^     @ Rule 1, Line 1"
38.1.1.3,18,	iə > ı̆ / _C%,"Syntax Error: Unknown character ı at '0:0:5'.     |     iə > ı̆ / _C%     |          ^     @ Rule 1, Line 1"
38.1.1.3,20,"	{ ɛi, ei } > { ai, i:[+long] }","Syntax Error: Expected ',', but received 'i'     |     { ɛi, ei } > { ai, i:[+long] }     |        ^     @ Rule 1, Line 1"
38.1.1.3.1,3,"	{ {r,s,z}, t͡ʃʰ, d͡ʒ } > { ɬ, ʃ, t͡ʃ }","Syntax Error: Cannot have nested brackets of the same type     |     { {r,s,z}, t͡ʃʰ, d͡ʒ } > { ɬ, ʃ, t͡ʃ }     |       ^     @ Rule 1, Line 1"
38.1.1.3.1,7,	ɨə > ɨ̆ / _C%,"Syntax Error: Unknown character ̆ at '0:0:6'.     |     ɨə > ɨ̆ / _C%     |           ^     @ Rule 1, Line 1"
38.1.1.3.1,8,"	{ ɨ̆, i̯o } > { u, ə }","Syntax Error: Unknown character ̆ at '0:0:3'.     |     { ɨ̆, i̯o } > { u, ə }     |        ^     @ Rule 1, Line 1"
38.1.1.3.1,9,	uə > ŭ,"Syntax Error: Unknown character ŭ at '0:0:5'.     |     uə > ŭ     |          ^     @ Rule 1, Line 1"
38.1.1.3.1,10,"	{ u̯ɨ, u̯o } > { {ɨ,ə}, u }","Syntax Error: Cannot have nested brackets of the same type     |     { u̯ɨ, u̯o } > { {ɨ,ə}, u }     |                      ^     @ Rule 1, Line 1"
38.1.1.3.1,13,"	{ o, {u̯ɔ,ɨɔ,ɔ} } > { u, o:[+long] }","Syntax Error: Cannot have nested brackets of the same type     |     { o, {u̯ɔ,ɨɔ,ɔ} } > { u, o:[+long] }     |          ^     @ Rule 1, Line 1"
38.1.1.3.1,16,"	{(i)ɛ,i̯ɛ} > e:[+long]","Syntax Error: Expected an IPA character, Primative or Matrix, but received '('     |     {(i)ɛ,i̯ɛ} > e:[+long]     |      ^     @ Rule 1, Line 1"
38.1.1.3.1,17,"	{ uɔ, ɨ̯ɔ } > { o:[+long], ɨ }","Syntax Error: Expected ',', but received 'ɔ'     |     { uɔ, ɨ̯ɔ } > { o:[+long], ɨ }     |        ^     @ Rule 1, Line 1"
38.1.1.3.1,18,"	{ {ɨo̯,ɨa̯,ɨe̯}, ie̯ } > { ɨ:[+long], i:[+long] }","Syntax Error: Cannot have nested brackets of the same type     |     { {ɨo̯,ɨa̯,ɨe̯}, ie̯ } > { ɨ:[+long], i:[+long] }     |       ^     @ Rule 1, Line 1"
38.1.1.3.1,19,"	{uɨ̯,ua̯,ue̯} > u:[+long]","Syntax Error: Expected ',', but received 'ɨ'     |     {uɨ̯,ua̯,ue̯} > u:[+long]     |       ^     @ Rule 1, Line 1"
38.1.1.3.1,23,"	a > a:[+long] / _u,i","Syntax Error: Expected '_', but received ''     |     a > a:[+long] / _u,i     |                         ^     @ Rule 1, Line 1"
38.1.1.3.1,29,"	{ɛɨ,eɨ} > aɨ","Syntax Error: Expected ',', but received 'ɨ'     |     {ɛɨ,eɨ} > aɨ     |       ^     @ Rule 1, Line 1"
38.1.1.3.1,34,"	{ {uəi,uai}, iau } > { u:[+long]i, e:[+long]u }","Syntax Error: Cannot have nested brackets of the same type     |     { {uəi,uai}, iau } > { u:[+long]i, e:[+long]u }     |       ^     @ Rule 1, Line 1"
38.1.1.3.2,3,"	{ t͡ʃ, t͡ʃʰ, d͡ʒ } > { ʃ, t͡sʰ, {ʃ,t͡ʃ} }","Syntax Error: Cannot have nested brackets of the same type     |     { t͡ʃ, t͡ʃʰ, d͡ʒ } > { ʃ, t͡sʰ, {ʃ,t͡ʃ} }     |                                     ^     @ Rule 1, Line 1"
38.1.1.3.3,3,"	{ t͡ʃ, d͡ʒ } > { {x,t}, t͡ʃ }","Syntax Error: Cannot have nested brackets of the same type     |     { t͡ʃ, d͡ʒ } > { {x,t}, t͡ʃ }     |                      ^     @ Rule 1, Line 1"
38.1.1.3.3,4,	(ʔ)j > ʒ,"Syntax Error: Options can only be used in Environments or Structures     |     (ʔ)j > ʒ     |     ^^^     @ Rule 1, Line 1"
38.1.1.3.4,3,	(ʔ)j > ʒ,"Syntax Error: Options can only be used in Environments or Structures     |     (ʔ)j > ʒ     |     ^^^     @ Rule 1, Line 1"
38.1.1.3.5,7,"	{ i, i:[+long], u } > { ə, ei, oʊ̯ }","Syntax Error: Expected ',', but received 'i'     |     { i, i:[+long], u } > { ə, ei, oʊ̯ }     |                                 ^     @ Rule 1, Line 1"
38.1.1.4,2,"	l > ∅ / p{ ʰ,, , }b_E","Syntax Error: Expected an IPA character, Primative or Matrix, but received 'ʰ'     |     l > ∅ / p{ ʰ,, , }b_E     |                ^     @ Rule 1, Line 1"
38.1.1.4,3,"	l > j / p{ ʰ,, , }b_V","Syntax Error: Expected an IPA character, Primative or Matrix, but received 'ʰ'     |     l > j / p{ ʰ,, , }b_V     |                ^     @ Rule 1, Line 1"
38.1.1.4,5,"	{ {pʰ,b}, ɓ, {tʰ,d}, ɗ, {kʰ,ɡ}, {kʷʰ,ɡ} } > { p, b, t, d, k, kʷ }","Syntax Error: Cannot have nested brackets of the same type     |     { {pʰ,b}, ɓ, {tʰ,d}, ɗ, {kʰ,ɡ}, {kʷʰ,ɡ} } > { p, b, t, d, k, kʷ }     |       ^     @ Rule 1, Line 1"
38.1.1.4,7,"	{ mʷ, f } > { f, {f,v,w,h} }","Syntax Error: Cannot have nested brackets of the same type     |     { mʷ, f } > { f, {f,v,w,h} }     |                      ^     @ Rule 1, Line 1"
38.1.1.4,12,"	{t͡ʃ(ʰ),d͡ʒ} > ʃ","Syntax Error: Expected ',', but received '('     |     {t͡ʃ(ʰ),d͡ʒ} > ʃ     |         ^     @ Rule 1, Line 1"
38.1.1.4,15,	iə > ı̆ / _C%,"Syntax Error: Unknown character ı at '0:0:5'.     |     iə > ı̆ / _C%     |          ^     @ Rule 1, Line 1"
38.1.1.4,16,"	ɨ̆ > a / _[+ cons, - fr, + bk, + hi, - lo]","Syntax Error: Unknown character ̆ at '0:0:1'.     |     ɨ̆ > a / _[+ cons, - fr, + bk, + hi, - lo]     |      ^     @ Rule 1, Line 1"
38.1.1.4,18,"	{ɨ̯u,i̯ɛ} > ɨə̯~ɨa̯ / _%","Syntax Error: Expected ',', but received 'u'     |     {ɨ̯u,i̯ɛ} > ɨə̯~ɨa̯ / _%     |        ^     @ Rule 1, Line 1"
38.1.1.4,19,"	{ u̯o, i̯o } > { u, o }","Syntax Error: Expected ',', but received 'o'     |     { u̯o, i̯o } > { u, o }     |         ^     @ Rule 1, Line 1"
38.1.1.4,20,	ɨ̯a > ɨa̯~ɨə̯,"Syntax Error: Expected end of line, received '~'. Did you forget a '/' between the output and environment?     |     ɨ̯a > ɨa̯~ɨə̯     |              ^     @ Rule 1, Line 1"
38.1.1.4,21,"	{u̯ɔ,u̯a} > ua~uə","Syntax Error: Expected ',', but received 'ɔ'     |     {u̯ɔ,u̯a} > ua~uə     |        ^     @ Rule 1, Line 1"
38.1.1.4,24,	ɨ̯ɔ > ɨa~ɨə,"Syntax Error: Expected end of line, received '~'. Did you forget a '/' between the output and environment?     |     ɨ̯ɔ > ɨa~ɨə     |             ^     @ Rule 1, Line 1"
38.1.1.4,25,"	{ uɨ̯, ua̯ } > { ɨə, uɔ̯ }","Syntax Error: Expected ',', but received 'ɨ'     |     { uɨ̯, ua̯ } > { ɨə, uɔ̯ }     |        ^     @ Rule 1, Line 1"
38.1.1.4,26,"	{ ɨə, uɔ̯ } > { ɨ:[+long], ɔ:[+long] }","Syntax Error: Expected ',', but received 'ə'     |     { ɨə, uɔ̯ } > { ɨ:[+long], ɔ:[+long] }     |        ^     @ Rule 1, Line 1"
38.1.1.4,27,"	{ ɛi, ei } > { ai, əi }","Syntax Error: Expected ',', but received 'i'     |     { ɛi, ei } > { ai, əi }     |        ^     @ Rule 1, Line 1"
38.1.1.4.1,0,	k > t͡ʃ / _E,"Syntax Error: Unknown grouping 'E'. Known groupings are (C)onsonant, (O)bstruent, (S)onorant, (P)losive, (F)ricative, (L)iquid, (N)asal, (G)lide, and (V)owel     |     k > t͡ʃ / _E     |                ^     @ Rule 1, Line 1"
38.1.1.4.1,3,	v > w (possibly a conservation with other languages changing *w to v?),"Syntax Error: Expected end of line, received '('. Did you forget a '/' between the output and environment?     |     v > w (possibly a conservation with other languages changing *w to v?)     |           ^     @ Rule 1, Line 1"
38.1.1.4.1,5,	TŠ > TS,"Syntax Error: Unknown character Š at '0:0:1'.     |     TŠ > TS     |      ^     @ Rule 1, Line 1"
38.1.1.4.2,0,	k > t͡ʃ / _E,"Syntax Error: Unknown grouping 'E'. Known groupings are (C)onsonant, (O)bstruent, (S)onorant, (P)losive, (F)ricative, (L)iquid, (N)asal, (G)lide, and (V)owel     |     k > t͡ʃ / _E     |                ^     @ Rule 1, Line 1"
38.1.1.4.2,5,	ɨ̆ə > ɨ̆ / _C%,"Syntax Error: Unknown character ̆ at '0:0:1'.     |     ɨ̆ə > ɨ̆ / _C%     |      ^     @ Rule 1, Line 1"
38.1.1.4.2,6,"	ɨ̆ > a / _[+ cons, - fr, + bk, + hi, - lo]","Syntax Error: Unknown character ̆ at '0:0:1'.     |     ɨ̆ > a / _[+ cons, - fr, + bk, + hi, - lo]     |      ^     @ Rule 1, Line 1"
38.1.1.4.2,7,	ɨ̆ > ə,"Syntax Error: Unknown character ̆ at '0:0:1'.     |     ɨ̆ > ə     |      ^     @ Rule 1, Line 1"
38.1.1.4.2,8,	uə > ŭ,"Syntax Error: Unknown character ŭ at '0:0:5'.     |     uə > ŭ     |          ^     @ Rule 1, Line 1"
38.1.1.4.2,10,	ɨə̯~ɨa̯ > ɨ:[+long] / _%,"Syntax Error: Expected end of line, received '>'. Did you forget a '/' between the output and environment?     |     ɨə̯~ɨa̯ > ɨ:[+long] / _%     |             ^     @ Rule 1, Line 1"
38.1.1.4.2,11,	ɨə̯~ɨa̯ > ɨ / _C%,"Syntax Error: Expected end of line, received '>'. Did you forget a '/' between the output and environment?     |     ɨə̯~ɨa̯ > ɨ / _C%     |             ^     @ Rule 1, Line 1"
38.1.1.4.2,15,"	{ ɛ, iɛ } > { e:[+long], ı̆ }","Syntax Error: Unknown character ı at '0:0:25'.     |     { ɛ, iɛ } > { e:[+long], ı̆ }     |                              ^     @ Rule 1, Line 1"
38.1.1.4.2,18,	Cʷə > Cɔ,"Syntax Error: Expected '>', '->' or '=>', but received 'ʷ'     |     Cʷə > Cɔ     |      ^     @ Rule 1, Line 1"
38.1.1.4.2,19,"	ə > {a,ɒ,ɑ,ʌ} ?","Runtime Error: A Set in output must have a matching Set in input     |     ə > {a,ɒ,ɑ,ʌ} ?     |         ^^^^^^^^^     @ Rule 1, Line 1"
38.1.1.4.2,22,	ɨa̯~ɨə̯ > i:[+long] / j_,"Syntax Error: Expected end of line, received '>'. Did you forget a '/' between the output and environment?     |     ɨa̯~ɨə̯ > i:[+long] / j_     |             ^     @ Rule 1, Line 1"
38.1.1.4.2,23,	ɨa̯~ɨə̯ > ɨ:[+long],"Syntax Error: Expected end of line, received '>'. Did you forget a '/' between the output and environment?     |     ɨa̯~ɨə̯ > ɨ:[+long]     |             ^     @ Rule 1, Line 1"
38.1.1.4.2,24,	ua~uə > u:[+long],"Syntax Error: Expected end of line, received '>'. Did you forget a '/' between the output and environment?     |     ua~uə > u:[+long]     |           ^     @ Rule 1, Line 1"
38.1.1.4.2,26,	ua~u@̯ > u:[+long],"Syntax Error: Unknown character @ at '0:0:4'.     |     ua~u@̯ > u:[+long]     |         ^     @ Rule 1, Line 1"
38.1.1.4.2,28,	ɨ̯a~ɨə > ɨ:[+long],"Syntax Error: Expected end of line, received '>'. Did you forget a '/' between the output and environment?     |     ɨ̯a~ɨə > ɨ:[+long]     |            ^     @ Rule 1, Line 1"
38.1.1.4.2,31,"	{ ɨo̯, ɨa̯, ie̯, ɨe̯ } > { u:[+long], a:[+long], e:[+long], i:[+long] }","Syntax Error: Expected ',', but received 'o'     |     { ɨo̯, ɨa̯, ie̯, ɨe̯ } > { u:[+long], a:[+long], e:[+long], i:[+long] }     |        ^     @ Rule 1, Line 1"
38.1.1.4.2,33,"	{əi,ɛi,ei} > ai","Syntax Error: Expected ',', but received 'i'     |     {əi,ɛi,ei} > ai     |       ^     @ Rule 1, Line 1"
38.1.1.4.2,35,"	{ u̯əi, ɔi } > { ʷi:[+long], o:[+long]i }","Syntax Error: Expected ',', but received 'ə'     |     { u̯əi, ɔi } > { ʷi:[+long], o:[+long]i }     |         ^     @ Rule 1, Line 1"
38.1.1.4.2,37,"	{ɛi,ei} > ɨ:[+long]","Syntax Error: Expected ',', but received 'i'     |     {ɛi,ei} > ɨ:[+long]     |       ^     @ Rule 1, Line 1"
38.1.1.4.2,38,"	{ou,oɨ} > o:[+long]","Syntax Error: Expected ',', but received 'u'     |     {ou,oɨ} > o:[+long]     |       ^     @ Rule 1, Line 1"
38.1.1.4.2,41,"	{ uəi, uai, iau } > { i:[+long], o:[+long]i, e:[+long]u }","Syntax Error: Expected ',', but received 'ə'     |     { uəi, uai, iau } > { i:[+long], o:[+long]i, e:[+long]u }     |        ^     @ Rule 1, Line 1"
38.1.1.5,0,	p > p(ʰ),"Syntax Error: Expected end of line, received '('. Did you forget a '/' between the output and environment?     |     p > p(ʰ)     |          ^     @ Rule 1, Line 1"
38.1.1.5,4,"	l > ∅ / :{ p_, k(ʰ)_, ŋ_ }:","Syntax Error: Expected an IPA character, Primative or Matrix, but received 'ʰ'     |     l > ∅ / :{ p_, k(ʰ)_, ŋ_ }:     |                      ^     @ Rule 1, Line 1"
38.1.1.5,7,"	{l,r} > ∅ / t,ɗ_","Syntax Error: Expected '_', but received ','     |     {l,r} > ∅ / t,ɗ_     |                  ^     @ Rule 1, Line 1"
38.1.1.5,8,"	{ tʰl, tʰr } > { tʰ, r̥ }","Syntax Error: Expected ',', but received 'l'     |     { tʰl, tʰr } > { tʰ, r̥ }     |         ^     @ Rule 1, Line 1"
38.1.1.5,16,	iə > ı̆ / _C% (not in all languages),"Syntax Error: Unknown character ı at '0:0:5'.     |     iə > ı̆ / _C% (not in all languages)     |          ^     @ Rule 1, Line 1"
38.1.1.5,18,"	{ ɛi, ei } > { ai, i:[+long] }","Syntax Error: Expected ',', but received 'i'     |     { ɛi, ei } > { ai, i:[+long] }     |        ^     @ Rule 1, Line 1"
38.1.1.5.1,1,"	{ bl, br } > { p, pʰ }","Syntax Error: Expected ',', but received 'l'     |     { bl, br } > { p, pʰ }     |        ^     @ Rule 1, Line 1"
38.1.1.5.2,1,"	{ bl, br } > { p, pʰ }","Syntax Error: Expected ',', but received 'l'     |     { bl, br } > { p, pʰ }     |        ^     @ Rule 1, Line 1"
38.1.1.5.2,2,	r̥ > r̥ / literary,"Syntax Error: Expected '_', but received ''     |     r̥ > r̥ / literary     |                       ^     @ Rule 1, Line 1"
38.1.1.5.2,7,"	{ ɡl, ɡr } > { k, kʰ }","Syntax Error: Expected ',', but received 'l'     |     { ɡl, ɡr } > { k, kʰ }     |        ^     @ Rule 1, Line 1"
38.1.1.5.2,8,"	{ {kʰ,ɣ}, ɡ } > { x, k }","Syntax Error: Cannot have nested brackets of the same type     |     { {kʰ,ɣ}, ɡ } > { x, k }     |       ^     @ Rule 1, Line 1"
38.1.1.5.2,12,"	{ {uɨ̯,ua̯,ue̯}, {ɨa̯,ɨe̯}, ie̯ } > { o, ə, e }","Syntax Error: Cannot have nested brackets of the same type     |     { {uɨ̯,ua̯,ue̯}, {ɨa̯,ɨe̯}, ie̯ } > { o, ə, e }     |       ^     @ Rule 1, Line 1"
38.1.1.5.3,1,"	{ bl, br } > { p, pʰ }","Syntax Error: Expected ',', but received 'l'     |     { bl, br } > { p, pʰ }     |        ^     @ Rule 1, Line 1"
38.1.1.5.3,5,"	{ ɡl, ɡr } > { k, kʰ }","Syntax Error: Expected ',', but received 'l'     |     { ɡl, ɡr } > { k, kʰ }     |        ^     @ Rule 1, Line 1"
38.1.1.5.3,8,"	{ {uɨ̯,ua̯,ue̯}, {ɨa̯,ɨe̯}, ie̯ } > { o, ə, e }","Syntax Error: Cannot have nested brackets of the same type     |     { {uɨ̯,ua̯,ue̯}, {ɨa̯,ɨe̯}, ie̯ } > { o, ə, e }     |       ^     @ Rule 1, Line 1"
38.1.1.5.4,3,"	{ ŋ, ɡ, ɣ } > { {h,ʃ}, kʰ, ɡ }","Syntax Error: Cannot have nested brackets of the same type     |     { ŋ, ɡ, ɣ } > { {h,ʃ}, kʰ, ɡ }     |                     ^     @ Rule 1, Line 1"
38.1.1.5.4,5,"	{ u{o,ə}, ɨu } > { u:[+long], ɨ:[+long] }","Syntax Error: Cannot have nested brackets of the same type     |     { u{o,ə}, ɨu } > { u:[+long], ɨ:[+long] }     |        ^     @ Rule 1, Line 1"
38.1.1.5.4,6,"	{ {u̯o,u̯ɨ}, u̯ɔ } > { o, ɔ:[+long] }","Syntax Error: Cannot have nested brackets of the same type     |     { {u̯o,u̯ɨ}, u̯ɔ } > { o, ɔ:[+long] }     |       ^     @ Rule 1, Line 1"
38.1.1.5.4,8,"	{ ɨ̯u, i̯o } > { u:[+long], u }","Syntax Error: Expected ',', but received 'u'     |     { ɨ̯u, i̯o } > { u:[+long], u }     |         ^     @ Rule 1, Line 1"
38.1.1.5.4,11,"	{(i)ɛ,i̯ɛ} > ɛ:[+long]","Syntax Error: Expected an IPA character, Primative or Matrix, but received '('     |     {(i)ɛ,i̯ɛ} > ɛ:[+long]     |      ^     @ Rule 1, Line 1"
38.1.1.5.4,12,"	{ɨɔ,ɨ̯ɔ} > ɔ:[+long]","Syntax Error: Expected ',', but received 'ɔ'     |     {ɨɔ,ɨ̯ɔ} > ɔ:[+long]     |       ^     @ Rule 1, Line 1"
38.1.1.5.4,15,"	{u̯əi,ɔi} > ɔ:[+long]i","Syntax Error: Expected ',', but received 'ə'     |     {u̯əi,ɔi} > ɔ:[+long]i     |        ^     @ Rule 1, Line 1"
38.1.1.5.4,17,"	{ɛɨ,eɨ} > ai","Syntax Error: Expected ',', but received 'ɨ'     |     {ɛɨ,eɨ} > ai     |       ^     @ Rule 1, Line 1"
38.1.1.5.4,19,"	{ {o,ə}, ɛ } > { a, ɛ:[+long] } / _u","Syntax Error: Cannot have nested brackets of the same type     |     { {o,ə}, ɛ } > { a, ɛ:[+long] } / _u     |       ^     @ Rule 1, Line 1"
38.1.1.5.4,21,"	{ ɨ̯əu, au } > { au, a:[+long]u }","Syntax Error: Expected ',', but received 'ə'     |     { ɨ̯əu, au } > { au, a:[+long]u }     |         ^     @ Rule 1, Line 1"
38.1.1.5.5,1,"	{ bl, br } > { p, pʰ }","Syntax Error: Expected ',', but received 'l'     |     { bl, br } > { p, pʰ }     |        ^     @ Rule 1, Line 1"
38.1.1.5.5,3,"	{ ɡ, ɡl } > { k, t͡ʃ }","Syntax Error: Expected ',', but received 'l'     |     { ɡ, ɡl } > { k, t͡ʃ }     |           ^     @ Rule 1, Line 1"
38.1.1.5.6,1,"	{ bl, br } > { p, pʰ }","Syntax Error: Expected ',', but received 'l'     |     { bl, br } > { p, pʰ }     |        ^     @ Rule 1, Line 1"
38.1.1.5.6,3,"	{ {kʰ,ɣ}, ɡ, ɡ{l,r} } > { x, k, t͡ʃ }","Syntax Error: Cannot have nested brackets of the same type     |     { {kʰ,ɣ}, ɡ, ɡ{l,r} } > { x, k, t͡ʃ }     |       ^     @ Rule 1, Line 1"
38.1.1.5.6,7,"	{ {uɨ̯,ua̯,ue̯}, {ɨa̯,ɨe̯}, ie̯ } > { o, ə, e }","Syntax Error: Cannot have nested brackets of the same type     |     { {uɨ̯,ua̯,ue̯}, {ɨa̯,ɨe̯}, ie̯ } > { o, ə, e }     |       ^     @ Rule 1, Line 1"
40.1,3,"	{ x, {ɬ,t͡ɬ} } > { h, j }","Syntax Error: Cannot have nested brackets of the same type     |     { x, {ɬ,t͡ɬ} } > { h, j }     |          ^     @ Rule 1, Line 1"
40.1,4,"	{ V:[+creaky, voice] } > { V:[-creaky, voice] }","Syntax Error: Unknown feature 'creaky' at 0:5-12. Did you mean delay?      |     { V:[+creaky, voice] } > { V:[-creaky, voice] }     |          ^^^^^^^     @ Rule 1, Line 1"
40.2,4,"	{ o, o̰ } > { u, ṵ }","Syntax Error: Unknown character ṵ at '0:0:17'.     |     { o, o̰ } > { u, ṵ }     |                      ^     @ Rule 1, Line 1"
40.2,5,"	{ {ə,ɔ}, {ə̰,ɔ̰} } > { a, a̰ }","Syntax Error: Cannot have nested brackets of the same type     |     { {ə,ɔ}, {ə̰,ɔ̰} } > { a, a̰ }     |       ^     @ Rule 1, Line 1"
40.2,6,"	{e,ɨ} {ḛ ɨ̰} > i ḭ","Syntax Error: Unknown character ḛ at '0:0:7'.     |     {e,ɨ} {ḛ ɨ̰} > i ḭ     |            ^     @ Rule 1, Line 1"
41.1,0,"	{ t, k, ŋ } > { {l,t}, {h,k}, n } / #_","Syntax Error: Cannot have nested brackets of the same type     |     { t, k, ŋ } > { {l,t}, {h,k}, n } / #_     |                     ^     @ Rule 1, Line 1"
41.1,1,"	{ p, k, ⁿd } > { β, {h,k}, nʲ } / V_V","Syntax Error: Cannot have nested brackets of the same type     |     { p, k, ⁿd } > { β, {h,k}, nʲ } / V_V     |                         ^     @ Rule 1, Line 1"
41.1,3,"	{ e, u, i } > { a, {u,ɨ}, {i,ɨ} }","Syntax Error: Cannot have nested brackets of the same type     |     { e, u, i } > { a, {u,ɨ}, {i,ɨ} }     |                        ^     @ Rule 1, Line 1"
41.2,2,"	{ k, s } > { ∅, {t,s} } / #_","Syntax Error: Cannot have nested brackets of the same type     |     { k, s } > { ∅, {t,s} } / #_     |                     ^     @ Rule 1, Line 1"
41.2,4,"	{ p, t, nʲ } > { {t,r}, {r,s,t}, s } / _#","Syntax Error: Cannot have nested brackets of the same type     |     { p, t, nʲ } > { {t,r}, {r,s,t}, s } / _#     |                      ^     @ Rule 1, Line 1"
41.3,1,"	{ ŋ, ᵑɡ } > { ∅, ɡ } / #_","Syntax Error: Expected an IPA character, Primative or Matrix, but received '∅'     |     { ŋ, ᵑɡ } > { ∅, ɡ } / #_     |                   ^     @ Rule 1, Line 1"
41.3,4,"	{ ᵐb, ⁿd, ᵑɡ, nʲ } > { {p,ᵐb}, {ⁿd,z}, k, z } / V_V","Syntax Error: Cannot have nested brackets of the same type     |     { ᵐb, ⁿd, ᵑɡ, nʲ } > { {p,ᵐb}, {ⁿd,z}, k, z } / V_V     |                            ^     @ Rule 1, Line 1"
41.4,0,"	{ {p,ᵐb}, ŋɡ } > { b, ɡ } / #_","Syntax Error: Cannot have nested brackets of the same type     |     { {p,ᵐb}, ŋɡ } > { b, ɡ } / #_     |       ^     @ Rule 1, Line 1"
41.4,3,"	{ u, a } > { {u,o,y}, {a,o} }","Syntax Error: Cannot have nested brackets of the same type     |     { u, a } > { {u,o,y}, {a,o} }     |                  ^     @ Rule 1, Line 1"
41.5.1.1,1,	N > N:[+same POA] / _S,"Syntax Error: Unknown feature 'samePOA' at 0:7-16. Did you mean lateral?      |     N > N:[+same POA] / _S     |            ^^^^^^^^^     @ Rule 1, Line 1"
41.5.1.1,2,"	{ ʔ{l,d}, ʔɡ } > { t, k }","Syntax Error: Cannot have nested brackets of the same type     |     { ʔ{l,d}, ʔɡ } > { t, k }     |        ^     @ Rule 1, Line 1"
41.5.1.2,2,	ʔ > n / before modal suffixes,"Syntax Error: Expected '_', but received ''     |     ʔ > n / before modal suffixes     |                                  ^     @ Rule 1, Line 1"
41.5.1.2,3,"	{ Nw, Nm, N{n,j} } > { ŋk, mp, nt }","Syntax Error: Cannot have nested brackets of the same type     |     { Nw, Nm, N{n,j} } > { ŋk, mp, nt }     |                ^     @ Rule 1, Line 1"
41.5.1.3,1,	ʔ > n / before modal suffixes,"Syntax Error: Expected '_', but received ''     |     ʔ > n / before modal suffixes     |                                  ^     @ Rule 1, Line 1"
41.5.1.3,2,"	{ Nw, Nm, N{n,j} } > { ŋk, mp, nt }","Syntax Error: Cannot have nested brackets of the same type     |     { Nw, Nm, N{n,j} } > { ŋk, mp, nt }     |                ^     @ Rule 1, Line 1"
41.5.1.3,3,"	{ m, n } > { mb, nd } / #_","Syntax Error: Expected ',', but received 'b'     |     { m, n } > { mb, nd } / #_     |                   ^     @ Rule 1, Line 1"
41.5.1.5,1,"	{ ʔv, ʔm, ʔɡ, ʔr } > { t, p, k, v }","Syntax Error: Expected ',', but received 'v'     |     { ʔv, ʔm, ʔɡ, ʔr } > { t, p, k, v }     |        ^     @ Rule 1, Line 1"
41.5.1.8,1,"	{ ʔv, ʔm, ʔɡ, ʔr, ʔh } > { p, b, k, t, {s,f} }","Syntax Error: Cannot have nested brackets of the same type     |     { ʔv, ʔm, ʔɡ, ʔr, ʔh } > { p, b, k, t, {s,f} }     |                                            ^     @ Rule 1, Line 1"
41.5.1.8,2,	V:[+low tone] > ∅ / C_hV:[+high tone],"Syntax Error: Unknown feature 'lowtone' at 0:3-12. Did you mean contin?      |     V:[+low tone] > ∅ / C_hV:[+high tone]     |        ^^^^^^^^^     @ Rule 1, Line 1"
41.5.1.8,3,	V:[+low tone] > ∅ / C_CV:[+high tone] if both vowels are the same,"Syntax Error: Unknown feature 'lowtone' at 0:3-12. Did you mean contin?      |     V:[+low tone] > ∅ / C_CV:[+high tone] if both vowels are the same     |        ^^^^^^^^^     @ Rule 1, Line 1"
41.5.1.9,2,"	{ ʔŋɡ, ʔd } > { ŋk, t }","Syntax Error: Expected ',', but received 'ŋ'     |     { ʔŋɡ, ʔd } > { ŋk, t }     |        ^     @ Rule 1, Line 1"
41.5.1.10,0,"	{ ʔv, ʔm, ʔɡ, ʔr, ʔh } > { p, b, k, t, {s,f} }","Syntax Error: Cannot have nested brackets of the same type     |     { ʔv, ʔm, ʔɡ, ʔr, ʔh } > { p, b, k, t, {s,f} }     |                                            ^     @ Rule 1, Line 1"
41.5.2.1,0,	N > :[+same POA] / _C,"Syntax Error: Unknown feature 'samePOA' at 0:6-15. Did you mean lateral?      |     N > :[+same POA] / _C     |           ^^^^^^^^^     @ Rule 1, Line 1"
41.5.2.1,1,"	N{w,d,r} nʲ > ŋk nt (not sure if *nʲ is supposed to be *ɲɟ)","Syntax Error: Expected end of line, received '('. Did you forget a '/' between the output and environment?     |     N{w,d,r} nʲ > ŋk nt (not sure if *nʲ is supposed to be *ɲɟ)     |                         ^     @ Rule 1, Line 1"
41.5.2.2,4,"	{ ʔw, ʔb, ʔd, ʔɡ } > { m, p, t, k }","Syntax Error: Expected ',', but received 'w'     |     { ʔw, ʔb, ʔd, ʔɡ } > { m, p, t, k }     |        ^     @ Rule 1, Line 1"
41.5.2.3,1,	N > :[+same POA] / _C,"Syntax Error: Unknown feature 'samePOA' at 0:6-15. Did you mean lateral?      |     N > :[+same POA] / _C     |           ^^^^^^^^^     @ Rule 1, Line 1"
41.5.2.3,2,"	{ nʷ, nr } > { mb, nd }","Syntax Error: Expected ',', but received 'r'     |     { nʷ, nr } > { mb, nd }     |            ^     @ Rule 1, Line 1"
41.5.2.3,3,"	{D,Y} > ∅ / _n","Syntax Error: Unknown grouping 'D'. Known groupings are (C)onsonant, (O)bstruent, (S)onorant, (P)losive, (F)ricative, (L)iquid, (N)asal, (G)lide, and (V)owel     |     {D,Y} > ∅ / _n     |      ^     @ Rule 1, Line 1"
41.5.2.3,4,"	{ YO:[+voice], YO:[-voice] } > { Y, t }","Syntax Error: Unknown grouping 'Y'. Known groupings are (C)onsonant, (O)bstruent, (S)onorant, (P)losive, (F)ricative, (L)iquid, (N)asal, (G)lide, and (V)owel     |     { YO:[+voice], YO:[-voice] } > { Y, t }     |       ^     @ Rule 1, Line 1"
41.5.2.3,5,"	{ DO:[+voice], DO:[-voice] } > { nd, nt }","Syntax Error: Unknown grouping 'D'. Known groupings are (C)onsonant, (O)bstruent, (S)onorant, (P)losive, (F)ricative, (L)iquid, (N)asal, (G)lide, and (V)owel     |     { DO:[+voice], DO:[-voice] } > { nd, nt }     |       ^     @ Rule 1, Line 1"
41.5.2.4,3,"	{ N{w,r}, Nj } > { ʔk, ʔt }","Syntax Error: Cannot have nested brackets of the same type     |     { N{w,r}, Nj } > { ʔk, ʔt }     |        ^     @ Rule 1, Line 1"
41.7,0,"	{ k, ᵐb, ⁿd } > { {k,h}, b, {s,t} } / #_","Syntax Error: Cannot have nested brackets of the same type     |     { k, ᵐb, ⁿd } > { {k,h}, b, {s,t} } / #_     |                       ^     @ Rule 1, Line 1"
41.7,1,"	{ ᵐb, ⁿd } > { {ᵐb,p}, s } / V_V","Syntax Error: Cannot have nested brackets of the same type     |     { ᵐb, ⁿd } > { {ᵐb,p}, s } / V_V     |                    ^     @ Rule 1, Line 1"
41.7,4,"	{ u, a } > { {u,ɔ}, {ɔ,a} }","Syntax Error: Cannot have nested brackets of the same type     |     { u, a } > { {u,ɔ}, {ɔ,a} }     |                  ^     @ Rule 1, Line 1"
41.8,0,"	{ t, k, ᵐb } > { {s,t}, {ɡ,∅}, {b,p} } / #_","Syntax Error: Cannot have nested brackets of the same type     |     { t, k, ᵐb } > { {s,t}, {ɡ,∅}, {b,p} } / #_     |                      ^     @ Rule 1, Line 1"
41.8,1,"	{ t, ᵐb, ⁿd, {k,ᵑɡ}, nʲ } > { {r,t}, p, {d,t}, ɡ, r } / V_V","Syntax Error: Cannot have nested brackets of the same type     |     { t, ᵐb, ⁿd, {k,ᵑɡ}, nʲ } > { {r,t}, p, {d,t}, ɡ, r } / V_V     |                  ^     @ Rule 1, Line 1"
41.8,3,"	{ u, i } > { {u,o}, {i,e} }","Syntax Error: Cannot have nested brackets of the same type     |     { u, i } > { {u,o}, {i,e} }     |                  ^     @ Rule 1, Line 1"
41.9,0,"	{ ᵐb, ⁿd, s } > { b, {s,t}, {t,s} } / #_","Syntax Error: Cannot have nested brackets of the same type     |     { ᵐb, ⁿd, s } > { b, {s,t}, {t,s} } / #_     |                          ^     @ Rule 1, Line 1"
41.9,1,"	{ t, ᵐb, nʲ, s } > { r, {b,p}, ⁿd, {s,d} } / V_V","Syntax Error: Cannot have nested brackets of the same type     |     { t, ᵐb, nʲ, s } > { r, {b,p}, ⁿd, {s,d} } / V_V     |                             ^     @ Rule 1, Line 1"
41.9,2,	t > t / _# (?),"Syntax Error: Can't have segments after the end of a word     |     t > t / _# (?)     |              ^     @ Rule 1, Line 1"
41.9,5,"	{ u, o, a, e } > { {u,ɔ}, {o,ɔ}, {a,ɔ}, {e,o} }","Syntax Error: Cannot have nested brackets of the same type     |     { u, o, a, e } > { {u,ɔ}, {o,ɔ}, {a,ɔ}, {e,o} }     |                        ^     @ Rule 1, Line 1"
42.1,0,"	ŋ > k / _#, in latives","Syntax Error: Expected '_', but received ''     |     ŋ > k / _#, in latives     |                           ^     @ Rule 1, Line 1"
42.1,2,"	{ iw, ow } > { y, u:[+long] } / _(C) (*)","Syntax Error: Expected ',', but received 'w'     |     { iw, ow } > { y, u:[+long] } / _(C) (*)     |        ^     @ Rule 1, Line 1"
42.1,3,	x > @ / _C,"Syntax Error: Unknown character @ at '0:0:4'.     |     x > @ / _C     |         ^     @ Rule 1, Line 1"
42.1,5,"	{ ɤ(:[+long]?), ɑ:[+long], æ:[+long] } > { ɑ(:[+long]?), o:[+long], e:[+long] } / stressed","Syntax Error: Expected ',', but received '('     |     { ɤ(:[+long]?), ɑ:[+long], æ:[+long] } > { ɑ(:[+long]?), o:[+long], e:[+long] } / stressed     |        ^     @ Rule 1, Line 1"
42.1,6,"	a > æ / {a,e,ê,i,y}(X)(C){ C_, _ }, when unstressed","Syntax Error: Unknown character ê at '0:0:13'.     |     a > æ / {a,e,ê,i,y}(X)(C){ C_, _ }, when unstressed     |                  ^     @ Rule 1, Line 1"
42.1,7,	Aw > o / unstressed (possibly analogical),"Syntax Error: Unknown grouping 'A'. Known groupings are (C)onsonant, (O)bstruent, (S)onorant, (P)losive, (F)ricative, (L)iquid, (N)asal, (G)lide, and (V)owel     |     Aw > o / unstressed (possibly analogical)     |     ^     @ Rule 1, Line 1"
42.1,8,"	i > e / _C, when unstressed","Syntax Error: Expected '_', but received ''     |     i > e / _C, when unstressed     |                                ^     @ Rule 1, Line 1"
42.1,9,	iw > u / unstressed,"Syntax Error: Expected '_', but received ''     |     iw > u / unstressed     |                        ^     @ Rule 1, Line 1"
42.1.1,1,"	{ ê, ô } > { e, o } / :{ _XCi, _Ci }:","Syntax Error: Unknown character ê at '0:0:2'.     |     { ê, ô } > { e, o } / :{ _XCi, _Ci }:     |       ^     @ Rule 1, Line 1"
42.1.1,2,"	ê > y / :{ _XCA, _CA }:","Syntax Error: Unknown character ê at '0:0:0'.     |     ê > y / :{ _XCA, _CA }:     |     ^     @ Rule 1, Line 1"
42.1.1,3,"	ô > ɯ / :{ _XCA, _CA }:","Syntax Error: Unknown character ô at '0:0:0'.     |     ô > ɯ / :{ _XCA, _CA }:     |     ^     @ Rule 1, Line 1"
42.1.1,4,"	ɯ > i / :{ _XCA, _CA }:","Syntax Error: Unknown grouping 'X'. Known groupings are (C)onsonant, (O)bstruent, (S)onorant, (P)losive, (F)ricative, (L)iquid, (N)asal, (G)lide, and (V)owel     |     ɯ > i / :{ _XCA, _CA }:     |                 ^     @ Rule 1, Line 1"
42.1.1,5,	ej > i / unstressed,"Syntax Error: Expected '_', but received ''     |     ej > i / unstressed     |                        ^     @ Rule 1, Line 1"
42.1.1,6,"	æ > e / _j, unstressed","Syntax Error: Expected '_', but received ''     |     æ > e / _j, unstressed     |                           ^     @ Rule 1, Line 1"
42.1.1,7,"	ɑ > e / {o,u}{ XC, C }_j","Syntax Error: Unknown grouping 'X'. Known groupings are (C)onsonant, (O)bstruent, (S)onorant, (P)losive, (F)ricative, (L)iquid, (N)asal, (G)lide, and (V)owel     |     ɑ > e / {o,u}{ XC, C }_j     |                    ^     @ Rule 1, Line 1"
42.1.1,8,"	ɑ > o / {a,e,i}{ XC, C }_j","Syntax Error: Unknown grouping 'X'. Known groupings are (C)onsonant, (O)bstruent, (S)onorant, (P)losive, (F)ricative, (L)iquid, (N)asal, (G)lide, and (V)owel     |     ɑ > o / {a,e,i}{ XC, C }_j     |                      ^     @ Rule 1, Line 1"
42.1.1,9,"	{ ixi, uxu } > { ø:[+long], o:[+long] }","Syntax Error: Expected ',', but received 'x'     |     { ixi, uxu } > { ø:[+long], o:[+long] }     |        ^     @ Rule 1, Line 1"
42.1.1,10,	xi > @,"Syntax Error: Unknown character @ at '0:0:5'.     |     xi > @     |          ^     @ Rule 1, Line 1"
42.1.1,12,	x > j / :{ I_C }:,"Syntax Error: Unknown grouping 'I'. Known groupings are (C)onsonant, (O)bstruent, (S)onorant, (P)losive, (F)ricative, (L)iquid, (N)asal, (G)lide, and (V)owel     |     x > j / :{ I_C }:     |                ^     @ Rule 1, Line 1"
42.1.1,13,"	{ UŋA, eŋi } > { O:[+long], ø:[+long] }","Syntax Error: Unknown grouping 'U'. Known groupings are (C)onsonant, (O)bstruent, (S)onorant, (P)losive, (F)ricative, (L)iquid, (N)asal, (G)lide, and (V)owel     |     { UŋA, eŋi } > { O:[+long], ø:[+long] }     |       ^     @ Rule 1, Line 1"
42.1.1,14,	ŋi > @ / V_,"Syntax Error: Unknown character @ at '0:0:5'.     |     ŋi > @ / V_     |          ^     @ Rule 1, Line 1"
42.1.1,16,	ŋ > j / _Cʲ (possibly _F instead?),"Syntax Error: Expected end of line, received 'ʲ'. Did you forget a '/' between the output and environment?     |     ŋ > j / _Cʲ (possibly _F instead?)     |               ^     @ Rule 1, Line 1"
42.1.1,17,"	ŋ > w / :{ _A, _O }:","Syntax Error: Unknown grouping 'A'. Known groupings are (C)onsonant, (O)bstruent, (S)onorant, (P)losive, (F)ricative, (L)iquid, (N)asal, (G)lide, and (V)owel     |     ŋ > w / :{ _A, _O }:     |                 ^     @ Rule 1, Line 1"
42.1.1,21,	uwa > o:[+long] (*),"Syntax Error: Expected end of line, received '('. Did you forget a '/' between the output and environment?     |     uwa > o:[+long] (*)     |                     ^     @ Rule 1, Line 1"
42.1.1,22,"	{ Uwi, ewi } > { o:[+long], ø:[+long] }","Syntax Error: Unknown grouping 'U'. Known groupings are (C)onsonant, (O)bstruent, (S)onorant, (P)losive, (F)ricative, (L)iquid, (N)asal, (G)lide, and (V)owel     |     { Uwi, ewi } > { o:[+long], ø:[+long] }     |       ^     @ Rule 1, Line 1"
42.1.1,24,	wI > i,"Syntax Error: Unknown grouping 'I'. Known groupings are (C)onsonant, (O)bstruent, (S)onorant, (P)losive, (F)ricative, (L)iquid, (N)asal, (G)lide, and (V)owel     |     wI > i     |      ^     @ Rule 1, Line 1"
42.1.1,25,"	ji > O / {i,e,y}","Syntax Error: Expected '_', but received ''     |     ji > O / {i,e,y}     |                     ^     @ Rule 1, Line 1"
42.1.1,26,	i > ∅ / Aj_#,"Syntax Error: Unknown grouping 'A'. Known groupings are (C)onsonant, (O)bstruent, (S)onorant, (P)losive, (F)ricative, (L)iquid, (N)asal, (G)lide, and (V)owel     |     i > ∅ / Aj_#     |             ^     @ Rule 1, Line 1"
42.1.1,30,	ø:[+long] > jø (?),"Syntax Error: Expected end of line, received '('. Did you forget a '/' between the output and environment?     |     ø:[+long] > jø (?)     |                    ^     @ Rule 1, Line 1"
42.1.1,31,"	{ uw, ij } > { ow, ej } / _C","Syntax Error: Expected ',', but received 'w'     |     { uw, ij } > { ow, ej } / _C     |        ^     @ Rule 1, Line 1"
42.1.1,33,"	{ ðʲ, sʲ, {, t͡sʲ,, t͡sʲ:[+long], }, lʲ } > { ð, s, {, t͡s,, t͡s:[+long], }, l }","Syntax Error: Cannot have nested brackets of the same type     |     { ðʲ, sʲ, {, t͡sʲ,, t͡sʲ:[+long], }, lʲ } > { ð, s, {, t͡s,, t͡s:[+long], }, l }     |               ^     @ Rule 1, Line 1"
42.1.1,34,"	nʲ > ni / #{ Ci, i }_V","Syntax Error: Expected ',', but received 'i'     |     nʲ > ni / #{ Ci, i }_V     |                   ^     @ Rule 1, Line 1"
42.1.1,38,	w > ∅ / o_st (*),"Syntax Error: Expected an IPA character, Primative or Matrix, but received '*'     |     w > ∅ / o_st (*)     |                   ^     @ Rule 1, Line 1"
42.1.1,40,"	t͡ʃ > t͡s / _k, in South Estonian","Syntax Error: Unknown grouping 'E'. Known groupings are (C)onsonant, (O)bstruent, (S)onorant, (P)losive, (F)ricative, (L)iquid, (N)asal, (G)lide, and (V)owel     |     t͡ʃ > t͡s / _k, in South Estonian     |                              ^     @ Rule 1, Line 1"
42.1.1,41,	tk > k / in Pre-Livonian (?),"Syntax Error: Expected '->', but received -'L' at 0:0:15     |     tk > k / in Pre-Livonian (?)     |                    ^     @ Rule 1, Line 1"
42.1.1,43,	t > t͡s / _i // following a coronal obstruent or before a derivational suffix,"Syntax Error: Expected '_', but received ''     |     t > t͡s / _i // following a coronal obstruent or before a derivational suffix     |                                                                                  ^     @ Rule 1, Line 1"
42.1.1,44,	tʲ > t͡s // following a coronal obstruent or before a derivational suffix,"Syntax Error: Expected '_', but received ''     |     tʲ > t͡s // following a coronal obstruent or before a derivational suffix     |                                                                              ^     @ Rule 1, Line 1"
42.1.1.1,0,"	{ j, w } > { i, U } / :{ V_C, V_# }:","Syntax Error: Unknown grouping 'U'. Known groupings are (C)onsonant, (O)bstruent, (S)onorant, (P)losive, (F)ricative, (L)iquid, (N)asal, (G)lide, and (V)owel     |     { j, w } > { i, U } / :{ V_C, V_# }:     |                     ^     @ Rule 1, Line 1"
42.1.1.1,3,"	{ p:[+long], t:[+long], t͡s:[+long], k:[+long] } > { pˑ, tˑ, t͡sˑ, kˑ }","Syntax Error: Unknown character ˑ at '0:0:54'.     |     { p:[+long], t:[+long], t͡s:[+long], k:[+long] } > { pˑ, tˑ, t͡sˑ, kˑ }     |                                                           ^     @ Rule 1, Line 1"
42.1.1.1,6,	ɣ > j~ʋ,"Syntax Error: Expected end of line, received '~'. Did you forget a '/' between the output and environment?     |     ɣ > j~ʋ     |          ^     @ Rule 1, Line 1"
42.1.1.1,7,	βi > U / _#,"Syntax Error: Unknown grouping 'U'. Known groupings are (C)onsonant, (O)bstruent, (S)onorant, (P)losive, (F)ricative, (L)iquid, (N)asal, (G)lide, and (V)owel     |     βi > U / _#     |          ^     @ Rule 1, Line 1"
42.1.1.1,10,	j > ∅ / _i (*),"Syntax Error: Expected an IPA character, Primative or Matrix, but received '*'     |     j > ∅ / _i (*)     |                 ^     @ Rule 1, Line 1"
42.1.1.1,11,"	∅ > ʋ / :{ #_y:[+long], #_ø:[+long], #_o:[+long] }:","Runtime Error: Grouped Environments cannot (yet) be used in insertion rules     |     ∅ > ʋ / :{ #_y:[+long], #_ø:[+long], #_o:[+long] }:     |             ^^^^^^^^^^^^^^^^^^^^^^^^^^^^^^^^^^^^^^^^^^^     @ Rule 1, Line 1"
42.1.1.1,12,	oi > o / unstressed,"Syntax Error: Expected '_', but received ''     |     oi > o / unstressed     |                        ^     @ Rule 1, Line 1"
42.1.1.1,14,"	{ {kt,pt}, {kt͡s,pt͡s} } > { t:[+long], t:[+long]s }","Syntax Error: Cannot have nested brackets of the same type     |     { {kt,pt}, {kt͡s,pt͡s} } > { t:[+long], t:[+long]s }     |       ^     @ Rule 1, Line 1"
42.1.1.1,15,	xk > k:[+long] (even across word boundaries),"Syntax Error: Expected end of line, received '('. Did you forget a '/' between the output and environment?     |     xk > k:[+long] (even across word boundaries)     |                    ^     @ Rule 1, Line 1"
42.1.1.1,16,"	({ t, t:[+long] })sn kx(tx) rn ln > s:[+long] x:[+long] r:[+long] l:[+long]","Syntax Error: Options can only be used in Environments or Structures     |     ({ t, t:[+long] })sn kx(tx) rn ln > s:[+long] x:[+long] r:[+long] l:[+long]     |     ^^^^^^^^^^^^^^^^^^     @ Rule 1, Line 1"
42.1.1.1,17,"	{ {p,t,k}({p,t,k})n, {p,t,k}({p,t,k})m } > { n:[+long], m:[+long] }","Syntax Error: Cannot have nested brackets of the same type     |     { {p,t,k}({p,t,k})n, {p,t,k}({p,t,k})m } > { n:[+long], m:[+long] }     |       ^     @ Rule 1, Line 1"
42.1.1.1,19,"	{ {ks,nt͡s}, nt } > { s, t } / _#","Syntax Error: Cannot have nested brackets of the same type     |     { {ks,nt͡s}, nt } > { s, t } / _#     |       ^     @ Rule 1, Line 1"
42.1.1.1,20,"	{ t͡s, t͡sˑ, t͡s:[+long] } > { s, θˑ, θ:[+long] }","Syntax Error: Unknown character ˑ at '0:0:10'.     |     { t͡s, t͡sˑ, t͡s:[+long] } > { s, θˑ, θ:[+long] }     |               ^     @ Rule 1, Line 1"
42.1.1.1,21,"	{{ z,x, z,x:[+long] }} > h","Syntax Error: Cannot have nested brackets of the same type     |     {{ z,x, z,x:[+long] }} > h     |      ^     @ Rule 1, Line 1"
42.1.1.1,22,	e > @ / h_ (suffixal),"Syntax Error: Unknown character @ at '0:0:4'.     |     e > @ / h_ (suffixal)     |         ^     @ Rule 1, Line 1"
42.1.1.1.1,0,"	{ mb, nd, ŋɡ } > { m:[+long], n:[+long], ŋ:[+long] }","Syntax Error: Expected ',', but received 'b'     |     { mb, nd, ŋɡ } > { m:[+long], n:[+long], ŋ:[+long] }     |        ^     @ Rule 1, Line 1"
42.1.1.1.1,1,"	{ e:[+long], ø:[+long], o:[+long] } > { ie, yø, uo }","Syntax Error: Expected ',', but received 'e'     |     { e:[+long], ø:[+long], o:[+long] } > { ie, yø, uo }     |                                              ^     @ Rule 1, Line 1"
42.1.1.1.1,2,"	{ pˑ, tˑ, θˑ, kˑ } > { p, t, θ, k }","Syntax Error: Unknown character ˑ at '0:0:3'.     |     { pˑ, tˑ, θˑ, kˑ } > { p, t, θ, k }     |        ^     @ Rule 1, Line 1"
42.1.1.1.1,3,"	j > i / C_, when initial in a suffix","Syntax Error: Expected '_', but received ''     |     j > i / C_, when initial in a suffix     |                                         ^     @ Rule 1, Line 1"
42.1.1.1.1,4,"	Vh > hV / :{ j_# (also some double-metathesis triggered by the condition of being m_ ?), v_# (also some double-metathesis triggered by the condition of being m_ ?), n_# (also some double-metathesis triggered by the condition of being m_ ?), r_# (also some double-metathesis triggered by the condition of being m_ ?), l_# (also some double-metathesis triggered by the condition of being m_ ?) }:","Syntax Error: Expected '->', but received -'m' at 0:0:34     |     Vh > hV / :{ j_# (also some double-metathesis triggered by the condition of being m_ ?), v_# (also some double-metathesis triggered by the condition of being m_ ?), n_# (also some double-metathesis triggered by the condition of being m_ ?), r_# (also some double-metathesis triggered by the condition of being m_ ?), l_# (also some double-metathesis triggered by the condition of being m_ ?) }:     |                                       ^     @ Rule 1, Line 1"
42.1.1.1.1,8,"	{k,x} > ˟ / _#","Syntax Error: Unknown character ˟ at '0:0:8'.     |     {k,x} > ˟ / _#     |             ^     @ Rule 1, Line 1"
42.1.1.1.1,10,	p > β / _R,"Syntax Error: Unknown grouping 'R'. Known groupings are (C)onsonant, (O)bstruent, (S)onorant, (P)losive, (F)ricative, (L)iquid, (N)asal, (G)lide, and (V)owel     |     p > β / _R     |              ^     @ Rule 1, Line 1"
42.1.1.1.1,11,	β > U / _R,"Syntax Error: Unknown grouping 'U'. Known groupings are (C)onsonant, (O)bstruent, (S)onorant, (P)losive, (F)ricative, (L)iquid, (N)asal, (G)lide, and (V)owel     |     β > U / _R     |         ^     @ Rule 1, Line 1"
42.1.1.1.1,12,"	t > z / _r{A,O}","Syntax Error: Unknown grouping 'A'. Known groupings are (C)onsonant, (O)bstruent, (S)onorant, (P)losive, (F)ricative, (L)iquid, (N)asal, (G)lide, and (V)owel     |     t > z / _r{A,O}     |                ^     @ Rule 1, Line 1"
42.1.1.1.1,13,"	z > U / _r{A,O}","Syntax Error: Unknown grouping 'U'. Known groupings are (C)onsonant, (O)bstruent, (S)onorant, (P)losive, (F)ricative, (L)iquid, (N)asal, (G)lide, and (V)owel     |     z > U / _r{A,O}     |         ^     @ Rule 1, Line 1"
42.1.1.1.1,15,"	z > @ / _r{i,e}","Syntax Error: Unknown character @ at '0:0:4'.     |     z > @ / _r{i,e}     |         ^     @ Rule 1, Line 1"
42.1.1.1.1,17,	z > @ / _j,"Syntax Error: Unknown character @ at '0:0:4'.     |     z > @ / _j     |         ^     @ Rule 1, Line 1"
42.1.1.1.1,18,"	k > ɣ i / :{ i_R{i,e}, e_R{i,e} }:","Syntax Error: Unknown grouping 'R'. Known groupings are (C)onsonant, (O)bstruent, (S)onorant, (P)losive, (F)ricative, (L)iquid, (N)asal, (G)lide, and (V)owel     |     k > ɣ i / :{ i_R{i,e}, e_R{i,e} }:     |                    ^     @ Rule 1, Line 1"
42.1.1.1.1,19,"	k > ɣ / :{ A_R, O_R }: // = j","Syntax Error: Unknown grouping 'A'. Known groupings are (C)onsonant, (O)bstruent, (S)onorant, (P)losive, (F)ricative, (L)iquid, (N)asal, (G)lide, and (V)owel     |     k > ɣ / :{ A_R, O_R }: // = j     |                ^     @ Rule 1, Line 1"
42.1.1.1.1,20,"	ɣ > U / :{ A_R, O_R }: // = j","Syntax Error: Unknown grouping 'U'. Known groupings are (C)onsonant, (O)bstruent, (S)onorant, (P)losive, (F)ricative, (L)iquid, (N)asal, (G)lide, and (V)owel     |     ɣ > U / :{ A_R, O_R }: // = j     |         ^     @ Rule 1, Line 1"
42.1.1.1.1,22,	ʋ > ∅ / _UC,"Syntax Error: Unknown grouping 'U'. Known groupings are (C)onsonant, (O)bstruent, (S)onorant, (P)losive, (F)ricative, (L)iquid, (N)asal, (G)lide, and (V)owel     |     ʋ > ∅ / _UC     |              ^     @ Rule 1, Line 1"
42.1.1.1.1,24,"	{ lð, rð } > { l:[+long], r:[+long] }","Syntax Error: Expected ',', but received 'ð'     |     { lð, rð } > { l:[+long], r:[+long] }     |        ^     @ Rule 1, Line 1"
42.1.1.1.1,25,"	ð > ∅ // V{ X_, _ }","Syntax Error: Unknown grouping 'X'. Known groupings are (C)onsonant, (O)bstruent, (S)onorant, (P)losive, (F)ricative, (L)iquid, (N)asal, (G)lide, and (V)owel     |     ð > ∅ // V{ X_, _ }     |                 ^     @ Rule 1, Line 1"
42.1.1.1.1,27,	ɣ > ʋ / U_U,"Syntax Error: Unknown grouping 'U'. Known groupings are (C)onsonant, (O)bstruent, (S)onorant, (P)losive, (F)ricative, (L)iquid, (N)asal, (G)lide, and (V)owel     |     ɣ > ʋ / U_U     |             ^     @ Rule 1, Line 1"
42.1.1.1.1,28,	ɣ > ʔ / VV_V // V =,"Syntax Error: Expected number, but received       |     ɣ > ʔ / VV_V // V =     |                        ^     @ Rule 1, Line 1"
42.1.1.1.1,30,"	h > ∅ / V:[-stress]{ X_, _ }V","Syntax Error: Unknown grouping 'X'. Known groupings are (C)onsonant, (O)bstruent, (S)onorant, (P)losive, (F)ricative, (L)iquid, (N)asal, (G)lide, and (V)owel     |     h > ∅ / V:[-stress]{ X_, _ }V     |                          ^     @ Rule 1, Line 1"
42.1.1.1.1,31,"	AO > {A,O,U}:[+long] / unstressed","Syntax Error: Unknown grouping 'A'. Known groupings are (C)onsonant, (O)bstruent, (S)onorant, (P)losive, (F)ricative, (L)iquid, (N)asal, (G)lide, and (V)owel     |     AO > {A,O,U}:[+long] / unstressed     |     ^     @ Rule 1, Line 1"
42.1.1.1.1,32,"	e > i / A_, when unstressed","Syntax Error: Unknown grouping 'A'. Known groupings are (C)onsonant, (O)bstruent, (S)onorant, (P)losive, (F)ricative, (L)iquid, (N)asal, (G)lide, and (V)owel     |     e > i / A_, when unstressed     |             ^     @ Rule 1, Line 1"
42.1.1.1.1,33,	Ue > e:[+long] / unstressed,"Syntax Error: Unknown grouping 'U'. Known groupings are (C)onsonant, (O)bstruent, (S)onorant, (P)losive, (F)ricative, (L)iquid, (N)asal, (G)lide, and (V)owel     |     Ue > e:[+long] / unstressed     |     ^     @ Rule 1, Line 1"
42.1.1.1.1,34,	VU > V:[+long] / _#,"Syntax Error: Unknown grouping 'U'. Known groupings are (C)onsonant, (O)bstruent, (S)onorant, (P)losive, (F)ricative, (L)iquid, (N)asal, (G)lide, and (V)owel     |     VU > V:[+long] / _#     |      ^     @ Rule 1, Line 1"
42.1.1.1.1,35,"	{ iU, OU } > { U:[+long], O:[+long] }","Syntax Error: Expected ',', but received 'U'     |     { iU, OU } > { U:[+long], O:[+long] }     |        ^     @ Rule 1, Line 1"
42.1.1.1.1,36,	æ > a / e(C…)_(C…)o,"Syntax Error: Expected an IPA character, Primative or Matrix, but received '…'     |     æ > a / e(C…)_(C…)o     |                ^     @ Rule 1, Line 1"
42.1.1.1.1,37,	e > ø / #(C…)_y,"Syntax Error: Expected an IPA character, Primative or Matrix, but received '…'     |     e > ø / #(C…)_y     |                ^     @ Rule 1, Line 1"
42.1.1.1.1,38,	i > y / #(C…)l_y,"Syntax Error: Expected an IPA character, Primative or Matrix, but received '…'     |     i > y / #(C…)l_y     |                ^     @ Rule 1, Line 1"
42.1.1.1.1,39,	i > y / #(C…)_væ,"Syntax Error: Expected an IPA character, Primative or Matrix, but received '…'     |     i > y / #(C…)_væ     |                ^     @ Rule 1, Line 1"
42.1.1.1.1,40,"	{ θ, θ:[+long] } ð > t͡s d (this latter does have some highly sporadic exceptions; additionally, in some dialect͡s these may become {{ t, t:[+long] },h~t} and {r,∅}, respectively)","Syntax Error: Malformed Comment: Expected ';;', but received '; ' at 0:0:82     |     { θ, θ:[+long] } ð > t͡s d (this latter does have some highly sporadic exceptions; additionally, in some dialect͡s these may become {{ t, t:[+long] },h~t} and {r,∅}, respectively)     |                                                                                       ^     @ Rule 1, Line 1"
42.1.1.1.2,2,	Va > V:[+long] / unstressed,"Syntax Error: Expected '_', but received ''     |     Va > V:[+long] / unstressed     |                                ^     @ Rule 1, Line 1"
42.1.1.1.2,3,"	{ ie, yɤ, uo } > { i:[+long], y:[+long], u:[+long] } / _A","Syntax Error: Expected ',', but received 'e'     |     { ie, yɤ, uo } > { i:[+long], y:[+long], u:[+long] } / _A     |        ^     @ Rule 1, Line 1"
42.1.2,0,"	{ t, t͡s, s(C), n, l, r } > { tʲ, t͡sʲ, sʲ(C), nʲ, lʲ, rʲ } / _i","Syntax Error: Expected ',', but received '('     |     { t, t͡s, s(C), n, l, r } > { tʲ, t͡sʲ, sʲ(C), nʲ, lʲ, rʲ } / _i     |                ^     @ Rule 1, Line 1"
42.1.2,3,	æ > ɑ / unstressed,"Syntax Error: Expected '_', but received ''     |     æ > ɑ / unstressed     |                       ^     @ Rule 1, Line 1"
42.1.2,6,	ɑ æ > æe / _(C…)i,"Syntax Error: Expected an IPA character, Primative or Matrix, but received '…'     |     ɑ æ > æe / _(C…)i     |                   ^     @ Rule 1, Line 1"
42.1.2,7,	V > ə / unstressed // V = ɑ,"Syntax Error: Expected '_', but received '//'     |     V > ə / unstressed // V = ɑ     |                        ^^     @ Rule 1, Line 1"
42.1.2,8,"	ɑ > ə / VC{ Cɑ, ɑ }C{ C_, _ }# when unstressed","Syntax Error: Expected ',', but received 'ɑ'     |     ɑ > ə / VC{ Cɑ, ɑ }C{ C_, _ }# when unstressed     |                  ^     @ Rule 1, Line 1"
42.1.2,9,	Vh > V:[+long]ɦ / _C // maybe ! _j and/or _ʋ,"Syntax Error: Could not get value of IPA 'ǃ'.     |     Vh > V:[+long]ɦ / _C // maybe ! _j and/or _ʋ     |                                   ^     @ Rule 1, Line 1"
42.1.2,12,"	∅ > ʔ / { CV, V }_CV","Syntax Error: Expected ',', but received 'V'     |     ∅ > ʔ / { CV, V }_CV     |                ^     @ Rule 1, Line 1"
42.1.2,16,"	{ dʲ, lʲ, rʲ, ɡʲ } > { dʲ, l:[+long]ʲ, r:[+long]ʲ, jɡ }","Syntax Error: Expected ',', but received 'ʲ'     |     { dʲ, lʲ, rʲ, ɡʲ } > { dʲ, l:[+long]ʲ, r:[+long]ʲ, jɡ }     |                                         ^     @ Rule 1, Line 1"
42.1.2,18,"	{ lʋ, rʋ, jʋ } > { l:[+long], r:[+long], j:[+long] }","Syntax Error: Expected ',', but received 'ʋ'     |     { lʋ, rʋ, jʋ } > { l:[+long], r:[+long], j:[+long] }     |        ^     @ Rule 1, Line 1"
42.1.2,22,"	ɑ:[+long] au > ɔ:[+long] ɔu (though sometimes ɑ:[+long] develops, apparently at least partially due to metathesis?)","Syntax Error: Expected end of line, received '('. Did you forget a '/' between the output and environment?     |     ɑ:[+long] au > ɔ:[+long] ɔu (though sometimes ɑ:[+long] develops, apparently at least partially due to metathesis?)     |                                 ^     @ Rule 1, Line 1"
42.1.2,23,"	{ e:[+long], ø:[+long], o:[+long], {, ɤ,, ɤ:[+long], } } > { i:[+long]e, y:[+long]ø, u:[+long]o, {, ɨ,, ɨ:[+long], } }","Syntax Error: Cannot have nested brackets of the same type     |     { e:[+long], ø:[+long], o:[+long], {, ɤ,, ɤ:[+long], } } > { i:[+long]e, y:[+long]ø, u:[+long]o, {, ɨ,, ɨ:[+long], } }     |                                        ^     @ Rule 1, Line 1"
42.1.2,26,"	{ æy, ey } > { æu, eu }","Syntax Error: Expected ',', but received 'y'     |     { æy, ey } > { æu, eu }     |        ^     @ Rule 1, Line 1"
42.1.2,28,"	V > V:[+long] / _RC{ Cɑ, ɑ } (includes diphthongs)","Syntax Error: Unknown grouping 'R'. Known groupings are (C)onsonant, (O)bstruent, (S)onorant, (P)losive, (F)ricative, (L)iquid, (N)asal, (G)lide, and (V)owel     |     V > V:[+long] / _RC{ Cɑ, ɑ } (includes diphthongs)     |                      ^     @ Rule 1, Line 1"
42.1.2,31,"	o > o:[+long] / :{ _RC#, _i }:","Syntax Error: Unknown grouping 'R'. Known groupings are (C)onsonant, (O)bstruent, (S)onorant, (P)losive, (F)ricative, (L)iquid, (N)asal, (G)lide, and (V)owel     |     o > o:[+long] / :{ _RC#, _i }:     |                         ^     @ Rule 1, Line 1"
42.1.2,32,"	{ e:[+long], o:[+long] } > { je, wo }","Syntax Error: Expected ',', but received 'e'     |     { e:[+long], o:[+long] } > { je, wo }     |                                   ^     @ Rule 1, Line 1"
43.1,0,"	{ p, t, t͡s, s } > { v, r, ∅, h }","Syntax Error: Expected an IPA character, Primative or Matrix, but received '∅'     |     { p, t, t͡s, s } > { v, r, ∅, h }     |                                ^     @ Rule 1, Line 1"
43.1,1,	∅ > h / Vᵤ_k,"Syntax Error: Unknown character ᵤ at '0:0:9'.     |     ∅ > h / Vᵤ_k     |              ^     @ Rule 1, Line 1"
43.1,4,"	{w,j} > ∅ / medial","Syntax Error: Expected '_', but received ''     |     {w,j} > ∅ / medial     |                       ^     @ Rule 1, Line 1"
43.2,3,"	{ l, h } > { n, ∅ }","Syntax Error: Expected an IPA character, Primative or Matrix, but received '∅'     |     { l, h } > { n, ∅ }     |                     ^     @ Rule 1, Line 1"
43.3,0,"	p > v / :{ V_ (the latter “sometimes”), ɨ_ (the latter “sometimes”) }:","Syntax Error: Unknown character “ at '0:0:26'.     |     p > v / :{ V_ (the latter “sometimes”), ɨ_ (the latter “sometimes”) }:     |                               ^     @ Rule 1, Line 1"
43.3,1,	p > v / other conditions not known,"Syntax Error: Expected '_', but received ''     |     p > v / other conditions not known     |                                       ^     @ Rule 1, Line 1"
43.3,11,	V > ∅ / in some final syllables (conditions are unknown and it varies by dialect),"Syntax Error: Expected '_', but received ''     |     V > ∅ / in some final syllables (conditions are unknown and it varies by dialect)     |                                                                                      ^     @ Rule 1, Line 1"
43.4,8,"	ɨ u > e {i,e} “(all */u/ affected, but conditions for when it became /i/ or /e/ are not known)”","Syntax Error: Unknown character “ at '0:0:14'.     |     ɨ u > e {i,e} “(all */u/ affected, but conditions for when it became /i/ or /e/ are not known)”     |                   ^     @ Rule 1, Line 1"
43.5.1.1,0,	hkʷ hʔ (h)S S:[+long] > w ʔ S:[+voice] S:[-voiced -long] / V_V,"Syntax Error: Unknown feature 'voiced' at 0:42-50. Did you mean voice?      |     hkʷ hʔ (h)S S:[+long] > w ʔ S:[+voice] S:[-voiced -long] / V_V     |                                               ^^^^^^^^     @ Rule 1, Line 1"
43.5.1.1,8,	uV V:[+long] > u:[+long] V:[+long] (not sure if this occurs before or after the previous change),"Syntax Error: Expected end of line, received '('. Did you forget a '/' between the output and environment?     |     uV V:[+long] > u:[+long] V:[+long] (not sure if this occurs before or after the previous change)     |                                        ^     @ Rule 1, Line 1"
43.5.1.2,0,"	(h)k > (h)q / :{ _o, _a }: // ɨ_","Syntax Error: Options can only be used in Environments or Structures     |     (h)k > (h)q / :{ _o, _a }: // ɨ_     |     ^^^     @ Rule 1, Line 1"
43.5.1.2,2,"	(h)kʷ > hqʷ / :{ _o, _a }:","Syntax Error: Options can only be used in Environments or Structures     |     (h)kʷ > hqʷ / :{ _o, _a }:     |     ^^^     @ Rule 1, Line 1"
43.5.1.2,6,	uV > u(i),"Syntax Error: Expected end of line, received '('. Did you forget a '/' between the output and environment?     |     uV > u(i)     |           ^     @ Rule 1, Line 1"
43.6,7,	l > ɲ / #_ (in doubt; initial *l occurs in too few cognates to be sure. Apparently PUA initial *l was rare and is of questionable certainty whether it existed at all.),"Syntax Error: Malformed Comment: Expected ';;', but received '; ' at 0:0:21     |     l > ɲ / #_ (in doubt; initial *l occurs in too few cognates to be sure. Apparently PUA initial *l was rare and is of questionable certainty whether it existed at all.)     |                          ^     @ Rule 1, Line 1"
43.6,13,"	V > ∅ / when in the first syllable of a bisyllabic morpheme, if after a morpheme boundary in the word (all other first-syllable vowels have non-zero reflexes)","Syntax Error: Expected '->', but received -'s' at 0:0:118     |     V > ∅ / when in the first syllable of a bisyllabic morpheme, if after a morpheme boundary in the word (all other first-syllable vowels have non-zero reflexes)     |                                                                                                                           ^     @ Rule 1, Line 1"
43.6,15,"	l > i / :{ p_# “in all dialect͡s, and varies by dialect after other consonant͡s”, m_# “in all dialect͡s, and varies by dialect after other consonant͡s”, kʷ_# “in all dialect͡s, and varies by dialect after other consonant͡s”, w_# “in all dialect͡s, and varies by dialect after other consonant͡s” }:","Syntax Error: Unknown character “ at '0:0:15'.     |     l > i / :{ p_# “in all dialect͡s, and varies by dialect after other consonant͡s”, m_# “in all dialect͡s, and varies by dialect after other consonant͡s”, kʷ_# “in all dialect͡s, and varies by dialect after other consonant͡s”, w_# “in all dialect͡s, and varies by dialect after other consonant͡s” }:     |                    ^     @ Rule 1, Line 1"
44.1,0,"	ś > {{ s, s:[+long] },ʃ} / _#","Syntax Error: Unknown character ś at '0:0:0'.     |     ś > {{ s, s:[+long] },ʃ} / _#     |     ^     @ Rule 1, Line 1"
44.1,1,	ś > s,"Syntax Error: Unknown character ś at '0:0:0'.     |     ś > s     |     ^     @ Rule 1, Line 1"
44.1,3,"	S:[+fortis] > S:[-voice]:[+long] (specifically, the source list͡s t:[+fortis] k:[+fortis]","Syntax Error: Unknown feature 'fortis' at 0:3-10. Did you mean contin?      |     S:[+fortis] > S:[-voice]:[+long] (specifically, the source list͡s t:[+fortis] k:[+fortis]     |        ^^^^^^^     @ Rule 1, Line 1"
44.1,4,"	S:[-voice]:[+long] (specifically, the source list͡s t:[+fortis] k:[+fortis] > { t, t:[+long] } { k, k:[+long] }, both of the tokens with optional length suffixes and *aTa","Syntax Error: Unknown feature 'fortis' at 0:55-62. Did you mean contin?      |     S:[-voice]:[+long] (specifically, the source list͡s t:[+fortis] k:[+fortis] > { t, t:[+long] } { k, k:[+long] }, both of the tokens with optional length suffixes and *aTa     |                                                            ^^^^^^^     @ Rule 1, Line 1"
44.1,5,"	{ t, t:[+long] } { k, k:[+long] }, both of the tokens with optional length suffixes and *aTa > 〈atta〉, so I’m extrapolating)","Syntax Error: Unknown character 〈 at '0:0:95'.     |     { t, t:[+long] } { k, k:[+long] }, both of the tokens with optional length suffixes and *aTa > 〈atta〉, so I’m extrapolating)     |                                                                                                    ^     @ Rule 1, Line 1"
44.1,6,"	n:[+fortis] > n, n:[+long] / V_V","Syntax Error: Unknown feature 'fortis' at 0:3-10. Did you mean contin?      |     n:[+fortis] > n, n:[+long] / V_V     |        ^^^^^^^     @ Rule 1, Line 1"
44.1,7,"	{ n:[-fortis], n:[+fortis] } > { {n,r}(?), n }","Syntax Error: Unknown feature 'fortis' at 0:5-12. Did you mean contin?      |     { n:[-fortis], n:[+fortis] } > { {n,r}(?), n }     |          ^^^^^^^     @ Rule 1, Line 1"
44.1,8,	N > :[+same POA] / _S,"Syntax Error: Unknown feature 'samePOA' at 0:6-15. Did you mean lateral?      |     N > :[+same POA] / _S     |           ^^^^^^^^^     @ Rule 1, Line 1"
44.1,9,	r:[+fortis] > ɾ / _#,"Syntax Error: Unknown feature 'fortis' at 0:3-10. Did you mean contin?      |     r:[+fortis] > ɾ / _#     |        ^^^^^^^     @ Rule 1, Line 1"
44.1,10,	r:[+fortis] > r,"Syntax Error: Unknown feature 'fortis' at 0:3-10. Did you mean contin?      |     r:[+fortis] > r     |        ^^^^^^^     @ Rule 1, Line 1"
44.1,11,	ɡ > k / #_ (,"Syntax Error: Expected an IPA character, Primative or Matrix, but received ''     |     ɡ > k / #_ (     |                 ^     @ Rule 1, Line 1"
44.2,0,	Sʰ > F / #_,"Syntax Error: Expected '>', '->' or '=>', but received 'ʰ'     |     Sʰ > F / #_     |      ^     @ Rule 1, Line 1"
44.2,1,	F > h ( / #_,"Syntax Error: Expected end of line, received '('. Did you forget a '/' between the output and environment?     |     F > h ( / #_     |           ^     @ Rule 1, Line 1"
44.2,2,	h ( > ∅) / #_,"Syntax Error: Expected an IPA character, Primative or Matrix, but received '>'     |     h ( > ∅) / #_     |         ^     @ Rule 1, Line 1"
44.2,4,	Vn > Ṽ / _# (seems to have been reverted in most dialect͡s // for Souletin),"Syntax Error: Unknown character Ṽ at '0:0:5'.     |     Vn > Ṽ / _# (seems to have been reverted in most dialect͡s // for Souletin)     |          ^     @ Rule 1, Line 1"
44.2,5,	Vn > Ṽ / _V (?),"Syntax Error: Unknown character Ṽ at '0:0:5'.     |     Vn > Ṽ / _V (?)     |          ^     @ Rule 1, Line 1"
44.2,6,"	V > Ṽ / _N (Souletin, perhaps in other dialect͡s?)","Syntax Error: Unknown character Ṽ at '0:0:4'.     |     V > Ṽ / _N (Souletin, perhaps in other dialect͡s?)     |         ^     @ Rule 1, Line 1"
44.2,13,	N > :[+same POA] / _C,"Syntax Error: Unknown feature 'samePOA' at 0:6-15. Did you mean lateral?      |     N > :[+same POA] / _C     |           ^^^^^^^^^     @ Rule 1, Line 1"
44.2,21,"	Cɾ > CVɾ (perhaps not a sound change per se, just a historical tendency)","Syntax Error: Expected end of line, received '('. Did you forget a '/' between the output and environment?     |     Cɾ > CVɾ (perhaps not a sound change per se, just a historical tendency)     |              ^     @ Rule 1, Line 1"
44.2,23,	*L (fortis) > l (or *lh,"Syntax Error: The input of an insertion rule must only contain `*` or `∅`     |     *L (fortis) > l (or *lh     |      ^     @ Rule 1, Line 1"
44.2,24,"	l (or *lh > l:[+long], which then lost gemination?)","Syntax Error: Expected an IPA character, Primative or Matrix, but received '*'     |     l (or *lh > l:[+long], which then lost gemination?)     |           ^     @ Rule 1, Line 1"
44.2,25,"	ð > some sort of tap distinct from ɾ (Biscayan, Guipuscoan, High Navarrese)","Syntax Error: Expected end of line, received '('. Did you forget a '/' between the output and environment?     |     ð > some sort of tap distinct from ɾ (Biscayan, Guipuscoan, High Navarrese)     |                                          ^     @ Rule 1, Line 1"
44.2,26,"	b > ∅ / #_B (a few exceptions, mostly before _u)","Syntax Error: Unknown grouping 'B'. Known groupings are (C)onsonant, (O)bstruent, (S)onorant, (P)losive, (F)ricative, (L)iquid, (N)asal, (G)lide, and (V)owel     |     b > ∅ / #_B (a few exceptions, mostly before _u)     |               ^     @ Rule 1, Line 1"
44.2,27,	F:[+voice] > ∅ / V_V (,"Syntax Error: Expected an IPA character, Primative or Matrix, but received ''     |     F:[+voice] > ∅ / V_V (     |                           ^     @ Rule 1, Line 1"
44.2,29,	Ṽ > Vɲ / _V (not Souletin),"Syntax Error: Unknown character Ṽ at '0:0:0'.     |     Ṽ > Vɲ / _V (not Souletin)     |     ^     @ Rule 1, Line 1"
44.2,30,	Ṽ > Vn or a diphthong (not Souletin),"Syntax Error: Unknown character Ṽ at '0:0:0'.     |     Ṽ > Vn or a diphthong (not Souletin)     |     ^     @ Rule 1, Line 1"
44.2,31,	h̃ > h (not Souletin),"Syntax Error: Expected end of line, received '('. Did you forget a '/' between the output and environment?     |     h̃ > h (not Souletin)     |            ^     @ Rule 1, Line 1"
44.2,32,"	{ u, ũ } > { y, ỹ } / _r(p{ ʰ,, , }β,k{ ʰ,, , }ɣ,l,s̺,s̻,ʃ,h) (Souletin)","Syntax Error: Unknown character ũ at '0:0:5'.     |     { u, ũ } > { y, ỹ } / _r(p{ ʰ,, , }β,k{ ʰ,, , }ɣ,l,s̺,s̻,ʃ,h) (Souletin)     |          ^     @ Rule 1, Line 1"
44.2,33,"	{ u, ũ } > { y, ỹ } / :{ _s̻(but not _s̺) (Souletin), _t͡s̺(but not _s̺) (Souletin), _t͡s̻(but not _s̺) (Souletin) }:","Syntax Error: Unknown character ũ at '0:0:5'.     |     { u, ũ } > { y, ỹ } / :{ _s̻(but not _s̺) (Souletin), _t͡s̺(but not _s̺) (Souletin), _t͡s̻(but not _s̺) (Souletin) }:     |          ^     @ Rule 1, Line 1"
44.2,34,	õ > ũ (Souletin),"Syntax Error: Unknown character õ at '0:0:0'.     |     õ > ũ (Souletin)     |     ^     @ Rule 1, Line 1"
44.2,35,"	∅ > a / :{ #_ra(sporadic), #_ro(sporadic) }:","Runtime Error: Grouped Environments cannot (yet) be used in insertion rules     |     ∅ > a / :{ #_ra(sporadic), #_ro(sporadic) }:     |             ^^^^^^^^^^^^^^^^^^^^^^^^^^^^^^^^^^^^     @ Rule 1, Line 1"
44.2,37,"	∅ > e / :{ #_s̺C, #_s̻C }:","Syntax Error: Unknown character ̺ at '0:0:14'.     |     ∅ > e / :{ #_s̺C, #_s̻C }:     |                   ^     @ Rule 1, Line 1"
44.2,38,	i > u / _(C…)u (Roncalese),"Syntax Error: Expected an IPA character, Primative or Matrix, but received '…'     |     i > u / _(C…)u (Roncalese)     |                ^     @ Rule 1, Line 1"
44.2,39,	i > y / _(C…)y (Souletin),"Syntax Error: Expected an IPA character, Primative or Matrix, but received '…'     |     i > y / _(C…)y (Souletin)     |                ^     @ Rule 1, Line 1"
44.2,40,"	e > o / _(C…)o (eastern dialect͡s, Bermeo Biscayan)","Syntax Error: Expected an IPA character, Primative or Matrix, but received '…'     |     e > o / _(C…)o (eastern dialect͡s, Bermeo Biscayan)     |                ^     @ Rule 1, Line 1"
44.2,41,	e > o / o(C…)_ (eastern dialect͡s),"Syntax Error: Expected an IPA character, Primative or Matrix, but received '…'     |     e > o / o(C…)_ (eastern dialect͡s)     |                ^     @ Rule 1, Line 1"
44.2,42,"	{ a, o, e } > { ɛ, u, i } / {i,u}(C…)_ (this:[ɛ] is tentatively marked as such; Egurtzegi transcribes it as /e/ but says it’s not as close as /e/)","Syntax Error: Unknown character ɛ at '0:0:46'.     |     { a, o, e } > { ɛ, u, i } / {i,u}(C…)_ (this:[ɛ] is tentatively marked as such; Egurtzegi transcribes it as /e/ but says it’s not as close as /e/)     |                                                   ^     @ Rule 1, Line 1"
44.2,43,"	o > u / _n{C,#} (Souletin; some raising occurred elsewhere)","Syntax Error: Malformed Comment: Expected ';;', but received '; ' at 0:0:26     |     o > u / _n{C,#} (Souletin; some raising occurred elsewhere)     |                               ^     @ Rule 1, Line 1"
44.2,44,"	a > e / _$a (Biscayan, Alavese, some Guipuscoan)","Syntax Error: Unknown grouping 'B'. Known groupings are (C)onsonant, (O)bstruent, (S)onorant, (P)losive, (F)ricative, (L)iquid, (N)asal, (G)lide, and (V)owel     |     a > e / _$a (Biscayan, Alavese, some Guipuscoan)     |                  ^     @ Rule 1, Line 1"
44.2,45,"	{ o, e } > { u, i } / _$a (raising of *o is less common)","Syntax Error: Expected an IPA character, Primative or Matrix, but received '*'     |     { o, e } > { u, i } / _$a (raising of *o is less common)     |                                           ^     @ Rule 1, Line 1"
44.2,47,"	e > a / :{ V_r (“mainly in the western dialect͡s”), C_r (“mainly in the western dialect͡s”) }:","Syntax Error: Unknown character “ at '0:0:16'.     |     e > a / :{ V_r (“mainly in the western dialect͡s”), C_r (“mainly in the western dialect͡s”) }:     |                     ^     @ Rule 1, Line 1"
44.2,49,"	∅ > j / :{ V_NS, V_s̺S, V_s̻S }:","Syntax Error: Unknown character ̺ at '0:0:20'.     |     ∅ > j / :{ V_NS, V_s̺S, V_s̻S }:     |                         ^     @ Rule 1, Line 1"
44.2,52,	∅ > m / o$_V (Orozko Biscayan),"Syntax Error: Unknown grouping 'B'. Known groupings are (C)onsonant, (O)bstruent, (S)onorant, (P)losive, (F)ricative, (L)iquid, (N)asal, (G)lide, and (V)owel     |     ∅ > m / o$_V (Orozko Biscayan)     |                          ^     @ Rule 1, Line 1"
44.2,53,	∅ > V / Vk_# (Zeberio Biscayan),"Syntax Error: Unknown grouping 'Z'. Known groupings are (C)onsonant, (O)bstruent, (S)onorant, (P)losive, (F)ricative, (L)iquid, (N)asal, (G)lide, and (V)owel     |     ∅ > V / Vk_# (Zeberio Biscayan)     |                   ^     @ Rule 1, Line 1"
44.2,54,"	e > ∅ / #_ (Navarrese, rare)","Syntax Error: Expected ':', but received 'r'     |     e > ∅ / #_ (Navarrese, rare)     |                            ^     @ Rule 1, Line 1"
44.2,58,	h > ∅ (western dialect͡s),"Syntax Error: The output of a deletion rule must only contain `*` or `∅`     |     h > ∅ (western dialect͡s)     |           ^     @ Rule 1, Line 1"
44.2,60,	h…h > ∅…h (“affect:[s] both the oral /h/ and the nasalized aspiration”),"Syntax Error: Unknown character “ at '0:0:11'.     |     h…h > ∅…h (“affect:[s] both the oral /h/ and the nasalized aspiration”)     |                ^     @ Rule 1, Line 1"
44.2,61,	*-ɾ > -h stuff in compounds,"Syntax Error: Expected '->', but received -'ɾ' at 0:0:1     |     *-ɾ > -h stuff in compounds     |      ^     @ Rule 1, Line 1"
44.2,62,"	{ l, n } > { ʎ, ɲ } / E_","Syntax Error: Unknown grouping 'E'. Known groupings are (C)onsonant, (O)bstruent, (S)onorant, (P)losive, (F)ricative, (L)iquid, (N)asal, (G)lide, and (V)owel     |     { l, n } > { ʎ, ɲ } / E_     |                           ^     @ Rule 1, Line 1"
44.2,64,"	{ s̻, t͡s̻ } > { ʃ, t͡ʃ } / :{ j_ (mostly Biscayan) }:","Syntax Error: Unknown character ̻ at '0:0:3'.     |     { s̻, t͡s̻ } > { ʃ, t͡ʃ } / :{ j_ (mostly Biscayan) }:     |        ^     @ Rule 1, Line 1"
44.2,65,	t > c / :{ j_ (“some areas”) }:,"Syntax Error: Unknown character “ at '0:0:15'.     |     t > c / :{ j_ (“some areas”) }:     |                    ^     @ Rule 1, Line 1"
44.2,66,	t > t͡ʃ / :{ j_ (partially spread amongst Biscayan and Guipuscoan) }:,"Syntax Error: Unknown grouping 'B'. Known groupings are (C)onsonant, (O)bstruent, (S)onorant, (P)losive, (F)ricative, (L)iquid, (N)asal, (G)lide, and (V)owel     |     t > t͡ʃ / :{ j_ (partially spread amongst Biscayan and Guipuscoan) }:     |                                               ^     @ Rule 1, Line 1"
44.2,67,"	{ d, ð } > { ɟ, ʝ } / :{ j_ ? (“some dialect͡s”) }:","Syntax Error: Unknown character “ at '0:0:31'.     |     { d, ð } > { ɟ, ʝ } / :{ j_ ? (“some dialect͡s”) }:     |                                    ^     @ Rule 1, Line 1"
44.2,68,"	{ d, ð } > { ɟ, ʝ } / :{ ʎ_ (Guipuscoan, High Navarrese), ɲ_ (Guipuscoan, High Navarrese) }:","Syntax Error: Expected ':', but received 'H'     |     { d, ð } > { ɟ, ʝ } / :{ ʎ_ (Guipuscoan, High Navarrese), ɲ_ (Guipuscoan, High Navarrese) }:     |                                              ^     @ Rule 1, Line 1"
44.2,70,	ɡ > d͡ʒ / :{ j_ (“in some Biscayan areas”) }:,"Syntax Error: Unknown character “ at '0:0:17'.     |     ɡ > d͡ʒ / :{ j_ (“in some Biscayan areas”) }:     |                      ^     @ Rule 1, Line 1"
44.2,72,"	ʝ > j (northern High Navarrese, most Labourd, some Biscayan)","Syntax Error: Expected end of line, received '('. Did you forget a '/' between the output and environment?     |     ʝ > j (northern High Navarrese, most Labourd, some Biscayan)     |           ^     @ Rule 1, Line 1"
44.2,74,"	ʝ > ʒ (Souletin, sporadic in northwestern Biscayan)","Syntax Error: Expected end of line, received '('. Did you forget a '/' between the output and environment?     |     ʝ > ʒ (Souletin, sporadic in northwestern Biscayan)     |           ^     @ Rule 1, Line 1"
44.2,75,	j > ʝ (some Biscayan and Navarrese),"Syntax Error: Expected end of line, received '('. Did you forget a '/' between the output and environment?     |     j > ʝ (some Biscayan and Navarrese)     |           ^     @ Rule 1, Line 1"
44.2,77,	ʝ > ɟ (typical of Low Navarrese),"Syntax Error: Expected end of line, received '('. Did you forget a '/' between the output and environment?     |     ʝ > ɟ (typical of Low Navarrese)     |           ^     @ Rule 1, Line 1"
44.2,80,	ʒ > d͡ʒ (northwestern Biscayan),"Syntax Error: Expected end of line, received '('. Did you forget a '/' between the output and environment?     |     ʒ > d͡ʒ (northwestern Biscayan)     |             ^     @ Rule 1, Line 1"
44.2,83,"	ʒ > ʃ (Aescoan, Salazarese, Roncalese, most southern High Navarrese)","Syntax Error: Expected end of line, received '('. Did you forget a '/' between the output and environment?     |     ʒ > ʃ (Aescoan, Salazarese, Roncalese, most southern High Navarrese)     |           ^     @ Rule 1, Line 1"
44.2,87,"	ʃ > x (Guipuscoan, northwestern High Navarrese, eastern Biscayan)","Syntax Error: Expected end of line, received '('. Did you forget a '/' between the output and environment?     |     ʃ > x (Guipuscoan, northwestern High Navarrese, eastern Biscayan)     |           ^     @ Rule 1, Line 1"
44.2,88,"	j > χ (probably through intermediates like above, Wikipedia doesn’t go into particulars of how and where)","Syntax Error: Unknown character ’ at '0:0:65'.     |     j > χ (probably through intermediates like above, Wikipedia doesn’t go into particulars of how and where)     |                                                                      ^     @ Rule 1, Line 1"
44.2,89,"	ʎ ɲ > jl jn (“common in Low Navarrese, Labourdin, and is even regular in the High Navarrese of Sakana”)","Syntax Error: Unknown character “ at '0:0:13'.     |     ʎ ɲ > jl jn (“common in Low Navarrese, Labourdin, and is even regular in the High Navarrese of Sakana”)     |                  ^     @ Rule 1, Line 1"
44.2,90,"	— V > ∅ / :{ S_ɾ(more common in Roncalese and Salazarese, but also in Navarrese and Aescoan?), S_l(more common in Roncalese and Salazarese, but also in Navarrese and Aescoan?) }:","Syntax Error: Unknown character — at '0:0:0'.     |     — V > ∅ / :{ S_ɾ(more common in Roncalese and Salazarese, but also in Navarrese and Aescoan?), S_l(more common in Roncalese and Salazarese, but also in Navarrese and Aescoan?) }:     |     ^     @ Rule 1, Line 1"
44.2,91,	— V > ∅ / C:[+strident]_ɾ (Roncalese and Salazarese),"Syntax Error: Unknown character — at '0:0:0'.     |     — V > ∅ / C:[+strident]_ɾ (Roncalese and Salazarese)     |     ^     @ Rule 1, Line 1"
44.2,92,"	— V > ∅ / :{ O_O (Roncalese, Salazarese, Navarrese, Aescoan), ɾ_O (Roncalese, Salazarese, Navarrese, Aescoan), r_O (Roncalese, Salazarese, Navarrese, Aescoan) }:","Syntax Error: Unknown character — at '0:0:0'.     |     — V > ∅ / :{ O_O (Roncalese, Salazarese, Navarrese, Aescoan), ɾ_O (Roncalese, Salazarese, Navarrese, Aescoan), r_O (Roncalese, Salazarese, Navarrese, Aescoan) }:     |     ^     @ Rule 1, Line 1"
44.2,93,	n:[+fortis] > n,"Syntax Error: Unknown feature 'fortis' at 0:3-10. Did you mean contin?      |     n:[+fortis] > n     |        ^^^^^^^     @ Rule 1, Line 1"
44.2,94,	e > ∅ / #Ur_,"Syntax Error: Unknown grouping 'U'. Known groupings are (C)onsonant, (O)bstruent, (S)onorant, (P)losive, (F)ricative, (L)iquid, (N)asal, (G)lide, and (V)owel     |     e > ∅ / #Ur_     |              ^     @ Rule 1, Line 1"
44.2,95,	a > ∅ / V_# (Guipuscoan; happens because of reanalysis of the definite article),"Syntax Error: Malformed Comment: Expected ';;', but received '; ' at 0:0:24     |     a > ∅ / V_# (Guipuscoan; happens because of reanalysis of the definite article)     |                             ^     @ Rule 1, Line 1"
44.2,96,"	V > ∅ / _#, in trisyllables","Syntax Error: Expected '_', but received ''     |     V > ∅ / _#, in trisyllables     |                                ^     @ Rule 1, Line 1"
44.2,97,"	i > ∅ / _#, in disyllables","Syntax Error: Expected '_', but received ''     |     i > ∅ / _#, in disyllables     |                               ^     @ Rule 1, Line 1"
44.2,98,"	{ u, {o,e} } > { ∅, a } / _#, in disyllables (eastern dialect͡s)","Syntax Error: Cannot have nested brackets of the same type     |     { u, {o,e} } > { ∅, a } / _#, in disyllables (eastern dialect͡s)     |          ^     @ Rule 1, Line 1"
44.2,99,"	{ hu, hi } > { ʊ, ɪ } / :{ o_ (also happened with /a/ sometimes, but usually such sequences just dropped one vowel), e_ (also happened with /a/ sometimes, but usually such sequences just dropped one vowel) }:","Syntax Error: Expected ',', but received 'u'     |     { hu, hi } > { ʊ, ɪ } / :{ o_ (also happened with /a/ sometimes, but usually such sequences just dropped one vowel), e_ (also happened with /a/ sometimes, but usually such sequences just dropped one vowel) }:     |        ^     @ Rule 1, Line 1"
44.2,100,	VɪC > VCʲ,"Syntax Error: Expected end of line, received 'ʲ'. Did you forget a '/' between the output and environment?     |     VɪC > VCʲ     |             ^     @ Rule 1, Line 1"
44.2,102,	eɪ > e (rare),"Syntax Error: Expected end of line, received '('. Did you forget a '/' between the output and environment?     |     eɪ > e (rare)     |            ^     @ Rule 1, Line 1"
44.2,103,"	aʊ > aɪ / ,r,s̺,s̻} (Souletin, Roncalese) // _{ɾ","Syntax Error: Unknown character ̺ at '0:0:14'.     |     aʊ > aɪ / ,r,s̺,s̻} (Souletin, Roncalese) // _{ɾ     |                   ^     @ Rule 1, Line 1"
44.2,106,	oɪ > uɪ (rare),"Syntax Error: Expected end of line, received '('. Did you forget a '/' between the output and environment?     |     oɪ > uɪ (rare)     |             ^     @ Rule 1, Line 1"
44.2,107,"	{ eð, ( } > { e, ?) } / #_V","Syntax Error: Expected ',', but received 'ð'     |     { eð, ( } > { e, ?) } / #_V     |        ^     @ Rule 1, Line 1"
44.2,108,	e ?) > j / #_V,"Syntax Error: Expected '>', '->' or '=>', but received ')'     |     e ?) > j / #_V     |        ^     @ Rule 1, Line 1"
44.2,111,	ʊa > o “especially after a velar stop”,"Syntax Error: Unknown character “ at '0:0:7'.     |     ʊa > o “especially after a velar stop”     |            ^     @ Rule 1, Line 1"
44.2,113,"	C:[-voice] > C:[+voice] / :{ l_ (not Roncalese or Souletin), N_ (not Roncalese or Souletin) }:","Syntax Error: Unknown grouping 'R'. Known groupings are (C)onsonant, (O)bstruent, (S)onorant, (P)losive, (F)ricative, (L)iquid, (N)asal, (G)lide, and (V)owel     |     C:[-voice] > C:[+voice] / :{ l_ (not Roncalese or Souletin), N_ (not Roncalese or Souletin) }:     |                                          ^     @ Rule 1, Line 1"
44.2,114,	C:[+strident] > C:[+affricate] / _#,"Syntax Error: Unknown feature 'affricate' at 0:19-29. Did you mean stridnt?      |     C:[+strident] > C:[+affricate] / _#     |                        ^^^^^^^^^^     @ Rule 1, Line 1"
44.2,115,"	s̻ t͡s̺ > s̺ t͡s̻ (Biscayan, partially in Guipuscoan, Donostia, San Sebastián, though these latter two may be varieties of Guipuscoan)","Syntax Error: Unknown character ̻ at '0:0:1'.     |     s̻ t͡s̺ > s̺ t͡s̻ (Biscayan, partially in Guipuscoan, Donostia, San Sebastián, though these latter two may be varieties of Guipuscoan)     |      ^     @ Rule 1, Line 1"
44.2,116,"	s̻ > s̺ / :{ _C(sometimes), _#(sometimes) }:","Syntax Error: Unknown character ̻ at '0:0:1'.     |     s̻ > s̺ / :{ _C(sometimes), _#(sometimes) }:     |      ^     @ Rule 1, Line 1"
44.2,117,	it͡s̺ > t͡ʃ / _# (Biscayan),"Syntax Error: Unknown character ̺ at '0:0:4'.     |     it͡s̺ > t͡ʃ / _# (Biscayan)     |         ^     @ Rule 1, Line 1"
44.2,118,"	{ oa, ea } > { u(e), i(e) } / _#","Syntax Error: Expected ',', but received 'a'     |     { oa, ea } > { u(e), i(e) } / _#     |        ^     @ Rule 1, Line 1"
44.2,119,	s̺ > t͡ʃ / #_ (Guipuscoan),"Syntax Error: Unknown character ̺ at '0:0:1'.     |     s̺ > t͡ʃ / #_ (Guipuscoan)     |      ^     @ Rule 1, Line 1"
44.2,120,"	s̺ > ʃ̺ “for most French Basque speakers (Trask 1997:84), due to French influence” according to Campbell","Syntax Error: Unknown character ̺ at '0:0:1'.     |     s̺ > ʃ̺ “for most French Basque speakers (Trask 1997:84), due to French influence” according to Campbell     |      ^     @ Rule 1, Line 1"
45.1.2,4,	i > ə / unstressed,"Syntax Error: Expected '_', but received ''     |     i > ə / unstressed     |                       ^     @ Rule 1, Line 1"
45.1.2,7,"	{ aw, aj } > { o, e }","Syntax Error: Expected ',', but received 'w'     |     { aw, aj } > { o, e }     |        ^     @ Rule 1, Line 1"
45.1.3,0,"	{ kʷ, xʷ } > { q, χ } / _# (the paper calls these back velars)","Syntax Error: Can't have segments after the end of a word     |     { kʷ, xʷ } > { q, χ } / _# (the paper calls these back velars)     |                              ^     @ Rule 1, Line 1"
45.1.3,2,	i > ə / unstressed,"Syntax Error: Expected '_', but received ''     |     i > ə / unstressed     |                       ^     @ Rule 1, Line 1"
45.1.3,6,	ɲʲ > n ∅ / ʔ_,"Syntax Error: Expected end of line, received '∅'. Did you forget a '/' between the output and environment?     |     ɲʲ > n ∅ / ʔ_     |            ^     @ Rule 1, Line 1"
45.1.3,7,	V:[+long] > V (sporadic? conditioned?),"Syntax Error: Expected end of line, received '('. Did you forget a '/' between the output and environment?     |     V:[+long] > V (sporadic? conditioned?)     |                   ^     @ Rule 1, Line 1"
46.1,0,"	S > F / :{ _i(Do not necessarily have to be fricatives at the same POA; in some cases, the phones go to null or to /l/), _u(Do not necessarily have to be fricatives at the same POA; in some cases, the phones go to null or to /l/) }:","Syntax Error: Malformed Comment: Expected ';;', but received '; ' at 0:0:71     |     S > F / :{ _i(Do not necessarily have to be fricatives at the same POA; in some cases, the phones go to null or to /l/), _u(Do not necessarily have to be fricatives at the same POA; in some cases, the phones go to null or to /l/) }:     |                                                                            ^     @ Rule 1, Line 1"
46.2,0,"	{ æ, ɪ } > { e, i } / _ŋ; some speakers (esp. ) may also have pin-pen and a single phoneme in contrast to the nasal diphthong:[ãɪ̃] of the .S. Northeast (","Syntax Error: Malformed Comment: Expected ';;', but received '; ' at 0:0:25     |     { æ, ɪ } > { e, i } / _ŋ; some speakers (esp. ) may also have pin-pen and a single phoneme in contrast to the nasal diphthong:[ãɪ̃] of the .S. Northeast (     |                              ^     @ Rule 1, Line 1"
46.2,5,	ɑ > ɔ (does not occur in Sacramento),"Syntax Error: Expected end of line, received '('. Did you forget a '/' between the output and environment?     |     ɑ > ɔ (does not occur in Sacramento)     |           ^     @ Rule 1, Line 1"
46.2,7,	oʊ̯ > eʊ̯ (“common only within certain social groups”),"Syntax Error: Unknown character “ at '0:0:11'.     |     oʊ̯ > eʊ̯ (“common only within certain social groups”)     |                ^     @ Rule 1, Line 1"
46.3,0,"	{ ɛi, œy, ɔu } > { ɛ:[+long], œ:[+long], ɔ:[+long] }","Syntax Error: Expected ',', but received 'i'     |     { ɛi, œy, ɔu } > { ɛ:[+long], œ:[+long], ɔ:[+long] }     |        ^     @ Rule 1, Line 1"
46.4,0,"	{ ɛi, œy, ʌu } > { ai, ay, au }","Syntax Error: Expected ',', but received 'i'     |     { ɛi, œy, ʌu } > { ai, ay, au }     |        ^     @ Rule 1, Line 1"
46.4,1,"	{ e:[+long], ø:[+long], o:[+long] } > { ɛi, œy, ɔu }","Syntax Error: Expected ',', but received 'i'     |     { e:[+long], ø:[+long], o:[+long] } > { ɛi, œy, ɔu }     |                                              ^     @ Rule 1, Line 1"
46.5,0,	ai > ɛi / when stem-final,"Syntax Error: Expected '->', but received -'f' at 0:0:19     |     ai > ɛi / when stem-final     |                        ^     @ Rule 1, Line 1"
46.5,1,	ɛi > əi / when stem-final,"Syntax Error: Expected '->', but received -'f' at 0:0:19     |     ɛi > əi / when stem-final     |                        ^     @ Rule 1, Line 1"
46.5,2,"	u:[+long] > ʌu / when-stem final, in northern varieties","Syntax Error: Expected '->', but received -'s' at 0:0:21     |     u:[+long] > ʌu / when-stem final, in northern varieties     |                          ^     @ Rule 1, Line 1"
46.5,3,"	ø:[+long] > wi / :{ k_ (in Mid Northern dialect͡s), ɡ_ (in Mid Northern dialect͡s) }:","Syntax Error: Unknown grouping 'M'. Known groupings are (C)onsonant, (O)bstruent, (S)onorant, (P)losive, (F)ricative, (L)iquid, (N)asal, (G)lide, and (V)owel     |     ø:[+long] > wi / :{ k_ (in Mid Northern dialect͡s), ɡ_ (in Mid Northern dialect͡s) }:     |                                ^     @ Rule 1, Line 1"
46.5,4,	ø:[+long] > i (in northern dialect͡s),"Syntax Error: Expected end of line, received '('. Did you forget a '/' between the output and environment?     |     ø:[+long] > i (in northern dialect͡s)     |                   ^     @ Rule 1, Line 1"
46.5,5,"	ø:[+long] > ʲ{u,ʌ} / :{ _k(outcome varies depending upon dialect), _x(outcome varies depending upon dialect) }:","Syntax Error: Floating diacritic. Diacritics can only be used to modify IPA Segments     |     ø:[+long] > ʲ{u,ʌ} / :{ _k(outcome varies depending upon dialect), _x(outcome varies depending upon dialect) }:     |                 ^     @ Rule 1, Line 1"
46.5,9,"	{ ai, oi, ui, ei, au, ou, iu, ɛ(o)u } > { e:[+long], oe, əi, i:[+long], {ɑ:[+long],ɔ:[+long]}, ʌu, ju, j(ʌ)u }","Syntax Error: Cannot have nested brackets of the same type     |     { ai, oi, ui, ei, au, ou, iu, ɛ(o)u } > { e:[+long], oe, əi, i:[+long], {ɑ:[+long],ɔ:[+long]}, ʌu, ju, j(ʌ)u }     |                                                                             ^     @ Rule 1, Line 1"
46.5,10,	ɛ:[+long] > ɛi ( / in some northern varieties,"Syntax Error: Expected end of line, received '('. Did you forget a '/' between the output and environment?     |     ɛ:[+long] > ɛi ( / in some northern varieties     |                    ^     @ Rule 1, Line 1"
46.5,11,	ɛi ( > əi?) / in some northern varieties,"Syntax Error: Expected an IPA character, Primative or Matrix, but received '>'     |     ɛi ( > əi?) / in some northern varieties     |          ^     @ Rule 1, Line 1"
46.5,12,"	{ i:[+long], e:[+long], ɛ:[+long], a:[+long], o:[+long], u:[+long], {ø:[+long],y:[+long]} } > { əi, i, {i,e}, e, o, u, ø }","Syntax Error: Cannot have nested brackets of the same type     |     { i:[+long], e:[+long], ɛ:[+long], a:[+long], o:[+long], u:[+long], {ø:[+long],y:[+long]} } > { əi, i, {i,e}, e, o, u, ø }     |                                                                         ^     @ Rule 1, Line 1"
46.5,13,	æ > ɛ / _C:[+alveolar],"Syntax Error: Unknown feature 'alveolar' at 0:12-21. Did you mean delay?      |     æ > ɛ / _C:[+alveolar]     |                 ^^^^^^^^^     @ Rule 1, Line 1"
46.5,14,"	{ a, ɔ, u } > { {a,ɑ}, ɔ, ʌ }","Syntax Error: Cannot have nested brackets of the same type     |     { a, ɔ, u } > { {a,ɑ}, ɔ, ʌ }     |                     ^     @ Rule 1, Line 1"
46.5,15,"	— V > V:[+long] / :{ _r, _F:[+voice], _$, _# }:","Syntax Error: Unknown character — at '0:0:0'.     |     — V > V:[+long] / :{ _r, _F:[+voice], _$, _# }:     |     ^     @ Rule 1, Line 1"
46.5,16,"	— əi > aɪ / :{ _r(pursuant to the above), _F:[+voice](pursuant to the above), _$(pursuant to the above), _#(pursuant to the above) }:","Syntax Error: Unknown character — at '0:0:0'.     |     — əi > aɪ / :{ _r(pursuant to the above), _F:[+voice](pursuant to the above), _$(pursuant to the above), _#(pursuant to the above) }:     |     ^     @ Rule 1, Line 1"
46.7,0,"	{ i:[+long], u:[+long] } > { əj, əw }","Syntax Error: Expected ',', but received 'j'     |     { i:[+long], u:[+long] } > { əj, əw }     |                                   ^     @ Rule 1, Line 1"
46.7,1,"	{ əj, əw } > { ɑj, ɑw }","Syntax Error: Expected ',', but received 'j'     |     { əj, əw } > { ɑj, ɑw }     |        ^     @ Rule 1, Line 1"
46.7,6,"	{ ɛ:[+long], o:[+long] } > { e:[+long], ow }","Syntax Error: Expected ',', but received 'w'     |     { ɛ:[+long], o:[+long] } > { e:[+long], ow }     |                                              ^     @ Rule 1, Line 1"
46.7,7,"	{ e:[+long], ow } > { ej, (əw) }","Syntax Error: Expected ',', but received 'w'     |     { e:[+long], ow } > { ej, (əw) }     |                   ^     @ Rule 1, Line 1"
46.8,3,"	{ ai, ɔi } > { ɛ, y:[+long] }","Syntax Error: Expected ',', but received 'i'     |     { ai, ɔi } > { ɛ, y:[+long] }     |        ^     @ Rule 1, Line 1"
46.8,5,"	{ {, y,, y:[+long], }, ɔ:[+long] } > { {, i,, i:[+long], }, ɔ }","Syntax Error: Cannot have nested brackets of the same type     |     { {, y,, y:[+long], }, ɔ:[+long] } > { {, i,, i:[+long], }, ɔ }     |       ^     @ Rule 1, Line 1"
46.8,6,"	{ ɛu, au } > { ɛv, av }","Syntax Error: Expected ',', but received 'u'     |     { ɛu, au } > { ɛv, av }     |        ^     @ Rule 1, Line 1"
46.10,0,"	{ e:[+long], ø:[+long], o:[+long] } > { ie, yø, uo }","Syntax Error: Expected ',', but received 'e'     |     { e:[+long], ø:[+long], o:[+long] } > { ie, yø, uo }     |                                              ^     @ Rule 1, Line 1"
46.10,1,"	{ ɑ:[+long], æ:[+long], ɑi, æi } > { uɑ, iæ, ɑe, æe }","Syntax Error: Expected ',', but received 'i'     |     { ɑ:[+long], æ:[+long], ɑi, æi } > { uɑ, iæ, ɑe, æe }     |                              ^     @ Rule 1, Line 1"
46.10,2,"	{ ei, oi, øi } > { e:[+long], oe, øe }","Syntax Error: Expected ',', but received 'i'     |     { ei, oi, øi } > { e:[+long], oe, øe }     |        ^     @ Rule 1, Line 1"
46.10,3,"	{ ɑu, ou } > { ɑ:[+long], o:[+long] }","Syntax Error: Expected ',', but received 'u'     |     { ɑu, ou } > { ɑ:[+long], o:[+long] }     |        ^     @ Rule 1, Line 1"
46.10,4,"	{ æy, øy } > { æ:[+long], ø:[+long] }","Syntax Error: Expected ',', but received 'y'     |     { æy, øy } > { æ:[+long], ø:[+long] }     |        ^     @ Rule 1, Line 1"
46.10,6,"	{ li, ni, ri, si } > { lʲi, nʲi, rʲi, sʲi }","Syntax Error: Expected ',', but received 'i'     |     { li, ni, ri, si } > { lʲi, nʲi, rʲi, sʲi }     |        ^     @ Rule 1, Line 1"
46.11,1,"	{ uə, yə } > { ɔ, œ } / :{ _n, _t }:","Syntax Error: Expected ',', but received 'ə'     |     { uə, yə } > { ɔ, œ } / :{ _n, _t }:     |        ^     @ Rule 1, Line 1"
46.11,3,	∅ > ə / C:[+labiovelar]_i,"Syntax Error: Unknown feature 'labiovelar' at 0:11-22. Did you mean labiodental?      |     ∅ > ə / C:[+labiovelar]_i     |                ^^^^^^^^^^^     @ Rule 1, Line 1"
46.11,7,"	a > {a:[+long],ə} “(the environment͡s for these respective changes are somewhat unclear)”","Syntax Error: Unknown character “ at '0:0:18'.     |     a > {a:[+long],ə} “(the environment͡s for these respective changes are somewhat unclear)”     |                       ^     @ Rule 1, Line 1"
46.11,13,	ə > ∅ / W_,"Syntax Error: Unknown grouping 'W'. Known groupings are (C)onsonant, (O)bstruent, (S)onorant, (P)losive, (F)ricative, (L)iquid, (N)asal, (G)lide, and (V)owel     |     ə > ∅ / W_     |             ^     @ Rule 1, Line 1"
46.11,14,	W > ∅ / C_,"Syntax Error: Unknown grouping 'W'. Known groupings are (C)onsonant, (O)bstruent, (S)onorant, (P)losive, (F)ricative, (L)iquid, (N)asal, (G)lide, and (V)owel     |     W > ∅ / C_     |     ^     @ Rule 1, Line 1"
46.13,0,"	{a,æ:[+long]} > ɛa / a","Syntax Error: Expected '_', but received ''     |     {a,æ:[+long]} > ɛa / a     |                           ^     @ Rule 1, Line 1"
46.13,1,	a:[+long] > ɔa “(except NE of the Faroes / ɔ,"Syntax Error: Unknown character “ at '0:0:15'.     |     a:[+long] > ɔa “(except NE of the Faroes / ɔ     |                    ^     @ Rule 1, Line 1"
46.13,2,	ɔa “(except NE of the Faroes > a:[+long])” / ɔ,"Syntax Error: Unknown character “ at '0:0:3'.     |     ɔa “(except NE of the Faroes > a:[+long])” / ɔ     |        ^     @ Rule 1, Line 1"
46.13,3,	e > e:[+long] / ɛ,"Syntax Error: Expected '_', but received ''     |     e > e:[+long] / ɛ     |                      ^     @ Rule 1, Line 1"
46.13,4,	e:[+long] > ɛa “(except Suðuroy / a (except Suðuroy → ɛ),"Syntax Error: Unknown character “ at '0:0:15'.     |     e:[+long] > ɛa “(except Suðuroy / a (except Suðuroy → ɛ)     |                    ^     @ Rule 1, Line 1"
46.13,5,	ɛa “(except Suðuroy > e:[+long])” / a (except Suðuroy → ɛ),"Syntax Error: Unknown character “ at '0:0:3'.     |     ɛa “(except Suðuroy > e:[+long])” / a (except Suðuroy → ɛ)     |        ^     @ Rule 1, Line 1"
46.13,6,"	{i,y} > i:[+long] / ɪ","Syntax Error: Expected '_', but received ''     |     {i,y} > i:[+long] / ɪ     |                          ^     @ Rule 1, Line 1"
46.13,7,"	{i:[+long],y:[+long]} > ʊi / ʊ(i)","Syntax Error: Expected '_', but received ''     |     {i:[+long],y:[+long]} > ʊi / ʊ(i)     |                                      ^     @ Rule 1, Line 1"
46.13,8,	o > o:[+long] / ɔ,"Syntax Error: Expected '_', but received ''     |     o > o:[+long] / ɔ     |                      ^     @ Rule 1, Line 1"
46.13,9,"	o:[+long] > ɔu, ɛu, œu / œ (except Suðuroy → ɔ)","Syntax Error: Unknown character → at '0:0:43'.     |     o:[+long] > ɔu, ɛu, œu / œ (except Suðuroy → ɔ)     |                                                ^     @ Rule 1, Line 1"
46.13,10,"	u > u:[+long] / short: ʊ / unstressed: {o,ɔ}","Syntax Error: Expected '[', but received 'ʊ'     |     u > u:[+long] / short: ʊ / unstressed: {o,ɔ}     |                            ^     @ Rule 1, Line 1"
46.13,11,	u:[+long] > ʉu / ʏ,"Syntax Error: Expected '_', but received ''     |     u:[+long] > ʉu / ʏ     |                       ^     @ Rule 1, Line 1"
46.13,12,"	{œ,ɔ} > ø:[+long]/œ “(except Suðuroy","Syntax Error: Unknown character “ at '0:0:20'.     |     {œ,ɔ} > ø:[+long]/œ “(except Suðuroy     |                         ^     @ Rule 1, Line 1"
46.13,13,	ø:[+long]/œ “(except Suðuroy > ʏ)”,"Syntax Error: Unknown character “ at '0:0:12'.     |     ø:[+long]/œ “(except Suðuroy > ʏ)”     |                 ^     @ Rule 1, Line 1"
46.14,1,"	{ en, an } > { ẽ, ã }","Syntax Error: Unknown character ẽ at '0:0:15'.     |     { en, an } > { ẽ, ã }     |                    ^     @ Rule 1, Line 1"
46.14,4,	i > ı̆:[ə?],"Syntax Error: Unknown character ı at '0:0:4'.     |     i > ı̆:[ə?]     |         ^     @ Rule 1, Line 1"
46.14,5,"	ı̆:[ə?] > {e,a} (strong)/∅ (weak) “in modern languages”","Syntax Error: Unknown character ı at '0:0:0'.     |     ı̆:[ə?] > {e,a} (strong)/∅ (weak) “in modern languages”     |     ^     @ Rule 1, Line 1"
46.14,8,"	aj > {æ,i} “(reduced)”","Syntax Error: Unknown character “ at '0:0:11'.     |     aj > {æ,i} “(reduced)”     |                ^     @ Rule 1, Line 1"
46.14,10,	u > ŭ:[ɤ?],"Syntax Error: Unknown character ŭ at '0:0:4'.     |     u > ŭ:[ɤ?]     |         ^     @ Rule 1, Line 1"
46.14,11,"	ŭ:[ɤ?] > {e,o,ɤ,a} (strong)/∅ (weak) “in modern languages”","Syntax Error: Unknown character ŭ at '0:0:0'.     |     ŭ:[ɤ?] > {e,o,ɤ,a} (strong)/∅ (weak) “in modern languages”     |     ^     @ Rule 1, Line 1"
46.15,0,"	{ e, o } > { je, wo } / _#","Syntax Error: Expected ',', but received 'e'     |     { e, o } > { je, wo } / _#     |                   ^     @ Rule 1, Line 1"
46.15,3,"	{ {u,ɨ}i, {,a,i, {ɨi,i{a,ə}}, u{ɨ,a,ə} } > { wi, e, je, wo }","Syntax Error: Cannot have nested brackets of the same type     |     { {u,ɨ}i, {,a,i, {ɨi,i{a,ə}}, u{ɨ,a,ə} } > { wi, e, je, wo }     |       ^     @ Rule 1, Line 1"
46.16,0,"	{ -i, -i{p,k}, -it, -i{m,ŋ}, -in } > { -i, -ɨʔ, -iʔ, -ɛ, -ɨ }","Syntax Error: Expected '->', but received -'i' at 0:0:2     |     { -i, -i{p,k}, -it, -i{m,ŋ}, -in } > { -i, -ɨʔ, -iʔ, -ɛ, -ɨ }     |       ^     @ Rule 1, Line 1"
46.16,1,"	{ -u, -up, -ut, -uk, -um, -un, -uŋ } > { -u, -ɔʔ, -əʔ, -uʔ, -ɔ, -ə, -ɛ }","Syntax Error: Expected '->', but received -'u' at 0:0:2     |     { -u, -up, -ut, -uk, -um, -un, -uŋ } > { -u, -ɔʔ, -əʔ, -uʔ, -ɔ, -ə, -ɛ }     |       ^     @ Rule 1, Line 1"
46.19,3,	aɪ > ɑe:[+long] / (only for some speakers),"Syntax Error: Expected '_', but received ''     |     aɪ > ɑe:[+long] / (only for some speakers)     |                                               ^     @ Rule 1, Line 1"
46.19,4,	aɪ > a:[+long] / (only for some speakers),"Syntax Error: Expected '_', but received ''     |     aɪ > a:[+long] / (only for some speakers)     |                                              ^     @ Rule 1, Line 1"
46.19,5,"	{ æ, ɛ, ɪ } > { æj(ə), ɛj(ə), ɪj(ə) }","Syntax Error: Expected ',', but received 'j'     |     { æ, ɛ, ɪ } > { æj(ə), ɛj(ə), ɪj(ə) }     |                      ^     @ Rule 1, Line 1"
46.19,6,"	{ ɛj(ə), ɪj(ə), i, eɪ } > { ej(ə), ij(ə), ɪi, ɛi }","Syntax Error: Expected ',', but received 'j'     |     { ɛj(ə), ɪj(ə), i, eɪ } > { ej(ə), ij(ə), ɪi, ɛi }     |        ^     @ Rule 1, Line 1"
46.19,7,"	uʊ oʊ > ʉʊ̈ əʊ̈ (a bit of a guesstimate based upon the prose description in the article and the mean-formant-value chart cited from Labov, Ash & Bobert (2006))","Syntax Error: Expected '->', but received -'f' at 0:0:100     |     uʊ oʊ > ʉʊ̈ əʊ̈ (a bit of a guesstimate based upon the prose description in the article and the mean-formant-value chart cited from Labov, Ash & Bobert (2006))     |                                                                                                         ^     @ Rule 1, Line 1"
46.19,8,	ɔ > ɑɒ (for some speakers),"Syntax Error: Expected end of line, received '('. Did you forget a '/' between the output and environment?     |     ɔ > ɑɒ (for some speakers)     |            ^     @ Rule 1, Line 1"
46.19,9,	ɑɹ > ɒɹ (“often”),"Syntax Error: Unknown character “ at '0:0:9'.     |     ɑɹ > ɒɹ (“often”)     |              ^     @ Rule 1, Line 1"
46.19,10,"	z > d / _n (not strictly a vowel shift but included here anyway because it’s cool, and also because it doesn’t occur in 〈hasn’t〉 because of the influence of 〈hadn’t〉)","Syntax Error: Unknown character ’ at '0:0:74'.     |     z > d / _n (not strictly a vowel shift but included here anyway because it’s cool, and also because it doesn’t occur in 〈hasn’t〉 because of the influence of 〈hadn’t〉)     |                                                                               ^     @ Rule 1, Line 1"
46.19,11,	æ/ɑ:[+long] > æɪ,"Syntax Error: Expected '>', '->' or '=>', but received '/'     |     æ/ɑ:[+long] > æɪ     |      ^     @ Rule 1, Line 1"
47.1,0,"	w > p (Navajo, some Polynesian languages)","Syntax Error: Expected end of line, received '('. Did you forget a '/' between the output and environment?     |     w > p (Navajo, some Polynesian languages)     |           ^     @ Rule 1, Line 1"
47.1,1,	kʲ ɡʲ > k ɡ (Danish),"Syntax Error: Expected end of line, received '('. Did you forget a '/' between the output and environment?     |     kʲ ɡʲ > k ɡ (Danish)     |                 ^     @ Rule 1, Line 1"
47.1,2,	ś > k (Possibly unconditional; some Samoyedic langs),"Syntax Error: Unknown character ś at '0:0:0'.     |     ś > k (Possibly unconditional; some Samoyedic langs)     |     ^     @ Rule 1, Line 1"
47.1,3,"	pʲ > kʲ (some Romanian dialect͡s, Tsakonian)","Syntax Error: Expected end of line, received '('. Did you forget a '/' between the output and environment?     |     pʲ > kʲ (some Romanian dialect͡s, Tsakonian)     |             ^     @ Rule 1, Line 1"
47.1,4,	t͡s > t (unconditional; some Samoyedic langs),"Syntax Error: Malformed Comment: Expected ';;', but received '; ' at 0:0:23     |     t͡s > t (unconditional; some Samoyedic langs)     |                            ^     @ Rule 1, Line 1"
47.1,5,	t > k (general Polynesian),"Syntax Error: Expected end of line, received '('. Did you forget a '/' between the output and environment?     |     t > k (general Polynesian)     |           ^     @ Rule 1, Line 1"
47.1,6,"	n > ŋ (Samoan, but only in colloquial speech)","Syntax Error: Expected end of line, received '('. Did you forget a '/' between the output and environment?     |     n > ŋ (Samoan, but only in colloquial speech)     |           ^     @ Rule 1, Line 1"
47.1,7,"	j > p (some Polynesian languages, such as Levei and Drehet) (https://en.wikipedia.org/wiki/Proto-Austronesian_language)","Syntax Error: Expected '..', but received .'w' at 0:0:71     |     j > p (some Polynesian languages, such as Levei and Drehet) (https://en.wikipedia.org/wiki/Proto-Austronesian_language)     |                                                                            ^     @ Rule 1, Line 1"
47.1,8,"	b > #c, -nc- (Sundanese)","Syntax Error: Expected '->', but received -'n' at 0:0:8     |     b > #c, -nc- (Sundanese)     |             ^     @ Rule 1, Line 1"
47.1,9,"	ŋ > {x,h} (various Mayan languages)","Syntax Error: Expected end of line, received '('. Did you forget a '/' between the output and environment?     |     ŋ > {x,h} (various Mayan languages)     |               ^     @ Rule 1, Line 1"
47.1,10,	h > ŋ (Nyole),"Syntax Error: Expected end of line, received '('. Did you forget a '/' between the output and environment?     |     h > ŋ (Nyole)     |           ^     @ Rule 1, Line 1"
47.1,11,"	ʕ > ŋ (allegedly in European Hebrew, both Sephardic and Ashkenazi, but possibly not a sound change so much as a substitution) (https://en.wikipedia.org/wiki/Hebrew_language#Varieties_of_ayin, http://sites.google.com/site/londonsephardiminhag/pronunciation, http://www.forward.com/articles/105938/)","Syntax Error: Expected '..', but received .'w' at 0:0:137     |     ʕ > ŋ (allegedly in European Hebrew, both Sephardic and Ashkenazi, but possibly not a sound change so much as a substitution) (https://en.wikipedia.org/wiki/Hebrew_language#Varieties_of_ayin, http://sites.google.com/site/londonsephardiminhag/pronunciation, http://www.forward.com/articles/105938/)     |                                                                                                                                              ^     @ Rule 1, Line 1"
47.1,12,"	f > p (? claimed to have occurred independently in Proto-Semitic and Proto-Omotic, and to a limited extent in Egyptian (but this may be related to the Semitic change); note that the Wikipedia article is cited to a single source and that source is admittedly theoretical, and acknowledges on page 77 another reconstruction that doesn’t believe Proto-Afro-Asiatic had /f/ at all) (Page 77 of http://is.gd/WNyXdn, https://en.wikipedia.org/wiki/Proto-Afro-Asiatic_language)","Syntax Error: Expected '->', but received -'S' at 0:0:56     |     f > p (? claimed to have occurred independently in Proto-Semitic and Proto-Omotic, and to a limited extent in Egyptian (but this may be related to the Semitic change); note that the Wikipedia article is cited to a single source and that source is admittedly theoretical, and acknowledges on page 77 another reconstruction that doesn’t believe Proto-Afro-Asiatic had /f/ at all) (Page 77 of http://is.gd/WNyXdn, https://en.wikipedia.org/wiki/Proto-Afro-Asiatic_language)     |                                                             ^     @ Rule 1, Line 1"
47.1,13,	tš > t (general Baltic-Finnic; may not be unconditional but was certainly the most common outcome),"Syntax Error: Unknown character š at '0:0:1'.     |     tš > t (general Baltic-Finnic; may not be unconditional but was certainly the most common outcome)     |      ^     @ Rule 1, Line 1"
47.1,15,	ɡʟ > ɣ (Hiw) (http://is.gd/jCDLO1),"Syntax Error: Expected '..', but received .'g' at 0:0:23     |     ɡʟ > ɣ (Hiw) (http://is.gd/jCDLO1)     |                            ^     @ Rule 1, Line 1"
47.1,16,	mb nd > ʙ dr (Nias),"Syntax Error: Expected end of line, received '('. Did you forget a '/' between the output and environment?     |     mb nd > ʙ dr (Nias)     |                  ^     @ Rule 1, Line 1"
47.2,0,	w > f (Common Celtic; I’m not sure of the conditions),"Syntax Error: Malformed Comment: Expected ';;', but received '; ' at 0:0:21     |     w > f (Common Celtic; I’m not sure of the conditions)     |                          ^     @ Rule 1, Line 1"
47.2,1,	m > n / _i (Tsakonian),"Syntax Error: Unknown grouping 'T'. Known groupings are (C)onsonant, (O)bstruent, (S)onorant, (P)losive, (F)ricative, (L)iquid, (N)asal, (G)lide, and (V)owel     |     m > n / _i (Tsakonian)     |                 ^     @ Rule 1, Line 1"
47.2,2,"	{t,k} > ∅ / V_V (Marathi) probably with voiced stops as intermediates, since they also became silent","Syntax Error: Unknown grouping 'M'. Known groupings are (C)onsonant, (O)bstruent, (S)onorant, (P)losive, (F)ricative, (L)iquid, (N)asal, (G)lide, and (V)owel     |     {t,k} > ∅ / V_V (Marathi) probably with voiced stops as intermediates, since they also became silent     |                      ^     @ Rule 1, Line 1"
47.2,3,	p > w / V_V (Marathi),"Syntax Error: Unknown grouping 'M'. Known groupings are (C)onsonant, (O)bstruent, (S)onorant, (P)losive, (F)ricative, (L)iquid, (N)asal, (G)lide, and (V)owel     |     p > w / V_V (Marathi)     |                  ^     @ Rule 1, Line 1"
47.2,4,"	{ b, d, ɡ } > { b:[+long], d:[+long], ɡ:[+long] } / V_V (some dialect͡s of Italian; there may be more to it than this, since words like repubblica are in standard Italian and not just dialect͡s)","Syntax Error: Malformed Comment: Expected ';;', but received '; ' at 0:0:83     |     { b, d, ɡ } > { b:[+long], d:[+long], ɡ:[+long] } / V_V (some dialect͡s of Italian; there may be more to it than this, since words like repubblica are in standard Italian and not just dialect͡s)     |                                                                                        ^     @ Rule 1, Line 1"
47.2,5,	t > k / _s̩ (O:[+long]gami) (NB:,"Syntax Error: Unknown grouping 'B'. Known groupings are (C)onsonant, (O)bstruent, (S)onorant, (P)losive, (F)ricative, (L)iquid, (N)asal, (G)lide, and (V)owel     |     t > k / _s̩ (O:[+long]gami) (NB:     |                                   ^     @ Rule 1, Line 1"
47.3,0,"	y > u (some mainland Greek dialect͡s, and Tsakonian; this particular sound change has been said in some places to be impossible) (https://en.wikipedia.org/wiki/Tsakonian_language#Consonant͡s)","Syntax Error: Malformed Comment: Expected ';;', but received '; ' at 0:0:52     |     y > u (some mainland Greek dialect͡s, and Tsakonian; this particular sound change has been said in some places to be impossible) (https://en.wikipedia.org/wiki/Tsakonian_language#Consonant͡s)     |                                                         ^     @ Rule 1, Line 1"
47.3,1,	i u > s̩ f̩ (O:[+long]gami) (http://amritas.com/101023.htm#10192359),"Syntax Error: Expected '..', but received .'c' at 0:0:43     |     i u > s̩ f̩ (O:[+long]gami) (http://amritas.com/101023.htm#10192359)     |                                                ^     @ Rule 1, Line 1"
